Log file open, 03/18/25 10:39:35
LogWindows: Failed to load 'aqProf.dll' (GetLastError=126)
LogWindows: File 'aqProf.dll' does not exist
LogWindows: Failed to load 'VtuneApi.dll' (GetLastError=126)
LogWindows: File 'VtuneApi.dll' does not exist
LogWindows: Failed to load 'VtuneApi32e.dll' (GetLastError=126)
LogWindows: File 'VtuneApi32e.dll' does not exist
LogConsoleResponse: Display: Failed to find resolution value strings in scalability ini. Falling back to default.
LogConsoleResponse: Display: Failed to find resolution value strings in scalability ini. Falling back to default.
LogInit: Display: Running engine for game: DungeonDash
LogPlatformFile: Not using cached read wrapper
LogTaskGraph: Started task graph with 5 named threads and 23 total threads with 3 sets of task threads.
LogStats: Stats thread started at 0.466186
LogICUInternationalization: ICU TimeZone Detection - Raw Offset: -5:00, Platform Override: ''
LogInit: Display: Loading text-based GConfig....
LogPluginManager: Mounting plugin MeshPainting
LogPluginManager: Mounting plugin XGEController
LogPluginManager: Mounting plugin Paper2D
LogPluginManager: Mounting plugin LiveLink
LogPluginManager: Mounting plugin AISupport
LogPluginManager: Mounting plugin EnvironmentQueryEditor
LogPluginManager: Mounting plugin LightPropagationVolume
LogPluginManager: Mounting plugin CameraShakePreviewer
LogPluginManager: Mounting plugin OodleData
LogPluginManager: Mounting plugin GameplayCameras
LogPluginManager: Mounting plugin OodleNetwork
LogPluginManager: Mounting plugin AssetManagerEditor
LogPluginManager: Mounting plugin DataValidation
LogPluginManager: Mounting plugin CryptoKeys
LogPluginManager: Mounting plugin CurveEditorTools
LogPluginManager: Mounting plugin FacialAnimation
LogPluginManager: Mounting plugin GameplayTagsEditor
LogPluginManager: Mounting plugin GeometryMode
LogPluginManager: Mounting plugin MacGraphicsSwitching
LogPluginManager: Mounting plugin MaterialAnalyzer
LogPluginManager: Mounting plugin MobileLauncherProfileWizard
LogPluginManager: Mounting plugin PluginBrowser
LogPluginManager: Mounting plugin AnimationSharing
LogPluginManager: Mounting plugin SpeedTreeImporter
LogPluginManager: Mounting plugin CLionSourceCodeAccess
LogPluginManager: Mounting plugin CodeLiteSourceCodeAccess
LogPluginManager: Mounting plugin GitSourceControl
LogPluginManager: Mounting plugin KDevelopSourceCodeAccess
LogPluginManager: Mounting plugin NullSourceCodeAccess
LogPluginManager: Mounting plugin PerforceSourceControl
LogPluginManager: Mounting plugin PixWinPlugin
LogPluginManager: Mounting plugin PlasticSourceControl
LogPluginManager: Mounting plugin PluginUtils
LogPluginManager: Mounting plugin PropertyAccessNode
LogPluginManager: Mounting plugin SubversionSourceControl
LogPluginManager: Mounting plugin RiderSourceCodeAccess
LogPluginManager: Mounting plugin TextureFormatOodle
LogPluginManager: Mounting plugin UObjectPlugin
LogPluginManager: Mounting plugin VisualStudioCodeSourceCodeAccess
LogPluginManager: Mounting plugin VisualStudioSourceCodeAccess
LogPluginManager: Mounting plugin XCodeSourceCodeAccess
LogPluginManager: Mounting plugin DatasmithContent
LogPluginManager: Mounting plugin AlembicImporter
LogPluginManager: Mounting plugin VariantManagerContent
LogPluginManager: Mounting plugin AutomationUtils
LogPluginManager: Mounting plugin BackChannel
LogPluginManager: Mounting plugin ChaosCloth
LogPluginManager: Mounting plugin ChaosClothEditor
LogPluginManager: Mounting plugin ChaosEditor
LogPluginManager: Mounting plugin ChaosNiagara
LogPluginManager: Mounting plugin ChaosSolverPlugin
LogPluginManager: Mounting plugin CharacterAI
LogPluginManager: Mounting plugin GeometryCache
LogPluginManager: Mounting plugin GeometryCollectionPlugin
LogPluginManager: Mounting plugin GeometryProcessing
LogPluginManager: Mounting plugin MotoSynth
LogPluginManager: Mounting plugin OpenImageDenoise
LogPluginManager: Mounting plugin PlanarCut
LogPluginManager: Mounting plugin PlatformCrypto
LogPluginManager: Mounting plugin ProxyLODPlugin
LogPluginManager: Mounting plugin PythonScriptPlugin
LogPluginManager: Mounting plugin SkeletalReduction
LogPluginManager: Mounting plugin Niagara
LogPluginManager: Mounting plugin MagicLeap
LogPluginManager: Mounting plugin LuminPlatformFeatures
LogPluginManager: Mounting plugin MagicLeapLightEstimation
LogPluginManager: Mounting plugin MagicLeapMedia
LogPluginManager: Mounting plugin MagicLeapPassableWorld
LogPluginManager: Mounting plugin MLSDK
LogPluginManager: Mounting plugin AndroidMedia
LogPluginManager: Mounting plugin AvfMedia
LogPluginManager: Mounting plugin ImgMedia
LogPluginManager: Mounting plugin MediaCompositing
LogPluginManager: Mounting plugin MediaPlayerEditor
LogPluginManager: Mounting plugin WebMMedia
LogPluginManager: Mounting plugin WmfMedia
LogPluginManager: Mounting plugin UdpMessaging
LogPluginManager: Mounting plugin TcpMessaging
LogPluginManager: Mounting plugin ActorSequence
LogPluginManager: Mounting plugin LevelSequenceEditor
LogPluginManager: Mounting plugin MatineeToLevelSequence
LogPluginManager: Mounting plugin TemplateSequence
LogPluginManager: Mounting plugin OnlineSubsystem
LogPluginManager: Mounting plugin OnlineSubsystemNull
LogPluginManager: Mounting plugin LauncherChunkInstaller
LogPluginManager: Mounting plugin OnlineSubsystemUtils
LogPluginManager: Mounting plugin ActorLayerUtilities
LogPluginManager: Mounting plugin AndroidPermission
LogPluginManager: Mounting plugin AndroidDeviceProfileSelector
LogPluginManager: Mounting plugin AndroidMoviePlayer
LogPluginManager: Mounting plugin AppleImageUtils
LogPluginManager: Mounting plugin AppleMoviePlayer
LogPluginManager: Mounting plugin ArchVisCharacter
LogPluginManager: Mounting plugin AssetTags
LogPluginManager: Mounting plugin AudioCapture
LogPluginManager: Mounting plugin AudioSynesthesia
LogPluginManager: Mounting plugin CableComponent
LogPluginManager: Mounting plugin ChunkDownloader
LogPluginManager: Mounting plugin CustomMeshComponent
LogPluginManager: Mounting plugin EditableMesh
LogPluginManager: Mounting plugin ExampleDeviceProfileSelector
LogPluginManager: Mounting plugin GoogleCloudMessaging
LogPluginManager: Mounting plugin GooglePAD
LogPluginManager: Mounting plugin IOSDeviceProfileSelector
LogPluginManager: Mounting plugin LinuxDeviceProfileSelector
LogPluginManager: Mounting plugin LocationServicesBPLibrary
LogPluginManager: Mounting plugin MobilePatchingUtils
LogPluginManager: Mounting plugin OpenXR
LogPluginManager: Mounting plugin OpenXREyeTracker
LogPluginManager: Mounting plugin OpenXRHandTracking
LogPluginManager: Mounting plugin PhysXVehicles
LogPluginManager: Mounting plugin PostSplashScreen
LogPluginManager: Mounting plugin ProceduralMeshComponent
LogPluginManager: Mounting plugin PropertyAccessEditor
LogPluginManager: Mounting plugin RuntimePhysXCooking
LogPluginManager: Mounting plugin SignificanceManager
LogPluginManager: Mounting plugin SoundFields
LogPluginManager: Mounting plugin Synthesis
LogPluginManager: Mounting plugin WebMMoviePlayer
LogPluginManager: Mounting plugin WindowsMoviePlayer
LogPluginManager: Mounting plugin ScreenshotTools
LogPluginManager: Mounting plugin Takes
LogPluginManager: Mounting plugin ContentBrowserAssetDataSource
LogPluginManager: Mounting plugin ContentBrowserClassDataSource
LogPluginManager: Mounting plugin ContentBrowserFileDataSource
LogPluginManager: Mounting plugin OnlineSubsystemGooglePlay
LogPluginManager: Mounting plugin OnlineSubsystemIOS
LogPluginManager: Mounting plugin OculusVR
LogPluginManager: Mounting plugin SteamVR
PixWinPlugin: PIX capture plugin failed to initialize! Check that the process is launched from PIX.
LogInit: Using libcurl 7.55.1-DEV
LogInit:  - built for x86_64-pc-win32
LogInit:  - supports SSL with OpenSSL/1.1.1
LogInit:  - supports HTTP deflate (compression) using libz 1.2.8
LogInit:  - other features:
LogInit:      CURL_VERSION_SSL
LogInit:      CURL_VERSION_LIBZ
LogInit:      CURL_VERSION_IPV6
LogInit:      CURL_VERSION_ASYNCHDNS
LogInit:      CURL_VERSION_LARGEFILE
LogInit:      CURL_VERSION_IDN
LogInit:  CurlRequestOptions (configurable via config and command line):
LogInit:  - bVerifyPeer = true  - Libcurl will verify peer certificate
LogInit:  - bUseHttpProxy = false  - Libcurl will NOT use HTTP proxy
LogInit:  - bDontReuseConnections = false  - Libcurl will reuse connections
LogInit:  - MaxHostConnections = 16  - Libcurl will limit the number of connections to a host
LogInit:  - LocalHostAddr = Default
LogInit:  - BufferSize = 65536
LogOnline: OSS: Creating online subsystem instance for: NULL
LogInit: WinSock: version 1.1 (2.2), MaxSocks=32767, MaxUdp=65467
LogOnline: OSS: TryLoadSubsystemAndSetDefault: Loaded subsystem for module [NULL]
LogOculusPluginWrapper: OculusPlugin initialized successfully
LogHMD: Failed initializing OVRPlugin 1.59.0
LogInit: Build: ++UE4+Release-4.27-CL-18319896
LogInit: Engine Version: 4.27.2-18319896+++UE4+Release-4.27
LogInit: Compatible Engine Version: 4.27.0-17155196+++UE4+Release-4.27
LogInit: Net CL: 17155196
LogInit: OS: Windows 10 (Release 2009) (), CPU: 11th Gen Intel(R) Core(TM) i7-11370H @ 3.30GHz, GPU: Intel(R) Iris(R) Xe Graphics
LogInit: Compiled (64-bit): Nov 30 2021 07:12:08
LogInit: Compiled with Visual C++: 19.24.28315.00
LogInit: Build Configuration: Development
LogInit: Branch Name: ++UE4+Release-4.27
LogInit: Command Line: 
LogInit: Base Directory: C:/Program Files/Epic Games/UE_4.27/Engine/Binaries/Win64/
LogInit: Allocator: TBB
LogInit: Installed Engine Build: 1
LogDevObjectVersion: Number of dev versions registered: 29
LogDevObjectVersion:   Dev-Blueprints (B0D832E4-1F89-4F0D-ACCF-7EB736FD4AA2): 10
LogDevObjectVersion:   Dev-Build (E1C64328-A22C-4D53-A36C-8E866417BD8C): 0
LogDevObjectVersion:   Dev-Core (375EC13C-06E4-48FB-B500-84F0262A717E): 4
LogDevObjectVersion:   Dev-Editor (E4B068ED-F494-42E9-A231-DA0B2E46BB41): 40
LogDevObjectVersion:   Dev-Framework (CFFC743F-43B0-4480-9391-14DF171D2073): 37
LogDevObjectVersion:   Dev-Mobile (B02B49B5-BB20-44E9-A304-32B752E40360): 3
LogDevObjectVersion:   Dev-Networking (A4E4105C-59A1-49B5-A7C5-40C4547EDFEE): 0
LogDevObjectVersion:   Dev-Online (39C831C9-5AE6-47DC-9A44-9C173E1C8E7C): 0
LogDevObjectVersion:   Dev-Physics (78F01B33-EBEA-4F98-B9B4-84EACCB95AA2): 14
LogDevObjectVersion:   Dev-Platform (6631380F-2D4D-43E0-8009-CF276956A95A): 0
LogDevObjectVersion:   Dev-Rendering (12F88B9F-8875-4AFC-A67C-D90C383ABD29): 45
LogDevObjectVersion:   Dev-Sequencer (7B5AE74C-D270-4C10-A958-57980B212A5A): 13
LogDevObjectVersion:   Dev-VR (D7296918-1DD6-4BDD-9DE2-64A83CC13884): 3
LogDevObjectVersion:   Dev-LoadTimes (C2A15278-BFE7-4AFE-6C17-90FF531DF755): 1
LogDevObjectVersion:   Private-Geometry (6EACA3D4-40EC-4CC1-B786-8BED09428FC5): 3
LogDevObjectVersion:   Dev-AnimPhys (29E575DD-E0A3-4627-9D10-D276232CDCEA): 17
LogDevObjectVersion:   Dev-Anim (AF43A65D-7FD3-4947-9873-3E8ED9C1BB05): 15
LogDevObjectVersion:   Dev-ReflectionCapture (6B266CEC-1EC7-4B8F-A30B-E4D90942FC07): 1
LogDevObjectVersion:   Dev-Automation (0DF73D61-A23F-47EA-B727-89E90C41499A): 1
LogDevObjectVersion:   FortniteMain (601D1886-AC64-4F84-AA16-D3DE0DEAC7D6): 47
LogDevObjectVersion:   FortniteRelease (E7086368-6B23-4C58-8439-1B7016265E91): 1
LogDevObjectVersion:   Dev-Enterprise (9DFFBCD6-494F-0158-E221-12823C92A888): 10
LogDevObjectVersion:   Dev-Niagara (F2AED0AC-9AFE-416F-8664-AA7FFA26D6FC): 1
LogDevObjectVersion:   Dev-Destruction (174F1F0B-B4C6-45A5-B13F-2EE8D0FB917D): 10
LogDevObjectVersion:   Dev-Physics-Ext (35F94A83-E258-406C-A318-09F59610247C): 41
LogDevObjectVersion:   Dev-PhysicsMaterial-Chaos (B68FC16E-8B1B-42E2-B453-215C058844FE): 1
LogDevObjectVersion:   Dev-CineCamera (B2E18506-4273-CFC2-A54E-F4BB758BBA07): 1
LogDevObjectVersion:   Dev-VirtualProduction (64F58936-FD1B-42BA-BA96-7289D5D0FA4E): 1
LogDevObjectVersion:   Dev-MediaFramework (6F0ED827-A609-4895-9C91-998D90180EA4): 2
LogInit: Presizing for max 25165824 objects, including 0 objects not considered by GC, pre-allocating 0 bytes for permanent pool.
LogConfig: Applying CVar settings from Section [/Script/Engine.StreamingSettings] File [C:/Users/abraa/OneDrive/Documents/GitHub/COMP217GroupProject/DungeonDash/Saved/Config/Windows/Engine.ini]
LogConfig: Setting CVar [[s.MinBulkDataSizeForAsyncLoading:131072]]
LogConfig: Setting CVar [[s.AsyncLoadingThreadEnabled:0]]
LogConfig: Setting CVar [[s.EventDrivenLoaderEnabled:1]]
LogConfig: Setting CVar [[s.WarnIfTimeLimitExceeded:0]]
LogConfig: Setting CVar [[s.TimeLimitExceededMultiplier:1.5]]
LogConfig: Setting CVar [[s.TimeLimitExceededMinTime:0.005]]
LogConfig: Setting CVar [[s.UseBackgroundLevelStreaming:1]]
LogConfig: Setting CVar [[s.PriorityAsyncLoadingExtraTime:15.0]]
LogConfig: Setting CVar [[s.LevelStreamingActorsUpdateTimeLimit:5.0]]
LogConfig: Setting CVar [[s.PriorityLevelStreamingActorsUpdateExtraTime:5.0]]
LogConfig: Setting CVar [[s.LevelStreamingComponentsRegistrationGranularity:10]]
LogConfig: Setting CVar [[s.UnregisterComponentsTimeLimit:1.0]]
LogConfig: Setting CVar [[s.LevelStreamingComponentsUnregistrationGranularity:5]]
LogConfig: Setting CVar [[s.FlushStreamingOnExit:1]]
LogInit: Object subsystem initialized
LogConfig: Setting CVar [[con.DebugEarlyDefault:1]]
LogConfig: Setting CVar [[r.setres:1280x720]]
[2025.03.18-14.39.36:475][  0]LogConfig: Setting CVar [[r.VSync:0]]
[2025.03.18-14.39.36:475][  0]LogConfig: Setting CVar [[r.RHICmdBypass:0]]
[2025.03.18-14.39.36:476][  0]LogConfig: Applying CVar settings from Section [/Script/Engine.RendererSettings] File [C:/Users/abraa/OneDrive/Documents/GitHub/COMP217GroupProject/DungeonDash/Saved/Config/Windows/Engine.ini]
[2025.03.18-14.39.36:476][  0]LogConfig: Setting CVar [[r.GPUCrashDebugging:0]]
[2025.03.18-14.39.36:476][  0]LogConfig: Applying CVar settings from Section [/Script/Engine.RendererOverrideSettings] File [C:/Users/abraa/OneDrive/Documents/GitHub/COMP217GroupProject/DungeonDash/Saved/Config/Windows/Engine.ini]
[2025.03.18-14.39.36:476][  0]LogConfig: Applying CVar settings from Section [/Script/Engine.StreamingSettings] File [C:/Users/abraa/OneDrive/Documents/GitHub/COMP217GroupProject/DungeonDash/Saved/Config/Windows/Engine.ini]
[2025.03.18-14.39.36:476][  0]LogConfig: Setting CVar [[s.MinBulkDataSizeForAsyncLoading:131072]]
[2025.03.18-14.39.36:476][  0]LogConfig: Setting CVar [[s.AsyncLoadingThreadEnabled:0]]
[2025.03.18-14.39.36:476][  0]LogConfig: Setting CVar [[s.EventDrivenLoaderEnabled:1]]
[2025.03.18-14.39.36:476][  0]LogConfig: Setting CVar [[s.WarnIfTimeLimitExceeded:0]]
[2025.03.18-14.39.36:476][  0]LogConfig: Setting CVar [[s.TimeLimitExceededMultiplier:1.5]]
[2025.03.18-14.39.36:476][  0]LogConfig: Setting CVar [[s.TimeLimitExceededMinTime:0.005]]
[2025.03.18-14.39.36:476][  0]LogConfig: Setting CVar [[s.UseBackgroundLevelStreaming:1]]
[2025.03.18-14.39.36:476][  0]LogConfig: Setting CVar [[s.PriorityAsyncLoadingExtraTime:15.0]]
[2025.03.18-14.39.36:476][  0]LogConfig: Setting CVar [[s.LevelStreamingActorsUpdateTimeLimit:5.0]]
[2025.03.18-14.39.36:476][  0]LogConfig: Setting CVar [[s.PriorityLevelStreamingActorsUpdateExtraTime:5.0]]
[2025.03.18-14.39.36:476][  0]LogConfig: Setting CVar [[s.LevelStreamingComponentsRegistrationGranularity:10]]
[2025.03.18-14.39.36:476][  0]LogConfig: Setting CVar [[s.UnregisterComponentsTimeLimit:1.0]]
[2025.03.18-14.39.36:476][  0]LogConfig: Setting CVar [[s.LevelStreamingComponentsUnregistrationGranularity:5]]
[2025.03.18-14.39.36:476][  0]LogConfig: Setting CVar [[s.FlushStreamingOnExit:1]]
[2025.03.18-14.39.36:476][  0]LogConfig: Applying CVar settings from Section [/Script/Engine.GarbageCollectionSettings] File [C:/Users/abraa/OneDrive/Documents/GitHub/COMP217GroupProject/DungeonDash/Saved/Config/Windows/Engine.ini]
[2025.03.18-14.39.36:476][  0]LogConfig: Setting CVar [[gc.MaxObjectsNotConsideredByGC:1]]
[2025.03.18-14.39.36:476][  0]LogConfig: Setting CVar [[gc.SizeOfPermanentObjectPool:0]]
[2025.03.18-14.39.36:476][  0]LogConfig: Setting CVar [[gc.FlushStreamingOnGC:0]]
[2025.03.18-14.39.36:476][  0]LogConfig: Setting CVar [[gc.NumRetriesBeforeForcingGC:10]]
[2025.03.18-14.39.36:476][  0]LogConfig: Setting CVar [[gc.AllowParallelGC:1]]
[2025.03.18-14.39.36:476][  0]LogConfig: Setting CVar [[gc.TimeBetweenPurgingPendingKillObjects:61.1]]
[2025.03.18-14.39.36:476][  0]LogConfig: Setting CVar [[gc.MaxObjectsInEditor:25165824]]
[2025.03.18-14.39.36:476][  0]LogConfig: Setting CVar [[gc.IncrementalBeginDestroyEnabled:1]]
[2025.03.18-14.39.36:476][  0]LogConfig: Setting CVar [[gc.CreateGCClusters:1]]
[2025.03.18-14.39.36:476][  0]LogConfig: Setting CVar [[gc.MinGCClusterSize:5]]
[2025.03.18-14.39.36:476][  0]LogConfig: Setting CVar [[gc.ActorClusteringEnabled:0]]
[2025.03.18-14.39.36:476][  0]LogConfig: Setting CVar [[gc.BlueprintClusteringEnabled:0]]
[2025.03.18-14.39.36:476][  0]LogConfig: Setting CVar [[gc.UseDisregardForGCOnDedicatedServers:0]]
[2025.03.18-14.39.36:476][  0]LogConfig: Setting CVar [[gc.MultithreadedDestructionEnabled:1]]
[2025.03.18-14.39.36:476][  0]LogConfig: Applying CVar settings from Section [/Script/Engine.NetworkSettings] File [C:/Users/abraa/OneDrive/Documents/GitHub/COMP217GroupProject/DungeonDash/Saved/Config/Windows/Engine.ini]
[2025.03.18-14.39.36:476][  0]LogConfig: Applying CVar settings from Section [/Script/UnrealEd.CookerSettings] File [C:/Users/abraa/OneDrive/Documents/GitHub/COMP217GroupProject/DungeonDash/Saved/Config/Windows/Engine.ini]
[2025.03.18-14.39.36:499][  0]LogConfig: Applying CVar settings from Section [ViewDistanceQuality@3] File [C:/Users/abraa/OneDrive/Documents/GitHub/COMP217GroupProject/DungeonDash/Saved/Config/Windows/Scalability.ini]
[2025.03.18-14.39.36:499][  0]LogConfig: Setting CVar [[r.SkeletalMeshLODBias:0]]
[2025.03.18-14.39.36:499][  0]LogConfig: Setting CVar [[r.ViewDistanceScale:1.0]]
[2025.03.18-14.39.36:499][  0]LogConfig: Applying CVar settings from Section [AntiAliasingQuality@3] File [C:/Users/abraa/OneDrive/Documents/GitHub/COMP217GroupProject/DungeonDash/Saved/Config/Windows/Scalability.ini]
[2025.03.18-14.39.36:499][  0]LogConfig: Setting CVar [[r.PostProcessAAQuality:4]]
[2025.03.18-14.39.36:499][  0]LogConfig: Applying CVar settings from Section [ShadowQuality@3] File [C:/Users/abraa/OneDrive/Documents/GitHub/COMP217GroupProject/DungeonDash/Saved/Config/Windows/Scalability.ini]
[2025.03.18-14.39.36:499][  0]LogConfig: Setting CVar [[r.LightFunctionQuality:1]]
[2025.03.18-14.39.36:499][  0]LogConfig: Setting CVar [[r.ShadowQuality:5]]
[2025.03.18-14.39.36:499][  0]LogConfig: Setting CVar [[r.Shadow.CSM.MaxCascades:10]]
[2025.03.18-14.39.36:499][  0]LogConfig: Setting CVar [[r.Shadow.MaxResolution:2048]]
[2025.03.18-14.39.36:499][  0]LogConfig: Setting CVar [[r.Shadow.MaxCSMResolution:2048]]
[2025.03.18-14.39.36:499][  0]LogConfig: Setting CVar [[r.Shadow.RadiusThreshold:0.01]]
[2025.03.18-14.39.36:499][  0]LogConfig: Setting CVar [[r.Shadow.DistanceScale:1.0]]
[2025.03.18-14.39.36:499][  0]LogConfig: Setting CVar [[r.Shadow.CSM.TransitionScale:1.0]]
[2025.03.18-14.39.36:499][  0]LogConfig: Setting CVar [[r.Shadow.PreShadowResolutionFactor:1.0]]
[2025.03.18-14.39.36:499][  0]LogConfig: Setting CVar [[r.DistanceFieldShadowing:1]]
[2025.03.18-14.39.36:499][  0]LogConfig: Setting CVar [[r.DistanceFieldAO:1]]
[2025.03.18-14.39.36:499][  0]LogConfig: Setting CVar [[r.AOQuality:2]]
[2025.03.18-14.39.36:499][  0]LogConfig: Setting CVar [[r.VolumetricFog:1]]
[2025.03.18-14.39.36:499][  0]LogConfig: Setting CVar [[r.VolumetricFog.GridPixelSize:8]]
[2025.03.18-14.39.36:499][  0]LogConfig: Setting CVar [[r.VolumetricFog.GridSizeZ:128]]
[2025.03.18-14.39.36:499][  0]LogConfig: Setting CVar [[r.VolumetricFog.HistoryMissSupersampleCount:4]]
[2025.03.18-14.39.36:499][  0]LogConfig: Setting CVar [[r.LightMaxDrawDistanceScale:1]]
[2025.03.18-14.39.36:499][  0]LogConfig: Setting CVar [[r.CapsuleShadows:1]]
[2025.03.18-14.39.36:499][  0]LogConfig: Applying CVar settings from Section [PostProcessQuality@3] File [C:/Users/abraa/OneDrive/Documents/GitHub/COMP217GroupProject/DungeonDash/Saved/Config/Windows/Scalability.ini]
[2025.03.18-14.39.36:499][  0]LogConfig: Setting CVar [[r.MotionBlurQuality:4]]
[2025.03.18-14.39.36:499][  0]LogConfig: Setting CVar [[r.AmbientOcclusionMipLevelFactor:0.4]]
[2025.03.18-14.39.36:499][  0]LogConfig: Setting CVar [[r.AmbientOcclusionMaxQuality:100]]
[2025.03.18-14.39.36:499][  0]LogConfig: Setting CVar [[r.AmbientOcclusionLevels:-1]]
[2025.03.18-14.39.36:499][  0]LogConfig: Setting CVar [[r.AmbientOcclusionRadiusScale:1.0]]
[2025.03.18-14.39.36:499][  0]LogConfig: Setting CVar [[r.DepthOfFieldQuality:2]]
[2025.03.18-14.39.36:499][  0]LogConfig: Setting CVar [[r.RenderTargetPoolMin:400]]
[2025.03.18-14.39.36:499][  0]LogConfig: Setting CVar [[r.LensFlareQuality:2]]
[2025.03.18-14.39.36:499][  0]LogConfig: Setting CVar [[r.SceneColorFringeQuality:1]]
[2025.03.18-14.39.36:499][  0]LogConfig: Setting CVar [[r.EyeAdaptationQuality:2]]
[2025.03.18-14.39.36:499][  0]LogConfig: Setting CVar [[r.BloomQuality:5]]
[2025.03.18-14.39.36:499][  0]LogConfig: Setting CVar [[r.FastBlurThreshold:100]]
[2025.03.18-14.39.36:499][  0]LogConfig: Setting CVar [[r.Upscale.Quality:3]]
[2025.03.18-14.39.36:499][  0]LogConfig: Setting CVar [[r.Tonemapper.GrainQuantization:1]]
[2025.03.18-14.39.36:499][  0]LogConfig: Setting CVar [[r.LightShaftQuality:1]]
[2025.03.18-14.39.36:499][  0]LogConfig: Setting CVar [[r.Filter.SizeScale:1]]
[2025.03.18-14.39.36:499][  0]LogConfig: Setting CVar [[r.Tonemapper.Quality:5]]
[2025.03.18-14.39.36:499][  0]LogConfig: Setting CVar [[r.DOF.Gather.AccumulatorQuality:1        ; higher gathering accumulator quality]]
[2025.03.18-14.39.36:499][  0]LogConfig: Setting CVar [[r.DOF.Gather.PostfilterMethod:1          ; Median3x3 postfilering method]]
[2025.03.18-14.39.36:499][  0]LogConfig: Setting CVar [[r.DOF.Gather.EnableBokehSettings:0       ; no bokeh simulation when gathering]]
[2025.03.18-14.39.36:499][  0]LogConfig: Setting CVar [[r.DOF.Gather.RingCount:4                 ; medium number of samples when gathering]]
[2025.03.18-14.39.36:499][  0]LogConfig: Setting CVar [[r.DOF.Scatter.ForegroundCompositing:1    ; additive foreground scattering]]
[2025.03.18-14.39.36:499][  0]LogConfig: Setting CVar [[r.DOF.Scatter.BackgroundCompositing:2    ; additive background scattering]]
[2025.03.18-14.39.36:499][  0]LogConfig: Setting CVar [[r.DOF.Scatter.EnableBokehSettings:1      ; bokeh simulation when scattering]]
[2025.03.18-14.39.36:499][  0]LogConfig: Setting CVar [[r.DOF.Scatter.MaxSpriteRatio:0.1         ; only a maximum of 10% of scattered bokeh]]
[2025.03.18-14.39.36:499][  0]LogConfig: Setting CVar [[r.DOF.Recombine.Quality:1                ; cheap slight out of focus]]
[2025.03.18-14.39.36:499][  0]LogConfig: Setting CVar [[r.DOF.Recombine.EnableBokehSettings:0    ; no bokeh simulation on slight out of focus]]
[2025.03.18-14.39.36:499][  0]LogConfig: Setting CVar [[r.DOF.TemporalAAQuality:1                ; more stable temporal accumulation]]
[2025.03.18-14.39.36:499][  0]LogConfig: Setting CVar [[r.DOF.Kernel.MaxForegroundRadius:0.025]]
[2025.03.18-14.39.36:499][  0]LogConfig: Setting CVar [[r.DOF.Kernel.MaxBackgroundRadius:0.025]]
[2025.03.18-14.39.36:499][  0]LogConfig: Applying CVar settings from Section [TextureQuality@3] File [C:/Users/abraa/OneDrive/Documents/GitHub/COMP217GroupProject/DungeonDash/Saved/Config/Windows/Scalability.ini]
[2025.03.18-14.39.36:499][  0]LogConfig: Setting CVar [[r.Streaming.MipBias:0]]
[2025.03.18-14.39.36:499][  0]LogConfig: Setting CVar [[r.Streaming.AmortizeCPUToGPUCopy:0]]
[2025.03.18-14.39.36:499][  0]LogConfig: Setting CVar [[r.Streaming.MaxNumTexturesToStreamPerFrame:0]]
[2025.03.18-14.39.36:500][  0]LogConfig: Setting CVar [[r.Streaming.Boost:1]]
[2025.03.18-14.39.36:500][  0]LogConfig: Setting CVar [[r.MaxAnisotropy:8]]
[2025.03.18-14.39.36:500][  0]LogConfig: Setting CVar [[r.VT.MaxAnisotropy:8]]
[2025.03.18-14.39.36:500][  0]LogConfig: Setting CVar [[r.Streaming.LimitPoolSizeToVRAM:0]]
[2025.03.18-14.39.36:500][  0]LogConfig: Setting CVar [[r.Streaming.PoolSize:1000]]
[2025.03.18-14.39.36:500][  0]LogConfig: Setting CVar [[r.Streaming.MaxEffectiveScreenSize:0]]
[2025.03.18-14.39.36:500][  0]LogConfig: Applying CVar settings from Section [EffectsQuality@3] File [C:/Users/abraa/OneDrive/Documents/GitHub/COMP217GroupProject/DungeonDash/Saved/Config/Windows/Scalability.ini]
[2025.03.18-14.39.36:500][  0]LogConfig: Setting CVar [[r.TranslucencyLightingVolumeDim:64]]
[2025.03.18-14.39.36:500][  0]LogConfig: Setting CVar [[r.RefractionQuality:2]]
[2025.03.18-14.39.36:500][  0]LogConfig: Setting CVar [[r.SSR.Quality:3]]
[2025.03.18-14.39.36:500][  0]LogConfig: Setting CVar [[r.SSR.HalfResSceneColor:0]]
[2025.03.18-14.39.36:500][  0]LogConfig: Setting CVar [[r.SceneColorFormat:4]]
[2025.03.18-14.39.36:500][  0]LogConfig: Setting CVar [[r.DetailMode:2]]
[2025.03.18-14.39.36:500][  0]LogConfig: Setting CVar [[r.TranslucencyVolumeBlur:1]]
[2025.03.18-14.39.36:500][  0]LogConfig: Setting CVar [[r.MaterialQualityLevel:1 ; High quality]]
[2025.03.18-14.39.36:500][  0]LogConfig: Setting CVar [[r.AnisotropicMaterials:1]]
[2025.03.18-14.39.36:500][  0]LogConfig: Setting CVar [[r.SSS.Scale:1]]
[2025.03.18-14.39.36:500][  0]LogConfig: Setting CVar [[r.SSS.SampleSet:2]]
[2025.03.18-14.39.36:500][  0]LogConfig: Setting CVar [[r.SSS.Quality:1]]
[2025.03.18-14.39.36:500][  0]LogConfig: Setting CVar [[r.SSS.HalfRes:0]]
[2025.03.18-14.39.36:500][  0]LogConfig: Setting CVar [[r.SSGI.Quality:3]]
[2025.03.18-14.39.36:500][  0]LogConfig: Setting CVar [[r.EmitterSpawnRateScale:1.0]]
[2025.03.18-14.39.36:500][  0]LogConfig: Setting CVar [[r.ParticleLightQuality:2]]
[2025.03.18-14.39.36:500][  0]LogConfig: Setting CVar [[r.SkyAtmosphere.AerialPerspectiveLUT.FastApplyOnOpaque:1 ; Always have FastSkyLUT 1 in this case to avoid wrong sky]]
[2025.03.18-14.39.36:500][  0]LogConfig: Setting CVar [[r.SkyAtmosphere.AerialPerspectiveLUT.SampleCountMaxPerSlice:4]]
[2025.03.18-14.39.36:500][  0]LogConfig: Setting CVar [[r.SkyAtmosphere.AerialPerspectiveLUT.DepthResolution:16.0]]
[2025.03.18-14.39.36:500][  0]LogConfig: Setting CVar [[r.SkyAtmosphere.FastSkyLUT:1]]
[2025.03.18-14.39.36:500][  0]LogConfig: Setting CVar [[r.SkyAtmosphere.FastSkyLUT.SampleCountMin:4.0]]
[2025.03.18-14.39.36:500][  0]LogConfig: Setting CVar [[r.SkyAtmosphere.FastSkyLUT.SampleCountMax:128.0]]
[2025.03.18-14.39.36:500][  0]LogConfig: Setting CVar [[r.SkyAtmosphere.SampleCountMin:4.0]]
[2025.03.18-14.39.36:500][  0]LogConfig: Setting CVar [[r.SkyAtmosphere.SampleCountMax:128.0]]
[2025.03.18-14.39.36:500][  0]LogConfig: Setting CVar [[r.SkyAtmosphere.TransmittanceLUT.UseSmallFormat:0]]
[2025.03.18-14.39.36:500][  0]LogConfig: Setting CVar [[r.SkyAtmosphere.TransmittanceLUT.SampleCount:10.0]]
[2025.03.18-14.39.36:500][  0]LogConfig: Setting CVar [[r.SkyAtmosphere.MultiScatteringLUT.SampleCount:15.0]]
[2025.03.18-14.39.36:500][  0]LogConfig: Setting CVar [[r.SkyLight.RealTimeReflectionCapture:1]]
[2025.03.18-14.39.36:500][  0]LogConfig: Applying CVar settings from Section [FoliageQuality@3] File [C:/Users/abraa/OneDrive/Documents/GitHub/COMP217GroupProject/DungeonDash/Saved/Config/Windows/Scalability.ini]
[2025.03.18-14.39.36:500][  0]LogConfig: Setting CVar [[foliage.DensityScale:1.0]]
[2025.03.18-14.39.36:500][  0]LogConfig: Setting CVar [[grass.DensityScale:1.0]]
[2025.03.18-14.39.36:500][  0]LogConfig: Applying CVar settings from Section [ShadingQuality@3] File [C:/Users/abraa/OneDrive/Documents/GitHub/COMP217GroupProject/DungeonDash/Saved/Config/Windows/Scalability.ini]
[2025.03.18-14.39.36:500][  0]LogConfig: Setting CVar [[r.HairStrands.SkyLighting.IntegrationType:2]]
[2025.03.18-14.39.36:500][  0]LogConfig: Setting CVar [[r.HairStrands.SkyAO.SampleCount:4]]
[2025.03.18-14.39.36:500][  0]LogConfig: Setting CVar [[r.HairStrands.Visibility.MSAA.SamplePerPixel:4]]
[2025.03.18-14.39.36:500][  0]LogInit: Selected Device Profile: [Windows]
[2025.03.18-14.39.36:501][  0]LogInit: Applying CVar settings loaded from the selected device profile: [Windows]
[2025.03.18-14.39.36:501][  0]LogHAL: Display: Platform has ~ 16 GB [16856203264 / 17179869184 / 16], which maps to Larger [LargestMinGB=32, LargerMinGB=12, DefaultMinGB=8, SmallerMinGB=6, SmallestMinGB=0)
[2025.03.18-14.39.36:501][  0]LogInit: Going up to parent DeviceProfile []
[2025.03.18-14.39.36:501][  0]LogConfig: Applying CVar settings from Section [ViewDistanceQuality@3] File [C:/Users/abraa/OneDrive/Documents/GitHub/COMP217GroupProject/DungeonDash/Saved/Config/Windows/Scalability.ini]
[2025.03.18-14.39.36:501][  0]LogConfig: Setting CVar [[r.SkeletalMeshLODBias:0]]
[2025.03.18-14.39.36:501][  0]LogConfig: Setting CVar [[r.ViewDistanceScale:1.0]]
[2025.03.18-14.39.36:501][  0]LogConfig: Applying CVar settings from Section [AntiAliasingQuality@3] File [C:/Users/abraa/OneDrive/Documents/GitHub/COMP217GroupProject/DungeonDash/Saved/Config/Windows/Scalability.ini]
[2025.03.18-14.39.36:501][  0]LogConfig: Setting CVar [[r.PostProcessAAQuality:4]]
[2025.03.18-14.39.36:501][  0]LogConfig: Applying CVar settings from Section [ShadowQuality@3] File [C:/Users/abraa/OneDrive/Documents/GitHub/COMP217GroupProject/DungeonDash/Saved/Config/Windows/Scalability.ini]
[2025.03.18-14.39.36:501][  0]LogConfig: Setting CVar [[r.LightFunctionQuality:1]]
[2025.03.18-14.39.36:501][  0]LogConfig: Setting CVar [[r.ShadowQuality:5]]
[2025.03.18-14.39.36:501][  0]LogConfig: Setting CVar [[r.Shadow.CSM.MaxCascades:10]]
[2025.03.18-14.39.36:501][  0]LogConfig: Setting CVar [[r.Shadow.MaxResolution:2048]]
[2025.03.18-14.39.36:501][  0]LogConfig: Setting CVar [[r.Shadow.MaxCSMResolution:2048]]
[2025.03.18-14.39.36:501][  0]LogConfig: Setting CVar [[r.Shadow.RadiusThreshold:0.01]]
[2025.03.18-14.39.36:501][  0]LogConfig: Setting CVar [[r.Shadow.DistanceScale:1.0]]
[2025.03.18-14.39.36:501][  0]LogConfig: Setting CVar [[r.Shadow.CSM.TransitionScale:1.0]]
[2025.03.18-14.39.36:501][  0]LogConfig: Setting CVar [[r.Shadow.PreShadowResolutionFactor:1.0]]
[2025.03.18-14.39.36:501][  0]LogConfig: Setting CVar [[r.DistanceFieldShadowing:1]]
[2025.03.18-14.39.36:501][  0]LogConfig: Setting CVar [[r.DistanceFieldAO:1]]
[2025.03.18-14.39.36:501][  0]LogConfig: Setting CVar [[r.AOQuality:2]]
[2025.03.18-14.39.36:501][  0]LogConfig: Setting CVar [[r.VolumetricFog:1]]
[2025.03.18-14.39.36:501][  0]LogConfig: Setting CVar [[r.VolumetricFog.GridPixelSize:8]]
[2025.03.18-14.39.36:501][  0]LogConfig: Setting CVar [[r.VolumetricFog.GridSizeZ:128]]
[2025.03.18-14.39.36:501][  0]LogConfig: Setting CVar [[r.VolumetricFog.HistoryMissSupersampleCount:4]]
[2025.03.18-14.39.36:501][  0]LogConfig: Setting CVar [[r.LightMaxDrawDistanceScale:1]]
[2025.03.18-14.39.36:501][  0]LogConfig: Setting CVar [[r.CapsuleShadows:1]]
[2025.03.18-14.39.36:501][  0]LogConfig: Applying CVar settings from Section [PostProcessQuality@3] File [C:/Users/abraa/OneDrive/Documents/GitHub/COMP217GroupProject/DungeonDash/Saved/Config/Windows/Scalability.ini]
[2025.03.18-14.39.36:501][  0]LogConfig: Setting CVar [[r.MotionBlurQuality:4]]
[2025.03.18-14.39.36:501][  0]LogConfig: Setting CVar [[r.AmbientOcclusionMipLevelFactor:0.4]]
[2025.03.18-14.39.36:501][  0]LogConfig: Setting CVar [[r.AmbientOcclusionMaxQuality:100]]
[2025.03.18-14.39.36:501][  0]LogConfig: Setting CVar [[r.AmbientOcclusionLevels:-1]]
[2025.03.18-14.39.36:501][  0]LogConfig: Setting CVar [[r.AmbientOcclusionRadiusScale:1.0]]
[2025.03.18-14.39.36:501][  0]LogConfig: Setting CVar [[r.DepthOfFieldQuality:2]]
[2025.03.18-14.39.36:501][  0]LogConfig: Setting CVar [[r.RenderTargetPoolMin:400]]
[2025.03.18-14.39.36:501][  0]LogConfig: Setting CVar [[r.LensFlareQuality:2]]
[2025.03.18-14.39.36:501][  0]LogConfig: Setting CVar [[r.SceneColorFringeQuality:1]]
[2025.03.18-14.39.36:501][  0]LogConfig: Setting CVar [[r.EyeAdaptationQuality:2]]
[2025.03.18-14.39.36:501][  0]LogConfig: Setting CVar [[r.BloomQuality:5]]
[2025.03.18-14.39.36:501][  0]LogConfig: Setting CVar [[r.FastBlurThreshold:100]]
[2025.03.18-14.39.36:501][  0]LogConfig: Setting CVar [[r.Upscale.Quality:3]]
[2025.03.18-14.39.36:501][  0]LogConfig: Setting CVar [[r.Tonemapper.GrainQuantization:1]]
[2025.03.18-14.39.36:501][  0]LogConfig: Setting CVar [[r.LightShaftQuality:1]]
[2025.03.18-14.39.36:501][  0]LogConfig: Setting CVar [[r.Filter.SizeScale:1]]
[2025.03.18-14.39.36:501][  0]LogConfig: Setting CVar [[r.Tonemapper.Quality:5]]
[2025.03.18-14.39.36:501][  0]LogConfig: Setting CVar [[r.DOF.Gather.AccumulatorQuality:1        ; higher gathering accumulator quality]]
[2025.03.18-14.39.36:501][  0]LogConfig: Setting CVar [[r.DOF.Gather.PostfilterMethod:1          ; Median3x3 postfilering method]]
[2025.03.18-14.39.36:501][  0]LogConfig: Setting CVar [[r.DOF.Gather.EnableBokehSettings:0       ; no bokeh simulation when gathering]]
[2025.03.18-14.39.36:502][  0]LogConfig: Setting CVar [[r.DOF.Gather.RingCount:4                 ; medium number of samples when gathering]]
[2025.03.18-14.39.36:502][  0]LogConfig: Setting CVar [[r.DOF.Scatter.ForegroundCompositing:1    ; additive foreground scattering]]
[2025.03.18-14.39.36:502][  0]LogConfig: Setting CVar [[r.DOF.Scatter.BackgroundCompositing:2    ; additive background scattering]]
[2025.03.18-14.39.36:502][  0]LogConfig: Setting CVar [[r.DOF.Scatter.EnableBokehSettings:1      ; bokeh simulation when scattering]]
[2025.03.18-14.39.36:502][  0]LogConfig: Setting CVar [[r.DOF.Scatter.MaxSpriteRatio:0.1         ; only a maximum of 10% of scattered bokeh]]
[2025.03.18-14.39.36:502][  0]LogConfig: Setting CVar [[r.DOF.Recombine.Quality:1                ; cheap slight out of focus]]
[2025.03.18-14.39.36:502][  0]LogConfig: Setting CVar [[r.DOF.Recombine.EnableBokehSettings:0    ; no bokeh simulation on slight out of focus]]
[2025.03.18-14.39.36:502][  0]LogConfig: Setting CVar [[r.DOF.TemporalAAQuality:1                ; more stable temporal accumulation]]
[2025.03.18-14.39.36:502][  0]LogConfig: Setting CVar [[r.DOF.Kernel.MaxForegroundRadius:0.025]]
[2025.03.18-14.39.36:502][  0]LogConfig: Setting CVar [[r.DOF.Kernel.MaxBackgroundRadius:0.025]]
[2025.03.18-14.39.36:502][  0]LogConfig: Applying CVar settings from Section [TextureQuality@3] File [C:/Users/abraa/OneDrive/Documents/GitHub/COMP217GroupProject/DungeonDash/Saved/Config/Windows/Scalability.ini]
[2025.03.18-14.39.36:502][  0]LogConfig: Setting CVar [[r.Streaming.MipBias:0]]
[2025.03.18-14.39.36:502][  0]LogConfig: Setting CVar [[r.Streaming.AmortizeCPUToGPUCopy:0]]
[2025.03.18-14.39.36:502][  0]LogConfig: Setting CVar [[r.Streaming.MaxNumTexturesToStreamPerFrame:0]]
[2025.03.18-14.39.36:502][  0]LogConfig: Setting CVar [[r.Streaming.Boost:1]]
[2025.03.18-14.39.36:502][  0]LogConfig: Setting CVar [[r.MaxAnisotropy:8]]
[2025.03.18-14.39.36:502][  0]LogConfig: Setting CVar [[r.VT.MaxAnisotropy:8]]
[2025.03.18-14.39.36:502][  0]LogConfig: Setting CVar [[r.Streaming.LimitPoolSizeToVRAM:0]]
[2025.03.18-14.39.36:502][  0]LogConfig: Setting CVar [[r.Streaming.PoolSize:1000]]
[2025.03.18-14.39.36:502][  0]LogConfig: Setting CVar [[r.Streaming.MaxEffectiveScreenSize:0]]
[2025.03.18-14.39.36:502][  0]LogConfig: Applying CVar settings from Section [EffectsQuality@3] File [C:/Users/abraa/OneDrive/Documents/GitHub/COMP217GroupProject/DungeonDash/Saved/Config/Windows/Scalability.ini]
[2025.03.18-14.39.36:502][  0]LogConfig: Setting CVar [[r.TranslucencyLightingVolumeDim:64]]
[2025.03.18-14.39.36:502][  0]LogConfig: Setting CVar [[r.RefractionQuality:2]]
[2025.03.18-14.39.36:502][  0]LogConfig: Setting CVar [[r.SSR.Quality:3]]
[2025.03.18-14.39.36:502][  0]LogConfig: Setting CVar [[r.SSR.HalfResSceneColor:0]]
[2025.03.18-14.39.36:502][  0]LogConfig: Setting CVar [[r.SceneColorFormat:4]]
[2025.03.18-14.39.36:502][  0]LogConfig: Setting CVar [[r.DetailMode:2]]
[2025.03.18-14.39.36:502][  0]LogConfig: Setting CVar [[r.TranslucencyVolumeBlur:1]]
[2025.03.18-14.39.36:502][  0]LogConfig: Setting CVar [[r.MaterialQualityLevel:1 ; High quality]]
[2025.03.18-14.39.36:502][  0]LogConfig: Setting CVar [[r.AnisotropicMaterials:1]]
[2025.03.18-14.39.36:502][  0]LogConfig: Setting CVar [[r.SSS.Scale:1]]
[2025.03.18-14.39.36:502][  0]LogConfig: Setting CVar [[r.SSS.SampleSet:2]]
[2025.03.18-14.39.36:502][  0]LogConfig: Setting CVar [[r.SSS.Quality:1]]
[2025.03.18-14.39.36:502][  0]LogConfig: Setting CVar [[r.SSS.HalfRes:0]]
[2025.03.18-14.39.36:502][  0]LogConfig: Setting CVar [[r.SSGI.Quality:3]]
[2025.03.18-14.39.36:502][  0]LogConfig: Setting CVar [[r.EmitterSpawnRateScale:1.0]]
[2025.03.18-14.39.36:502][  0]LogConfig: Setting CVar [[r.ParticleLightQuality:2]]
[2025.03.18-14.39.36:502][  0]LogConfig: Setting CVar [[r.SkyAtmosphere.AerialPerspectiveLUT.FastApplyOnOpaque:1 ; Always have FastSkyLUT 1 in this case to avoid wrong sky]]
[2025.03.18-14.39.36:502][  0]LogConfig: Setting CVar [[r.SkyAtmosphere.AerialPerspectiveLUT.SampleCountMaxPerSlice:4]]
[2025.03.18-14.39.36:502][  0]LogConfig: Setting CVar [[r.SkyAtmosphere.AerialPerspectiveLUT.DepthResolution:16.0]]
[2025.03.18-14.39.36:502][  0]LogConfig: Setting CVar [[r.SkyAtmosphere.FastSkyLUT:1]]
[2025.03.18-14.39.36:502][  0]LogConfig: Setting CVar [[r.SkyAtmosphere.FastSkyLUT.SampleCountMin:4.0]]
[2025.03.18-14.39.36:502][  0]LogConfig: Setting CVar [[r.SkyAtmosphere.FastSkyLUT.SampleCountMax:128.0]]
[2025.03.18-14.39.36:502][  0]LogConfig: Setting CVar [[r.SkyAtmosphere.SampleCountMin:4.0]]
[2025.03.18-14.39.36:502][  0]LogConfig: Setting CVar [[r.SkyAtmosphere.SampleCountMax:128.0]]
[2025.03.18-14.39.36:502][  0]LogConfig: Setting CVar [[r.SkyAtmosphere.TransmittanceLUT.UseSmallFormat:0]]
[2025.03.18-14.39.36:502][  0]LogConfig: Setting CVar [[r.SkyAtmosphere.TransmittanceLUT.SampleCount:10.0]]
[2025.03.18-14.39.36:502][  0]LogConfig: Setting CVar [[r.SkyAtmosphere.MultiScatteringLUT.SampleCount:15.0]]
[2025.03.18-14.39.36:502][  0]LogConfig: Setting CVar [[r.SkyLight.RealTimeReflectionCapture:1]]
[2025.03.18-14.39.36:502][  0]LogConfig: Applying CVar settings from Section [FoliageQuality@3] File [C:/Users/abraa/OneDrive/Documents/GitHub/COMP217GroupProject/DungeonDash/Saved/Config/Windows/Scalability.ini]
[2025.03.18-14.39.36:502][  0]LogConfig: Setting CVar [[foliage.DensityScale:1.0]]
[2025.03.18-14.39.36:502][  0]LogConfig: Setting CVar [[grass.DensityScale:1.0]]
[2025.03.18-14.39.36:502][  0]LogConfig: Applying CVar settings from Section [ShadingQuality@3] File [C:/Users/abraa/OneDrive/Documents/GitHub/COMP217GroupProject/DungeonDash/Saved/Config/Windows/Scalability.ini]
[2025.03.18-14.39.36:502][  0]LogConfig: Setting CVar [[r.HairStrands.SkyLighting.IntegrationType:2]]
[2025.03.18-14.39.36:502][  0]LogConfig: Setting CVar [[r.HairStrands.SkyAO.SampleCount:4]]
[2025.03.18-14.39.36:502][  0]LogConfig: Setting CVar [[r.HairStrands.Visibility.MSAA.SamplePerPixel:4]]
[2025.03.18-14.39.36:502][  0]LogConfig: Applying CVar settings from Section [Startup] File [../../../Engine/Config/ConsoleVariables.ini]
[2025.03.18-14.39.36:503][  0]LogConfig: Setting CVar [[net.UseAdaptiveNetUpdateFrequency:0]]
[2025.03.18-14.39.36:503][  0]LogConfig: Setting CVar [[p.chaos.AllowCreatePhysxBodies:1]]
[2025.03.18-14.39.36:503][  0]LogConfig: Setting CVar [[fx.SkipVectorVMBackendOptimizations:1]]
[2025.03.18-14.39.36:503][  0]LogConfig: Applying CVar settings from Section [ConsoleVariables] File [C:/Users/abraa/OneDrive/Documents/GitHub/COMP217GroupProject/DungeonDash/Saved/Config/Windows/Engine.ini]
[2025.03.18-14.39.36:503][  0]LogConfig: Applying CVar settings from Section [ConsoleVariables] File [C:/Users/abraa/OneDrive/Documents/GitHub/COMP217GroupProject/DungeonDash/Saved/Config/Windows/Editor.ini]
[2025.03.18-14.39.36:503][  0]LogInit: Computer: LAPTOP-V522K5V5
[2025.03.18-14.39.36:503][  0]LogInit: User: abraa
[2025.03.18-14.39.36:503][  0]LogInit: CPU Page size=4096, Cores=4
[2025.03.18-14.39.36:503][  0]LogInit: High frequency timer resolution =10.000000 MHz
[2025.03.18-14.39.36:503][  0]LogMemory: Memory total: Physical=15.7GB (16GB approx)
[2025.03.18-14.39.36:504][  0]LogMemory: Platform Memory Stats for Windows
[2025.03.18-14.39.36:504][  0]LogMemory: Process Physical Memory: 152.45 MB used, 152.45 MB peak
[2025.03.18-14.39.36:504][  0]LogMemory: Process Virtual Memory: 114.88 MB used, 114.88 MB peak
[2025.03.18-14.39.36:504][  0]LogMemory: Physical Memory: 10724.29 MB used,  5351.04 MB free, 16075.33 MB total
[2025.03.18-14.39.36:504][  0]LogMemory: Virtual Memory: 134201696.00 MB used,  16033.94 MB free, 134217728.00 MB total
[2025.03.18-14.39.36:513][  0]LogWindows: WindowsPlatformFeatures enabled
[2025.03.18-14.39.36:647][  0]LogInit: Physics initialised using underlying interface: PhysX
[2025.03.18-14.39.36:653][  0]LogInit: Using OS detected language (en-US).
[2025.03.18-14.39.36:653][  0]LogInit: Using OS detected locale (en-US).
[2025.03.18-14.39.36:685][  0]LogTextLocalizationManager: No specific localization for 'en-US' exists, so the 'en' localization will be used.
[2025.03.18-14.39.36:960][  0]LogWindowsTextInputMethodSystem: Display: IME system deactivated.
[2025.03.18-14.39.37:000][  0]LogSlate: New Slate User Created.  User Index 0, Is Virtual User: 0
[2025.03.18-14.39.37:000][  0]LogSlate: Slate User Registered.  User Index 0, Is Virtual User: 0
[2025.03.18-14.39.37:380][  0]LogD3D11RHI: Loaded GFSDK_Aftermath_Lib.x64.dll
[2025.03.18-14.39.37:436][  0]LogHMD: Failed to initialize OpenVR with code 110
[2025.03.18-14.39.37:436][  0]LogD3D11RHI: D3D11 min allowed feature level: 11_0
[2025.03.18-14.39.37:437][  0]LogD3D11RHI: D3D11 max allowed feature level: 11_0
[2025.03.18-14.39.37:437][  0]LogD3D11RHI: D3D11 adapters:
[2025.03.18-14.39.37:608][  0]LogD3D11RHI:    0. 'NVIDIA GeForce RTX 3060 Laptop GPU' (Feature Level 11_0)
[2025.03.18-14.39.37:608][  0]LogD3D11RHI:       5996/0/8037 MB DedicatedVideo/DedicatedSystem/SharedSystem, Outputs:1, VendorId:0x10de
[2025.03.18-14.39.37:662][  0]LogD3D11RHI:    1. 'Intel(R) Iris(R) Xe Graphics' (Feature Level 11_0)
[2025.03.18-14.39.37:663][  0]LogD3D11RHI:       128/0/8037 MB DedicatedVideo/DedicatedSystem/SharedSystem, Outputs:0, VendorId:0x8086
[2025.03.18-14.39.37:670][  0]LogD3D11RHI:    2. 'Microsoft Basic Render Driver' (Feature Level 11_0)
[2025.03.18-14.39.37:670][  0]LogD3D11RHI:       0/0/8037 MB DedicatedVideo/DedicatedSystem/SharedSystem, Outputs:0, VendorId:0x1414
[2025.03.18-14.39.37:670][  0]LogD3D11RHI: Chosen D3D11 Adapter:
[2025.03.18-14.39.37:670][  0]LogD3D11RHI:     Description : NVIDIA GeForce RTX 3060 Laptop GPU
[2025.03.18-14.39.37:670][  0]LogD3D11RHI:     VendorId    : 10de
[2025.03.18-14.39.37:670][  0]LogD3D11RHI:     DeviceId    : 2520
[2025.03.18-14.39.37:670][  0]LogD3D11RHI:     SubSysId    : 16e21043
[2025.03.18-14.39.37:670][  0]LogD3D11RHI:     Revision    : 00a1
[2025.03.18-14.39.37:670][  0]LogD3D11RHI:     DedicatedVideoMemory : 6287261696 bytes
[2025.03.18-14.39.37:670][  0]LogD3D11RHI:     DedicatedSystemMemory : 0 bytes
[2025.03.18-14.39.37:670][  0]LogD3D11RHI:     SharedSystemMemory : 8428101632 bytes
[2025.03.18-14.39.37:670][  0]LogD3D11RHI:     AdapterLuid : 0 64022
[2025.03.18-14.39.37:681][  0]LogD3D11RHI: Creating new Direct3DDevice
[2025.03.18-14.39.37:681][  0]LogD3D11RHI:     GPU DeviceId: 0x2520 (for the marketing name, search the web for "GPU Device Id")
[2025.03.18-14.39.37:681][  0]LogWindows: EnumDisplayDevices:
[2025.03.18-14.39.37:681][  0]LogWindows:    0. 'Intel(R) Iris(R) Xe Graphics' (P:1 D:1)
[2025.03.18-14.39.37:681][  0]LogWindows:    1. 'Intel(R) Iris(R) Xe Graphics' (P:0 D:0)
[2025.03.18-14.39.37:682][  0]LogWindows:    2. 'Intel(R) Iris(R) Xe Graphics' (P:0 D:0)
[2025.03.18-14.39.37:682][  0]LogWindows:    3. 'Intel(R) Iris(R) Xe Graphics' (P:0 D:0)
[2025.03.18-14.39.37:682][  0]LogWindows:    4. 'NVIDIA GeForce RTX 3060 Laptop GPU' (P:0 D:0)
[2025.03.18-14.39.37:682][  0]LogWindows: DebugString: PrimaryIsNotTheChoosenAdapter PrimaryIsNotTheChoosenAdapter PrimaryIsNotTheChoosenAdapter PrimaryIsNotTheChoosenAdapter 
[2025.03.18-14.39.37:682][  0]LogD3D11RHI:     Adapter Name: NVIDIA GeForce RTX 3060 Laptop GPU
[2025.03.18-14.39.37:683][  0]LogD3D11RHI:   Driver Version: 555.97 (internal:32.0.15.5597, unified:555.97)
[2025.03.18-14.39.37:683][  0]LogD3D11RHI:      Driver Date: 5-29-2024
[2025.03.18-14.39.37:683][  0]LogRHI: Texture pool is 4197 MB (70% of 5996 MB)
[2025.03.18-14.39.37:683][  0]LogD3D11RHI: Creating D3DDevice using adapter:
[2025.03.18-14.39.37:683][  0]LogD3D11RHI:     Description : NVIDIA GeForce RTX 3060 Laptop GPU
[2025.03.18-14.39.37:683][  0]LogD3D11RHI:     VendorId    : 10de
[2025.03.18-14.39.37:683][  0]LogD3D11RHI:     DeviceId    : 2520
[2025.03.18-14.39.37:683][  0]LogD3D11RHI:     SubSysId    : 16e21043
[2025.03.18-14.39.37:683][  0]LogD3D11RHI:     Revision    : 00a1
[2025.03.18-14.39.37:683][  0]LogD3D11RHI:     DedicatedVideoMemory : 6287261696 bytes
[2025.03.18-14.39.37:683][  0]LogD3D11RHI:     DedicatedSystemMemory : 0 bytes
[2025.03.18-14.39.37:683][  0]LogD3D11RHI:     SharedSystemMemory : 8428101632 bytes
[2025.03.18-14.39.37:683][  0]LogD3D11RHI:     AdapterLuid : 0 64022
[2025.03.18-14.39.37:775][  0]LogD3D11RHI: RHI has support for 64 bit atomics
[2025.03.18-14.39.37:777][  0]LogD3D11RHI: Async texture creation enabled
[2025.03.18-14.39.37:777][  0]LogD3D11RHI: Array index from any shader is supported
[2025.03.18-14.39.37:829][  0]LogD3D11RHI: GPU Timing Frequency: 1000.000000 (Debug: 2 2)
[2025.03.18-14.39.37:877][  0]LogRHI: GeForceNow SDK initialized: 1
[2025.03.18-14.39.38:327][  0]LogTargetPlatformManager: Display: Loaded TargetPlatform 'AllDesktop'
[2025.03.18-14.39.38:353][  0]LogTargetPlatformManager: Display: Loaded TargetPlatform 'Android'
[2025.03.18-14.39.38:353][  0]LogTargetPlatformManager: Display: Loaded TargetPlatform 'Android_ASTC'
[2025.03.18-14.39.38:353][  0]LogTargetPlatformManager: Display: Loaded TargetPlatform 'Android_DXT'
[2025.03.18-14.39.38:353][  0]LogTargetPlatformManager: Display: Loaded TargetPlatform 'Android_ETC2'
[2025.03.18-14.39.38:353][  0]LogTargetPlatformManager: Display: Loaded TargetPlatform 'AndroidClient'
[2025.03.18-14.39.38:353][  0]LogTargetPlatformManager: Display: Loaded TargetPlatform 'Android_ASTCClient'
[2025.03.18-14.39.38:353][  0]LogTargetPlatformManager: Display: Loaded TargetPlatform 'Android_DXTClient'
[2025.03.18-14.39.38:353][  0]LogTargetPlatformManager: Display: Loaded TargetPlatform 'Android_ETC2Client'
[2025.03.18-14.39.38:353][  0]LogTargetPlatformManager: Display: Loaded TargetPlatform 'Android_Multi'
[2025.03.18-14.39.38:353][  0]LogTargetPlatformManager: Display: Loaded TargetPlatform 'Android_MultiClient'
[2025.03.18-14.39.38:380][  0]LogTargetPlatformManager: Display: Loaded TargetPlatform 'IOSClient'
[2025.03.18-14.39.38:380][  0]LogTargetPlatformManager: Display: Loaded TargetPlatform 'IOS'
[2025.03.18-14.39.38:394][  0]LogTargetPlatformManager: Display: Loaded TargetPlatform 'Linux'
[2025.03.18-14.39.38:402][  0]LogTargetPlatformManager: Display: Loaded TargetPlatform 'LinuxNoEditor'
[2025.03.18-14.39.38:409][  0]LogTargetPlatformManager: Display: Loaded TargetPlatform 'LinuxClient'
[2025.03.18-14.39.38:415][  0]LogTargetPlatformManager: Display: Loaded TargetPlatform 'LinuxServer'
[2025.03.18-14.39.38:429][  0]LogTargetPlatformManager: Display: Loaded TargetPlatform 'LinuxAArch64NoEditor'
[2025.03.18-14.39.38:436][  0]LogTargetPlatformManager: Display: Loaded TargetPlatform 'LinuxAArch64Client'
[2025.03.18-14.39.38:443][  0]LogTargetPlatformManager: Display: Loaded TargetPlatform 'LinuxAArch64Server'
[2025.03.18-14.39.38:472][  0]LogTargetPlatformManager: Display: Loaded TargetPlatform 'Lumin'
[2025.03.18-14.39.38:472][  0]LogTargetPlatformManager: Display: Loaded TargetPlatform 'LuminClient'
[2025.03.18-14.39.38:484][  0]LogTargetPlatformManager: Display: Loaded TargetPlatform 'MacNoEditor'
[2025.03.18-14.39.38:491][  0]LogTargetPlatformManager: Display: Loaded TargetPlatform 'Mac'
[2025.03.18-14.39.38:498][  0]LogTargetPlatformManager: Display: Loaded TargetPlatform 'MacClient'
[2025.03.18-14.39.38:505][  0]LogTargetPlatformManager: Display: Loaded TargetPlatform 'MacServer'
[2025.03.18-14.39.38:518][  0]LogTargetPlatformManager: Display: Loaded TargetPlatform 'TVOSClient'
[2025.03.18-14.39.38:518][  0]LogTargetPlatformManager: Display: Loaded TargetPlatform 'TVOS'
[2025.03.18-14.39.38:533][  0]LogTargetPlatformManager: Display: Loaded TargetPlatform 'WindowsNoEditor'
[2025.03.18-14.39.38:541][  0]LogTargetPlatformManager: Display: Loaded TargetPlatform 'Windows'
[2025.03.18-14.39.38:548][  0]LogTargetPlatformManager: Display: Loaded TargetPlatform 'WindowsClient'
[2025.03.18-14.39.38:556][  0]LogTargetPlatformManager: Display: Loaded TargetPlatform 'WindowsServer'
[2025.03.18-14.39.38:556][  0]LogTargetPlatformManager: Display: Building Assets For Windows
[2025.03.18-14.39.38:575][  0]LogAudioDebug: Display: Lib vorbis DLL was dynamically loaded.
[2025.03.18-14.39.38:657][  0]LogTextureFormatOodle: Display: Oodle Texture 2.9.0 init RDO Off
[2025.03.18-14.39.38:771][  0]LogRendererCore: Ray tracing is disabled. Reason: r.RayTracing=0.
[2025.03.18-14.39.38:773][  0]LogShaderCompilers: Guid format shader working directory is -42 characters bigger than the processId version (../../../../../../Users/abraa/OneDrive/Documents/GitHub/COMP217GroupProject/DungeonDash/Intermediate/Shaders/WorkingDirectory/34256/).
[2025.03.18-14.39.38:773][  0]LogShaderCompilers: Cleaned the shader compiler working directory 'C:/Users/abraa/AppData/Local/Temp/UnrealShaderWorkingDir/A54EE61343EC9F7D356D1CA352D98F4E/'.
[2025.03.18-14.39.38:775][  0]LogXGEController: Cannot use XGE Controller as Incredibuild is not installed on this machine.
[2025.03.18-14.39.38:775][  0]LogShaderCompilers: Cannot use XGE Shader Compiler as Incredibuild is not installed on this machine.
[2025.03.18-14.39.38:775][  0]LogShaderCompilers: Display: Using Local Shader Compiler.
[2025.03.18-14.39.39:668][  0]LogDerivedDataCache: Display: Max Cache Size: 512 MB
[2025.03.18-14.39.39:807][  0]LogDerivedDataCache: Loaded boot cache 0.14s 94MB C:/Users/abraa/AppData/Local/UnrealEngine/4.27/DerivedDataCache/Boot.ddc.
[2025.03.18-14.39.39:807][  0]LogDerivedDataCache: Display: Loaded Boot cache: C:/Users/abraa/AppData/Local/UnrealEngine/4.27/DerivedDataCache/Boot.ddc
[2025.03.18-14.39.39:808][  0]LogDerivedDataCache: FDerivedDataBackendGraph:  Pak pak cache file ../../../../../../Users/abraa/OneDrive/Documents/GitHub/COMP217GroupProject/DungeonDash/DerivedDataCache/DDC.ddp not found, will not use a pak cache.
[2025.03.18-14.39.39:808][  0]LogDerivedDataCache: Unable to find inner node Pak for hierarchical cache Hierarchy.
[2025.03.18-14.39.39:808][  0]LogDerivedDataCache: FDerivedDataBackendGraph:  CompressedPak pak cache file ../../../../../../Users/abraa/OneDrive/Documents/GitHub/COMP217GroupProject/DungeonDash/DerivedDataCache/Compressed.ddp not found, will not use a pak cache.
[2025.03.18-14.39.39:808][  0]LogDerivedDataCache: Unable to find inner node CompressedPak for hierarchical cache Hierarchy.
[2025.03.18-14.39.39:828][  0]LogDerivedDataCache: Display: Pak cache opened for reading ../../../Engine/DerivedDataCache/Compressed.ddp.
[2025.03.18-14.39.39:828][  0]LogDerivedDataCache: FDerivedDataBackendGraph:  EnterprisePak pak cache file ../../../Enterprise/DerivedDataCache/Compressed.ddp not found, will not use a pak cache.
[2025.03.18-14.39.39:828][  0]LogDerivedDataCache: Unable to find inner node EnterprisePak for hierarchical cache Hierarchy.
[2025.03.18-14.39.39:883][  0]LogDerivedDataCache: Speed tests for C:/Users/abraa/AppData/Local/UnrealEngine/Common/DerivedDataCache took 0.05 seconds
[2025.03.18-14.39.39:883][  0]LogDerivedDataCache: Display: Performance to C:/Users/abraa/AppData/Local/UnrealEngine/Common/DerivedDataCache: Latency=0.35ms. RandomReadSpeed=178.37MBs, RandomWriteSpeed=20.70MBs. Assigned SpeedClass 'Local'
[2025.03.18-14.39.39:884][  0]LogDerivedDataCache: Using Local data cache path C:/Users/abraa/AppData/Local/UnrealEngine/Common/DerivedDataCache: Writable
[2025.03.18-14.39.39:885][  0]LogDerivedDataCache: Shared data cache path not found in *engine.ini, will not use an Shared cache.
[2025.03.18-14.39.39:885][  0]LogDerivedDataCache: Unable to find inner node Shared for hierarchical cache Hierarchy.
[2025.03.18-14.39.39:934][  0]LogSlate: Using FreeType 2.10.0
[2025.03.18-14.39.39:938][  0]LogSlate: SlateFontServices - WITH_FREETYPE: 1, WITH_HARFBUZZ: 1
[2025.03.18-14.39.40:001][  0]LogAssetRegistry: FAssetRegistry took 0.0056 seconds to start up
[2025.03.18-14.39.40:481][  0]LogInit: Selected Device Profile: [Windows]
[2025.03.18-14.39.40:481][  0]LogInit: Active device profile: [0000023FD7E09100][0000023FCD7B75C0 49] Windows
[2025.03.18-14.39.40:481][  0]LogInit: Profiles: [0000023FD7E09100][0000023FCD7B75C0 49] Windows, [0000023FD7DF6700][0000023FD636D880 49] WindowsNoEditor, [0000023FD7E0A200][0000023FD6371B40 49] WindowsServer, [0000023FD7DF5900][0000023FD6374280 49] WindowsClient, [0000023FD7E09700][0000023FD6378540 49] IOS, [0000023FD7DF6900][0000023FD637C800 49] iPadAir, [0000023FD7E0BC00][0000023FD6380AC0 49] iPadAir2, [0000023FD7D9D400][0000023FCD3AEF80 49] IPadPro, [0000023FD7D9D500][0000023FD6368FC0 49] iPadAir3, [0000023FD7DF7A00][0000023FD638D280 49] iPadAir4, [0000023FD7D9E300][0000023FD6389540 49] iPadMini2, [0000023FD7DF7100][0000023FCD3B3800 49] iPadMini3, [0000023FD7D9EF00][0000023FCD3B7AC0 49] iPadMini4, [0000023FD7DF5D00][0000023FCD3BA200 49] iPadMini5, [0000023FD7DBD000][0000023FCD3CE740 49] iPhone6, [0000023FD7DBD100][0000023FCD3BE780 49] iPodTouch6, [0000023FD7E0B900][0000023FCD3D6CC0 49] iPhone7, [0000023FD7E0A900][0000023FCD3C6D00 49] iPodTouch7, [0000023FD7D9D000][0000023FD6384F80 49] iPhone5S, [0000023FD7E0AF00][0000023FCD3C3240 49] iPhone6Plus, [0000023FD7D9F600][0000023FCD3D3500 49] iPhone6S, [0000023FD7E08C00][0000023FCD3DB7C0 49] iPhone6SPlus, [0000023FD7E09D00][0000023FCD3DFA80 49] iPhone7Plus, [0000023FD7DBC800][0000023FCD3E21C0 49] iPhoneSE, [0000023FD7E08400][0000023FCD3E6480 49] iPhone8, [0000023FD7DBC900][0000023FCD3EA740 49] iPhone8Plus, [0000023FD7DBEE00][0000023FCD3EEA00 49] iPhoneX, [0000023FD7D9DD00][0000023FCD3F2CC0 49] iPhoneXS, [0000023FD7DBE700][0000023FCD3CAF40 49] iPhoneXSMax, [0000023FD7D9DC00][0000023FCD3F71C0 49] iPhoneXR, [0000023FD7DBE800][0000023FCD3FF480 49] iPhone11, [0000023FD7D9CF00][0000023FCD403740 49] iPhone11Pro, [0000023FD7DBCB00][0000023FCD407A00 49] iPhone11ProMax, [0000023FD7D9CC00][0000023FCD40A140 49] iPhoneSE2, [0000023FD7DBCE00][0000023FCD40E400 49] iPhone12Mini, [0000023FD7E0B800][0000023FCD4126C0 49] iPhone12, [0000023FD7DBF100][0000023FCD416980 49] iPhone12Pro, [0000023FD7E0B700][0000023FCD41AC40 49] iPhone12ProMax, [0000023FD7DBDE00][0000023FCD41EF00 49] iPadPro105, [0000023FD7E09400][0000023FCD3FB180 49] iPadPro129, [0000023FD7DBFE00][0000023FCD423400 49] iPadPro97, [0000023FD7E0A800][0000023FCD42B6C0 49] iPadPro2_129, [0000023FD7DBE000][0000023FD85F3980 49] iPad5, [0000023FD7E0A300][0000023FD85F60C0 49] iPad6, [0000023FD7DBFB00][0000023FD85FA380 49] iPad7, [0000023FD7E09E00][0000023FD85FE640 49] iPad8, [0000023FD7DBCA00][0000023FD8602900 49] iPadPro11, [0000023FD7E0BE00][0000023FD8606BC0 49] iPadPro2_11, [0000023FD7DBD800][0000023FD860AE80 49] iPadPro3_129, [0000023FD7E0A700][0000023FD860F140 49] iPadPro4_129, [0000023FD7DBC100][0000023FCD4273C0 49] AppleTV, [0000023FD7E0BF00][0000023FD8613640 49] AppleTV4K, [0000023FD7DBE400][0000023FD861B900 49] TVOS, [0000023FD7E08100][0000023FD861FBC0 49] Mac, [0000023FD7DBDD00][0000023FD8622300 49] MacClient, [0000023FD7E0AA00][0000023FD86265C0 49] MacNoEditor, [0000023FD7DBFA00][0000023FD862A880 49] MacServer, [0000023FD7E0A000][0000023FD862EB40 49] Linux, [0000023FD7DBD600][0000023FD8632E00 49] LinuxAArch64, [0000023FD7E08800][0000023FD86370C0 49] LinuxNoEditor, [0000023FD7DBCC00][0000023FD863B380 49] LinuxAArch64NoEditor, [0000023FD7E0BB00][0000023FD8617600 49] LinuxClient, [0000023FD7DBF400][0000023FD863F880 49] LinuxAArch64Client, [0000023FD7E0BA00][0000023FD8647B40 49] LinuxServer, [0000023FD7DBC700][0000023FD864A280 49] LinuxAArch64Server, [0000023FD7E0AD00][0000023FD864E540 49] Android, [0000023FD7DBEA00][0000023FD8652800 49] Android_Low, [0000023FD7E09F00][0000023FD8656AC0 49] Android_Mid, [0000023FD7DBDF00][0000023FD865AD80 49] Android_High, [0000023FD7E09900][0000023FD865F040 49] Android_Default, [0000023FD7DBFC00][0000023FD8663300 49] Android_Adreno4xx, [0000023FD7E0B600][0000023FD86675C0 49] Android_Adreno5xx_Low, [0000023FD7DBF200][0000023FD8643840 49] Android_Adreno5xx, [0000023FD7E09000][0000023FD866BAC0 49] Android_Adreno6xx, [0000023FD7DBE500][0000023FD8672200 49] Android_Adreno6xx_Vulkan, [0000023FD7E08A00][0000023FD86764C0 49] Android_Mali_T6xx, [0000023FD7DBE900][0000023FD867A780 49] Android_Mali_T7xx, [0000023FD7E0BD00][0000023FD867EA40 49] Android_Mali_T8xx, [0000023FD7DBED00][0000023FD8682D00 49] Android_Mali_G71, [0000023FD7D9F100][0000023FD8686FC0 49] Android_Mali_G72, [0000023FD7DF6F00][0000023FD868B280 49] Android_Mali_G72_Vulkan, [0000023FD7D9EB00][0000023FD868F540 49] Android_Mali_G76, [0000023FD7DF4500][0000023FD8693800 49] Android_Mali_G76_Vulkan, [0000023FD7D9E600][0000023FD866FA80 49] Android_Mali_G77, [0000023FD7DF7E00][0000023FD8696180 49] Android_Mali_G77_Vulkan, [0000023FD7D9E400][0000023FD869E440 49] Android_Mali_G78, [0000023FD7DF4D00][0000023FD86A2700 49] Android_Mali_G78_Vulkan, [0000023FD7D9F500][0000023FD86A69C0 49] Android_Mali_G710, [0000023FD7DF6B00][0000023FD86AAC80 49] Android_Mali_G710_Vulkan, [0000023FD7D9FE00][0000023FD86AEF40 49] Android_Vulkan_SM5, [0000023FD7DF5A00][0000023FD86B3200 49] Android_PowerVR_G6xxx, [0000023FD7D9C500][0000023FD86B74C0 49] Android_PowerVR_GT7xxx, [0000023FD7DF4200][0000023FD86BB780 49] Android_PowerVR_GE8xxx, [0000023FD7D9FB00][0000023FD86BFA40 49] Android_PowerVR_GM9xxx, [0000023FD7DF6100][0000023FD869A140 49] Android_PowerVR_GM9xxx_Vulkan, [0000023FD7D9DF00][0000023FD86C23C0 49] Android_TegraK1, [0000023FD7DF4A00][0000023FD86CA680 49] Android_Unknown_Vulkan, [0000023FD7D9F900][0000023FD86CE940 49] Lumin, [0000023FD7DF5200][0000023FD86D2C00 49] Lumin_Desktop, [0000023FD7D9DE00][0000023FD86D6EC0 49] HoloLens, 
[2025.03.18-14.39.40:741][  0]LogMeshReduction: Using QuadricMeshReduction for automatic static mesh reduction
[2025.03.18-14.39.40:741][  0]LogMeshReduction: Using SimplygonMeshReduction for automatic skeletal mesh reduction
[2025.03.18-14.39.40:741][  0]LogMeshReduction: Using ProxyLODMeshReduction for automatic mesh merging
[2025.03.18-14.39.40:741][  0]LogMeshReduction: No distributed automatic mesh merging module available
[2025.03.18-14.39.40:742][  0]LogMeshMerging: No distributed automatic mesh merging module available
[2025.03.18-14.39.40:805][  0]LogNetVersion: DungeonDash 1.0.0, NetCL: 17155196, EngineNetVer: 17, GameNetVer: 0 (Checksum: 3083342234)
[2025.03.18-14.39.41:779][  0]LogTexture: Default maximum texture size for cubemaps generated from long-lat sources has been changed from 512 to unlimited. In order to preserve old behaiour for '/Engine/MapTemplates/Sky/DaylightAmbientCubemap.DaylightAmbientCubemap', its maximum texture size has been explicitly set to 512.
[2025.03.18-14.39.41:921][  0]LogHMD: PokeAHoleMaterial loaded successfully
[2025.03.18-14.39.41:936][  0]LogUObjectArray: 17178 objects as part of root set at end of initial load.
[2025.03.18-14.39.41:936][  0]LogUObjectAllocator: 4302048 out of 0 bytes used by permanent object pool.
[2025.03.18-14.39.41:936][  0]LogUObjectArray: CloseDisregardForGC: 0/0 objects in disregard for GC pool
[2025.03.18-14.39.42:706][  0]LogPython: Using Python 3.7.7
[2025.03.18-14.39.43:394][  0]LogNiagaraDebuggerClient: Niagara Debugger Client Initialized | Session: 88E42070485A49D4A4ABDB969E868D4D | Instance: FCF6917F48B18D3718476ABC344FB954 (LAPTOP-V522K5V5-34256).
[2025.03.18-14.39.43:781][  0]LogUdpMessaging: Initializing bridge on interface 0.0.0.0:0 to multicast group 230.0.0.1:6666.
[2025.03.18-14.39.43:795][  0]LogTcpMessaging: Initializing TcpMessaging bridge
[2025.03.18-14.39.44:681][  0]SourceControl: Source control is disabled
[2025.03.18-14.39.44:682][  0]SourceControl: Source control is disabled
[2025.03.18-14.39.44:696][  0]SourceControl: Source control is disabled
[2025.03.18-14.39.44:703][  0]SourceControl: Source control is disabled
[2025.03.18-14.39.44:710][  0]SourceControl: Source control is disabled
[2025.03.18-14.39.44:733][  0]LogUProjectInfo: Found projects:
[2025.03.18-14.39.45:103][  0]LogOpenImageDenoise: OIDN starting up
[2025.03.18-14.39.45:224][  0]LogAndroidPermission: UAndroidPermissionCallbackProxy::GetInstance
[2025.03.18-14.39.45:263][  0]LogAudioCaptureCore: Display: No Audio Capture implementations found. Audio input will be silent.
[2025.03.18-14.39.45:263][  0]LogAudioCaptureCore: Display: No Audio Capture implementations found. Audio input will be silent.
[2025.03.18-14.39.45:478][  0]LogCollectionManager: Loaded 0 collections in 0.001555 seconds
[2025.03.18-14.39.45:527][  0]LogFileCache: Scanning file cache for directory 'C:/Users/abraa/OneDrive/Documents/GitHub/COMP217GroupProject/DungeonDash/Saved/Collections/' took 0.00s
[2025.03.18-14.39.45:527][  0]LogFileCache: Scanning file cache for directory 'C:/Users/abraa/OneDrive/Documents/GitHub/COMP217GroupProject/DungeonDash/Content/Developers/abraa/Collections/' took 0.00s
[2025.03.18-14.39.45:527][  0]LogFileCache: Scanning file cache for directory 'C:/Users/abraa/OneDrive/Documents/GitHub/COMP217GroupProject/DungeonDash/Content/Collections/' took 0.00s
[2025.03.18-14.39.45:527][  0]LogOcInput: OculusInput pre-init called
[2025.03.18-14.39.45:947][  0]LogEngine: Initializing Engine...
[2025.03.18-14.39.45:967][  0]LogHMD: Failed to enumerate extensions. Please check that you have a valid OpenXR runtime installed.
[2025.03.18-14.39.45:968][  0]LogHMD: Failed to initialize OpenVR with code 110
[2025.03.18-14.39.45:968][  0]LogMagicLeap: Warning: VR disabled because ZI is not enabled.  To enable, in the editor, Edit -> Project Settings -> Plugins -> Magic Leap Plugin -> Enable Zero Iteration
[2025.03.18-14.39.45:974][  0]LogStats: UGameplayTagsManager::InitializeManager -  0.001 s
[2025.03.18-14.39.46:164][  0]LogInit: Initializing FReadOnlyCVARCache
[2025.03.18-14.39.46:228][  0]LogAIModule: Creating AISystem for world Untitled
[2025.03.18-14.39.46:242][  0]LogAudio: Display: Initializing Audio Device Manager...
[2025.03.18-14.39.46:249][  0]LogAudio: Display: Loading Default Audio Settings Objects...
[2025.03.18-14.39.46:252][  0]LogAudio: Display: No default SoundConcurrencyObject specified (or failed to load).
[2025.03.18-14.39.46:254][  0]LogAudio: Display: Audio Device Manager Initialized
[2025.03.18-14.39.46:254][  0]LogAudio: Display: Creating Audio Device:                 Id: 1, Scope: Shared, Realtime: True
[2025.03.18-14.39.46:256][  0]LogAudioMixer: Display: Audio Mixer Platform Settings:
[2025.03.18-14.39.46:256][  0]LogAudioMixer: Display: 	Sample Rate:						  48000
[2025.03.18-14.39.46:256][  0]LogAudioMixer: Display: 	Callback Buffer Frame Size Requested: 1024
[2025.03.18-14.39.46:256][  0]LogAudioMixer: Display: 	Callback Buffer Frame Size To Use:	  1024
[2025.03.18-14.39.46:256][  0]LogAudioMixer: Display: 	Number of buffers to queue:			  2
[2025.03.18-14.39.46:256][  0]LogAudioMixer: Display: 	Max Channels (voices):				  32
[2025.03.18-14.39.46:256][  0]LogAudioMixer: Display: 	Number of Async Source Workers:		  0
[2025.03.18-14.39.46:256][  0]LogAudio: Display: AudioDevice MaxSources: 32
[2025.03.18-14.39.46:258][  0]LogAudio: Display: Audio Spatialization Plugin: None (built-in).
[2025.03.18-14.39.46:258][  0]LogAudio: Display: Audio Reverb Plugin: None (built-in).
[2025.03.18-14.39.46:258][  0]LogAudio: Display: Audio Occlusion Plugin: None (built-in).
[2025.03.18-14.39.46:259][  0]LogAudioMixer: Display: Initializing audio mixer.
[2025.03.18-14.39.46:289][  0]LogAudioMixer: Display: 0: FrontLeft
[2025.03.18-14.39.46:289][  0]LogAudioMixer: Display: 1: FrontRight
[2025.03.18-14.39.46:886][  0]LogAudioMixer: Display: Using Audio Device Speakers (Realtek(R) Audio)
[2025.03.18-14.39.46:894][  0]LogAudioMixer: Display: Initializing Sound Submixes...
[2025.03.18-14.39.46:900][  0]LogAudioMixer: Display: Creating Master Submix 'MasterSubmixDefault'
[2025.03.18-14.39.46:902][  0]LogAudioMixer: Display: Creating Master Submix 'MasterReverbSubmixDefault'
[2025.03.18-14.39.46:905][  0]LogAudioMixer: Display: Creating Master Submix 'MasterEQSubmixDefault'
[2025.03.18-14.39.46:905][  0]LogAudioMixer: FMixerPlatformXAudio2::StartAudioStream() called
[2025.03.18-14.39.46:905][  0]LogAudioMixer: Display: Output buffers initialized: Frames=1024, Channels=2, Samples=2048
[2025.03.18-14.39.46:907][  0]LogAudioMixer: Display: Starting AudioMixerPlatformInterface::RunInternal()
[2025.03.18-14.39.46:907][  0]LogAudioMixer: Display: FMixerPlatformXAudio2::SubmitBuffer() called for the first time
[2025.03.18-14.39.46:907][  0]LogInit: FAudioDevice initialized.
[2025.03.18-14.39.46:910][  0]LogAudio: Display: Audio Device (ID: 1) registered with world 'Untitled'.
[2025.03.18-14.39.46:912][  0]LogNetVersion: Set ProjectVersion to 1.0.0.0. Version Checksum will be recalculated on next use.
[2025.03.18-14.39.46:984][  0]LogDerivedDataCache: Saved boot cache 0.07s 103MB C:/Users/abraa/AppData/Local/UnrealEngine/4.27/DerivedDataCache/Boot.ddc.
[2025.03.18-14.39.46:986][  0]LogInit: Texture streaming: Enabled
[2025.03.18-14.39.47:013][  0]LogAnalytics: Display: [UEEditor.Rocket.Release] APIServer = https://datarouter.ol.epicgames.com/. AppVersion = 4.27.2-18319896+++UE4+Release-4.27
[2025.03.18-14.39.47:022][  0]LogEngineSessionManager: EngineSessionManager initialized
[2025.03.18-14.39.47:022][  0]LogEditorSessionSummary: Verbose: Initializing EditorSessionSummaryWriter for editor session tracking
[2025.03.18-14.39.47:029][  0]LogEditorSessionSummary: EditorSessionSummaryWriter initialized
[2025.03.18-14.39.47:087][  0]LogInit: Transaction tracking system initialized
[2025.03.18-14.39.47:149][  0]BlueprintLog: New page: Editor Load
[2025.03.18-14.39.47:326][  0]LocalizationService: Localization service is disabled
[2025.03.18-14.39.47:402][  0]TimingProfiler: Initialize
[2025.03.18-14.39.47:404][  0]TimingProfiler: OnSessionChanged
[2025.03.18-14.39.47:404][  0]LoadingProfiler: Initialize
[2025.03.18-14.39.47:405][  0]LoadingProfiler: OnSessionChanged
[2025.03.18-14.39.47:405][  0]NetworkingProfiler: Initialize
[2025.03.18-14.39.47:405][  0]NetworkingProfiler: OnSessionChanged
[2025.03.18-14.39.47:405][  0]MemoryProfiler: Initialize
[2025.03.18-14.39.47:405][  0]MemoryProfiler: OnSessionChanged
[2025.03.18-14.39.47:719][  0]LogCook: Display: CookSettings for Memory: MemoryMaxUsedVirtual 0MiB, MemoryMaxUsedPhysical 16384MiB, MemoryMinFreeVirtual 0MiB, MemoryMinFreePhysical 1024MiB
[2025.03.18-14.39.47:720][  0]LogCook: Display: Mobile HDR setting 1
[2025.03.18-14.39.48:070][  0]LogFileCache: Scanning file cache for directory 'C:/Users/abraa/OneDrive/Documents/GitHub/COMP217GroupProject/DungeonDash/Content/' took 0.01s
[2025.03.18-14.39.48:410][  0]LogInit: Display: Engine is initialized. Leaving FEngineLoop::Init()
[2025.03.18-14.39.48:427][  0]SourceControl: Source control is disabled
[2025.03.18-14.39.48:427][  0]LogUnrealEdMisc: Loading editor; pre map load, took 16.418
[2025.03.18-14.39.48:430][  0]Cmd: MAP LOAD FILE="../../../../../../Users/abraa/OneDrive/Documents/GitHub/COMP217GroupProject/DungeonDash/Content/ThirdPersonCPP/Maps/ThirdPersonExampleMap.umap" TEMPLATE=0 SHOWPROGRESS=1 FEATURELEVEL=3
[2025.03.18-14.39.48:436][  0]LightingResults: New page: Lighting Build
[2025.03.18-14.39.48:448][  0]LogWorld: UWorld::CleanupWorld for Untitled, bSessionEnded=true, bCleanupResources=true
[2025.03.18-14.39.48:453][  0]LogSlate: InvalidateAllWidgets triggered.  All widgets were invalidated
[2025.03.18-14.39.48:457][  0]MapCheck: New page: Map Check
[2025.03.18-14.39.48:457][  0]LightingResults: New page: Lighting Build
[2025.03.18-14.39.48:474][  0]LogAudio: Display: Audio Device unregistered from world 'None'.
[2025.03.18-14.39.48:500][  0]LogUObjectHash: Compacting FUObjectHashTables data took   1.73ms
[2025.03.18-14.39.48:651][  0]LogAudio: Display: Audio Device (ID: 1) registered with world 'ThirdPersonExampleMap'.
[2025.03.18-14.39.48:653][  0]LogAIModule: Creating AISystem for world ThirdPersonExampleMap
[2025.03.18-14.39.48:711][  0]LogEditorServer: Finished looking for orphan Actors (0.000 secs)
[2025.03.18-14.39.48:730][  0]LogUObjectHash: Compacting FUObjectHashTables data took   0.63ms
[2025.03.18-14.39.48:733][  0]Cmd: MAP CHECKDEP NOCLEARLOG
[2025.03.18-14.39.48:734][  0]MapCheck: Map check complete: 0 Error(s), 0 Warning(s), took 0.644ms to complete.
[2025.03.18-14.39.48:734][  0]LogFileHelpers: Loading map 'ThirdPersonExampleMap' took 0.306
[2025.03.18-14.39.48:777][  0]LogUnrealEdMisc: Total Editor Startup Time, took 16.767
[2025.03.18-14.39.48:954][  0]LogSlate: Updating window title bar state: overlay mode, drag disabled, window buttons hidden, title bar hidden
[2025.03.18-14.39.48:959][  0]LogSlate: Updating window title bar state: overlay mode, drag disabled, window buttons hidden, title bar hidden
[2025.03.18-14.39.48:965][  0]LogSlate: Updating window title bar state: overlay mode, drag disabled, window buttons hidden, title bar hidden
[2025.03.18-14.39.48:970][  0]LogSlate: Updating window title bar state: overlay mode, drag disabled, window buttons hidden, title bar hidden
[2025.03.18-14.39.49:014][  0]LogNativeClassHierarchy: Verbose: Native class hierarchy populated in 0.0080 seconds. Added 3824 classes and 930 folders.
[2025.03.18-14.39.49:027][  0]LogNativeClassHierarchy: Verbose: Native class hierarchy updated for 'WidgetCarousel' in 0.0002 seconds. Added 0 classes and 0 folders.
[2025.03.18-14.39.49:035][  0]LogPakFile: PakFile PrimaryIndexSize=187
[2025.03.18-14.39.49:035][  0]LogPakFile: PakFile PathHashIndexSize=101
[2025.03.18-14.39.49:035][  0]LogPakFile: PakFile FullDirectoryIndexSize=148
[2025.03.18-14.39.49:036][  0]LogShaderLibrary: Display: ShaderCodeLibraryPakFileMountedCallback: PakFile 'C:/Program Files/Epic Games/UE_4.27/FeaturePacks/FP_FirstPerson.upack' (chunk index -1, root 'root:/') mounted
[2025.03.18-14.39.49:036][  0]LogShaderLibrary: Display: ShaderCodeLibraryPakFileMountedCallback: pending pak file info (ChunkID:-1 Root:root:/ File:C:/Program Files/Epic Games/UE_4.27/FeaturePacks/FP_FirstPerson.upack)
[2025.03.18-14.39.49:036][  0]LogPakFile: OnPakFileMounted2Time == 0.001091
[2025.03.18-14.39.49:039][  0]LogPakFile: PakFile PrimaryIndexSize=189
[2025.03.18-14.39.49:039][  0]LogPakFile: PakFile PathHashIndexSize=101
[2025.03.18-14.39.49:039][  0]LogPakFile: PakFile FullDirectoryIndexSize=152
[2025.03.18-14.39.49:039][  0]LogShaderLibrary: Display: ShaderCodeLibraryPakFileMountedCallback: PakFile 'C:/Program Files/Epic Games/UE_4.27/FeaturePacks/FP_FirstPersonBP.upack' (chunk index -1, root 'root:/') mounted
[2025.03.18-14.39.49:039][  0]LogShaderLibrary: Display: ShaderCodeLibraryPakFileMountedCallback: pending pak file info (ChunkID:-1 Root:root:/ File:C:/Program Files/Epic Games/UE_4.27/FeaturePacks/FP_FirstPersonBP.upack)
[2025.03.18-14.39.49:039][  0]LogPakFile: OnPakFileMounted2Time == 0.000028
[2025.03.18-14.39.49:041][  0]LogPakFile: PakFile PrimaryIndexSize=191
[2025.03.18-14.39.49:041][  0]LogPakFile: PakFile PathHashIndexSize=101
[2025.03.18-14.39.49:041][  0]LogPakFile: PakFile FullDirectoryIndexSize=160
[2025.03.18-14.39.49:041][  0]LogShaderLibrary: Display: ShaderCodeLibraryPakFileMountedCallback: PakFile 'C:/Program Files/Epic Games/UE_4.27/FeaturePacks/MobileStarterContent.upack' (chunk index -1, root 'root:/') mounted
[2025.03.18-14.39.49:041][  0]LogShaderLibrary: Display: ShaderCodeLibraryPakFileMountedCallback: pending pak file info (ChunkID:-1 Root:root:/ File:C:/Program Files/Epic Games/UE_4.27/FeaturePacks/MobileStarterContent.upack)
[2025.03.18-14.39.49:041][  0]LogPakFile: OnPakFileMounted2Time == 0.000024
[2025.03.18-14.39.49:043][  0]LogPakFile: PakFile PrimaryIndexSize=185
[2025.03.18-14.39.49:043][  0]LogPakFile: PakFile PathHashIndexSize=101
[2025.03.18-14.39.49:043][  0]LogPakFile: PakFile FullDirectoryIndexSize=148
[2025.03.18-14.39.49:043][  0]LogShaderLibrary: Display: ShaderCodeLibraryPakFileMountedCallback: PakFile 'C:/Program Files/Epic Games/UE_4.27/FeaturePacks/StarterContent.upack' (chunk index -1, root 'root:/') mounted
[2025.03.18-14.39.49:043][  0]LogShaderLibrary: Display: ShaderCodeLibraryPakFileMountedCallback: pending pak file info (ChunkID:-1 Root:root:/ File:C:/Program Files/Epic Games/UE_4.27/FeaturePacks/StarterContent.upack)
[2025.03.18-14.39.49:043][  0]LogPakFile: OnPakFileMounted2Time == 0.000035
[2025.03.18-14.39.49:044][  0]LogPakFile: PakFile PrimaryIndexSize=190
[2025.03.18-14.39.49:044][  0]LogPakFile: PakFile PathHashIndexSize=101
[2025.03.18-14.39.49:044][  0]LogPakFile: PakFile FullDirectoryIndexSize=154
[2025.03.18-14.39.49:044][  0]LogShaderLibrary: Display: ShaderCodeLibraryPakFileMountedCallback: PakFile 'C:/Program Files/Epic Games/UE_4.27/FeaturePacks/TP_2DSideScroller.upack' (chunk index -1, root 'root:/') mounted
[2025.03.18-14.39.49:044][  0]LogShaderLibrary: Display: ShaderCodeLibraryPakFileMountedCallback: pending pak file info (ChunkID:-1 Root:root:/ File:C:/Program Files/Epic Games/UE_4.27/FeaturePacks/TP_2DSideScroller.upack)
[2025.03.18-14.39.49:044][  0]LogPakFile: OnPakFileMounted2Time == 0.000024
[2025.03.18-14.39.49:046][  0]LogPakFile: PakFile PrimaryIndexSize=192
[2025.03.18-14.39.49:046][  0]LogPakFile: PakFile PathHashIndexSize=101
[2025.03.18-14.39.49:046][  0]LogPakFile: PakFile FullDirectoryIndexSize=158
[2025.03.18-14.39.49:046][  0]LogShaderLibrary: Display: ShaderCodeLibraryPakFileMountedCallback: PakFile 'C:/Program Files/Epic Games/UE_4.27/FeaturePacks/TP_2DSideScrollerBP.upack' (chunk index -1, root 'root:/') mounted
[2025.03.18-14.39.49:046][  0]LogShaderLibrary: Display: ShaderCodeLibraryPakFileMountedCallback: pending pak file info (ChunkID:-1 Root:root:/ File:C:/Program Files/Epic Games/UE_4.27/FeaturePacks/TP_2DSideScrollerBP.upack)
[2025.03.18-14.39.49:046][  0]LogPakFile: OnPakFileMounted2Time == 0.000039
[2025.03.18-14.39.49:048][  0]LogPakFile: PakFile PrimaryIndexSize=182
[2025.03.18-14.39.49:048][  0]LogPakFile: PakFile PathHashIndexSize=101
[2025.03.18-14.39.49:048][  0]LogPakFile: PakFile FullDirectoryIndexSize=138
[2025.03.18-14.39.49:048][  0]LogShaderLibrary: Display: ShaderCodeLibraryPakFileMountedCallback: PakFile 'C:/Program Files/Epic Games/UE_4.27/FeaturePacks/TP_Flying.upack' (chunk index -1, root 'root:/') mounted
[2025.03.18-14.39.49:048][  0]LogShaderLibrary: Display: ShaderCodeLibraryPakFileMountedCallback: pending pak file info (ChunkID:-1 Root:root:/ File:C:/Program Files/Epic Games/UE_4.27/FeaturePacks/TP_Flying.upack)
[2025.03.18-14.39.49:048][  0]LogPakFile: OnPakFileMounted2Time == 0.000030
[2025.03.18-14.39.49:050][  0]LogPakFile: PakFile PrimaryIndexSize=184
[2025.03.18-14.39.49:050][  0]LogPakFile: PakFile PathHashIndexSize=101
[2025.03.18-14.39.49:050][  0]LogPakFile: PakFile FullDirectoryIndexSize=142
[2025.03.18-14.39.49:050][  0]LogShaderLibrary: Display: ShaderCodeLibraryPakFileMountedCallback: PakFile 'C:/Program Files/Epic Games/UE_4.27/FeaturePacks/TP_FlyingBP.upack' (chunk index -1, root 'root:/') mounted
[2025.03.18-14.39.49:050][  0]LogShaderLibrary: Display: ShaderCodeLibraryPakFileMountedCallback: pending pak file info (ChunkID:-1 Root:root:/ File:C:/Program Files/Epic Games/UE_4.27/FeaturePacks/TP_FlyingBP.upack)
[2025.03.18-14.39.49:050][  0]LogPakFile: OnPakFileMounted2Time == 0.000024
[2025.03.18-14.39.49:052][  0]LogPakFile: PakFile PrimaryIndexSize=188
[2025.03.18-14.39.49:052][  0]LogPakFile: PakFile PathHashIndexSize=101
[2025.03.18-14.39.49:052][  0]LogPakFile: PakFile FullDirectoryIndexSize=150
[2025.03.18-14.39.49:052][  0]LogShaderLibrary: Display: ShaderCodeLibraryPakFileMountedCallback: PakFile 'C:/Program Files/Epic Games/UE_4.27/FeaturePacks/TP_HandheldARBP.upack' (chunk index -1, root 'root:/') mounted
[2025.03.18-14.39.49:052][  0]LogShaderLibrary: Display: ShaderCodeLibraryPakFileMountedCallback: pending pak file info (ChunkID:-1 Root:root:/ File:C:/Program Files/Epic Games/UE_4.27/FeaturePacks/TP_HandheldARBP.upack)
[2025.03.18-14.39.49:052][  0]LogPakFile: OnPakFileMounted2Time == 0.000022
[2025.03.18-14.39.49:055][  0]LogPakFile: PakFile PrimaryIndexSize=182
[2025.03.18-14.39.49:055][  0]LogPakFile: PakFile PathHashIndexSize=101
[2025.03.18-14.39.49:055][  0]LogPakFile: PakFile FullDirectoryIndexSize=138
[2025.03.18-14.39.49:055][  0]LogShaderLibrary: Display: ShaderCodeLibraryPakFileMountedCallback: PakFile 'C:/Program Files/Epic Games/UE_4.27/FeaturePacks/TP_Puzzle.upack' (chunk index -1, root 'root:/') mounted
[2025.03.18-14.39.49:055][  0]LogShaderLibrary: Display: ShaderCodeLibraryPakFileMountedCallback: pending pak file info (ChunkID:-1 Root:root:/ File:C:/Program Files/Epic Games/UE_4.27/FeaturePacks/TP_Puzzle.upack)
[2025.03.18-14.39.49:055][  0]LogPakFile: OnPakFileMounted2Time == 0.000023
[2025.03.18-14.39.49:057][  0]LogPakFile: PakFile PrimaryIndexSize=184
[2025.03.18-14.39.49:057][  0]LogPakFile: PakFile PathHashIndexSize=101
[2025.03.18-14.39.49:057][  0]LogPakFile: PakFile FullDirectoryIndexSize=142
[2025.03.18-14.39.49:057][  0]LogShaderLibrary: Display: ShaderCodeLibraryPakFileMountedCallback: PakFile 'C:/Program Files/Epic Games/UE_4.27/FeaturePacks/TP_PuzzleBP.upack' (chunk index -1, root 'root:/') mounted
[2025.03.18-14.39.49:057][  0]LogShaderLibrary: Display: ShaderCodeLibraryPakFileMountedCallback: pending pak file info (ChunkID:-1 Root:root:/ File:C:/Program Files/Epic Games/UE_4.27/FeaturePacks/TP_PuzzleBP.upack)
[2025.03.18-14.39.49:057][  0]LogPakFile: OnPakFileMounted2Time == 0.000026
[2025.03.18-14.39.49:058][  0]LogPakFile: PakFile PrimaryIndexSize=183
[2025.03.18-14.39.49:058][  0]LogPakFile: PakFile PathHashIndexSize=101
[2025.03.18-14.39.49:058][  0]LogPakFile: PakFile FullDirectoryIndexSize=140
[2025.03.18-14.39.49:058][  0]LogShaderLibrary: Display: ShaderCodeLibraryPakFileMountedCallback: PakFile 'C:/Program Files/Epic Games/UE_4.27/FeaturePacks/TP_Rolling.upack' (chunk index -1, root 'root:/') mounted
[2025.03.18-14.39.49:058][  0]LogShaderLibrary: Display: ShaderCodeLibraryPakFileMountedCallback: pending pak file info (ChunkID:-1 Root:root:/ File:C:/Program Files/Epic Games/UE_4.27/FeaturePacks/TP_Rolling.upack)
[2025.03.18-14.39.49:058][  0]LogPakFile: OnPakFileMounted2Time == 0.000026
[2025.03.18-14.39.49:060][  0]LogPakFile: PakFile PrimaryIndexSize=185
[2025.03.18-14.39.49:060][  0]LogPakFile: PakFile PathHashIndexSize=101
[2025.03.18-14.39.49:060][  0]LogPakFile: PakFile FullDirectoryIndexSize=144
[2025.03.18-14.39.49:060][  0]LogShaderLibrary: Display: ShaderCodeLibraryPakFileMountedCallback: PakFile 'C:/Program Files/Epic Games/UE_4.27/FeaturePacks/TP_RollingBP.upack' (chunk index -1, root 'root:/') mounted
[2025.03.18-14.39.49:060][  0]LogShaderLibrary: Display: ShaderCodeLibraryPakFileMountedCallback: pending pak file info (ChunkID:-1 Root:root:/ File:C:/Program Files/Epic Games/UE_4.27/FeaturePacks/TP_RollingBP.upack)
[2025.03.18-14.39.49:060][  0]LogPakFile: OnPakFileMounted2Time == 0.000030
[2025.03.18-14.39.49:063][  0]LogPakFile: PakFile PrimaryIndexSize=188
[2025.03.18-14.39.49:063][  0]LogPakFile: PakFile PathHashIndexSize=101
[2025.03.18-14.39.49:063][  0]LogPakFile: PakFile FullDirectoryIndexSize=150
[2025.03.18-14.39.49:063][  0]LogShaderLibrary: Display: ShaderCodeLibraryPakFileMountedCallback: PakFile 'C:/Program Files/Epic Games/UE_4.27/FeaturePacks/TP_SideScroller.upack' (chunk index -1, root 'root:/') mounted
[2025.03.18-14.39.49:063][  0]LogShaderLibrary: Display: ShaderCodeLibraryPakFileMountedCallback: pending pak file info (ChunkID:-1 Root:root:/ File:C:/Program Files/Epic Games/UE_4.27/FeaturePacks/TP_SideScroller.upack)
[2025.03.18-14.39.49:063][  0]LogPakFile: OnPakFileMounted2Time == 0.000027
[2025.03.18-14.39.49:064][  0]LogPakFile: PakFile PrimaryIndexSize=190
[2025.03.18-14.39.49:064][  0]LogPakFile: PakFile PathHashIndexSize=101
[2025.03.18-14.39.49:064][  0]LogPakFile: PakFile FullDirectoryIndexSize=154
[2025.03.18-14.39.49:064][  0]LogShaderLibrary: Display: ShaderCodeLibraryPakFileMountedCallback: PakFile 'C:/Program Files/Epic Games/UE_4.27/FeaturePacks/TP_SideScrollerBP.upack' (chunk index -1, root 'root:/') mounted
[2025.03.18-14.39.49:064][  0]LogShaderLibrary: Display: ShaderCodeLibraryPakFileMountedCallback: pending pak file info (ChunkID:-1 Root:root:/ File:C:/Program Files/Epic Games/UE_4.27/FeaturePacks/TP_SideScrollerBP.upack)
[2025.03.18-14.39.49:064][  0]LogPakFile: OnPakFileMounted2Time == 0.000032
[2025.03.18-14.39.49:066][  0]LogPakFile: PakFile PrimaryIndexSize=187
[2025.03.18-14.39.49:066][  0]LogPakFile: PakFile PathHashIndexSize=101
[2025.03.18-14.39.49:066][  0]LogPakFile: PakFile FullDirectoryIndexSize=148
[2025.03.18-14.39.49:066][  0]LogShaderLibrary: Display: ShaderCodeLibraryPakFileMountedCallback: PakFile 'C:/Program Files/Epic Games/UE_4.27/FeaturePacks/TP_ThirdPerson.upack' (chunk index -1, root 'root:/') mounted
[2025.03.18-14.39.49:066][  0]LogShaderLibrary: Display: ShaderCodeLibraryPakFileMountedCallback: pending pak file info (ChunkID:-1 Root:root:/ File:C:/Program Files/Epic Games/UE_4.27/FeaturePacks/TP_ThirdPerson.upack)
[2025.03.18-14.39.49:066][  0]LogPakFile: OnPakFileMounted2Time == 0.000025
[2025.03.18-14.39.49:067][  0]LogPakFile: PakFile PrimaryIndexSize=189
[2025.03.18-14.39.49:067][  0]LogPakFile: PakFile PathHashIndexSize=101
[2025.03.18-14.39.49:067][  0]LogPakFile: PakFile FullDirectoryIndexSize=152
[2025.03.18-14.39.49:067][  0]LogShaderLibrary: Display: ShaderCodeLibraryPakFileMountedCallback: PakFile 'C:/Program Files/Epic Games/UE_4.27/FeaturePacks/TP_ThirdPersonBP.upack' (chunk index -1, root 'root:/') mounted
[2025.03.18-14.39.49:067][  0]LogShaderLibrary: Display: ShaderCodeLibraryPakFileMountedCallback: pending pak file info (ChunkID:-1 Root:root:/ File:C:/Program Files/Epic Games/UE_4.27/FeaturePacks/TP_ThirdPersonBP.upack)
[2025.03.18-14.39.49:068][  0]LogPakFile: OnPakFileMounted2Time == 0.000032
[2025.03.18-14.39.49:069][  0]LogPakFile: PakFile PrimaryIndexSize=183
[2025.03.18-14.39.49:069][  0]LogPakFile: PakFile PathHashIndexSize=101
[2025.03.18-14.39.49:069][  0]LogPakFile: PakFile FullDirectoryIndexSize=140
[2025.03.18-14.39.49:069][  0]LogShaderLibrary: Display: ShaderCodeLibraryPakFileMountedCallback: PakFile 'C:/Program Files/Epic Games/UE_4.27/FeaturePacks/TP_TopDown.upack' (chunk index -1, root 'root:/') mounted
[2025.03.18-14.39.49:069][  0]LogShaderLibrary: Display: ShaderCodeLibraryPakFileMountedCallback: pending pak file info (ChunkID:-1 Root:root:/ File:C:/Program Files/Epic Games/UE_4.27/FeaturePacks/TP_TopDown.upack)
[2025.03.18-14.39.49:069][  0]LogPakFile: OnPakFileMounted2Time == 0.000036
[2025.03.18-14.39.49:071][  0]LogPakFile: PakFile PrimaryIndexSize=185
[2025.03.18-14.39.49:071][  0]LogPakFile: PakFile PathHashIndexSize=101
[2025.03.18-14.39.49:071][  0]LogPakFile: PakFile FullDirectoryIndexSize=144
[2025.03.18-14.39.49:071][  0]LogShaderLibrary: Display: ShaderCodeLibraryPakFileMountedCallback: PakFile 'C:/Program Files/Epic Games/UE_4.27/FeaturePacks/TP_TopDownBP.upack' (chunk index -1, root 'root:/') mounted
[2025.03.18-14.39.49:071][  0]LogShaderLibrary: Display: ShaderCodeLibraryPakFileMountedCallback: pending pak file info (ChunkID:-1 Root:root:/ File:C:/Program Files/Epic Games/UE_4.27/FeaturePacks/TP_TopDownBP.upack)
[2025.03.18-14.39.49:071][  0]LogPakFile: OnPakFileMounted2Time == 0.000027
[2025.03.18-14.39.49:073][  0]LogPakFile: PakFile PrimaryIndexSize=185
[2025.03.18-14.39.49:073][  0]LogPakFile: PakFile PathHashIndexSize=101
[2025.03.18-14.39.49:073][  0]LogPakFile: PakFile FullDirectoryIndexSize=144
[2025.03.18-14.39.49:073][  0]LogShaderLibrary: Display: ShaderCodeLibraryPakFileMountedCallback: PakFile 'C:/Program Files/Epic Games/UE_4.27/FeaturePacks/TP_TwinStick.upack' (chunk index -1, root 'root:/') mounted
[2025.03.18-14.39.49:073][  0]LogShaderLibrary: Display: ShaderCodeLibraryPakFileMountedCallback: pending pak file info (ChunkID:-1 Root:root:/ File:C:/Program Files/Epic Games/UE_4.27/FeaturePacks/TP_TwinStick.upack)
[2025.03.18-14.39.49:073][  0]LogPakFile: OnPakFileMounted2Time == 0.000022
[2025.03.18-14.39.49:074][  0]LogPakFile: PakFile PrimaryIndexSize=187
[2025.03.18-14.39.49:074][  0]LogPakFile: PakFile PathHashIndexSize=101
[2025.03.18-14.39.49:074][  0]LogPakFile: PakFile FullDirectoryIndexSize=148
[2025.03.18-14.39.49:074][  0]LogShaderLibrary: Display: ShaderCodeLibraryPakFileMountedCallback: PakFile 'C:/Program Files/Epic Games/UE_4.27/FeaturePacks/TP_TwinStickBP.upack' (chunk index -1, root 'root:/') mounted
[2025.03.18-14.39.49:074][  0]LogShaderLibrary: Display: ShaderCodeLibraryPakFileMountedCallback: pending pak file info (ChunkID:-1 Root:root:/ File:C:/Program Files/Epic Games/UE_4.27/FeaturePacks/TP_TwinStickBP.upack)
[2025.03.18-14.39.49:074][  0]LogPakFile: OnPakFileMounted2Time == 0.000022
[2025.03.18-14.39.49:077][  0]LogPakFile: PakFile PrimaryIndexSize=183
[2025.03.18-14.39.49:077][  0]LogPakFile: PakFile PathHashIndexSize=101
[2025.03.18-14.39.49:077][  0]LogPakFile: PakFile FullDirectoryIndexSize=140
[2025.03.18-14.39.49:077][  0]LogShaderLibrary: Display: ShaderCodeLibraryPakFileMountedCallback: PakFile 'C:/Program Files/Epic Games/UE_4.27/FeaturePacks/TP_Vehicle.upack' (chunk index -1, root 'root:/') mounted
[2025.03.18-14.39.49:077][  0]LogShaderLibrary: Display: ShaderCodeLibraryPakFileMountedCallback: pending pak file info (ChunkID:-1 Root:root:/ File:C:/Program Files/Epic Games/UE_4.27/FeaturePacks/TP_Vehicle.upack)
[2025.03.18-14.39.49:077][  0]LogPakFile: OnPakFileMounted2Time == 0.000029
[2025.03.18-14.39.49:079][  0]LogPakFile: PakFile PrimaryIndexSize=186
[2025.03.18-14.39.49:079][  0]LogPakFile: PakFile PathHashIndexSize=101
[2025.03.18-14.39.49:079][  0]LogPakFile: PakFile FullDirectoryIndexSize=146
[2025.03.18-14.39.49:079][  0]LogShaderLibrary: Display: ShaderCodeLibraryPakFileMountedCallback: PakFile 'C:/Program Files/Epic Games/UE_4.27/FeaturePacks/TP_VehicleAdv.upack' (chunk index -1, root 'root:/') mounted
[2025.03.18-14.39.49:079][  0]LogShaderLibrary: Display: ShaderCodeLibraryPakFileMountedCallback: pending pak file info (ChunkID:-1 Root:root:/ File:C:/Program Files/Epic Games/UE_4.27/FeaturePacks/TP_VehicleAdv.upack)
[2025.03.18-14.39.49:079][  0]LogPakFile: OnPakFileMounted2Time == 0.000029
[2025.03.18-14.39.49:081][  0]LogPakFile: PakFile PrimaryIndexSize=188
[2025.03.18-14.39.49:081][  0]LogPakFile: PakFile PathHashIndexSize=101
[2025.03.18-14.39.49:081][  0]LogPakFile: PakFile FullDirectoryIndexSize=150
[2025.03.18-14.39.49:081][  0]LogShaderLibrary: Display: ShaderCodeLibraryPakFileMountedCallback: PakFile 'C:/Program Files/Epic Games/UE_4.27/FeaturePacks/TP_VehicleAdvBP.upack' (chunk index -1, root 'root:/') mounted
[2025.03.18-14.39.49:081][  0]LogShaderLibrary: Display: ShaderCodeLibraryPakFileMountedCallback: pending pak file info (ChunkID:-1 Root:root:/ File:C:/Program Files/Epic Games/UE_4.27/FeaturePacks/TP_VehicleAdvBP.upack)
[2025.03.18-14.39.49:081][  0]LogPakFile: OnPakFileMounted2Time == 0.000025
[2025.03.18-14.39.49:082][  0]LogPakFile: PakFile PrimaryIndexSize=185
[2025.03.18-14.39.49:082][  0]LogPakFile: PakFile PathHashIndexSize=101
[2025.03.18-14.39.49:082][  0]LogPakFile: PakFile FullDirectoryIndexSize=144
[2025.03.18-14.39.49:082][  0]LogShaderLibrary: Display: ShaderCodeLibraryPakFileMountedCallback: PakFile 'C:/Program Files/Epic Games/UE_4.27/FeaturePacks/TP_VehicleBP.upack' (chunk index -1, root 'root:/') mounted
[2025.03.18-14.39.49:082][  0]LogShaderLibrary: Display: ShaderCodeLibraryPakFileMountedCallback: pending pak file info (ChunkID:-1 Root:root:/ File:C:/Program Files/Epic Games/UE_4.27/FeaturePacks/TP_VehicleBP.upack)
[2025.03.18-14.39.49:082][  0]LogPakFile: OnPakFileMounted2Time == 0.000025
[2025.03.18-14.39.49:083][  0]LogPakFile: PakFile PrimaryIndexSize=192
[2025.03.18-14.39.49:084][  0]LogPakFile: PakFile PathHashIndexSize=101
[2025.03.18-14.39.49:084][  0]LogPakFile: PakFile FullDirectoryIndexSize=158
[2025.03.18-14.39.49:084][  0]LogShaderLibrary: Display: ShaderCodeLibraryPakFileMountedCallback: PakFile 'C:/Program Files/Epic Games/UE_4.27/FeaturePacks/TP_VirtualRealityBP.upack' (chunk index -1, root 'root:/') mounted
[2025.03.18-14.39.49:084][  0]LogShaderLibrary: Display: ShaderCodeLibraryPakFileMountedCallback: pending pak file info (ChunkID:-1 Root:root:/ File:C:/Program Files/Epic Games/UE_4.27/FeaturePacks/TP_VirtualRealityBP.upack)
[2025.03.18-14.39.49:084][  0]LogPakFile: OnPakFileMounted2Time == 0.000025
[2025.03.18-14.39.49:284][  0]LogNativeClassHierarchy: Verbose: Native class hierarchy updated for 'AddContentDialog' in 0.0003 seconds. Added 0 classes and 0 folders.
[2025.03.18-14.39.49:289][  0]LogNativeClassHierarchy: Verbose: Native class hierarchy updated for 'SceneOutliner' in 0.0002 seconds. Added 2 classes and 0 folders.
[2025.03.18-14.39.49:392][  0]LogSlate: Took 0.001030 seconds to synchronously load lazily loaded font '../../../Engine/Content/Slate/Fonts/Roboto-Regular.ttf' (155K)
[2025.03.18-14.39.49:396][  0]LogSlate: Took 0.000801 seconds to synchronously load lazily loaded font '../../../Engine/Content/Editor/Slate/Fonts/FontAwesome.ttf' (139K)
[2025.03.18-14.39.49:403][  0]LogSlate: Took 0.000874 seconds to synchronously load lazily loaded font '../../../Engine/Content/Slate/Fonts/Roboto-Bold.ttf' (160K)
[2025.03.18-14.39.49:484][  0]LogRenderer: Reallocating scene render targets to support 1336x436 Format 10 NumSamples 1 (Frame:1).
[2025.03.18-14.39.49:593][  0]LogSlate: Took 0.001929 seconds to synchronously load lazily loaded font '../../../Engine/Content/Slate/Fonts/Roboto-Light.ttf' (167K)
[2025.03.18-14.39.49:677][  0]LogNativeClassHierarchy: Verbose: Native class hierarchy updated for 'HierarchicalLODOutliner' in 0.0003 seconds. Added 0 classes and 0 folders.
[2025.03.18-14.39.49:677][  0]LogInput: Warning: Action Jump uses invalid key OculusGo_Left_Trigger_Click.
[2025.03.18-14.39.49:677][  0]LogInput: Warning: Action ResetVR uses invalid key OculusGo_Left_Trackpad_Click.
[2025.03.18-14.39.49:677][  0]LogInput: Warning: Use -RemoveInvalidKeys to remove instances of these keys from the action mapping.
[2025.03.18-14.39.49:677][  0]LogLoad: (Engine Initialization) Total time: 17.67 seconds
[2025.03.18-14.39.49:677][  0]LogLoad: (Engine Initialization) Total Blueprint compile time: 0.00 seconds
[2025.03.18-14.39.49:741][  0]LogAssetRegistry: Asset discovery search completed in 9.7403 seconds
[2025.03.18-14.39.49:752][  0]LogCollectionManager: Fixed up redirectors for 0 collections in 0.000005 seconds (updated 0 objects)
[2025.03.18-14.39.49:761][  0]LogContentStreaming: Texture pool size now 1000 MB
[2025.03.18-14.45.50:928][267]LogUObjectHash: Compacting FUObjectHashTables data took   0.64ms
[2025.03.18-14.45.50:942][267]LogSlate: Took 0.000314 seconds to synchronously load lazily loaded font '../../../Engine/Content/Slate/Fonts/Roboto-Light.ttf' (167K)
[2025.03.18-14.45.52:767][267]LogAssetEditorSubsystem: Opening Asset editor for World /Game/MDMedieval/Maps/Demonstration.Demonstration
[2025.03.18-14.45.52:768][267]Cmd: MAP LOAD FILE="../../../../../../Users/abraa/OneDrive/Documents/GitHub/COMP217GroupProject/DungeonDash/Content/MDMedieval/Maps/Demonstration.umap" TEMPLATE=0 SHOWPROGRESS=1 FEATURELEVEL=3
[2025.03.18-14.45.52:768][267]LightingResults: New page: Lighting Build
[2025.03.18-14.45.52:768][267]LoadErrors: New page: Loading map: Demonstration.umap
[2025.03.18-14.45.52:776][267]LogWorld: UWorld::CleanupWorld for ThirdPersonExampleMap, bSessionEnded=true, bCleanupResources=true
[2025.03.18-14.45.52:778][267]LogSlate: InvalidateAllWidgets triggered.  All widgets were invalidated
[2025.03.18-14.45.52:778][267]MapCheck: New page: Map Check
[2025.03.18-14.45.52:778][267]LightingResults: New page: Lighting Build
[2025.03.18-14.45.52:805][267]LogAudio: Display: Audio Device unregistered from world 'None'.
[2025.03.18-14.45.52:819][267]LogUObjectHash: Compacting FUObjectHashTables data took   0.69ms
[2025.03.18-14.45.52:821][267]LogAudio: Display: Audio Device (ID: 1) registered with world 'Demonstration'.
[2025.03.18-14.45.52:860][267]LogEditorServer: Finished looking for orphan Actors (0.000 secs)
[2025.03.18-14.45.52:860][267]LogAIModule: Creating AISystem for world Demonstration
[2025.03.18-14.45.52:904][267]LogUObjectHash: Compacting FUObjectHashTables data took   0.56ms
[2025.03.18-14.45.52:915][267]Cmd: MAP CHECKDEP NOCLEARLOG
[2025.03.18-14.45.52:916][267]MapCheck: Map check complete: 0 Error(s), 0 Warning(s), took 0.423ms to complete.
[2025.03.18-14.45.52:916][267]LogFileHelpers: Loading map 'Demonstration' took 0.148
[2025.03.18-14.46.09:930][277]Cmd: CAMERA ALIGN ACTIVEVIEWPORTONLY
[2025.03.18-14.46.10:695][323]Cmd: CAMERA ALIGN ACTIVEVIEWPORTONLY
[2025.03.18-14.46.11:845][392]Cmd: CAMERA ALIGN ACTIVEVIEWPORTONLY
[2025.03.18-14.46.46:670][475]LogContentBrowser: Deferred new asset file creation: Demonstration1
[2025.03.18-14.46.46:687][475]LogContentBrowser: Creating deferred item: Demonstration1
[2025.03.18-14.46.49:159][624]LogContentBrowser: Attempting asset rename: Demonstration1 -> Level
[2025.03.18-14.46.49:295][624]LogUObjectHash: Compacting FUObjectHashTables data took   0.96ms
[2025.03.18-14.46.49:414][624]LogContentBrowser: End creating deferred item Demonstration1
[2025.03.18-14.47.00:538][291]Cmd: TRANSACTION UNDO
[2025.03.18-14.47.00:538][291]LogEditorTransaction: Undo Clicking on Actors
[2025.03.18-14.47.09:459][816]LogMetaData: Removing '/Game/Level/Level.SKEL_Level_C' ref from Metadata '/Game/MDMedieval/Maps/Level.PackageMetaData'
[2025.03.18-14.47.09:459][816]LogMetaData: Removing '/Game/Level/Level.Level_C' ref from Metadata '/Game/MDMedieval/Maps/Level.PackageMetaData'
[2025.03.18-14.47.09:459][816]LogMetaData: Removing '/Game/Level/Level.SKEL_Level_C:ReceiveBeginPlay' ref from Metadata '/Game/MDMedieval/Maps/Level.PackageMetaData'
[2025.03.18-14.47.09:459][816]LogMetaData: Removing '/Game/Level/Level.SKEL_Level_C:ReceiveTick' ref from Metadata '/Game/MDMedieval/Maps/Level.PackageMetaData'
[2025.03.18-14.47.09:566][816]LogUObjectHash: Compacting FUObjectHashTables data took   0.81ms
[2025.03.18-14.47.10:120][816]LogSavePackage: Moving '../../../../../../Users/abraa/OneDrive/Documents/GitHub/COMP217GroupProject/DungeonDash/Saved/LevelD8F818624DA2AD5FE26131AE8D3EC3D2.tmp' to '../../../../../../Users/abraa/OneDrive/Documents/GitHub/COMP217GroupProject/DungeonDash/Content/Level/Level.umap'
[2025.03.18-14.47.10:144][816]LogFileHelpers: Saving map 'Level' took 0.656
[2025.03.18-14.47.10:249][816]LogUObjectHash: Compacting FUObjectHashTables data took   0.55ms
[2025.03.18-14.47.10:266][816]LogUObjectHash: Compacting FUObjectHashTables data took   0.64ms
[2025.03.18-14.47.10:273][816]LogUObjectHash: Compacting FUObjectHashTables data took   0.33ms
[2025.03.18-14.47.10:344][816]AssetCheck: New page: Asset Save: Level
[2025.03.18-14.47.10:344][816]LogContentValidation: Display: Validating World /Game/Level/Level.Level
[2025.03.18-14.47.13:094][981]LogUObjectHash: Compacting FUObjectHashTables data took   0.61ms
[2025.03.18-14.47.13:139][981]LogTexture: Display: Building textures: LQ_Lightmap_1_2 (OODLE_DXT1, 1024X1024)
[2025.03.18-14.47.13:140][981]LogTexture: Display: Building textures: HQ_Lightmap1_1 (OODLE_AutoDXT, 1024X1024)
[2025.03.18-14.47.13:140][981]LogTexture: Display: Building textures: LQ_Lightmap_1_1 (OODLE_DXT1, 1024X1024)
[2025.03.18-14.47.13:140][981]LogTexture: Display: Building textures: HQ_Lightmap1_2 (OODLE_AutoDXT, 1024X1024)
[2025.03.18-14.47.13:140][981]LogTexture: Display: Building textures: DeprecatedTextureA53A4CCD41D407BA804410B6D5292A1B (BGRA8, 128X128)
[2025.03.18-14.47.13:188][981]LogTextureFormatOodle: Display: non-RDO encode 1024 x 1024 x 1 to format OODLE_AutoDXT (Oodle OodleTex_BC3) lambda=0 effort=20 
[2025.03.18-14.47.13:188][981]LogTextureFormatOodle: Display: non-RDO encode 1024 x 1024 x 1 to format OODLE_DXT1 (Oodle OodleTex_BC1_WithTransparency) lambda=0 effort=20 
[2025.03.18-14.47.13:188][981]LogTextureFormatOodle: Display: non-RDO encode 1024 x 1024 x 1 to format OODLE_DXT1 (Oodle OodleTex_BC1_WithTransparency) lambda=0 effort=20 
[2025.03.18-14.47.13:188][981]LogTextureFormatOodle: Display: non-RDO encode 1024 x 1024 x 1 to format OODLE_AutoDXT (Oodle OodleTex_BC3) lambda=0 effort=20 
[2025.03.18-14.47.13:202][981]LogAssetEditorSubsystem: Opening Asset editor for World /Game/MDMedieval/Maps/Overview.Overview
[2025.03.18-14.47.13:202][981]Cmd: MAP LOAD FILE="../../../../../../Users/abraa/OneDrive/Documents/GitHub/COMP217GroupProject/DungeonDash/Content/MDMedieval/Maps/Overview.umap" TEMPLATE=0 SHOWPROGRESS=1 FEATURELEVEL=3
[2025.03.18-14.47.13:203][981]LightingResults: New page: Lighting Build
[2025.03.18-14.47.13:203][981]LoadErrors: New page: Loading map: Overview.umap
[2025.03.18-14.47.13:246][981]LogWorld: UWorld::CleanupWorld for Demonstration, bSessionEnded=true, bCleanupResources=true
[2025.03.18-14.47.13:247][981]LogSlate: InvalidateAllWidgets triggered.  All widgets were invalidated
[2025.03.18-14.47.13:247][981]MapCheck: New page: Map Check
[2025.03.18-14.47.13:247][981]LightingResults: New page: Lighting Build
[2025.03.18-14.47.13:253][981]LogAudio: Display: Audio Device unregistered from world 'None'.
[2025.03.18-14.47.13:277][981]LogUObjectHash: Compacting FUObjectHashTables data took   1.00ms
[2025.03.18-14.47.13:312][981]LogUObjectHash: Compacting FUObjectHashTables data took   0.81ms
[2025.03.18-14.47.13:320][981]LogUObjectHash: Compacting FUObjectHashTables data took   0.80ms
[2025.03.18-14.47.13:322][981]LogAudio: Display: Audio Device (ID: 1) registered with world 'Overview'.
[2025.03.18-14.47.13:328][981]LogEditorServer: Finished looking for orphan Actors (0.000 secs)
[2025.03.18-14.47.13:328][981]LogAIModule: Creating AISystem for world Overview
[2025.03.18-14.47.13:337][981]LogUObjectHash: Compacting FUObjectHashTables data took   1.37ms
[2025.03.18-14.47.13:348][981]Cmd: MAP CHECKDEP NOCLEARLOG
[2025.03.18-14.47.13:349][981]MapCheck: Map check complete: 0 Error(s), 0 Warning(s), took 0.5ms to complete.
[2025.03.18-14.47.13:349][981]LogFileHelpers: Loading map 'Overview' took 0.146
[2025.03.18-14.47.14:670][ 56]LogUObjectHash: Compacting FUObjectHashTables data took   0.27ms
[2025.03.18-14.47.14:817][ 56]LogAssetEditorSubsystem: Opening Asset editor for World /Game/MDMedieval/Maps/Demonstration.Demonstration
[2025.03.18-14.47.14:817][ 56]Cmd: MAP LOAD FILE="../../../../../../Users/abraa/OneDrive/Documents/GitHub/COMP217GroupProject/DungeonDash/Content/MDMedieval/Maps/Demonstration.umap" TEMPLATE=0 SHOWPROGRESS=1 FEATURELEVEL=3
[2025.03.18-14.47.14:817][ 56]LightingResults: New page: Lighting Build
[2025.03.18-14.47.14:817][ 56]LoadErrors: New page: Loading map: Demonstration.umap
[2025.03.18-14.47.14:821][ 56]LogWorld: UWorld::CleanupWorld for Overview, bSessionEnded=true, bCleanupResources=true
[2025.03.18-14.47.14:821][ 56]LogSlate: InvalidateAllWidgets triggered.  All widgets were invalidated
[2025.03.18-14.47.14:821][ 56]MapCheck: New page: Map Check
[2025.03.18-14.47.14:821][ 56]LightingResults: New page: Lighting Build
[2025.03.18-14.47.14:839][ 56]LogAudio: Display: Audio Device unregistered from world 'None'.
[2025.03.18-14.47.14:844][ 56]LogUObjectHash: Compacting FUObjectHashTables data took   1.79ms
[2025.03.18-14.47.14:845][ 56]LogAudio: Display: Audio Device (ID: 1) registered with world 'Demonstration'.
[2025.03.18-14.47.14:886][ 56]LogEditorServer: Finished looking for orphan Actors (0.000 secs)
[2025.03.18-14.47.14:886][ 56]LogAIModule: Creating AISystem for world Demonstration
[2025.03.18-14.47.14:948][ 56]LogUObjectHash: Compacting FUObjectHashTables data took   1.31ms
[2025.03.18-14.47.14:963][ 56]Cmd: MAP CHECKDEP NOCLEARLOG
[2025.03.18-14.47.14:964][ 56]MapCheck: Map check complete: 0 Error(s), 0 Warning(s), took 0.754ms to complete.
[2025.03.18-14.47.14:964][ 56]LogFileHelpers: Loading map 'Demonstration' took 0.148
[2025.03.18-14.47.18:244][247]LogUObjectHash: Compacting FUObjectHashTables data took   0.36ms
[2025.03.18-14.47.18:366][247]LogAssetEditorSubsystem: Opening Asset editor for World /Game/Level/Level.Level
[2025.03.18-14.47.18:366][247]Cmd: MAP LOAD FILE="../../../../../../Users/abraa/OneDrive/Documents/GitHub/COMP217GroupProject/DungeonDash/Content/Level/Level.umap" TEMPLATE=0 SHOWPROGRESS=1 FEATURELEVEL=3
[2025.03.18-14.47.18:366][247]LightingResults: New page: Lighting Build
[2025.03.18-14.47.18:366][247]LoadErrors: New page: Loading map: Level.umap
[2025.03.18-14.47.18:381][247]LogWorld: UWorld::CleanupWorld for Demonstration, bSessionEnded=true, bCleanupResources=true
[2025.03.18-14.47.18:382][247]LogSlate: InvalidateAllWidgets triggered.  All widgets were invalidated
[2025.03.18-14.47.18:382][247]MapCheck: New page: Map Check
[2025.03.18-14.47.18:382][247]LightingResults: New page: Lighting Build
[2025.03.18-14.47.18:400][247]LogAudio: Display: Audio Device unregistered from world 'None'.
[2025.03.18-14.47.18:413][247]LogUObjectHash: Compacting FUObjectHashTables data took   0.89ms
[2025.03.18-14.47.18:414][247]LogAudio: Display: Audio Device (ID: 1) registered with world 'Level'.
[2025.03.18-14.47.18:455][247]LogEditorServer: Finished looking for orphan Actors (0.000 secs)
[2025.03.18-14.47.18:455][247]LogAIModule: Creating AISystem for world Level
[2025.03.18-14.47.18:483][247]LogUObjectHash: Compacting FUObjectHashTables data took   0.65ms
[2025.03.18-14.47.18:493][247]Cmd: MAP CHECKDEP NOCLEARLOG
[2025.03.18-14.47.18:494][247]MapCheck: Map check complete: 0 Error(s), 0 Warning(s), took 0.459ms to complete.
[2025.03.18-14.47.18:494][247]LogFileHelpers: Loading map 'Level' took 0.128
[2025.03.18-14.47.25:831][681]Cmd: CAMERA ALIGN ACTIVEVIEWPORTONLY
[2025.03.18-14.47.29:316][890]LogTemp: Repeating last play command: Selected Viewport
[2025.03.18-14.47.29:329][890]LogPlayLevel: PlayLevel: No blueprints needed recompiling
[2025.03.18-14.47.29:329][890]PIE: New page: PIE session: Level (Mar 18, 2025, 6:47:29 AM)
[2025.03.18-14.47.29:335][890]LogOnline: OSS: Creating online subsystem instance for: NULL
[2025.03.18-14.47.29:337][890]LogOnline: OSS: TryLoadSubsystemAndSetDefault: Loaded subsystem for module [NULL]
[2025.03.18-14.47.29:338][890]LogPlayLevel: Creating play world package: /Game/Level/UEDPIE_0_Level
[2025.03.18-14.47.29:399][890]LogPlayLevel: PIE: StaticDuplicateObject took: (0.061687s)
[2025.03.18-14.47.29:400][890]LogAIModule: Creating AISystem for world Level
[2025.03.18-14.47.29:401][890]LogPlayLevel: PIE: World Init took: (0.002227s)
[2025.03.18-14.47.29:401][890]LogPlayLevel: PIE: Created PIE world by copying editor world from /Game/Level/Level.Level to /Game/Level/UEDPIE_0_Level.Level (0.064255s)
[2025.03.18-14.47.29:408][890]LogUObjectHash: Compacting FUObjectHashTables data took   1.02ms
[2025.03.18-14.47.29:411][890]LogAudio: Display: Creating Audio Device:                 Id: 2, Scope: Unique, Realtime: True
[2025.03.18-14.47.29:411][890]LogAudioMixer: Display: Audio Mixer Platform Settings:
[2025.03.18-14.47.29:411][890]LogAudioMixer: Display: 	Sample Rate:						  48000
[2025.03.18-14.47.29:411][890]LogAudioMixer: Display: 	Callback Buffer Frame Size Requested: 1024
[2025.03.18-14.47.29:411][890]LogAudioMixer: Display: 	Callback Buffer Frame Size To Use:	  1024
[2025.03.18-14.47.29:411][890]LogAudioMixer: Display: 	Number of buffers to queue:			  2
[2025.03.18-14.47.29:411][890]LogAudioMixer: Display: 	Max Channels (voices):				  32
[2025.03.18-14.47.29:411][890]LogAudioMixer: Display: 	Number of Async Source Workers:		  0
[2025.03.18-14.47.29:411][890]LogAudio: Display: AudioDevice MaxSources: 32
[2025.03.18-14.47.29:411][890]LogAudio: Display: Audio Spatialization Plugin: None (built-in).
[2025.03.18-14.47.29:411][890]LogAudio: Display: Audio Reverb Plugin: None (built-in).
[2025.03.18-14.47.29:411][890]LogAudio: Display: Audio Occlusion Plugin: None (built-in).
[2025.03.18-14.47.29:411][890]LogAudioMixer: Display: Initializing audio mixer.
[2025.03.18-14.47.29:417][890]LogAudioMixer: Display: 0: FrontLeft
[2025.03.18-14.47.29:417][890]LogAudioMixer: Display: 1: FrontRight
[2025.03.18-14.47.29:557][890]LogAudioMixer: Display: Using Audio Device Speakers (Realtek(R) Audio)
[2025.03.18-14.47.29:557][890]LogAudioMixer: Display: Initializing Sound Submixes...
[2025.03.18-14.47.29:557][890]LogAudioMixer: Display: Creating Master Submix 'MasterSubmixDefault'
[2025.03.18-14.47.29:557][890]LogAudioMixer: Display: Creating Master Submix 'MasterReverbSubmixDefault'
[2025.03.18-14.47.29:558][890]LogAudioMixer: Display: Creating Master Submix 'MasterEQSubmixDefault'
[2025.03.18-14.47.29:558][890]LogAudioMixer: FMixerPlatformXAudio2::StartAudioStream() called
[2025.03.18-14.47.29:558][890]LogAudioMixer: Display: Output buffers initialized: Frames=1024, Channels=2, Samples=2048
[2025.03.18-14.47.29:559][890]LogAudioMixer: Display: Starting AudioMixerPlatformInterface::RunInternal()
[2025.03.18-14.47.29:559][890]LogAudioMixer: Display: FMixerPlatformXAudio2::SubmitBuffer() called for the first time
[2025.03.18-14.47.29:559][890]LogInit: FAudioDevice initialized.
[2025.03.18-14.47.29:559][890]LogAudio: Display: Audio Device (ID: 2) registered with world 'Level'.
[2025.03.18-14.47.29:570][890]LogLoad: Game class is 'DungeonDashGameMode'
[2025.03.18-14.47.29:603][890]LogWorld: Bringing World /Game/Level/UEDPIE_0_Level.Level up for play (max tick rate 60) at 2025.03.18-10.47.29
[2025.03.18-14.47.29:605][890]LogWorld: Bringing up level for play took: 0.027959
[2025.03.18-14.47.29:606][890]LogOnline: OSS: Creating online subsystem instance for: :Context_1
[2025.03.18-14.47.29:622][890]LogNativeClassHierarchy: Verbose: Native class hierarchy updated for 'MovieSceneCapture' in 0.0004 seconds. Added 20 classes and 0 folders.
[2025.03.18-14.47.29:630][890]PIE: Server logged in
[2025.03.18-14.47.29:632][890]PIE: Play in editor total start time 0.308 seconds.
[2025.03.18-14.47.34:559][178]LogSlate: Updating window title bar state: overlay mode, drag disabled, window buttons hidden, title bar hidden
[2025.03.18-14.47.34:559][178]LogWorld: BeginTearingDown for /Game/Level/UEDPIE_0_Level
[2025.03.18-14.47.34:560][178]LogWorld: UWorld::CleanupWorld for Level, bSessionEnded=true, bCleanupResources=true
[2025.03.18-14.47.34:565][178]LogSlate: InvalidateAllWidgets triggered.  All widgets were invalidated
[2025.03.18-14.47.34:574][178]LogPlayLevel: Display: Shutting down PIE online subsystems
[2025.03.18-14.47.34:583][178]LogSlate: InvalidateAllWidgets triggered.  All widgets were invalidated
[2025.03.18-14.47.34:589][178]LogSlate: Updating window title bar state: overlay mode, drag disabled, window buttons hidden, title bar hidden
[2025.03.18-14.47.34:595][178]LogAudioMixer: FMixerPlatformXAudio2::StopAudioStream() called
[2025.03.18-14.47.34:597][178]LogAudioMixer: FMixerPlatformXAudio2::StopAudioStream() called
[2025.03.18-14.47.34:607][178]LogUObjectHash: Compacting FUObjectHashTables data took   0.81ms
[2025.03.18-14.47.34:637][179]LogPlayLevel: Display: Destroying online subsystem :Context_1
[2025.03.18-14.47.41:595][594]LogVSAccessor: Warning: Couldn't access Visual Studio
[2025.03.18-14.47.41:613][594]Candidate modules for hot reload:
[2025.03.18-14.47.41:613][594]  DungeonDash
[2025.03.18-14.47.41:613][594]Launching UnrealBuildTool... [C:/Program Files/Epic Games/UE_4.27/Engine/Binaries/DotNET/UnrealBuildTool.exe  -ModuleWithSuffix=DungeonDash,7877 DungeonDashEditor Win64 Development -Project="C:/Users/abraa/OneDrive/Documents/GitHub/COMP217GroupProject/DungeonDash/DungeonDash.uproject" "C:/Users/abraa/OneDrive/Documents/GitHub/COMP217GroupProject/DungeonDash/DungeonDash.uproject"  -IgnoreJunk]
[2025.03.18-14.47.41:622][594]Warning: Starting HotReload took  0.0s.
[2025.03.18-14.47.45:048][790]CompilerResultsLog: New page: Compilation - Mar 18, 2025, 6:47:45 AM
[2025.03.18-14.47.45:048][790]CompilerResultsLog: Using 'git status' to determine working set for adaptive non-unity build (C:\Users\abraa\OneDrive\Documents\GitHub\COMP217GroupProject).
[2025.03.18-14.47.45:048][790]CompilerResultsLog: Building DungeonDashEditor...
[2025.03.18-14.47.45:048][790]CompilerResultsLog: Using Visual Studio 2022 14.43.34808 toolchain (C:\Program Files\Microsoft Visual Studio\2022\Community\VC\Tools\MSVC\14.43.34808) and Windows 10.0.22621.0 SDK (C:\Program Files (x86)\Windows Kits\10).
[2025.03.18-14.47.45:048][790]CompilerResultsLog: Building 3 actions with 8 processes...
[2025.03.18-14.47.45:048][790]CompilerResultsLog:   [1/3] UE4Editor-DungeonDash-7877.lib
[2025.03.18-14.47.45:048][790]CompilerResultsLog:      Creating library C:\Users\abraa\OneDrive\Documents\GitHub\COMP217GroupProject\DungeonDash\Intermediate\Build\Win64\UE4Editor\Development\DungeonDash\UE4Editor-DungeonDash-7877.lib and object C:\Users\abraa\OneDrive\Documents\GitHub\COMP217GroupProject\DungeonDash\Intermediate\Build\Win64\UE4Editor\Development\DungeonDash\UE4Editor-DungeonDash-7877.exp
[2025.03.18-14.47.45:048][790]CompilerResultsLog:   [2/3] UE4Editor-DungeonDash-7877.dll
[2025.03.18-14.47.45:048][790]CompilerResultsLog:      Creating library C:\Users\abraa\OneDrive\Documents\GitHub\COMP217GroupProject\DungeonDash\Intermediate\Build\Win64\UE4Editor\Development\DungeonDash\UE4Editor-DungeonDash-7877.suppressed.lib and object C:\Users\abraa\OneDrive\Documents\GitHub\COMP217GroupProject\DungeonDash\Intermediate\Build\Win64\UE4Editor\Development\DungeonDash\UE4Editor-DungeonDash-7877.suppressed.exp
[2025.03.18-14.47.45:048][790]CompilerResultsLog:   [3/3] DungeonDashEditor.target
[2025.03.18-14.47.45:048][790]CompilerResultsLog: Total time in Parallel executor: 1.63 seconds
[2025.03.18-14.47.45:048][790]CompilerResultsLog: Total execution time: 3.30 seconds
[2025.03.18-14.47.45:048][790]LogMainFrame: MainFrame: Module compiling took 3.454 seconds
[2025.03.18-14.47.45:067][790]LogNativeClassHierarchy: Verbose: Native class hierarchy updated for 'DungeonDash' in 0.0004 seconds. Added 2 classes and 2 folders.
[2025.03.18-14.47.45:070][790]Display: HotReload successful (0 functions remapped  0 scriptstructs remapped)
[2025.03.18-14.47.45:125][790]LogNativeClassHierarchy: Verbose: Native class hierarchy populated in 0.0090 seconds. Added 3824 classes and 930 folders.
[2025.03.18-14.47.45:130][790]Display: HotReload took  3.5s.
[2025.03.18-14.47.48:963][ 19]LogTemp: Repeating last play command: Selected Viewport
[2025.03.18-14.47.48:974][ 19]LogPlayLevel: PlayLevel: No blueprints needed recompiling
[2025.03.18-14.47.48:974][ 19]PIE: New page: PIE session: Level (Mar 18, 2025, 6:47:48 AM)
[2025.03.18-14.47.48:974][ 19]LogPlayLevel: Creating play world package: /Game/Level/UEDPIE_0_Level
[2025.03.18-14.47.49:039][ 19]LogPlayLevel: PIE: StaticDuplicateObject took: (0.065225s)
[2025.03.18-14.47.49:040][ 19]LogAIModule: Creating AISystem for world Level
[2025.03.18-14.47.49:040][ 19]LogPlayLevel: PIE: World Init took: (0.001035s)
[2025.03.18-14.47.49:040][ 19]LogPlayLevel: PIE: Created PIE world by copying editor world from /Game/Level/Level.Level to /Game/Level/UEDPIE_0_Level.Level (0.066465s)
[2025.03.18-14.47.49:049][ 19]LogUObjectHash: Compacting FUObjectHashTables data took   0.67ms
[2025.03.18-14.47.49:050][ 19]LogAudio: Display: Creating Audio Device:                 Id: 3, Scope: Unique, Realtime: True
[2025.03.18-14.47.49:050][ 19]LogAudioMixer: Display: Audio Mixer Platform Settings:
[2025.03.18-14.47.49:050][ 19]LogAudioMixer: Display: 	Sample Rate:						  48000
[2025.03.18-14.47.49:050][ 19]LogAudioMixer: Display: 	Callback Buffer Frame Size Requested: 1024
[2025.03.18-14.47.49:050][ 19]LogAudioMixer: Display: 	Callback Buffer Frame Size To Use:	  1024
[2025.03.18-14.47.49:050][ 19]LogAudioMixer: Display: 	Number of buffers to queue:			  2
[2025.03.18-14.47.49:050][ 19]LogAudioMixer: Display: 	Max Channels (voices):				  32
[2025.03.18-14.47.49:050][ 19]LogAudioMixer: Display: 	Number of Async Source Workers:		  0
[2025.03.18-14.47.49:050][ 19]LogAudio: Display: AudioDevice MaxSources: 32
[2025.03.18-14.47.49:050][ 19]LogAudio: Display: Audio Spatialization Plugin: None (built-in).
[2025.03.18-14.47.49:050][ 19]LogAudio: Display: Audio Reverb Plugin: None (built-in).
[2025.03.18-14.47.49:050][ 19]LogAudio: Display: Audio Occlusion Plugin: None (built-in).
[2025.03.18-14.47.49:050][ 19]LogAudioMixer: Display: Initializing audio mixer.
[2025.03.18-14.47.49:054][ 19]LogAudioMixer: Display: 0: FrontLeft
[2025.03.18-14.47.49:054][ 19]LogAudioMixer: Display: 1: FrontRight
[2025.03.18-14.47.49:197][ 19]LogAudioMixer: Display: Using Audio Device Speakers (Realtek(R) Audio)
[2025.03.18-14.47.49:197][ 19]LogAudioMixer: Display: Initializing Sound Submixes...
[2025.03.18-14.47.49:197][ 19]LogAudioMixer: Display: Creating Master Submix 'MasterSubmixDefault'
[2025.03.18-14.47.49:197][ 19]LogAudioMixer: Display: Creating Master Submix 'MasterReverbSubmixDefault'
[2025.03.18-14.47.49:198][ 19]LogAudioMixer: Display: Creating Master Submix 'MasterEQSubmixDefault'
[2025.03.18-14.47.49:198][ 19]LogAudioMixer: FMixerPlatformXAudio2::StartAudioStream() called
[2025.03.18-14.47.49:198][ 19]LogAudioMixer: Display: Output buffers initialized: Frames=1024, Channels=2, Samples=2048
[2025.03.18-14.47.49:199][ 19]LogAudioMixer: Display: Starting AudioMixerPlatformInterface::RunInternal()
[2025.03.18-14.47.49:199][ 19]LogAudioMixer: Display: FMixerPlatformXAudio2::SubmitBuffer() called for the first time
[2025.03.18-14.47.49:199][ 19]LogInit: FAudioDevice initialized.
[2025.03.18-14.47.49:199][ 19]LogAudio: Display: Audio Device (ID: 3) registered with world 'Level'.
[2025.03.18-14.47.49:208][ 19]LogLoad: Game class is 'DungeonDashGameMode'
[2025.03.18-14.47.49:237][ 19]LogWorld: Bringing World /Game/Level/UEDPIE_0_Level.Level up for play (max tick rate 60) at 2025.03.18-10.47.49
[2025.03.18-14.47.49:237][ 19]LogWorld: Bringing up level for play took: 0.028511
[2025.03.18-14.47.49:238][ 19]LogOnline: OSS: Creating online subsystem instance for: :Context_2
[2025.03.18-14.47.49:242][ 19]PIE: Server logged in
[2025.03.18-14.47.49:242][ 19]PIE: Play in editor total start time 0.272 seconds.
[2025.03.18-14.47.57:796][527]LogSlate: Updating window title bar state: overlay mode, drag disabled, window buttons hidden, title bar hidden
[2025.03.18-14.47.57:796][527]LogWorld: BeginTearingDown for /Game/Level/UEDPIE_0_Level
[2025.03.18-14.47.57:797][527]LogWorld: UWorld::CleanupWorld for Level, bSessionEnded=true, bCleanupResources=true
[2025.03.18-14.47.57:802][527]LogSlate: InvalidateAllWidgets triggered.  All widgets were invalidated
[2025.03.18-14.47.57:814][527]LogPlayLevel: Display: Shutting down PIE online subsystems
[2025.03.18-14.47.57:823][527]LogSlate: InvalidateAllWidgets triggered.  All widgets were invalidated
[2025.03.18-14.47.57:828][527]LogSlate: Updating window title bar state: overlay mode, drag disabled, window buttons hidden, title bar hidden
[2025.03.18-14.47.57:831][527]LogAudioMixer: FMixerPlatformXAudio2::StopAudioStream() called
[2025.03.18-14.47.57:834][527]LogAudioMixer: FMixerPlatformXAudio2::StopAudioStream() called
[2025.03.18-14.47.57:840][527]LogUObjectHash: Compacting FUObjectHashTables data took   0.66ms
[2025.03.18-14.47.57:868][528]LogPlayLevel: Display: Destroying online subsystem :Context_2
[2025.03.18-14.48.02:903][637]LogTemp: Repeating last play command: Selected Viewport
[2025.03.18-14.48.02:914][637]LogPlayLevel: PlayLevel: No blueprints needed recompiling
[2025.03.18-14.48.02:914][637]PIE: New page: PIE session: Level (Mar 18, 2025, 6:48:02 AM)
[2025.03.18-14.48.02:914][637]LogPlayLevel: Creating play world package: /Game/Level/UEDPIE_0_Level
[2025.03.18-14.48.02:974][637]LogPlayLevel: PIE: StaticDuplicateObject took: (0.059152s)
[2025.03.18-14.48.02:974][637]LogAIModule: Creating AISystem for world Level
[2025.03.18-14.48.02:975][637]LogPlayLevel: PIE: World Init took: (0.001113s)
[2025.03.18-14.48.02:975][637]LogPlayLevel: PIE: Created PIE world by copying editor world from /Game/Level/Level.Level to /Game/Level/UEDPIE_0_Level.Level (0.060465s)
[2025.03.18-14.48.02:981][637]LogUObjectHash: Compacting FUObjectHashTables data took   0.55ms
[2025.03.18-14.48.02:982][637]LogAudio: Display: Creating Audio Device:                 Id: 4, Scope: Unique, Realtime: True
[2025.03.18-14.48.02:982][637]LogAudioMixer: Display: Audio Mixer Platform Settings:
[2025.03.18-14.48.02:982][637]LogAudioMixer: Display: 	Sample Rate:						  48000
[2025.03.18-14.48.02:982][637]LogAudioMixer: Display: 	Callback Buffer Frame Size Requested: 1024
[2025.03.18-14.48.02:982][637]LogAudioMixer: Display: 	Callback Buffer Frame Size To Use:	  1024
[2025.03.18-14.48.02:982][637]LogAudioMixer: Display: 	Number of buffers to queue:			  2
[2025.03.18-14.48.02:982][637]LogAudioMixer: Display: 	Max Channels (voices):				  32
[2025.03.18-14.48.02:982][637]LogAudioMixer: Display: 	Number of Async Source Workers:		  0
[2025.03.18-14.48.02:982][637]LogAudio: Display: AudioDevice MaxSources: 32
[2025.03.18-14.48.02:982][637]LogAudio: Display: Audio Spatialization Plugin: None (built-in).
[2025.03.18-14.48.02:982][637]LogAudio: Display: Audio Reverb Plugin: None (built-in).
[2025.03.18-14.48.02:982][637]LogAudio: Display: Audio Occlusion Plugin: None (built-in).
[2025.03.18-14.48.02:982][637]LogAudioMixer: Display: Initializing audio mixer.
[2025.03.18-14.48.02:987][637]LogAudioMixer: Display: 0: FrontLeft
[2025.03.18-14.48.02:987][637]LogAudioMixer: Display: 1: FrontRight
[2025.03.18-14.48.03:122][637]LogAudioMixer: Display: Using Audio Device Speakers (Realtek(R) Audio)
[2025.03.18-14.48.03:122][637]LogAudioMixer: Display: Initializing Sound Submixes...
[2025.03.18-14.48.03:122][637]LogAudioMixer: Display: Creating Master Submix 'MasterSubmixDefault'
[2025.03.18-14.48.03:122][637]LogAudioMixer: Display: Creating Master Submix 'MasterReverbSubmixDefault'
[2025.03.18-14.48.03:122][637]LogAudioMixer: Display: Creating Master Submix 'MasterEQSubmixDefault'
[2025.03.18-14.48.03:122][637]LogAudioMixer: FMixerPlatformXAudio2::StartAudioStream() called
[2025.03.18-14.48.03:122][637]LogAudioMixer: Display: Output buffers initialized: Frames=1024, Channels=2, Samples=2048
[2025.03.18-14.48.03:124][637]LogAudioMixer: Display: Starting AudioMixerPlatformInterface::RunInternal()
[2025.03.18-14.48.03:124][637]LogAudioMixer: Display: FMixerPlatformXAudio2::SubmitBuffer() called for the first time
[2025.03.18-14.48.03:124][637]LogInit: FAudioDevice initialized.
[2025.03.18-14.48.03:124][637]LogAudio: Display: Audio Device (ID: 4) registered with world 'Level'.
[2025.03.18-14.48.03:136][637]LogLoad: Game class is 'DungeonDashGameMode'
[2025.03.18-14.48.03:163][637]LogWorld: Bringing World /Game/Level/UEDPIE_0_Level.Level up for play (max tick rate 60) at 2025.03.18-10.48.03
[2025.03.18-14.48.03:164][637]LogWorld: Bringing up level for play took: 0.026550
[2025.03.18-14.48.03:164][637]LogOnline: OSS: Creating online subsystem instance for: :Context_3
[2025.03.18-14.48.03:168][637]PIE: Server logged in
[2025.03.18-14.48.03:168][637]PIE: Play in editor total start time 0.257 seconds.
[2025.03.18-14.49.19:696][366]LogSlate: Updating window title bar state: overlay mode, drag disabled, window buttons hidden, title bar hidden
[2025.03.18-14.49.19:696][366]LogWorld: BeginTearingDown for /Game/Level/UEDPIE_0_Level
[2025.03.18-14.49.19:697][366]LogWorld: UWorld::CleanupWorld for Level, bSessionEnded=true, bCleanupResources=true
[2025.03.18-14.49.19:701][366]LogSlate: InvalidateAllWidgets triggered.  All widgets were invalidated
[2025.03.18-14.49.19:708][366]LogPlayLevel: Display: Shutting down PIE online subsystems
[2025.03.18-14.49.19:717][366]LogSlate: InvalidateAllWidgets triggered.  All widgets were invalidated
[2025.03.18-14.49.19:723][366]LogSlate: Updating window title bar state: overlay mode, drag disabled, window buttons hidden, title bar hidden
[2025.03.18-14.49.19:725][366]LogAudioMixer: FMixerPlatformXAudio2::StopAudioStream() called
[2025.03.18-14.49.19:726][366]LogAudioMixer: FMixerPlatformXAudio2::StopAudioStream() called
[2025.03.18-14.49.19:733][366]LogUObjectHash: Compacting FUObjectHashTables data took   1.25ms
[2025.03.18-14.49.19:788][368]LogPlayLevel: Display: Destroying online subsystem :Context_3
[2025.03.18-14.50.34:200][107]MapCheck: New page: Map Check
[2025.03.18-14.50.34:217][107]Cmd: MAP REBUILD ALLVISIBLE
[2025.03.18-14.50.34:217][107]LogEditorServer: Rebuildmap Clear paths rebuilt
[2025.03.18-14.50.34:227][107]LogWorld: UWorld::CleanupWorld for Level, bSessionEnded=true, bCleanupResources=false
[2025.03.18-14.50.34:292][107]LogNavigationDataBuild: Display: UNavigationSystemV1::Build started...
[2025.03.18-14.50.34:292][107]LogNavigationDataBuild: Display:    Building navigation data using PHYSICS_INTERFACE_PHYSX.
[2025.03.18-14.50.34:292][107]LogNavigationDataBuild: Display:    Building navigation data using WITH_PHYSX.
[2025.03.18-14.50.34:316][107]LogUObjectHash: Compacting FUObjectHashTables data took   0.63ms
[2025.03.18-14.50.34:465][107]LogLevel: Display: Export Material TexCoord Scales took 0.145 seconds.
[2025.03.18-14.50.34:504][107]TextureStreamingBuild: Display: Build Texture Streaming took 0.038 seconds.
[2025.03.18-14.50.34:516][107]LogUObjectHash: Compacting FUObjectHashTables data took   0.25ms
[2025.03.18-14.50.34:519][107]LightingResults: New page: Lighting Build - Mar 18, 2025, 6:50:34 AM
[2025.03.18-14.50.34:573][107]LogSwarmInterface: [OpenConnection] Registering TCP channel ...
[2025.03.18-14.50.34:660][107]LogSwarmInterface: [OpenConnection] Connecting to agent ...
[2025.03.18-14.50.34:688][107]LogSwarmInterface: [TryOpenConnection] Testing the Agent
[2025.03.18-14.50.35:209][107]LogSwarmInterface: [TryOpenConnection] Opening Connection to Agent
[2025.03.18-14.50.35:209][107]LogSwarmInterface: [TryOpenConnection] Local Process ID is 34256
[2025.03.18-14.50.47:228][107]LogStaticLightingSystem: Warning: No importance volume found, so the scene bounding box was used.  You can optimize your scene's quality and lighting build times by adding importance volumes.
[2025.03.18-14.50.47:230][107]LogStaticLightingSystem: Running Lightmass w/ ImmediateImport mode ENABLED
[2025.03.18-14.50.47:230][107]LogStaticLightingSystem: Running Lightmass w/ ImmediateProcess mode ENABLED
[2025.03.18-14.50.47:230][107]LogStaticLightingSystem: Running Lightmass w/ Sorting mode ENABLED
[2025.03.18-14.50.47:230][107]LogStaticLightingSystem: Running Lightmass w/ Mapping paddings ENABLED
[2025.03.18-14.50.47:230][107]LogStaticLightingSystem: Running Lightmass w/ Mapping debug paddings DISABLED
[2025.03.18-14.50.48:592][107]Cmd: MAP CHECK DONTDISPLAYDIALOG
[2025.03.18-14.50.48:592][107]MapCheck: New page: Level - Mar 18, 2025, 6:50:48 AM
[2025.03.18-14.50.48:600][107]MapCheck: Map check complete: 0 Error(s), 0 Warning(s), took 8.379ms to complete.
[2025.03.18-14.50.48:604][107]LogEditorBuildUtils: Build time 0:14
[2025.03.18-14.50.48:628][107]LogMaterial: Display: Missing cached shadermap for FLightmassMaterialRenderer MaterialInstanceDynamic_0 in PCD3D_SM5, Default, SM5 (DDC key hash: E196F04F6F9970EA62120D75BF8070669BA10977), compiling. 
[2025.03.18-14.50.48:640][107]LogShaderCompilers: Display: Submitted 2 shader compile jobs with 'Low' priority
[2025.03.18-14.50.48:644][107]LogMaterial: Display: Missing cached shadermap for FLightmassMaterialRenderer MaterialInstanceDynamic_0 in PCD3D_SM5, Default, SM5 (DDC key hash: ED95D2B258450F45B96DD24FF92CD0213EF3DA23), compiling. 
[2025.03.18-14.50.48:648][107]LogShaderCompilers: Display: Submitted 2 shader compile jobs with 'Low' priority
[2025.03.18-14.50.48:678][108]LogShaderCompilers: Display: Worker (1/5): shaders left to compile 4
[2025.03.18-14.50.48:678][108]LogShaderCompilers: Display: Worker (2/5): shaders left to compile 2
[2025.03.18-14.50.48:678][108]LogShaderCompilers: Display: Started 4 'Local' shader compile jobs with 'Low' priority
[2025.03.18-14.50.48:682][108]LogMaterial: Display: Missing cached shadermap for FLightmassMaterialRenderer MDMedieval_Floor_Side_Mat_Inst in PCD3D_SM5, Default, SM5 (DDC key hash: D0BB3CCB48F62F22488BAD4E6D79AA316322D870), compiling. 
[2025.03.18-14.50.48:686][108]LogShaderCompilers: Display: Submitted 2 shader compile jobs with 'Low' priority
[2025.03.18-14.50.48:688][108]LogMaterial: Display: Missing cached shadermap for FLightmassMaterialRenderer MDMedieval_Floor_Side_Mat_Inst in PCD3D_SM5, Default, SM5 (DDC key hash: 34E2B2C86DF8409BD7F5E02B7098CA559BD631D2), compiling. 
[2025.03.18-14.50.48:692][108]LogShaderCompilers: Display: Submitted 2 shader compile jobs with 'Low' priority
[2025.03.18-14.50.48:722][109]LogMaterial: Display: Missing cached shadermap for FLightmassMaterialRenderer MDMedieval_Wood_Floor_Mat_Inst in PCD3D_SM5, Default, SM5 (DDC key hash: A32DEF96741A8E7668A5986CFF681FED01790D59), compiling. 
[2025.03.18-14.50.48:725][109]LogShaderCompilers: Display: Submitted 2 shader compile jobs with 'Low' priority
[2025.03.18-14.50.48:727][109]LogMaterial: Display: Missing cached shadermap for FLightmassMaterialRenderer MDMedieval_Wood_Floor_Mat_Inst in PCD3D_SM5, Default, SM5 (DDC key hash: D7A558D04DEDF4230CF764F38F705283AF7F5CB9), compiling. 
[2025.03.18-14.50.48:730][109]LogShaderCompilers: Display: Submitted 2 shader compile jobs with 'Low' priority
[2025.03.18-14.50.48:771][110]LogMaterial: Display: Missing cached shadermap for FLightmassMaterialRenderer MDMedieval_Ground_Mat_Inst in PCD3D_SM5, Default, SM5 (DDC key hash: 27CD3A9C99F7258FB13453DE61A22FF77472CAC8), compiling. 
[2025.03.18-14.50.48:774][110]LogShaderCompilers: Display: Submitted 2 shader compile jobs with 'Low' priority
[2025.03.18-14.50.48:775][110]LogMaterial: Display: Missing cached shadermap for FLightmassMaterialRenderer MDMedieval_Ground_Mat_Inst in PCD3D_SM5, Default, SM5 (DDC key hash: 97519911855EEEAA4BF34E25E505E4915C58F5A5), compiling. 
[2025.03.18-14.50.48:778][110]LogShaderCompilers: Display: Submitted 2 shader compile jobs with 'Low' priority
[2025.03.18-14.50.48:823][111]LogMaterial: Display: Missing cached shadermap for FLightmassMaterialRenderer MDMedieval_Wall_Top_Mat_Inst in PCD3D_SM5, Default, SM5 (DDC key hash: 3E4B0936D14DED085335355CAE50EC1A8251172E), compiling. 
[2025.03.18-14.50.48:827][111]LogShaderCompilers: Display: Submitted 2 shader compile jobs with 'Low' priority
[2025.03.18-14.50.48:828][111]LogMaterial: Display: Missing cached shadermap for FLightmassMaterialRenderer MDMedieval_Wall_Top_Mat_Inst in PCD3D_SM5, Default, SM5 (DDC key hash: 5D4A3840764C99A997487F7AF76FAA4E22232191), compiling. 
[2025.03.18-14.50.48:832][111]LogShaderCompilers: Display: Submitted 2 shader compile jobs with 'Low' priority
[2025.03.18-14.50.48:868][112]LogMaterial: Display: Missing cached shadermap for FLightmassMaterialRenderer MDMedieval_Metal_DoorFrame_Mat_Inst in PCD3D_SM5, Default, SM5 (DDC key hash: 31B1835AFD0EADE64A05706810AECAB40F1E8DEA), compiling. 
[2025.03.18-14.50.48:871][112]LogShaderCompilers: Display: Submitted 2 shader compile jobs with 'Low' priority
[2025.03.18-14.50.48:873][112]LogMaterial: Display: Missing cached shadermap for FLightmassMaterialRenderer MDMedieval_Metal_DoorFrame_Mat_Inst in PCD3D_SM5, Default, SM5 (DDC key hash: 82414405F827A5435ACF1A078BC130DBE093BEE9), compiling. 
[2025.03.18-14.50.48:875][112]LogShaderCompilers: Display: Submitted 2 shader compile jobs with 'Low' priority
[2025.03.18-14.50.48:917][113]LogMaterial: Display: Missing cached shadermap for FLightmassMaterialRenderer MDMedieval_Soil_Mat_Inst in PCD3D_SM5, Default, SM5 (DDC key hash: 005C0A43CBD58A3B40F1BBD564623AD06FFECB3D), compiling. 
[2025.03.18-14.50.48:920][113]LogShaderCompilers: Display: Submitted 2 shader compile jobs with 'Low' priority
[2025.03.18-14.50.48:922][113]LogMaterial: Display: Missing cached shadermap for FLightmassMaterialRenderer MDMedieval_Soil_Mat_Inst in PCD3D_SM5, Default, SM5 (DDC key hash: 7A24AC8D517954DA18E3EC03C213934EE9C08155), compiling. 
[2025.03.18-14.50.48:926][113]LogShaderCompilers: Display: Submitted 2 shader compile jobs with 'Low' priority
[2025.03.18-14.50.48:956][113]LogShaderCompilers: Display: Worker (3/5): shaders left to compile 24
[2025.03.18-14.50.48:956][113]LogShaderCompilers: Display: Worker (4/5): shaders left to compile 17
[2025.03.18-14.50.48:956][113]LogShaderCompilers: Display: Started 14 'Local' shader compile jobs with 'Low' priority
[2025.03.18-14.50.48:972][114]LogMaterial: Display: Missing cached shadermap for FLightmassMaterialRenderer MDMedieval_PureBlack_Mat in PCD3D_SM5, Default, SM5 (DDC key hash: 352932F667E199B23E9A372591354CA5A02AA2D0), compiling. 
[2025.03.18-14.50.48:977][114]LogShaderCompilers: Display: Submitted 2 shader compile jobs with 'Low' priority
[2025.03.18-14.50.48:979][114]LogMaterial: Display: Missing cached shadermap for FLightmassMaterialRenderer MDMedieval_PureBlack_Mat in PCD3D_SM5, Default, SM5 (DDC key hash: DCAA5F5A514FFD2ADF82C7F2E33FB6BBA17A9CB1), compiling. 
[2025.03.18-14.50.48:984][114]LogShaderCompilers: Display: Submitted 2 shader compile jobs with 'Low' priority
[2025.03.18-14.50.49:037][115]LogMaterial: Display: Missing cached shadermap for FLightmassMaterialRenderer MDMedieval_Rock_Coffin_Mat_Inst in PCD3D_SM5, Default, SM5 (DDC key hash: 936E6BB3F33BAFAA3F8C0028705BA7C4175F911E), compiling. 
[2025.03.18-14.50.49:043][115]LogShaderCompilers: Display: Submitted 2 shader compile jobs with 'Low' priority
[2025.03.18-14.50.49:045][115]LogMaterial: Display: Missing cached shadermap for FLightmassMaterialRenderer MDMedieval_Rock_Coffin_Mat_Inst in PCD3D_SM5, Default, SM5 (DDC key hash: 7DD108DEF3D369F95AA3A42916E36CF9E40EBEBF), compiling. 
[2025.03.18-14.50.49:050][115]LogShaderCompilers: Display: Submitted 2 shader compile jobs with 'Low' priority
[2025.03.18-14.50.49:095][116]LogMaterial: Display: Missing cached shadermap for FLightmassMaterialRenderer MDMedieval_BurntWood_Mat_Inst in PCD3D_SM5, Default, SM5 (DDC key hash: 00813A41B9B87B776F1EA2A631C2166A564A791E), compiling. 
[2025.03.18-14.50.49:098][116]LogShaderCompilers: Display: Submitted 2 shader compile jobs with 'Low' priority
[2025.03.18-14.50.49:099][116]LogMaterial: Display: Missing cached shadermap for FLightmassMaterialRenderer MDMedieval_BurntWood_Mat_Inst in PCD3D_SM5, Default, SM5 (DDC key hash: EA1775C5027EF7EBFCA646C96239F18FCF3EA50C), compiling. 
[2025.03.18-14.50.49:103][116]LogShaderCompilers: Display: Submitted 2 shader compile jobs with 'Low' priority
[2025.03.18-14.50.49:116][117]LogMaterial: Display: Missing cached shadermap for FLightmassMaterialRenderer MDMedieval_Gold_Mat_Inst in PCD3D_SM5, Default, SM5 (DDC key hash: A163C0699AEB489633AFE37275B2C9EB7AABC923), compiling. 
[2025.03.18-14.50.49:120][117]LogShaderCompilers: Display: Submitted 2 shader compile jobs with 'Low' priority
[2025.03.18-14.50.49:120][117]LogMaterial: Display: Missing cached shadermap for FLightmassMaterialRenderer MDMedieval_Gold_Mat_Inst in PCD3D_SM5, Default, SM5 (DDC key hash: C306F0E72531DB6D0699673181EB71D6821D9E37), compiling. 
[2025.03.18-14.50.49:124][117]LogShaderCompilers: Display: Submitted 2 shader compile jobs with 'Low' priority
[2025.03.18-14.50.49:138][118]LogMaterial: Display: Missing cached shadermap for FLightmassMaterialRenderer WorldGridMaterial in PCD3D_SM5, Default, SM5 (DDC key hash: 09BE4C7A08E9CF5953A86E83F05117832C1466B9), compiling. Is special engine material.
[2025.03.18-14.50.49:143][118]LogShaderCompilers: Display: Submitted 2 shader compile jobs with 'Low' priority
[2025.03.18-14.50.49:147][118]LogMaterial: Display: Missing cached shadermap for FLightmassMaterialRenderer WorldGridMaterial in PCD3D_SM5, Default, SM5 (DDC key hash: A2E71CE4DF26E5630E073D9FE8BE1AFD709D796A), compiling. Is special engine material.
[2025.03.18-14.50.49:150][118]LogShaderCompilers: Display: Submitted 2 shader compile jobs with 'Low' priority
[2025.03.18-14.50.53:536][119]LogShaderCompilers: Display: Worker (2/5): shaders left to compile 30
[2025.03.18-14.50.53:536][119]LogShaderCompilers: Display: Started 8 'Local' shader compile jobs with 'Low' priority
[2025.03.18-14.50.53:536][119]LogShaderCompilers: Display: Worker (1/5): shaders left to compile 22
[2025.03.18-14.50.53:536][119]LogShaderCompilers: Display: Started 6 'Local' shader compile jobs with 'Low' priority
[2025.03.18-14.50.53:536][119]LogShaderCompilers: Display: Worker (3/5): shaders left to compile 16
[2025.03.18-14.50.53:536][119]LogShaderCompilers: Display: Started 5 'Local' shader compile jobs with 'Low' priority
[2025.03.18-14.50.53:536][119]LogShaderCompilers: Display: Worker (4/5): shaders left to compile 11
[2025.03.18-14.50.53:536][119]LogShaderCompilers: Display: Started 3 'Local' shader compile jobs with 'Low' priority
[2025.03.18-14.50.53:536][119]LogShaderCompilers: Display: Worker (1/5): shaders left to compile 8
[2025.03.18-14.50.53:536][119]LogShaderCompilers: Display: Started 3 'Local' shader compile jobs with 'Low' priority
[2025.03.18-14.50.53:536][119]LogShaderCompilers: Display: Worker (2/5): shaders left to compile 5
[2025.03.18-14.50.53:536][119]LogShaderCompilers: Display: Started 2 'Local' shader compile jobs with 'Low' priority
[2025.03.18-14.50.53:536][119]LogShaderCompilers: Display: Worker (4/5): shaders left to compile 3
[2025.03.18-14.50.53:536][119]LogShaderCompilers: Display: Started 1 'Local' shader compile jobs with 'Low' priority
[2025.03.18-14.50.53:536][119]LogShaderCompilers: Display: Worker (1/5): shaders left to compile 2
[2025.03.18-14.50.53:536][119]LogShaderCompilers: Display: Started 1 'Local' shader compile jobs with 'Low' priority
[2025.03.18-14.50.53:536][119]LogShaderCompilers: Display: Worker (4/5): shaders left to compile 1
[2025.03.18-14.50.53:536][119]LogShaderCompilers: Display: Started 1 'Local' shader compile jobs with 'Low' priority
[2025.03.18-14.50.53:536][119]LogShaderCompilers: Display: === FShaderJobCache stats ===
[2025.03.18-14.50.53:536][119]LogShaderCompilers: Display: Total job queries 48, among them cache hits 0 (0.00%)
[2025.03.18-14.50.53:536][119]LogShaderCompilers: Display: Tracking 48 distinct input hashes that result in 12 distinct outputs (25.00%)
[2025.03.18-14.50.53:536][119]LogShaderCompilers: Display: RAM used: 0.03 MB (0.00 GB) of 819.20 MB (0.80 GB) budget. Usage: 0.00%
[2025.03.18-14.50.53:536][119]LogShaderCompilers: Display: ================================================
[2025.03.18-14.50.55:445][214]LogUObjectHash: Compacting FUObjectHashTables data took   0.38ms
[2025.03.18-14.51.42:352][106]Job is a success!
[2025.03.18-14.51.42:822][107]LogVolumetricLightmapImport: Imported Volumetric Lightmap in 0.035s
[2025.03.18-14.51.42:822][107]LogVolumetricLightmapImport:      Indirection Texture 16x16x16 = 0.0Mb
[2025.03.18-14.51.42:822][107]LogVolumetricLightmapImport:      BrickData (all levels) 0.6Mb (trimmed 0.5Mb due to 0.010000 MinBrickError)
[2025.03.18-14.51.42:822][107]LogVolumetricLightmapImport:      Bricks at depth
[2025.03.18-14.51.42:822][107]LogVolumetricLightmapImport:          0: 0.8% covering 100.0% of volume
[2025.03.18-14.51.42:822][107]LogVolumetricLightmapImport:          1: 13.5% covering 26.6% of volume
[2025.03.18-14.51.42:822][107]LogVolumetricLightmapImport:          2: 85.7% covering 2.6% of volume
[2025.03.18-14.51.42:822][107]LogVolumetricLightmapImport:      Bricks in each level
[2025.03.18-14.51.42:822][107]LogVolumetricLightmapImport:          Level 			 126 bricks 	 100.0% (Persistent Level)
[2025.03.18-14.51.46:209][107]LogTexture: Display: Building textures: SkyOcclusion0_1 (OODLE_AutoDXT, 1024X512)
[2025.03.18-14.51.46:209][107]LogTextureFormatOodle: Display: non-RDO encode 1024 x 512 x 1 to format OODLE_AutoDXT (Oodle OodleTex_BC3) lambda=0 effort=20 
[2025.03.18-14.51.46:209][107]LogTexture: Display: Building textures: HQ_Lightmap0_1 (OODLE_AutoDXT, 1024X1024)
[2025.03.18-14.51.46:209][107]LogTextureFormatOodle: Display: non-RDO encode 1024 x 1024 x 1 to format OODLE_AutoDXT (Oodle OodleTex_BC3) lambda=0 effort=20 
[2025.03.18-14.51.46:209][107]LogTexture: Display: Building textures: HQ_Lightmap0_2 (OODLE_AutoDXT, 1024X1024)
[2025.03.18-14.51.46:209][107]LogTexture: Display: Building textures: LQ_Lightmap_0_1 (OODLE_DXT1, 1024X1024)
[2025.03.18-14.51.46:209][107]LogTexture: Display: Building textures: SkyOcclusion0_2 (OODLE_AutoDXT, 1024X512)
[2025.03.18-14.51.46:209][107]LogTexture: Display: Building textures: LQ_Lightmap_0_2 (OODLE_DXT1, 1024X1024)
[2025.03.18-14.51.46:209][107]LogTextureFormatOodle: Display: non-RDO encode 1024 x 1024 x 1 to format OODLE_AutoDXT (Oodle OodleTex_BC3) lambda=0 effort=20 
[2025.03.18-14.51.46:209][107]LogTextureFormatOodle: Display: non-RDO encode 1024 x 512 x 1 to format OODLE_AutoDXT (Oodle OodleTex_BC3) lambda=0 effort=20 
[2025.03.18-14.51.46:209][107]LogTextureFormatOodle: Display: non-RDO encode 1024 x 1024 x 1 to format OODLE_DXT1 (Oodle OodleTex_BC1_WithTransparency) lambda=0 effort=20 
[2025.03.18-14.51.46:209][107]LogTexture: Display: Building textures: SkyOcclusion0_3 (OODLE_AutoDXT, 1024X512)
[2025.03.18-14.51.46:209][107]LogTexture: Display: Building textures: HQ_Lightmap0_3 (OODLE_AutoDXT, 1024X1024)
[2025.03.18-14.51.46:209][107]LogTextureFormatOodle: Display: non-RDO encode 1024 x 1024 x 1 to format OODLE_DXT1 (Oodle OodleTex_BC1_WithTransparency) lambda=0 effort=20 
[2025.03.18-14.51.46:210][107]LogTextureFormatOodle: Display: non-RDO encode 1024 x 512 x 1 to format OODLE_AutoDXT (Oodle OodleTex_BC3) lambda=0 effort=20 
[2025.03.18-14.51.46:210][107]LogTextureFormatOodle: Display: non-RDO encode 1024 x 1024 x 1 to format OODLE_AutoDXT (Oodle OodleTex_BC3) lambda=0 effort=20 
[2025.03.18-14.51.46:210][107]LogTexture: Display: Building textures: LQ_Lightmap_0_3 (OODLE_DXT1, 1024X1024)
[2025.03.18-14.51.46:210][107]LogTexture: Display: Building textures: SkyOcclusion0_4 (OODLE_AutoDXT, 1024X512)
[2025.03.18-14.51.46:210][107]LogTexture: Display: Building textures: HQ_Lightmap0_4 (OODLE_AutoDXT, 1024X1024)
[2025.03.18-14.51.46:210][107]LogTextureFormatOodle: Display: non-RDO encode 1024 x 1024 x 1 to format OODLE_DXT1 (Oodle OodleTex_BC1_WithTransparency) lambda=0 effort=20 
[2025.03.18-14.51.46:210][107]LogTextureFormatOodle: Display: non-RDO encode 1024 x 512 x 1 to format OODLE_AutoDXT (Oodle OodleTex_BC3) lambda=0 effort=20 
[2025.03.18-14.51.46:210][107]LogTextureFormatOodle: Display: non-RDO encode 1024 x 1024 x 1 to format OODLE_AutoDXT (Oodle OodleTex_BC3) lambda=0 effort=20 
[2025.03.18-14.51.46:210][107]LogTexture: Display: Building textures: LQ_Lightmap_0_4 (OODLE_DXT1, 1024X1024)
[2025.03.18-14.51.46:210][107]LogTexture: Display: Building textures: SkyOcclusion0_5 (OODLE_AutoDXT, 1024X512)
[2025.03.18-14.51.46:210][107]LogTextureFormatOodle: Display: non-RDO encode 1024 x 1024 x 1 to format OODLE_DXT1 (Oodle OodleTex_BC1_WithTransparency) lambda=0 effort=20 
[2025.03.18-14.51.46:210][107]LogTexture: Display: Building textures: HQ_Lightmap0_5 (OODLE_AutoDXT, 1024X1024)
[2025.03.18-14.51.46:210][107]LogTextureFormatOodle: Display: non-RDO encode 1024 x 512 x 1 to format OODLE_AutoDXT (Oodle OodleTex_BC3) lambda=0 effort=20 
[2025.03.18-14.51.46:210][107]LogTexture: Display: Building textures: LQ_Lightmap_0_5 (OODLE_DXT1, 1024X1024)
[2025.03.18-14.51.46:210][107]LogTexture: Display: Building textures: SkyOcclusion0_6 (OODLE_AutoDXT, 1024X512)
[2025.03.18-14.51.46:210][107]LogTexture: Display: Building textures: HQ_Lightmap0_6 (OODLE_AutoDXT, 1024X1024)
[2025.03.18-14.51.46:210][107]LogTextureFormatOodle: Display: non-RDO encode 1024 x 1024 x 1 to format OODLE_AutoDXT (Oodle OodleTex_BC3) lambda=0 effort=20 
[2025.03.18-14.51.46:210][107]LogTextureFormatOodle: Display: non-RDO encode 1024 x 512 x 1 to format OODLE_AutoDXT (Oodle OodleTex_BC3) lambda=0 effort=20 
[2025.03.18-14.51.46:210][107]LogTextureFormatOodle: Display: non-RDO encode 1024 x 1024 x 1 to format OODLE_DXT1 (Oodle OodleTex_BC1_WithTransparency) lambda=0 effort=20 
[2025.03.18-14.51.46:210][107]LogTexture: Display: Building textures: LQ_Lightmap_0_6 (OODLE_DXT1, 1024X1024)
[2025.03.18-14.51.46:210][107]LogTextureFormatOodle: Display: non-RDO encode 1024 x 1024 x 1 to format OODLE_AutoDXT (Oodle OodleTex_BC3) lambda=0 effort=20 
[2025.03.18-14.51.46:210][107]LogTexture: Display: Building textures: HQ_Lightmap0_7 (OODLE_AutoDXT, 1024X1024)
[2025.03.18-14.51.46:210][107]LogTexture: Display: Building textures: SkyOcclusion0_7 (OODLE_AutoDXT, 1024X512)
[2025.03.18-14.51.46:210][107]LogTextureFormatOodle: Display: non-RDO encode 1024 x 1024 x 1 to format OODLE_DXT1 (Oodle OodleTex_BC1_WithTransparency) lambda=0 effort=20 
[2025.03.18-14.51.46:210][107]LogTexture: Display: Building textures: LQ_Lightmap_0_7 (OODLE_DXT1, 1024X1024)
[2025.03.18-14.51.46:210][107]LogTexture: Display: Building textures: SkyOcclusion0_8 (OODLE_AutoDXT, 1024X512)
[2025.03.18-14.51.46:210][107]LogTextureFormatOodle: Display: non-RDO encode 1024 x 512 x 1 to format OODLE_AutoDXT (Oodle OodleTex_BC3) lambda=0 effort=20 
[2025.03.18-14.51.46:210][107]LogTextureFormatOodle: Display: non-RDO encode 1024 x 1024 x 1 to format OODLE_AutoDXT (Oodle OodleTex_BC3) lambda=0 effort=20 
[2025.03.18-14.51.46:210][107]LogTextureFormatOodle: Display: non-RDO encode 1024 x 1024 x 1 to format OODLE_DXT1 (Oodle OodleTex_BC1_WithTransparency) lambda=0 effort=20 
[2025.03.18-14.51.46:210][107]LogTextureFormatOodle: Display: non-RDO encode 1024 x 512 x 1 to format OODLE_AutoDXT (Oodle OodleTex_BC3) lambda=0 effort=20 
[2025.03.18-14.51.46:210][107]LogTexture: Display: Building textures: HQ_Lightmap0_8 (OODLE_AutoDXT, 1024X1024)
[2025.03.18-14.51.46:210][107]LogTexture: Display: Building textures: LQ_Lightmap_0_8 (OODLE_DXT1, 1024X1024)
[2025.03.18-14.51.46:210][107]LogTexture: Display: Building textures: SkyOcclusion0_9 (OODLE_AutoDXT, 1024X512)
[2025.03.18-14.51.46:210][107]LogTexture: Display: Building textures: HQ_Lightmap0_9 (OODLE_AutoDXT, 1024X1024)
[2025.03.18-14.51.46:210][107]LogTextureFormatOodle: Display: non-RDO encode 1024 x 1024 x 1 to format OODLE_AutoDXT (Oodle OodleTex_BC3) lambda=0 effort=20 
[2025.03.18-14.51.46:210][107]LogTextureFormatOodle: Display: non-RDO encode 1024 x 1024 x 1 to format OODLE_DXT1 (Oodle OodleTex_BC1_WithTransparency) lambda=0 effort=20 
[2025.03.18-14.51.46:210][107]LogTexture: Display: Building textures: LQ_Lightmap_0_9 (OODLE_DXT1, 1024X1024)
[2025.03.18-14.51.46:210][107]LogTextureFormatOodle: Display: non-RDO encode 1024 x 512 x 1 to format OODLE_AutoDXT (Oodle OodleTex_BC3) lambda=0 effort=20 
[2025.03.18-14.51.46:210][107]LogTexture: Display: Building textures: SkyOcclusion0_10 (OODLE_AutoDXT, 1024X512)
[2025.03.18-14.51.46:210][107]LogTextureFormatOodle: Display: non-RDO encode 1024 x 1024 x 1 to format OODLE_AutoDXT (Oodle OodleTex_BC3) lambda=0 effort=20 
[2025.03.18-14.51.46:210][107]LogTextureFormatOodle: Display: non-RDO encode 1024 x 1024 x 1 to format OODLE_DXT1 (Oodle OodleTex_BC1_WithTransparency) lambda=0 effort=20 
[2025.03.18-14.51.46:210][107]LogTexture: Display: Building textures: HQ_Lightmap0_10 (OODLE_AutoDXT, 1024X1024)
[2025.03.18-14.51.46:210][107]LogTexture: Display: Building textures: LQ_Lightmap_0_10 (OODLE_DXT1, 1024X1024)
[2025.03.18-14.51.46:210][107]LogTexture: Display: Building textures: SkyOcclusion0_11 (OODLE_AutoDXT, 1024X512)
[2025.03.18-14.51.46:210][107]LogTextureFormatOodle: Display: non-RDO encode 1024 x 512 x 1 to format OODLE_AutoDXT (Oodle OodleTex_BC3) lambda=0 effort=20 
[2025.03.18-14.51.46:210][107]LogTextureFormatOodle: Display: non-RDO encode 1024 x 1024 x 1 to format OODLE_AutoDXT (Oodle OodleTex_BC3) lambda=0 effort=20 
[2025.03.18-14.51.46:210][107]LogTextureFormatOodle: Display: non-RDO encode 1024 x 1024 x 1 to format OODLE_DXT1 (Oodle OodleTex_BC1_WithTransparency) lambda=0 effort=20 
[2025.03.18-14.51.46:210][107]LogTextureFormatOodle: Display: non-RDO encode 1024 x 512 x 1 to format OODLE_AutoDXT (Oodle OodleTex_BC3) lambda=0 effort=20 
[2025.03.18-14.51.46:210][107]LogTexture: Display: Building textures: LQ_Lightmap_0_11 (OODLE_DXT1, 1024X1024)
[2025.03.18-14.51.46:210][107]LogTexture: Display: Building textures: HQ_Lightmap0_11 (OODLE_AutoDXT, 1024X1024)
[2025.03.18-14.51.46:210][107]LogTexture: Display: Building textures: SkyOcclusion0_12 (OODLE_AutoDXT, 64X32)
[2025.03.18-14.51.46:210][107]LogTextureFormatOodle: Display: non-RDO encode 1024 x 1024 x 1 to format OODLE_DXT1 (Oodle OodleTex_BC1_WithTransparency) lambda=0 effort=20 
[2025.03.18-14.51.46:210][107]LogTextureFormatOodle: Display: non-RDO encode 1024 x 1024 x 1 to format OODLE_AutoDXT (Oodle OodleTex_BC3) lambda=0 effort=20 
[2025.03.18-14.51.46:210][107]LogTexture: Display: Building textures: HQ_Lightmap0_12 (OODLE_AutoDXT, 64X64)
[2025.03.18-14.51.46:210][107]LogTexture: Display: Building textures: LQ_Lightmap_0_12 (OODLE_DXT1, 64X64)
[2025.03.18-14.51.46:244][107]LogStaticLightingSystem: Level_BuiltData storing lightmap data for 1391 meshes in 12 LightmapResourceClusters (115.9 Meshes per cluster).
[2025.03.18-14.51.46:266][107]Lightmass on LAPTOP-V522K5V5: 50.1 sec total, 540 ms importing, 451 ms setup, 7.50 sec photons, 41.5 sec processing, 0 ms extra exporting [1391/1391 mappings]. Threads: 4:50 min total, 3:36 min processing.
[2025.03.18-14.51.46:266][107]LogUObjectHash: Compacting FUObjectHashTables data took   0.28ms
[2025.03.18-14.51.46:342][107]LogStaticLightingSystem: Illumination: 1:11 min (2.52 sec encoding lightmaps, 0 ms encoding shadowmaps)
[2025.03.18-14.51.46:342][107]LogStaticLightingSystem: Lightmap texture memory:  29.3 MB (29.3 MB streaming, 0.0 MB non-streaming), 24 textures
[2025.03.18-14.51.46:343][107]LogStaticLightingSystem: Shadowmap texture memory: 0.0 MB (0.0 MB streaming, 0.0 MB non-streaming), 0 textures
[2025.03.18-14.51.47:289][107]DumpUnbuiltLightIteractions
[2025.03.18-14.51.47:289][107]Lights with unbuilt interactions: 0
[2025.03.18-14.51.47:289][107]
[2025.03.18-14.51.47:289][107]Primitives with unbuilt interactions: 0
[2025.03.18-14.51.47:453][107]LogTexture: Display: Building textures: NewReflectionComponentTexture698B25C04444B59948428C8D858311CF (BGRA8, 128X128)
[2025.03.18-14.51.47:504][108]Cmd: MAP CHECK NOTIFYRESULTS
[2025.03.18-14.51.47:504][108]MapCheck: New page: Level - Mar 18, 2025, 6:51:47 AM
[2025.03.18-14.51.47:511][108]MapCheck: Map check complete: 0 Error(s), 0 Warning(s), took 6.827ms to complete.
[2025.03.18-14.58.27:140][364]LogDirectoryWatcher: Display: A directory notification failed for 'C:/Users/abraa/OneDrive/Documents/GitHub/COMP217GroupProject/DungeonDash/Content/Collections/' because it could not be accessed. Aborting watch request...
[2025.03.18-14.58.27:140][364]LogDirectoryWatcher: Display: A directory notification failed for 'C:/Users/abraa/OneDrive/Documents/GitHub/COMP217GroupProject/DungeonDash/Saved/Collections/' because it could not be accessed. Aborting watch request...
[2025.03.18-14.58.27:140][364]LogDirectoryWatcher: Display: A directory notification failed for 'C:/Users/abraa/OneDrive/Documents/GitHub/COMP217GroupProject/DungeonDash/Content/Developers/abraa/Collections/' because it could not be accessed. Aborting watch request...
[2025.03.18-14.58.54:080][444]LogUObjectHash: Compacting FUObjectHashTables data took   0.81ms
[2025.03.18-14.58.54:575][444]LogSavePackage: Moving '../../../../../../Users/abraa/OneDrive/Documents/GitHub/COMP217GroupProject/DungeonDash/Saved/Level_Auto15F94E82E4F2DF5AD3672FA87AEBE02AA.tmp' to '../../../../../../Users/abraa/OneDrive/Documents/GitHub/COMP217GroupProject/DungeonDash/Saved/Autosaves/Game/Level/Level_Auto1.umap'
[2025.03.18-14.58.54:598][444]LogFileHelpers: Editor autosave (incl. external actors) for '/Game/Level/Level' took 0.524
[2025.03.18-14.58.54:598][444]LogFileHelpers: Editor autosave (incl. sublevels & external actors) for all levels took 0.524
[2025.03.18-14.59.23:030][675]LogUObjectHash: Compacting FUObjectHashTables data took   0.25ms
[2025.03.18-14.59.23:512][675]LogSavePackage: Moving '../../../../../../Users/abraa/OneDrive/Documents/GitHub/COMP217GroupProject/DungeonDash/Saved/Level44176A5C4A6370670FC5EABC9489E747.tmp' to '../../../../../../Users/abraa/OneDrive/Documents/GitHub/COMP217GroupProject/DungeonDash/Content/Level/Level.umap'
[2025.03.18-14.59.23:526][675]LogFileHelpers: Saving map 'Level' took 0.502
[2025.03.18-14.59.23:527][675]Cmd: OBJ SAVEPACKAGE PACKAGE="/Game/Level/Level_BuiltData" FILE="../../../../../../Users/abraa/OneDrive/Documents/GitHub/COMP217GroupProject/DungeonDash/Content/Level/Level_BuiltData.uasset" SILENT=true
[2025.03.18-14.59.24:731][675]LogSavePackage: Moving '../../../../../../Users/abraa/OneDrive/Documents/GitHub/COMP217GroupProject/DungeonDash/Saved/Level_BuiltDataBA08970F44D279F75DA8C1AD0EFB1891.tmp' to '../../../../../../Users/abraa/OneDrive/Documents/GitHub/COMP217GroupProject/DungeonDash/Content/Level/Level_BuiltData.uasset'
[2025.03.18-14.59.24:749][675]AssetCheck: New page: Asset Save: multiple assets
[2025.03.18-14.59.24:750][675]LogContentValidation: Display: Validating World /Game/Level/Level.Level
[2025.03.18-14.59.24:750][675]LogContentValidation: Display: Validating MapBuildDataRegistry /Game/Level/Level_BuiltData.Level_BuiltData
[2025.03.18-14.59.25:935][815]LogUObjectHash: Compacting FUObjectHashTables data took   0.73ms
[2025.03.18-14.59.25:964][815]LogSlate: Window 'DungeonDash - Unreal Editor' being destroyed
[2025.03.18-14.59.26:092][816]Cmd: QUIT_EDITOR
[2025.03.18-14.59.26:092][816]LogCore: Engine exit requested (reason: UUnrealEdEngine::CloseEditor())
[2025.03.18-14.59.26:101][816]LogCore: Engine exit requested (reason: EngineExit() was called; note: exit was already requested)
[2025.03.18-14.59.26:183][816]LogAudio: Display: Beginning Audio Device Manager Shutdown (Module: AudioMixerXAudio2)...
[2025.03.18-14.59.26:183][816]LogAudio: Display: Destroying 1 Remaining Audio Device(s)...
[2025.03.18-14.59.26:183][816]LogAudio: Display: Audio Device unregistered from world 'Level'.
[2025.03.18-14.59.26:184][816]LogAudioMixer: FMixerPlatformXAudio2::StopAudioStream() called
[2025.03.18-14.59.26:185][816]LogAudioMixer: FMixerPlatformXAudio2::StopAudioStream() called
[2025.03.18-14.59.26:188][816]LogAudio: Display: Audio Device Manager Shutdown
[2025.03.18-14.59.26:198][816]LogExit: Preparing to exit.
[2025.03.18-14.59.26:495][816]LogUObjectHash: Compacting FUObjectHashTables data took   1.02ms
[2025.03.18-14.59.26:683][816]LogDemo: Cleaned up 0 splitscreen connections with owner deletion
[2025.03.18-14.59.26:718][816]LogExit: Editor shut down
[2025.03.18-14.59.26:719][816]LogExit: Transaction tracking system shut down
[2025.03.18-14.59.26:935][816]LogExit: Object subsystem successfully closed.
[2025.03.18-14.59.26:948][816]LogShaderCompilers: Display: === FShaderJobCache stats ===
[2025.03.18-14.59.26:948][816]LogShaderCompilers: Display: Total job queries 48, among them cache hits 0 (0.00%)
[2025.03.18-14.59.26:948][816]LogShaderCompilers: Display: Tracking 48 distinct input hashes that result in 12 distinct outputs (25.00%)
[2025.03.18-14.59.26:948][816]LogShaderCompilers: Display: RAM used: 0.03 MB (0.00 GB) of 819.20 MB (0.80 GB) budget. Usage: 0.00%
[2025.03.18-14.59.26:948][816]LogShaderCompilers: Display: ================================================
[2025.03.18-14.59.26:972][816]LogShaderCompilers: Display: Shaders left to compile 0
[2025.03.18-14.59.27:150][816]LogModuleManager: Shutting down and abandoning module DungeonDash (879)
[2025.03.18-14.59.27:150][816]LogModuleManager: Shutting down and abandoning module MovieSceneCapture (878)
[2025.03.18-14.59.27:150][816]LogModuleManager: Shutting down and abandoning module Voice (876)
[2025.03.18-14.59.27:151][816]LogModuleManager: Shutting down and abandoning module HierarchicalLODUtilities (874)
[2025.03.18-14.59.27:151][816]LogModuleManager: Shutting down and abandoning module HierarchicalLODOutliner (872)
[2025.03.18-14.59.27:151][816]LogModuleManager: Shutting down and abandoning module SceneOutliner (870)
[2025.03.18-14.59.27:151][816]LogModuleManager: Shutting down and abandoning module AddContentDialog (868)
[2025.03.18-14.59.27:151][816]LogModuleManager: Shutting down and abandoning module WidgetCarousel (867)
[2025.03.18-14.59.27:151][816]LogModuleManager: Shutting down and abandoning module EditorWidgets (864)
[2025.03.18-14.59.27:151][816]LogModuleManager: Shutting down and abandoning module StatsViewer (862)
[2025.03.18-14.59.27:152][816]LogModuleManager: Shutting down and abandoning module PIEPreviewDeviceProfileSelector (860)
[2025.03.18-14.59.27:152][816]LogModuleManager: Shutting down and abandoning module SequenceRecorderSections (858)
[2025.03.18-14.59.27:152][816]LogModuleManager: Shutting down and abandoning module AutomationWorker (856)
[2025.03.18-14.59.27:152][816]LogModuleManager: Shutting down and abandoning module SteamVREditor (854)
[2025.03.18-14.59.27:152][816]LogModuleManager: Shutting down and abandoning module OculusMR (852)
[2025.03.18-14.59.27:152][816]LogModuleManager: Shutting down and abandoning module TakeRecorderSources (850)
[2025.03.18-14.59.27:154][816]LogModuleManager: Shutting down and abandoning module TakeRecorder (849)
[2025.03.18-14.59.27:155][816]LogModuleManager: Shutting down and abandoning module TakeTrackRecorders (846)
[2025.03.18-14.59.27:155][816]LogModuleManager: Shutting down and abandoning module TakesCore (844)
[2025.03.18-14.59.27:155][816]LogModuleManager: Shutting down and abandoning module OpenXRInput (842)
[2025.03.18-14.59.27:155][816]LogModuleManager: Shutting down and abandoning module GooglePADEditor (840)
[2025.03.18-14.59.27:155][816]LogModuleManager: Shutting down and abandoning module AudioCaptureEditor (838)
[2025.03.18-14.59.27:155][816]LogModuleManager: Shutting down and abandoning module TemplateSequenceEditor (836)
[2025.03.18-14.59.27:156][816]LogModuleManager: Shutting down and abandoning module MatineeToLevelSequence (834)
[2025.03.18-14.59.27:156][816]LogModuleManager: Shutting down and abandoning module LevelSequenceEditor (832)
[2025.03.18-14.59.27:158][816]LogModuleManager: Shutting down and abandoning module ActorSequenceEditor (830)
[2025.03.18-14.59.27:158][816]LogModuleManager: Shutting down and abandoning module WmfMediaFactory (828)
[2025.03.18-14.59.27:158][816]LogModuleManager: Shutting down and abandoning module WmfMediaEditor (826)
[2025.03.18-14.59.27:158][816]LogModuleManager: Shutting down and abandoning module WebMMediaFactory (824)
[2025.03.18-14.59.27:158][816]LogModuleManager: Shutting down and abandoning module WebMMediaEditor (822)
[2025.03.18-14.59.27:158][816]LogModuleManager: Shutting down and abandoning module WebMMedia (820)
[2025.03.18-14.59.27:159][816]LogModuleManager: Shutting down and abandoning module MediaPlayerEditor (818)
[2025.03.18-14.59.27:160][816]LogModuleManager: Shutting down and abandoning module MediaCompositingEditor (816)
[2025.03.18-14.59.27:161][816]LogModuleManager: Shutting down and abandoning module SequenceRecorder (815)
[2025.03.18-14.59.27:161][816]LogModuleManager: Shutting down and abandoning module OpenExrWrapper (812)
[2025.03.18-14.59.27:161][816]LogModuleManager: Shutting down and abandoning module ImgMediaFactory (810)
[2025.03.18-14.59.27:161][816]LogModuleManager: Shutting down and abandoning module ImgMediaEditor (808)
[2025.03.18-14.59.27:161][816]LogModuleManager: Shutting down and abandoning module AvfMediaFactory (806)
[2025.03.18-14.59.27:161][816]LogModuleManager: Shutting down and abandoning module AvfMediaEditor (804)
[2025.03.18-14.59.27:161][816]LogModuleManager: Shutting down and abandoning module AndroidMediaFactory (802)
[2025.03.18-14.59.27:161][816]LogModuleManager: Shutting down and abandoning module AndroidMediaEditor (800)
[2025.03.18-14.59.27:161][816]LogModuleManager: Shutting down and abandoning module MagicLeapMediaCodecFactory (798)
[2025.03.18-14.59.27:161][816]LogModuleManager: Shutting down and abandoning module MagicLeapMediaFactory (796)
[2025.03.18-14.59.27:161][816]LogModuleManager: Shutting down and abandoning module MagicLeapMediaEditor (794)
[2025.03.18-14.59.27:161][816]LogModuleManager: Shutting down and abandoning module PlanarCut (792)
[2025.03.18-14.59.27:161][816]LogModuleManager: Shutting down and abandoning module CharacterAI (790)
[2025.03.18-14.59.27:161][816]LogModuleManager: Shutting down and abandoning module TextureAlignMode (788)
[2025.03.18-14.59.27:161][816]LogModuleManager: Shutting down and abandoning module BspMode (786)
[2025.03.18-14.59.27:161][816]LogModuleManager: Shutting down and abandoning module GeometryMode (784)
[2025.03.18-14.59.27:162][816]LogModuleManager: Shutting down and abandoning module CameraShakePreviewer (782)
[2025.03.18-14.59.27:162][816]LogModuleManager: Shutting down and abandoning module SmartSnapping (780)
[2025.03.18-14.59.27:162][816]LogModuleManager: Shutting down and abandoning module SessionServices (778)
[2025.03.18-14.59.27:162][816]LogModuleManager: Shutting down and abandoning module MeshPaint (776)
[2025.03.18-14.59.27:163][816]LogModuleManager: Shutting down and abandoning module VirtualTexturingEditor (774)
[2025.03.18-14.59.27:163][816]LogModuleManager: Shutting down and abandoning module FoliageEdit (772)
[2025.03.18-14.59.27:163][816]LogModuleManager: Shutting down and abandoning module LandscapeEditor (770)
[2025.03.18-14.59.27:164][816]LogModuleManager: Shutting down and abandoning module MeshPaintMode (768)
[2025.03.18-14.59.27:165][816]LogModuleManager: Shutting down and abandoning module SceneDepthPickerMode (766)
[2025.03.18-14.59.27:165][816]LogModuleManager: Shutting down and abandoning module ActorPickerMode (764)
[2025.03.18-14.59.27:165][816]LogModuleManager: Shutting down and abandoning module PlacementMode (762)
[2025.03.18-14.59.27:165][816]LogModuleManager: Shutting down and abandoning module ViewportSnapping (760)
[2025.03.18-14.59.27:165][816]LogModuleManager: Shutting down and abandoning module ViewportInteraction (758)
[2025.03.18-14.59.27:165][816]LogModuleManager: Shutting down and abandoning module ClothPainter (756)
[2025.03.18-14.59.27:165][816]LogModuleManager: Shutting down and abandoning module SkeletalMeshEditor (755)
[2025.03.18-14.59.27:166][816]LogModuleManager: Shutting down and abandoning module LogVisualizer (752)
[2025.03.18-14.59.27:167][816]LogModuleManager: Shutting down and abandoning module IntroTutorials (750)
[2025.03.18-14.59.27:169][816]LogModuleManager: Shutting down and abandoning module GameProjectGeneration (749)
[2025.03.18-14.59.27:169][816]LogModuleManager: Shutting down and abandoning module LuminPlatformEditor (746)
[2025.03.18-14.59.27:169][816]LogModuleManager: Shutting down and abandoning module IOSPlatformEditor (744)
[2025.03.18-14.59.27:169][816]LogModuleManager: Shutting down and abandoning module AndroidPlatformEditor (742)
[2025.03.18-14.59.27:169][816]LogModuleManager: Shutting down and abandoning module AndroidDeviceDetection (741)
[2025.03.18-14.59.28:206][816]LogModuleManager: Shutting down and abandoning module WindowsPlatformEditor (738)
[2025.03.18-14.59.28:206][816]LogModuleManager: Shutting down and abandoning module LuminRuntimeSettings (736)
[2025.03.18-14.59.28:206][816]LogModuleManager: Shutting down and abandoning module IOSRuntimeSettings (734)
[2025.03.18-14.59.28:206][816]LogModuleManager: Shutting down and abandoning module AndroidRuntimeSettings (732)
[2025.03.18-14.59.28:206][816]LogModuleManager: Shutting down and abandoning module TraceInsights (730)
[2025.03.18-14.59.28:210][816]MemoryProfiler: Shutdown
[2025.03.18-14.59.28:210][816]NetworkingProfiler: Shutdown
[2025.03.18-14.59.28:210][816]LoadingProfiler: Shutdown
[2025.03.18-14.59.28:211][816]TimingProfiler: Shutdown
[2025.03.18-14.59.28:212][816]LogModuleManager: Shutting down and abandoning module TraceServices (729)
[2025.03.18-14.59.28:213][816]LogModuleManager: Shutting down and abandoning module EditorInteractiveToolsFramework (726)
[2025.03.18-14.59.28:214][816]LogModuleManager: Shutting down and abandoning module TimeManagementEditor (724)
[2025.03.18-14.59.28:214][816]LogModuleManager: Shutting down and abandoning module InputBindingEditor (722)
[2025.03.18-14.59.28:214][816]LogModuleManager: Shutting down and abandoning module MergeActors (720)
[2025.03.18-14.59.28:215][816]LogModuleManager: Shutting down and abandoning module LocalizationDashboard (718)
[2025.03.18-14.59.28:215][816]LogModuleManager: Shutting down and abandoning module LocalizationService (717)
[2025.03.18-14.59.28:216][816]LogModuleManager: Shutting down and abandoning module HardwareTargeting (714)
[2025.03.18-14.59.28:216][816]LogModuleManager: Shutting down and abandoning module DeviceProfileEditor (712)
[2025.03.18-14.59.28:216][816]LogModuleManager: Shutting down and abandoning module UndoHistory (710)
[2025.03.18-14.59.28:216][816]LogModuleManager: Shutting down and abandoning module XmlParser (708)
[2025.03.18-14.59.28:216][816]LogModuleManager: Shutting down and abandoning module Blutility (706)
[2025.03.18-14.59.28:217][816]LogModuleManager: Shutting down and abandoning module ProjectSettingsViewer (704)
[2025.03.18-14.59.28:217][816]LogModuleManager: Shutting down and abandoning module ProjectTargetPlatformEditor (703)
[2025.03.18-14.59.28:217][816]LogModuleManager: Shutting down and abandoning module EditorSettingsViewer (700)
[2025.03.18-14.59.28:217][816]LogModuleManager: Shutting down and abandoning module InternationalizationSettings (699)
[2025.03.18-14.59.28:217][816]LogModuleManager: Shutting down and abandoning module SettingsEditor (696)
[2025.03.18-14.59.28:217][816]LogModuleManager: Shutting down and abandoning module ProjectLauncher (694)
[2025.03.18-14.59.28:218][816]LogModuleManager: Shutting down and abandoning module SessionFrontend (692)
[2025.03.18-14.59.28:218][816]LogModuleManager: Shutting down and abandoning module ProfilerClient (690)
[2025.03.18-14.59.28:218][816]LogModuleManager: Shutting down and abandoning module DeviceManager (688)
[2025.03.18-14.59.28:219][816]LogModuleManager: Shutting down and abandoning module TargetDeviceServices (687)
[2025.03.18-14.59.28:251][816]LogModuleManager: Shutting down and abandoning module AutomationController (684)
[2025.03.18-14.59.28:252][816]LogModuleManager: Shutting down and abandoning module AutomationWindow (682)
[2025.03.18-14.59.28:252][816]LogModuleManager: Shutting down and abandoning module Layers (680)
[2025.03.18-14.59.28:254][816]LogModuleManager: Shutting down and abandoning module ComponentVisualizers (678)
[2025.03.18-14.59.28:254][816]LogModuleManager: Shutting down and abandoning module DetailCustomizations (676)
[2025.03.18-14.59.28:254][816]LogModuleManager: Shutting down and abandoning module PackagesDialog (674)
[2025.03.18-14.59.28:254][816]LogModuleManager: Shutting down and abandoning module AnimationBlueprintEditor (672)
[2025.03.18-14.59.28:255][816]LogModuleManager: Shutting down and abandoning module Persona (670)
[2025.03.18-14.59.28:257][816]LogModuleManager: Shutting down and abandoning module AdvancedPreviewScene (669)
[2025.03.18-14.59.28:257][816]LogModuleManager: Shutting down and abandoning module Kismet (666)
[2025.03.18-14.59.28:258][816]LogModuleManager: Shutting down and abandoning module KismetWidgets (665)
[2025.03.18-14.59.28:259][816]LogModuleManager: Shutting down and abandoning module GraphEditor (662)
[2025.03.18-14.59.28:260][816]LogModuleManager: Shutting down and abandoning module StructViewer (660)
[2025.03.18-14.59.28:261][816]LogModuleManager: Shutting down and abandoning module ClassViewer (658)
[2025.03.18-14.59.28:261][816]LogModuleManager: Shutting down and abandoning module Toolbox (656)
[2025.03.18-14.59.28:261][816]LogModuleManager: Shutting down and abandoning module ModuleUI (654)
[2025.03.18-14.59.28:261][816]LogModuleManager: Shutting down and abandoning module OutputLog (652)
[2025.03.18-14.59.28:262][816]LogModuleManager: Shutting down and abandoning module GammaUI (650)
[2025.03.18-14.59.28:262][816]LogModuleManager: Shutting down and abandoning module Documentation (648)
[2025.03.18-14.59.28:262][816]LogModuleManager: Shutting down and abandoning module LiveCoding (646)
[2025.03.18-14.59.28:263][816]LogModuleManager: Shutting down and abandoning module LevelSequence (644)
[2025.03.18-14.59.28:263][816]LogModuleManager: Shutting down and abandoning module MovieSceneTracks (642)
[2025.03.18-14.59.28:263][816]LogModuleManager: Shutting down and abandoning module MovieScene (640)
[2025.03.18-14.59.28:264][816]LogModuleManager: Shutting down and abandoning module StreamingPauseRendering (638)
[2025.03.18-14.59.28:265][816]LogModuleManager: Shutting down and abandoning module LauncherPlatform (636)
[2025.03.18-14.59.28:265][816]LogModuleManager: Shutting down and abandoning module AnalyticsET (634)
[2025.03.18-14.59.28:265][816]LogModuleManager: Shutting down and abandoning module PortalServices (632)
[2025.03.18-14.59.28:265][816]LogModuleManager: Shutting down and abandoning module PortalRpc (630)
[2025.03.18-14.59.28:265][816]LogModuleManager: Shutting down and abandoning module MessagingRpc (628)
[2025.03.18-14.59.28:265][816]LogModuleManager: Shutting down and abandoning module AudioMixerXAudio2 (626)
[2025.03.18-14.59.28:265][816]LogModuleManager: Shutting down and abandoning module AudioMixerCore (625)
[2025.03.18-14.59.28:265][816]LogModuleManager: Shutting down and abandoning module AIModule (622)
[2025.03.18-14.59.28:265][816]LogModuleManager: Shutting down and abandoning module GameplayDebugger (621)
[2025.03.18-14.59.28:265][816]LogModuleManager: Shutting down and abandoning module AITestSuite (619)
[2025.03.18-14.59.28:265][816]LogModuleManager: Shutting down and abandoning module NavigationSystem (617)
[2025.03.18-14.59.28:265][816]LogModuleManager: Shutting down and abandoning module ImageWriteQueue (614)
[2025.03.18-14.59.28:265][816]LogModuleManager: Shutting down and abandoning module ProfilerService (612)
[2025.03.18-14.59.28:402][816]LogModuleManager: Shutting down and abandoning module TaskGraph (610)
[2025.03.18-14.59.28:403][816]LogModuleManager: Shutting down and abandoning module AudioSynesthesiaEditor (608)
[2025.03.18-14.59.28:403][816]LogModuleManager: Shutting down and abandoning module OculusEditor (606)
[2025.03.18-14.59.28:406][816]LogModuleManager: Shutting down and abandoning module OculusInput (604)
[2025.03.18-14.59.28:406][816]LogModuleManager: Shutting down and abandoning module ContentBrowserFileDataSource (602)
[2025.03.18-14.59.28:406][816]LogModuleManager: Shutting down and abandoning module ContentBrowserClassDataSource (600)
[2025.03.18-14.59.28:406][816]LogModuleManager: Shutting down and abandoning module ContentBrowserAssetDataSource (598)
[2025.03.18-14.59.28:406][816]LogModuleManager: Shutting down and abandoning module CollectionManager (597)
[2025.03.18-14.59.28:406][816]LogModuleManager: Shutting down and abandoning module TakeSequencer (594)
[2025.03.18-14.59.28:407][816]LogModuleManager: Shutting down and abandoning module TakeMovieScene (592)
[2025.03.18-14.59.28:407][816]LogModuleManager: Shutting down and abandoning module ScreenshotTools (590)
[2025.03.18-14.59.28:407][816]LogModuleManager: Shutting down and abandoning module SynthesisEditor (588)
[2025.03.18-14.59.28:407][816]LogModuleManager: Shutting down and abandoning module Synthesis (586)
[2025.03.18-14.59.28:408][816]LogModuleManager: Shutting down and abandoning module ProceduralMeshComponentEditor (584)
[2025.03.18-14.59.28:408][816]LogModuleManager: Shutting down and abandoning module ProceduralMeshComponent (582)
[2025.03.18-14.59.28:408][816]LogModuleManager: Shutting down and abandoning module OpenXREditor (580)
[2025.03.18-14.59.28:408][816]LogModuleManager: Shutting down and abandoning module MobilePatchingUtils (578)
[2025.03.18-14.59.28:408][816]LogModuleManager: Shutting down and abandoning module GooglePAD (576)
[2025.03.18-14.59.28:408][816]LogModuleManager: Shutting down and abandoning module EditableMesh (574)
[2025.03.18-14.59.28:408][816]LogModuleManager: Shutting down and abandoning module CustomMeshComponent (572)
[2025.03.18-14.59.28:408][816]LogModuleManager: Shutting down and abandoning module CableComponent (570)
[2025.03.18-14.59.28:408][816]LogModuleManager: Shutting down and abandoning module AudioCapture (568)
[2025.03.18-14.59.28:408][816]LogModuleManager: Shutting down and abandoning module AudioCaptureRtAudio (567)
[2025.03.18-14.59.28:409][816]LogModuleManager: Shutting down and abandoning module AssetTags (564)
[2025.03.18-14.59.28:409][816]LogModuleManager: Shutting down and abandoning module ArchVisCharacter (562)
[2025.03.18-14.59.28:409][816]LogModuleManager: Shutting down and abandoning module AppleImageUtilsBlueprintSupport (560)
[2025.03.18-14.59.28:409][816]LogModuleManager: Shutting down and abandoning module AppleImageUtils (558)
[2025.03.18-14.59.28:409][816]LogModuleManager: Shutting down and abandoning module AndroidPermission (556)
[2025.03.18-14.59.28:409][816]LogModuleManager: Shutting down and abandoning module ActorLayerUtilitiesEditor (554)
[2025.03.18-14.59.28:409][816]LogModuleManager: Shutting down and abandoning module ActorLayerUtilities (552)
[2025.03.18-14.59.28:409][816]LogModuleManager: Shutting down and abandoning module TemplateSequence (550)
[2025.03.18-14.59.28:409][816]LogModuleManager: Shutting down and abandoning module MediaCompositing (548)
[2025.03.18-14.59.28:409][816]LogModuleManager: Shutting down and abandoning module ImgMedia (546)
[2025.03.18-14.59.28:409][816]LogModuleManager: Shutting down and abandoning module MagicLeapSharedWorld (544)
[2025.03.18-14.59.28:409][816]LogModuleManager: Shutting down and abandoning module MagicLeapLightEstimation (542)
[2025.03.18-14.59.28:409][816]LogModuleManager: Shutting down and abandoning module MagicLeapHelperVulkan (540)
[2025.03.18-14.59.28:409][816]LogModuleManager: Shutting down and abandoning module MagicLeapHelperOpenGL (538)
[2025.03.18-14.59.28:409][816]LogModuleManager: Shutting down and abandoning module MagicLeapAudio (536)
[2025.03.18-14.59.28:410][816]LogModuleManager: Shutting down and abandoning module NiagaraEditorWidgets (534)
[2025.03.18-14.59.28:412][816]LogModuleManager: Shutting down and abandoning module OpenImageDenoise (532)
[2025.03.18-14.59.28:412][816]LogOpenImageDenoise: OIDN shutting down
[2025.03.18-14.59.28:412][816]LogModuleManager: Shutting down and abandoning module MotoSynthEditor (530)
[2025.03.18-14.59.28:412][816]LogModuleManager: Shutting down and abandoning module MotoSynth (528)
[2025.03.18-14.59.28:412][816]LogModuleManager: Shutting down and abandoning module MeshConversion (526)
[2025.03.18-14.59.28:412][816]LogModuleManager: Shutting down and abandoning module DynamicMesh (524)
[2025.03.18-14.59.28:413][816]LogModuleManager: Shutting down and abandoning module GeometryAlgorithms (522)
[2025.03.18-14.59.28:413][816]LogModuleManager: Shutting down and abandoning module GeometricObjects (520)
[2025.03.18-14.59.28:414][816]LogModuleManager: Shutting down and abandoning module GeometryCollectionTracks (518)
[2025.03.18-14.59.28:414][816]LogModuleManager: Shutting down and abandoning module GeometryCollectionSequencer (517)
[2025.03.18-14.59.28:414][816]LogModuleManager: Shutting down and abandoning module GeometryCollectionEditor (514)
[2025.03.18-14.59.28:414][816]LogModuleManager: Shutting down and abandoning module GeometryCacheTracks (512)
[2025.03.18-14.59.28:414][816]LogModuleManager: Shutting down and abandoning module GeometryCacheStreamer (510)
[2025.03.18-14.59.28:414][816]LogModuleManager: Shutting down and abandoning module GeometryCacheSequencer (508)
[2025.03.18-14.59.28:414][816]LogModuleManager: Shutting down and abandoning module ChaosSolverEditor (506)
[2025.03.18-14.59.28:414][816]LogModuleManager: Shutting down and abandoning module ChaosNiagara (504)
[2025.03.18-14.59.28:415][816]LogModuleManager: Shutting down and abandoning module FractureEditor (502)
[2025.03.18-14.59.28:415][816]LogModuleManager: Shutting down and abandoning module FieldSystemEngine (501)
[2025.03.18-14.59.28:415][816]LogModuleManager: Shutting down and abandoning module ChaosClothEditor (498)
[2025.03.18-14.59.28:415][816]LogModuleManager: Shutting down and abandoning module BackChannel (496)
[2025.03.18-14.59.28:415][816]LogModuleManager: Shutting down and abandoning module AutomationUtilsEditor (494)
[2025.03.18-14.59.28:415][816]LogModuleManager: Shutting down and abandoning module AutomationUtils (492)
[2025.03.18-14.59.28:415][816]LogModuleManager: Shutting down and abandoning module VariantManagerContentEditor (490)
[2025.03.18-14.59.28:415][816]LogModuleManager: Shutting down and abandoning module AlembicImporter (488)
[2025.03.18-14.59.28:415][816]LogModuleManager: Shutting down and abandoning module AlembicLibrary (487)
[2025.03.18-14.59.28:415][816]LogModuleManager: Shutting down and abandoning module GeometryCache (486)
[2025.03.18-14.59.28:415][816]LogModuleManager: Shutting down and abandoning module GeometryCacheEd (485)
[2025.03.18-14.59.28:415][816]LogModuleManager: Shutting down and abandoning module DatasmithContentEditor (480)
[2025.03.18-14.59.28:416][816]LogModuleManager: Shutting down and abandoning module VisualStudioSourceCodeAccess (478)
[2025.03.18-14.59.28:416][816]LogModuleManager: Shutting down and abandoning module VisualStudioCodeSourceCodeAccess (476)
[2025.03.18-14.59.28:416][816]LogModuleManager: Shutting down and abandoning module UObjectPlugin (474)
[2025.03.18-14.59.28:416][816]LogModuleManager: Shutting down and abandoning module RiderSourceCodeAccess (472)
[2025.03.18-14.59.28:416][816]LogModuleManager: Shutting down and abandoning module SubversionSourceControl (470)
[2025.03.18-14.59.28:416][816]LogModuleManager: Shutting down and abandoning module PluginUtils (468)
[2025.03.18-14.59.28:417][816]LogModuleManager: Shutting down and abandoning module PlasticSourceControl (466)
[2025.03.18-14.59.28:417][816]LogModuleManager: Shutting down and abandoning module PerforceSourceControl (464)
[2025.03.18-14.59.28:418][816]LogModuleManager: Shutting down and abandoning module GitSourceControl (462)
[2025.03.18-14.59.28:418][816]LogModuleManager: Shutting down and abandoning module SourceControl (461)
[2025.03.18-14.59.28:418][816]LogModuleManager: Shutting down and abandoning module CLionSourceCodeAccess (458)
[2025.03.18-14.59.28:418][816]LogModuleManager: Shutting down and abandoning module SpeedTreeImporter (456)
[2025.03.18-14.59.28:418][816]LogModuleManager: Shutting down and abandoning module AnimationSharingEd (454)
[2025.03.18-14.59.28:418][816]LogModuleManager: Shutting down and abandoning module PluginBrowser (452)
[2025.03.18-14.59.28:420][816]LogModuleManager: Shutting down and abandoning module MobileLauncherProfileWizard (450)
[2025.03.18-14.59.28:421][816]LogModuleManager: Shutting down and abandoning module MaterialAnalyzer (448)
[2025.03.18-14.59.28:421][816]LogModuleManager: Shutting down and abandoning module CurveEditorTools (446)
[2025.03.18-14.59.28:421][816]LogModuleManager: Shutting down and abandoning module CryptoKeysOpenSSL (444)
[2025.03.18-14.59.28:421][816]LogModuleManager: Shutting down and abandoning module CryptoKeys (442)
[2025.03.18-14.59.28:421][816]LogModuleManager: Shutting down and abandoning module OodleNetworkHandlerComponent (440)
[2025.03.18-14.59.28:421][816]LogModuleManager: Shutting down and abandoning module LightPropagationVolumeEditor (438)
[2025.03.18-14.59.28:421][816]LogModuleManager: Shutting down and abandoning module LiveLinkSequencer (436)
[2025.03.18-14.59.28:422][816]LogModuleManager: Shutting down and abandoning module LiveLinkMovieScene (434)
[2025.03.18-14.59.28:422][816]LogModuleManager: Shutting down and abandoning module LiveLinkGraphNode (432)
[2025.03.18-14.59.28:422][816]LogModuleManager: Shutting down and abandoning module LiveLinkEditor (430)
[2025.03.18-14.59.28:422][816]LogModuleManager: Shutting down and abandoning module LiveLinkComponents (428)
[2025.03.18-14.59.28:422][816]LogModuleManager: Shutting down and abandoning module LiveLink (426)
[2025.03.18-14.59.29:084][816]LogModuleManager: Shutting down and abandoning module PaperTiledImporter (424)
[2025.03.18-14.59.29:084][816]LogModuleManager: Shutting down and abandoning module PaperSpriteSheetImporter (422)
[2025.03.18-14.59.29:085][816]LogModuleManager: Shutting down and abandoning module Paper2DEditor (420)
[2025.03.18-14.59.29:087][816]LogModuleManager: Shutting down and abandoning module MeshPaintingToolset (418)
[2025.03.18-14.59.29:087][816]LogModuleManager: Shutting down and abandoning module MeshPaintEditorMode (416)
[2025.03.18-14.59.29:087][816]LogModuleManager: Shutting down and abandoning module AnimGraph (413)
[2025.03.18-14.59.29:088][816]LogModuleManager: Shutting down and abandoning module SoundFields (410)
[2025.03.18-14.59.29:088][816]LogModuleManager: Shutting down and abandoning module SignificanceManager (408)
[2025.03.18-14.59.29:088][816]LogModuleManager: Shutting down and abandoning module RuntimePhysXCooking (406)
[2025.03.18-14.59.29:088][816]LogModuleManager: Shutting down and abandoning module PropertyAccessEditor (404)
[2025.03.18-14.59.29:088][816]LogModuleManager: Shutting down and abandoning module PhysXVehiclesEditor (402)
[2025.03.18-14.59.29:088][816]LogModuleManager: Shutting down and abandoning module LocationServicesBPLibrary (398)
[2025.03.18-14.59.29:088][816]LogModuleManager: Shutting down and abandoning module AudioSynesthesia (396)
[2025.03.18-14.59.29:088][816]LogModuleManager: Shutting down and abandoning module AudioSynesthesiaCore (394)
[2025.03.18-14.59.29:088][816]LogModuleManager: Shutting down and abandoning module ActorSequence (392)
[2025.03.18-14.59.29:088][816]LogModuleManager: Shutting down and abandoning module TcpMessaging (390)
[2025.03.18-14.59.29:190][816]LogModuleManager: Shutting down and abandoning module UdpMessaging (388)
[2025.03.18-14.59.29:291][816]LogModuleManager: Shutting down and abandoning module ImgMediaEngine (386)
[2025.03.18-14.59.29:291][816]LogModuleManager: Shutting down and abandoning module MagicLeapARPin (384)
[2025.03.18-14.59.29:291][816]LogModuleManager: Shutting down and abandoning module MagicLeapHandMeshing (382)
[2025.03.18-14.59.29:291][816]LogModuleManager: Shutting down and abandoning module MagicLeapSecureStorage (380)
[2025.03.18-14.59.29:291][816]LogModuleManager: Shutting down and abandoning module MagicLeapPrivileges (378)
[2025.03.18-14.59.29:292][816]LogModuleManager: Shutting down and abandoning module MagicLeapPlanes (376)
[2025.03.18-14.59.29:292][816]LogMagicLeapPlanes: Planes tracker already destroyed.
[2025.03.18-14.59.29:292][816]LogModuleManager: Shutting down and abandoning module MagicLeapImageTracker (374)
[2025.03.18-14.59.29:292][816]LogModuleManager: Shutting down and abandoning module MagicLeapIdentity (372)
[2025.03.18-14.59.29:292][816]LogModuleManager: Shutting down and abandoning module MagicLeapHandTracking (370)
[2025.03.18-14.59.29:293][816]LogModuleManager: Shutting down and abandoning module MagicLeapEyeTracker (368)
[2025.03.18-14.59.29:293][816]LogModuleManager: Shutting down and abandoning module MagicLeapController (366)
[2025.03.18-14.59.29:293][816]LogModuleManager: Shutting down and abandoning module MagicLeapARPinImpl (364)
[2025.03.18-14.59.29:293][816]LogModuleManager: Shutting down and abandoning module MagicLeapAR (362)
[2025.03.18-14.59.29:293][816]LogModuleManager: Shutting down and abandoning module NiagaraAnimNotifies (360)
[2025.03.18-14.59.29:293][816]LogModuleManager: Shutting down and abandoning module Niagara (358)
[2025.03.18-14.59.29:294][816]LogModuleManager: Shutting down and abandoning module SignalProcessing (357)
[2025.03.18-14.59.29:294][816]LogModuleManager: Shutting down and abandoning module NiagaraEditor (355)
[2025.03.18-14.59.29:295][816]LogModuleManager: Shutting down and abandoning module NiagaraCore (352)
[2025.03.18-14.59.29:295][816]LogModuleManager: Shutting down and abandoning module PythonScriptPlugin (350)
[2025.03.18-14.59.29:295][816]LogModuleManager: Shutting down and abandoning module PropertyAccessNode (348)
[2025.03.18-14.59.29:295][816]LogModuleManager: Shutting down and abandoning module AnimationSharing (346)
[2025.03.18-14.59.29:295][816]LogModuleManager: Shutting down and abandoning module GameplayTagsEditor (344)
[2025.03.18-14.59.29:295][816]LogModuleManager: Shutting down and abandoning module FacialAnimationEditor (342)
[2025.03.18-14.59.29:295][816]LogModuleManager: Shutting down and abandoning module FacialAnimation (340)
[2025.03.18-14.59.29:295][816]LogModuleManager: Shutting down and abandoning module DataValidation (338)
[2025.03.18-14.59.29:295][816]LogModuleManager: Shutting down and abandoning module AssetManagerEditor (336)
[2025.03.18-14.59.29:296][816]LogModuleManager: Shutting down and abandoning module LevelEditor (335)
[2025.03.18-14.59.29:297][816]LogModuleManager: Shutting down and abandoning module PixelInspectorModule (334)
[2025.03.18-14.59.29:297][816]LogModuleManager: Shutting down and abandoning module CommonMenuExtensions (332)
[2025.03.18-14.59.29:298][816]LogModuleManager: Shutting down and abandoning module MainFrame (330)
[2025.03.18-14.59.29:298][816]LogModuleManager: Shutting down and abandoning module HotReload (329)
[2025.03.18-14.59.29:299][816]LogModuleManager: Shutting down and abandoning module ToolMenus (325)
[2025.03.18-14.59.29:299][816]LogModuleManager: Shutting down and abandoning module ContentBrowser (323)
[2025.03.18-14.59.29:299][816]LogModuleManager: Shutting down and abandoning module ContentBrowserData (322)
[2025.03.18-14.59.29:299][816]LogModuleManager: Shutting down and abandoning module TreeMap (319)
[2025.03.18-14.59.29:300][816]LogModuleManager: Shutting down and abandoning module GameplayCameras (316)
[2025.03.18-14.59.29:300][816]LogModuleManager: Shutting down and abandoning module LightPropagationVolumeRuntime (314)
[2025.03.18-14.59.29:300][816]LogModuleManager: Shutting down and abandoning module EnvironmentQueryEditor (312)
[2025.03.18-14.59.29:301][816]LogModuleManager: Shutting down and abandoning module Paper2D (310)
[2025.03.18-14.59.29:301][816]LogModuleManager: Shutting down and abandoning module WindowsMoviePlayer (308)
[2025.03.18-14.59.29:302][816]LogModuleManager: Shutting down and abandoning module WebMMoviePlayer (306)
[2025.03.18-14.59.29:302][816]LogModuleManager: Shutting down and abandoning module NetworkReplayStreaming (304)
[2025.03.18-14.59.29:302][816]LogModuleManager: Shutting down and abandoning module PacketHandler (302)
[2025.03.18-14.59.29:302][816]LogModuleManager: Shutting down and abandoning module ClothingSystemEditor (300)
[2025.03.18-14.59.29:302][816]LogModuleManager: Shutting down and abandoning module ClothingSystemRuntimeNv (298)
[2025.03.18-14.59.29:303][816]LogModuleManager: Shutting down and abandoning module MediaAssets (296)
[2025.03.18-14.59.29:303][816]LogModuleManager: Shutting down and abandoning module Overlay (294)
[2025.03.18-14.59.29:303][816]LogModuleManager: Shutting down and abandoning module OverlayEditor (293)
[2025.03.18-14.59.29:303][816]LogModuleManager: Shutting down and abandoning module VREditor (290)
[2025.03.18-14.59.29:303][816]LogModuleManager: Shutting down and abandoning module StringTableEditor (288)
[2025.03.18-14.59.29:304][816]LogModuleManager: Shutting down and abandoning module GameplayTasksEditor (286)
[2025.03.18-14.59.29:304][816]LogModuleManager: Shutting down and abandoning module BehaviorTreeEditor (284)
[2025.03.18-14.59.29:305][816]LogModuleManager: Shutting down and abandoning module FunctionalTesting (282)
[2025.03.18-14.59.29:305][816]LogModuleManager: Shutting down and abandoning module CollisionAnalyzer (280)
[2025.03.18-14.59.29:306][816]LogModuleManager: Shutting down and abandoning module WorkspaceMenuStructure (279)
[2025.03.18-14.59.29:306][816]LogModuleManager: Shutting down and abandoning module UMG (276)
[2025.03.18-14.59.29:307][816]LogModuleManager: Shutting down and abandoning module UMGEditor (275)
[2025.03.18-14.59.29:307][816]LogModuleManager: Shutting down and abandoning module MessageLog (273)
[2025.03.18-14.59.29:307][816]LogModuleManager: Shutting down and abandoning module SlateReflector (268)
[2025.03.18-14.59.29:309][816]LogModuleManager: Shutting down and abandoning module Slate (266)
[2025.03.18-14.59.29:309][816]LogModuleManager: Shutting down and abandoning module SlateCore (264)
[2025.03.18-14.59.29:310][816]LogModuleManager: Shutting down and abandoning module LandscapeEditorUtilities (262)
[2025.03.18-14.59.29:310][816]LogModuleManager: Shutting down and abandoning module UnrealEd (260)
[2025.03.18-14.59.29:310][816]LogModuleManager: Shutting down and abandoning module MRMesh (258)
[2025.03.18-14.59.29:310][816]LogModuleManager: Shutting down and abandoning module SourceCodeAccess (256)
[2025.03.18-14.59.29:310][816]LogModuleManager: Shutting down and abandoning module HeadMountedDisplay (254)
[2025.03.18-14.59.29:310][816]LogModuleManager: Shutting down and abandoning module XAudio2 (252)
[2025.03.18-14.59.29:310][816]LogModuleManager: Shutting down and abandoning module Networking (250)
[2025.03.18-14.59.29:310][816]LogModuleManager: Shutting down and abandoning module Core (248)
[2025.03.18-14.59.29:310][816]LogModuleManager: Shutting down and abandoning module MaterialEditor (246)
[2025.03.18-14.59.29:311][816]LogModuleManager: Shutting down and abandoning module MovieSceneTools (244)
[2025.03.18-14.59.29:312][816]LogModuleManager: Shutting down and abandoning module CurveEditor (243)
[2025.03.18-14.59.29:313][816]LogModuleManager: Shutting down and abandoning module Sequencer (241)
[2025.03.18-14.59.29:314][816]LogModuleManager: Shutting down and abandoning module EditorStyle (240)
[2025.03.18-14.59.29:315][816]LogModuleManager: Shutting down and abandoning module KismetCompiler (236)
[2025.03.18-14.59.29:315][816]LogModuleManager: Shutting down and abandoning module MeshBuilder (234)
[2025.03.18-14.59.29:315][816]LogModuleManager: Shutting down and abandoning module MeshUtilities (232)
[2025.03.18-14.59.29:315][816]LogModuleManager: Shutting down and abandoning module MeshMergeUtilities (231)
[2025.03.18-14.59.29:316][816]LogModuleManager: Shutting down and abandoning module MeshReductionInterface (230)
[2025.03.18-14.59.29:316][816]LogModuleManager: Shutting down and abandoning module MeshBoneReduction (229)
[2025.03.18-14.59.29:316][816]LogModuleManager: Shutting down and abandoning module SkeletalMeshReduction (227)
[2025.03.18-14.59.29:316][816]LogModuleManager: Shutting down and abandoning module ProxyLODMeshReduction (225)
[2025.03.18-14.59.29:317][816]LogModuleManager: Shutting down and abandoning module QuadricMeshReduction (223)
[2025.03.18-14.59.29:317][816]LogModuleManager: Shutting down and abandoning module MaterialBaking (219)
[2025.03.18-14.59.29:317][816]LogModuleManager: Shutting down and abandoning module NullInstallBundleManager (214)
[2025.03.18-14.59.29:317][816]LogModuleManager: Shutting down and abandoning module DerivedDataCache (212)
[2025.03.18-14.59.29:318][816]LogModuleManager: Shutting down and abandoning module TargetPlatform (210)
[2025.03.18-14.59.29:318][816]LogModuleManager: Shutting down and abandoning module VulkanShaderFormat (209)
[2025.03.18-14.59.29:319][816]LogModuleManager: Shutting down and abandoning module ShaderFormatVectorVM (207)
[2025.03.18-14.59.29:320][816]LogModuleManager: Shutting down and abandoning module ShaderFormatOpenGL (205)
[2025.03.18-14.59.29:320][816]LogModuleManager: Shutting down and abandoning module ShaderFormatD3D (203)
[2025.03.18-14.59.29:320][816]LogModuleManager: Shutting down and abandoning module MetalShaderFormat (201)
[2025.03.18-14.59.29:321][816]LogModuleManager: Shutting down and abandoning module TextureFormatOodle (199)
[2025.03.18-14.59.29:321][816]LogModuleManager: Shutting down and abandoning module TextureFormatUncompressed (197)
[2025.03.18-14.59.29:321][816]LogModuleManager: Shutting down and abandoning module TextureFormatPVR (195)
[2025.03.18-14.59.29:321][816]LogModuleManager: Shutting down and abandoning module TextureFormatETC2 (193)
[2025.03.18-14.59.29:321][816]LogModuleManager: Shutting down and abandoning module TextureFormatDXT (191)
[2025.03.18-14.59.29:321][816]LogModuleManager: Shutting down and abandoning module TextureFormatIntelISPCTexComp (189)
[2025.03.18-14.59.29:322][816]LogModuleManager: Shutting down and abandoning module TextureFormatASTC (187)
[2025.03.18-14.59.29:322][816]LogModuleManager: Shutting down and abandoning module ImageWrapper (186)
[2025.03.18-14.59.29:322][816]LogModuleManager: Shutting down and abandoning module AudioFormatOpus (183)
[2025.03.18-14.59.29:322][816]LogModuleManager: Shutting down and abandoning module AudioFormatOgg (181)
[2025.03.18-14.59.29:322][816]LogModuleManager: Shutting down and abandoning module AudioFormatADPCM (179)
[2025.03.18-14.59.29:322][816]LogModuleManager: Shutting down and abandoning module WindowsServerTargetPlatform (177)
[2025.03.18-14.59.29:322][816]LogModuleManager: Shutting down and abandoning module WindowsClientTargetPlatform (175)
[2025.03.18-14.59.29:322][816]LogModuleManager: Shutting down and abandoning module WindowsTargetPlatform (173)
[2025.03.18-14.59.29:322][816]LogModuleManager: Shutting down and abandoning module WindowsNoEditorTargetPlatform (171)
[2025.03.18-14.59.29:322][816]LogModuleManager: Shutting down and abandoning module TVOSTargetPlatform (169)
[2025.03.18-14.59.29:322][816]LogModuleManager: Shutting down and abandoning module MacServerTargetPlatform (167)
[2025.03.18-14.59.29:322][816]LogModuleManager: Shutting down and abandoning module MacClientTargetPlatform (165)
[2025.03.18-14.59.29:322][816]LogModuleManager: Shutting down and abandoning module MacTargetPlatform (163)
[2025.03.18-14.59.29:323][816]LogModuleManager: Shutting down and abandoning module MacNoEditorTargetPlatform (161)
[2025.03.18-14.59.29:323][816]LogModuleManager: Shutting down and abandoning module LuminTargetPlatform (159)
[2025.03.18-14.59.29:323][816]LogModuleManager: Shutting down and abandoning module LinuxAArch64ServerTargetPlatform (157)
[2025.03.18-14.59.29:324][816]LogModuleManager: Shutting down and abandoning module LinuxAArch64ClientTargetPlatform (155)
[2025.03.18-14.59.29:324][816]LogModuleManager: Shutting down and abandoning module LinuxAArch64NoEditorTargetPlatform (153)
[2025.03.18-14.59.29:324][816]LogModuleManager: Shutting down and abandoning module LinuxServerTargetPlatform (151)
[2025.03.18-14.59.29:324][816]LogModuleManager: Shutting down and abandoning module LinuxClientTargetPlatform (149)
[2025.03.18-14.59.29:324][816]LogModuleManager: Shutting down and abandoning module LinuxNoEditorTargetPlatform (147)
[2025.03.18-14.59.29:324][816]LogModuleManager: Shutting down and abandoning module LinuxTargetPlatform (145)
[2025.03.18-14.59.29:324][816]LogModuleManager: Shutting down and abandoning module Messaging (143)
[2025.03.18-14.59.29:324][816]LogModuleManager: Shutting down and abandoning module IOSTargetPlatform (141)
[2025.03.18-14.59.29:324][816]LogModuleManager: Shutting down and abandoning module AndroidTargetPlatform (139)
[2025.03.18-14.59.29:329][816]LogModuleManager: Shutting down and abandoning module AllDesktopTargetPlatform (137)
[2025.03.18-14.59.29:329][816]LogModuleManager: Shutting down and abandoning module D3D11RHI (134)
[2025.03.18-14.59.29:329][816]LogModuleManager: Shutting down and abandoning module InputCore (132)
[2025.03.18-14.59.29:329][816]LogModuleManager: Shutting down and abandoning module Settings (130)
[2025.03.18-14.59.29:329][816]LogModuleManager: Shutting down and abandoning module DirectoryWatcher (128)
[2025.03.18-14.59.29:329][816]LogModuleManager: Shutting down and abandoning module PhysXCooking (126)
[2025.03.18-14.59.29:329][816]LogModuleManager: Shutting down and abandoning module Chaos (124)
[2025.03.18-14.59.29:330][816]LogModuleManager: Shutting down and abandoning module WindowsPlatformFeatures (122)
[2025.03.18-14.59.29:330][816]LogModuleManager: Shutting down and abandoning module GameplayMediaEncoder (121)
[2025.03.18-14.59.29:330][816]LogModuleManager: Shutting down and abandoning module AVEncoder (120)
[2025.03.18-14.59.29:330][816]LogModuleManager: Shutting down and abandoning module SteamVRInputDevice (116)
[2025.03.18-14.59.29:330][816]LogModuleManager: Shutting down and abandoning module SteamVRInput (114)
[2025.03.18-14.59.29:330][816]LogModuleManager: Shutting down and abandoning module SteamVR (112)
[2025.03.18-14.59.29:330][816]LogHMD: Freeing OpenVRDLLHandle.
[2025.03.18-14.59.29:331][816]LogModuleManager: Shutting down and abandoning module OculusHMD (110)
[2025.03.18-14.59.29:331][816]LogModuleManager: Shutting down and abandoning module OpenXRHandTracking (108)
[2025.03.18-14.59.29:331][816]LogSlate: Slate User Destroyed.  User Index 0, Is Virtual User: 0
[2025.03.18-14.59.29:331][816]LogModuleManager: Shutting down and abandoning module OpenXREyeTracker (106)
[2025.03.18-14.59.29:331][816]LogModuleManager: Shutting down and abandoning module OpenXRAR (104)
[2025.03.18-14.59.29:331][816]LogModuleManager: Shutting down and abandoning module AugmentedReality (103)
[2025.03.18-14.59.29:331][816]LogModuleManager: Shutting down and abandoning module OpenXRHMD (100)
[2025.03.18-14.59.29:333][816]LogModuleManager: Shutting down and abandoning module ExampleDeviceProfileSelector (98)
[2025.03.18-14.59.29:333][816]LogModuleManager: Shutting down and abandoning module ChunkDownloader (96)
[2025.03.18-14.59.29:333][816]LogModuleManager: Shutting down and abandoning module OnlineBlueprintSupport (94)
[2025.03.18-14.59.29:333][816]LogModuleManager: Shutting down and abandoning module LauncherChunkInstaller (90)
[2025.03.18-14.59.29:333][816]LogModuleManager: Shutting down and abandoning module OnlineSubsystem (88)
[2025.03.18-14.59.29:335][816]LogModuleManager: Shutting down and abandoning module XMPP (83)
[2025.03.18-14.59.29:336][816]LogModuleManager: Shutting down and abandoning module WebSockets (82)
[2025.03.18-14.59.29:357][816]LogModuleManager: Shutting down and abandoning module HTTP (79)
[2025.03.18-14.59.29:357][816]LogHttp: Display: Http module shutting down, but needs to wait on 1 outstanding Http requests:
[2025.03.18-14.59.29:357][816]LogHttp: Display: 	verb=[POST] url=[https://datarouter.ol.epicgames.com/datarouter/api/v1/public/data?SessionID=%7B63583165-4541-C8B2-5D61-038FE577F295%7D&AppID=UEEditor.Rocket.Release&AppVersion=4.27.2-18319896%2B%2B%2BUE4%2BRelease-4.27&UserID=95d429974ccc900d1eb7158efc741753%7Cb88102216f474c3897d1b2f39151f127%7C4f5127d8-050e-4bc8-bce5-85ebe58b752d&AppEnvironment=datacollector-binary&UploadType=eteventstream] refs=[1] status=Processing
[2025.03.18-14.59.29:357][816]LogHttp: Display: cleaning up 1 outstanding Http requests.
[2025.03.18-14.59.29:370][816]LogModuleManager: Shutting down and abandoning module SSL (78)
[2025.03.18-14.59.29:371][816]LogModuleManager: Shutting down and abandoning module WmfMedia (74)
[2025.03.18-14.59.29:377][816]LogModuleManager: Shutting down and abandoning module Media (73)
[2025.03.18-14.59.29:378][816]LogModuleManager: Shutting down and abandoning module MediaInfo (72)
[2025.03.18-14.59.29:378][816]LogModuleManager: Shutting down and abandoning module ExrReaderGpu (68)
[2025.03.18-14.59.29:378][816]LogModuleManager: Shutting down and abandoning module MLSDK (66)
[2025.03.18-14.59.29:378][816]LogModuleManager: Shutting down and abandoning module MagicLeap (64)
[2025.03.18-14.59.29:378][816]LogModuleManager: Shutting down and abandoning module NiagaraVertexFactories (62)
[2025.03.18-14.59.29:378][816]LogModuleManager: Shutting down and abandoning module NiagaraShader (60)
[2025.03.18-14.59.29:378][816]LogModuleManager: Shutting down and abandoning module ChaosCloth (58)
[2025.03.18-14.59.29:378][816]LogModuleManager: Shutting down and abandoning module VariantManagerContent (56)
[2025.03.18-14.59.29:378][816]LogModuleManager: Shutting down and abandoning module DatasmithContent (54)
[2025.03.18-14.59.29:379][816]LogModuleManager: Shutting down and abandoning module PixWinPlugin (52)
[2025.03.18-14.59.29:379][816]LogModuleManager: Shutting down and abandoning module AISupportModule (50)
[2025.03.18-14.59.29:379][816]LogModuleManager: Shutting down and abandoning module DesktopPlatform (48)
[2025.03.18-14.59.29:379][816]LogModuleManager: Shutting down and abandoning module PythonScriptPluginPreload (46)
[2025.03.18-14.59.29:379][816]LogModuleManager: Shutting down and abandoning module PlatformCryptoOpenSSL (44)
[2025.03.18-14.59.29:379][816]LogModuleManager: Shutting down and abandoning module PlatformCryptoTypes (42)
[2025.03.18-14.59.29:380][816]LogModuleManager: Shutting down and abandoning module PlatformCrypto (40)
[2025.03.18-14.59.29:380][816]LogModuleManager: Shutting down and abandoning module OodleDataCompressionFormat (38)
[2025.03.18-14.59.29:380][816]LogModuleManager: Shutting down and abandoning module XGEController (36)
[2025.03.18-14.59.29:380][816]LogXGEController: Cleaning working directory: C:/Users/abraa/AppData/Local/Temp/UnrealXGEWorkingDir/
[2025.03.18-14.59.29:380][816]LogModuleManager: Shutting down and abandoning module AnimationModifiers (34)
[2025.03.18-14.59.29:381][816]LogModuleManager: Shutting down and abandoning module AudioEditor (32)
[2025.03.18-14.59.29:382][816]LogModuleManager: Shutting down and abandoning module PropertyEditor (31)
[2025.03.18-14.59.29:382][816]LogModuleManager: Shutting down and abandoning module TextureCompressor (28)
[2025.03.18-14.59.29:382][816]LogModuleManager: Shutting down and abandoning module RenderCore (26)
[2025.03.18-14.59.29:382][816]LogModuleManager: Shutting down and abandoning module Landscape (24)
[2025.03.18-14.59.29:382][816]LogModuleManager: Shutting down and abandoning module SlateRHIRenderer (22)
[2025.03.18-14.59.29:383][816]LogModuleManager: Shutting down and abandoning module AnimGraphRuntime (20)
[2025.03.18-14.59.29:384][816]LogModuleManager: Shutting down and abandoning module Renderer (18)
[2025.03.18-14.59.29:384][816]LogModuleManager: Shutting down and abandoning module Engine (16)
[2025.03.18-14.59.29:384][816]LogModuleManager: Shutting down and abandoning module CoreUObject (14)
[2025.03.18-14.59.29:384][816]LogModuleManager: Shutting down and abandoning module NetworkFile (12)
[2025.03.18-14.59.29:385][816]LogModuleManager: Shutting down and abandoning module CookedIterativeFile (10)
[2025.03.18-14.59.29:385][816]LogModuleManager: Shutting down and abandoning module StreamingFile (8)
[2025.03.18-14.59.29:385][816]LogModuleManager: Shutting down and abandoning module SandboxFile (6)
[2025.03.18-14.59.29:385][816]LogModuleManager: Shutting down and abandoning module PakFile (4)
[2025.03.18-14.59.29:385][816]LogModuleManager: Shutting down and abandoning module RSA (3)
[2025.03.18-14.59.29:386][816]LogContentStreaming: Display: There are 1 unreleased StreamingManagers
[2025.03.18-14.59.29:400][816]LogD3D11RHI: Shutdown
[2025.03.18-14.59.29:400][816]LogD3D11RHI: CleanupD3DDevice
[2025.03.18-14.59.29:408][816]LogExit: Exiting.
[2025.03.18-14.59.29:423][816]Log file closed, 03/18/25 10:59:29
