Log file open, 03/25/25 11:47:09
LogWindows: Failed to load 'aqProf.dll' (GetLastError=126)
LogWindows: File 'aqProf.dll' does not exist
LogWindows: Failed to load 'VtuneApi.dll' (GetLastError=126)
LogWindows: File 'VtuneApi.dll' does not exist
LogWindows: Failed to load 'VtuneApi32e.dll' (GetLastError=126)
LogWindows: File 'VtuneApi32e.dll' does not exist
LogConsoleResponse: Display: Failed to find resolution value strings in scalability ini. Falling back to default.
LogConsoleResponse: Display: Failed to find resolution value strings in scalability ini. Falling back to default.
LogInit: Display: Running engine for game: DungeonDash
LogPlatformFile: Not using cached read wrapper
LogTaskGraph: Started task graph with 5 named threads and 47 total threads with 3 sets of task threads.
LogStats: Stats thread started at 0.502644
LogICUInternationalization: ICU TimeZone Detection - Raw Offset: -5:00, Platform Override: ''
LogInit: Display: Loading text-based GConfig....
LogPluginManager: Mounting plugin MeshPainting
LogPluginManager: Mounting plugin XGEController
LogPluginManager: Mounting plugin Paper2D
LogPluginManager: Mounting plugin AISupport
LogPluginManager: Mounting plugin LightPropagationVolume
LogPluginManager: Mounting plugin EnvironmentQueryEditor
LogPluginManager: Mounting plugin GameplayCameras
LogPluginManager: Mounting plugin CameraShakePreviewer
LogPluginManager: Mounting plugin LiveLink
LogPluginManager: Mounting plugin OodleData
LogPluginManager: Mounting plugin AssetManagerEditor
LogPluginManager: Mounting plugin OodleNetwork
LogPluginManager: Mounting plugin AnimationSharing
LogPluginManager: Mounting plugin CLionSourceCodeAccess
LogPluginManager: Mounting plugin CurveEditorTools
LogPluginManager: Mounting plugin CodeLiteSourceCodeAccess
LogPluginManager: Mounting plugin DataValidation
LogPluginManager: Mounting plugin FacialAnimation
LogPluginManager: Mounting plugin KDevelopSourceCodeAccess
LogPluginManager: Mounting plugin CryptoKeys
LogPluginManager: Mounting plugin GameplayTagsEditor
LogPluginManager: Mounting plugin GeometryMode
LogPluginManager: Mounting plugin MacGraphicsSwitching
LogPluginManager: Mounting plugin GitSourceControl
LogPluginManager: Mounting plugin MaterialAnalyzer
LogPluginManager: Mounting plugin PixWinPlugin
LogPluginManager: Mounting plugin MobileLauncherProfileWizard
LogPluginManager: Mounting plugin PlasticSourceControl
LogPluginManager: Mounting plugin PerforceSourceControl
LogPluginManager: Mounting plugin SpeedTreeImporter
LogPluginManager: Mounting plugin PropertyAccessNode
LogPluginManager: Mounting plugin RiderSourceCodeAccess
LogPluginManager: Mounting plugin SubversionSourceControl
LogPluginManager: Mounting plugin PluginUtils
LogPluginManager: Mounting plugin TextureFormatOodle
LogPluginManager: Mounting plugin UObjectPlugin
LogPluginManager: Mounting plugin PluginBrowser
LogPluginManager: Mounting plugin DatasmithContent
LogPluginManager: Mounting plugin VisualStudioSourceCodeAccess
LogPluginManager: Mounting plugin VisualStudioCodeSourceCodeAccess
LogPluginManager: Mounting plugin XCodeSourceCodeAccess
LogPluginManager: Mounting plugin VariantManagerContent
LogPluginManager: Mounting plugin NullSourceCodeAccess
LogPluginManager: Mounting plugin LuminPlatformFeatures
LogPluginManager: Mounting plugin Niagara
LogPluginManager: Mounting plugin MagicLeap
LogPluginManager: Mounting plugin MagicLeapLightEstimation
LogPluginManager: Mounting plugin MagicLeapPassableWorld
LogPluginManager: Mounting plugin MagicLeapMedia
LogPluginManager: Mounting plugin MLSDK
LogPluginManager: Mounting plugin AndroidMedia
LogPluginManager: Mounting plugin AvfMedia
LogPluginManager: Mounting plugin ImgMedia
LogPluginManager: Mounting plugin MediaCompositing
LogPluginManager: Mounting plugin MediaPlayerEditor
LogPluginManager: Mounting plugin WebMMedia
LogPluginManager: Mounting plugin WmfMedia
LogPluginManager: Mounting plugin ActorSequence
LogPluginManager: Mounting plugin TemplateSequence
LogPluginManager: Mounting plugin OnlineSubsystem
LogPluginManager: Mounting plugin LevelSequenceEditor
LogPluginManager: Mounting plugin MatineeToLevelSequence
LogPluginManager: Mounting plugin OnlineSubsystemNull
LogPluginManager: Mounting plugin OnlineSubsystemUtils
LogPluginManager: Mounting plugin TcpMessaging
LogPluginManager: Mounting plugin LauncherChunkInstaller
LogPluginManager: Mounting plugin AlembicImporter
LogPluginManager: Mounting plugin AutomationUtils
LogPluginManager: Mounting plugin BackChannel
LogPluginManager: Mounting plugin ChaosCloth
LogPluginManager: Mounting plugin UdpMessaging
LogPluginManager: Mounting plugin ChaosClothEditor
LogPluginManager: Mounting plugin ChaosEditor
LogPluginManager: Mounting plugin ChaosSolverPlugin
LogPluginManager: Mounting plugin CharacterAI
LogPluginManager: Mounting plugin ChaosNiagara
LogPluginManager: Mounting plugin GeometryCache
LogPluginManager: Mounting plugin GeometryCollectionPlugin
LogPluginManager: Mounting plugin AndroidDeviceProfileSelector
LogPluginManager: Mounting plugin ActorLayerUtilities
LogPluginManager: Mounting plugin AndroidPermission
LogPluginManager: Mounting plugin AndroidMoviePlayer
LogPluginManager: Mounting plugin ArchVisCharacter
LogPluginManager: Mounting plugin AppleMoviePlayer
LogPluginManager: Mounting plugin AssetTags
LogPluginManager: Mounting plugin AppleImageUtils
LogPluginManager: Mounting plugin CableComponent
LogPluginManager: Mounting plugin AudioCapture
LogPluginManager: Mounting plugin AudioSynesthesia
LogPluginManager: Mounting plugin ChunkDownloader
LogPluginManager: Mounting plugin EditableMesh
LogPluginManager: Mounting plugin CustomMeshComponent
LogPluginManager: Mounting plugin ExampleDeviceProfileSelector
LogPluginManager: Mounting plugin GooglePAD
LogPluginManager: Mounting plugin GeometryProcessing
LogPluginManager: Mounting plugin GoogleCloudMessaging
LogPluginManager: Mounting plugin MotoSynth
LogPluginManager: Mounting plugin PlatformCrypto
LogPluginManager: Mounting plugin PlanarCut
LogPluginManager: Mounting plugin OpenImageDenoise
LogPluginManager: Mounting plugin ProxyLODPlugin
LogPluginManager: Mounting plugin SkeletalReduction
LogPluginManager: Mounting plugin PythonScriptPlugin
LogPluginManager: Mounting plugin LinuxDeviceProfileSelector
LogPluginManager: Mounting plugin IOSDeviceProfileSelector
LogPluginManager: Mounting plugin LocationServicesBPLibrary
LogPluginManager: Mounting plugin MobilePatchingUtils
LogPluginManager: Mounting plugin OpenXR
LogPluginManager: Mounting plugin PhysXVehicles
LogPluginManager: Mounting plugin PostSplashScreen
LogPluginManager: Mounting plugin ProceduralMeshComponent
LogPluginManager: Mounting plugin PropertyAccessEditor
LogPluginManager: Mounting plugin SignificanceManager
LogPluginManager: Mounting plugin SoundFields
LogPluginManager: Mounting plugin RuntimePhysXCooking
LogPluginManager: Mounting plugin OpenXREyeTracker
LogPluginManager: Mounting plugin OpenXRHandTracking
LogPluginManager: Mounting plugin Synthesis
LogPluginManager: Mounting plugin WebMMoviePlayer
LogPluginManager: Mounting plugin Takes
LogPluginManager: Mounting plugin WindowsMoviePlayer
LogPluginManager: Mounting plugin ScreenshotTools
LogPluginManager: Mounting plugin ContentBrowserClassDataSource
LogPluginManager: Mounting plugin ContentBrowserAssetDataSource
LogPluginManager: Mounting plugin ContentBrowserFileDataSource
LogPluginManager: Mounting plugin OnlineSubsystemGooglePlay
LogPluginManager: Mounting plugin OnlineSubsystemIOS
LogPluginManager: Mounting plugin OculusVR
LogPluginManager: Mounting plugin SteamVR
PixWinPlugin: PIX capture plugin failed to initialize! Check that the process is launched from PIX.
LogInit: Using libcurl 7.55.1-DEV
LogInit:  - built for x86_64-pc-win32
LogInit:  - supports SSL with OpenSSL/1.1.1
LogInit:  - supports HTTP deflate (compression) using libz 1.2.8
LogInit:  - other features:
LogInit:      CURL_VERSION_SSL
LogInit:      CURL_VERSION_LIBZ
LogInit:      CURL_VERSION_IPV6
LogInit:      CURL_VERSION_ASYNCHDNS
LogInit:      CURL_VERSION_LARGEFILE
LogInit:      CURL_VERSION_IDN
LogInit:  CurlRequestOptions (configurable via config and command line):
LogInit:  - bVerifyPeer = true  - Libcurl will verify peer certificate
LogInit:  - bUseHttpProxy = false  - Libcurl will NOT use HTTP proxy
LogInit:  - bDontReuseConnections = false  - Libcurl will reuse connections
LogInit:  - MaxHostConnections = 16  - Libcurl will limit the number of connections to a host
LogInit:  - LocalHostAddr = Default
LogInit:  - BufferSize = 65536
LogOnline: OSS: Creating online subsystem instance for: NULL
LogInit: WinSock: version 1.1 (2.2), MaxSocks=32767, MaxUdp=65467
LogOnline: OSS: TryLoadSubsystemAndSetDefault: Loaded subsystem for module [NULL]
LogOculusPluginWrapper: OculusPlugin initialized successfully
LogHMD: Failed initializing OVRPlugin 1.59.0
LogInit: Build: ++UE4+Release-4.27-CL-18319896
LogInit: Engine Version: 4.27.2-18319896+++UE4+Release-4.27
LogInit: Compatible Engine Version: 4.27.0-17155196+++UE4+Release-4.27
LogInit: Net CL: 17155196
LogInit: OS: Windows 10 (Release 2009) (), CPU: 12th Gen Intel(R) Core(TM) i7-12650H, GPU: Intel(R) UHD Graphics
LogInit: Compiled (64-bit): Nov 30 2021 07:12:08
LogInit: Compiled with Visual C++: 19.24.28315.00
LogInit: Build Configuration: Development
LogInit: Branch Name: ++UE4+Release-4.27
LogInit: Command Line: 
LogInit: Base Directory: C:/Program Files/Epic Games/UE_4.27/Engine/Binaries/Win64/
LogInit: Allocator: TBB
LogInit: Installed Engine Build: 1
LogDevObjectVersion: Number of dev versions registered: 29
LogDevObjectVersion:   Dev-Blueprints (B0D832E4-1F89-4F0D-ACCF-7EB736FD4AA2): 10
LogDevObjectVersion:   Dev-Build (E1C64328-A22C-4D53-A36C-8E866417BD8C): 0
LogDevObjectVersion:   Dev-Core (375EC13C-06E4-48FB-B500-84F0262A717E): 4
LogDevObjectVersion:   Dev-Editor (E4B068ED-F494-42E9-A231-DA0B2E46BB41): 40
LogDevObjectVersion:   Dev-Framework (CFFC743F-43B0-4480-9391-14DF171D2073): 37
LogDevObjectVersion:   Dev-Mobile (B02B49B5-BB20-44E9-A304-32B752E40360): 3
LogDevObjectVersion:   Dev-Networking (A4E4105C-59A1-49B5-A7C5-40C4547EDFEE): 0
LogDevObjectVersion:   Dev-Online (39C831C9-5AE6-47DC-9A44-9C173E1C8E7C): 0
LogDevObjectVersion:   Dev-Physics (78F01B33-EBEA-4F98-B9B4-84EACCB95AA2): 14
LogDevObjectVersion:   Dev-Platform (6631380F-2D4D-43E0-8009-CF276956A95A): 0
LogDevObjectVersion:   Dev-Rendering (12F88B9F-8875-4AFC-A67C-D90C383ABD29): 45
LogDevObjectVersion:   Dev-Sequencer (7B5AE74C-D270-4C10-A958-57980B212A5A): 13
LogDevObjectVersion:   Dev-VR (D7296918-1DD6-4BDD-9DE2-64A83CC13884): 3
LogDevObjectVersion:   Dev-LoadTimes (C2A15278-BFE7-4AFE-6C17-90FF531DF755): 1
LogDevObjectVersion:   Private-Geometry (6EACA3D4-40EC-4CC1-B786-8BED09428FC5): 3
LogDevObjectVersion:   Dev-AnimPhys (29E575DD-E0A3-4627-9D10-D276232CDCEA): 17
LogDevObjectVersion:   Dev-Anim (AF43A65D-7FD3-4947-9873-3E8ED9C1BB05): 15
LogDevObjectVersion:   Dev-ReflectionCapture (6B266CEC-1EC7-4B8F-A30B-E4D90942FC07): 1
LogDevObjectVersion:   Dev-Automation (0DF73D61-A23F-47EA-B727-89E90C41499A): 1
LogDevObjectVersion:   FortniteMain (601D1886-AC64-4F84-AA16-D3DE0DEAC7D6): 47
LogDevObjectVersion:   FortniteRelease (E7086368-6B23-4C58-8439-1B7016265E91): 1
LogDevObjectVersion:   Dev-Enterprise (9DFFBCD6-494F-0158-E221-12823C92A888): 10
LogDevObjectVersion:   Dev-Niagara (F2AED0AC-9AFE-416F-8664-AA7FFA26D6FC): 1
LogDevObjectVersion:   Dev-Destruction (174F1F0B-B4C6-45A5-B13F-2EE8D0FB917D): 10
LogDevObjectVersion:   Dev-Physics-Ext (35F94A83-E258-406C-A318-09F59610247C): 41
LogDevObjectVersion:   Dev-PhysicsMaterial-Chaos (B68FC16E-8B1B-42E2-B453-215C058844FE): 1
LogDevObjectVersion:   Dev-CineCamera (B2E18506-4273-CFC2-A54E-F4BB758BBA07): 1
LogDevObjectVersion:   Dev-VirtualProduction (64F58936-FD1B-42BA-BA96-7289D5D0FA4E): 1
LogDevObjectVersion:   Dev-MediaFramework (6F0ED827-A609-4895-9C91-998D90180EA4): 2
LogInit: Presizing for max 25165824 objects, including 0 objects not considered by GC, pre-allocating 0 bytes for permanent pool.
LogConfig: Applying CVar settings from Section [/Script/Engine.StreamingSettings] File [C:/Users/Ido Isaac/Desktop/Web Game Programming/Wk 1/COMP217GroupProject/DungeonDash/Saved/Config/Windows/Engine.ini]
LogConfig: Setting CVar [[s.MinBulkDataSizeForAsyncLoading:131072]]
LogConfig: Setting CVar [[s.AsyncLoadingThreadEnabled:0]]
LogConfig: Setting CVar [[s.EventDrivenLoaderEnabled:1]]
LogConfig: Setting CVar [[s.WarnIfTimeLimitExceeded:0]]
LogConfig: Setting CVar [[s.TimeLimitExceededMultiplier:1.5]]
LogConfig: Setting CVar [[s.TimeLimitExceededMinTime:0.005]]
LogConfig: Setting CVar [[s.UseBackgroundLevelStreaming:1]]
LogConfig: Setting CVar [[s.PriorityAsyncLoadingExtraTime:15.0]]
LogConfig: Setting CVar [[s.LevelStreamingActorsUpdateTimeLimit:5.0]]
LogConfig: Setting CVar [[s.PriorityLevelStreamingActorsUpdateExtraTime:5.0]]
LogConfig: Setting CVar [[s.LevelStreamingComponentsRegistrationGranularity:10]]
LogConfig: Setting CVar [[s.UnregisterComponentsTimeLimit:1.0]]
LogConfig: Setting CVar [[s.LevelStreamingComponentsUnregistrationGranularity:5]]
LogConfig: Setting CVar [[s.FlushStreamingOnExit:1]]
LogInit: Object subsystem initialized
LogConfig: Setting CVar [[con.DebugEarlyDefault:1]]
LogConfig: Setting CVar [[r.setres:1280x720]]
[2025.03.25-15.47.10:569][  0]LogConfig: Setting CVar [[r.VSync:0]]
[2025.03.25-15.47.10:570][  0]LogConfig: Setting CVar [[r.RHICmdBypass:0]]
[2025.03.25-15.47.10:570][  0]LogConfig: Applying CVar settings from Section [/Script/Engine.RendererSettings] File [C:/Users/Ido Isaac/Desktop/Web Game Programming/Wk 1/COMP217GroupProject/DungeonDash/Saved/Config/Windows/Engine.ini]
[2025.03.25-15.47.10:570][  0]LogConfig: Setting CVar [[r.GPUCrashDebugging:0]]
[2025.03.25-15.47.10:570][  0]LogConfig: Applying CVar settings from Section [/Script/Engine.RendererOverrideSettings] File [C:/Users/Ido Isaac/Desktop/Web Game Programming/Wk 1/COMP217GroupProject/DungeonDash/Saved/Config/Windows/Engine.ini]
[2025.03.25-15.47.10:570][  0]LogConfig: Applying CVar settings from Section [/Script/Engine.StreamingSettings] File [C:/Users/Ido Isaac/Desktop/Web Game Programming/Wk 1/COMP217GroupProject/DungeonDash/Saved/Config/Windows/Engine.ini]
[2025.03.25-15.47.10:570][  0]LogConfig: Setting CVar [[s.MinBulkDataSizeForAsyncLoading:131072]]
[2025.03.25-15.47.10:570][  0]LogConfig: Setting CVar [[s.AsyncLoadingThreadEnabled:0]]
[2025.03.25-15.47.10:570][  0]LogConfig: Setting CVar [[s.EventDrivenLoaderEnabled:1]]
[2025.03.25-15.47.10:570][  0]LogConfig: Setting CVar [[s.WarnIfTimeLimitExceeded:0]]
[2025.03.25-15.47.10:570][  0]LogConfig: Setting CVar [[s.TimeLimitExceededMultiplier:1.5]]
[2025.03.25-15.47.10:570][  0]LogConfig: Setting CVar [[s.TimeLimitExceededMinTime:0.005]]
[2025.03.25-15.47.10:570][  0]LogConfig: Setting CVar [[s.UseBackgroundLevelStreaming:1]]
[2025.03.25-15.47.10:570][  0]LogConfig: Setting CVar [[s.PriorityAsyncLoadingExtraTime:15.0]]
[2025.03.25-15.47.10:570][  0]LogConfig: Setting CVar [[s.LevelStreamingActorsUpdateTimeLimit:5.0]]
[2025.03.25-15.47.10:570][  0]LogConfig: Setting CVar [[s.PriorityLevelStreamingActorsUpdateExtraTime:5.0]]
[2025.03.25-15.47.10:570][  0]LogConfig: Setting CVar [[s.LevelStreamingComponentsRegistrationGranularity:10]]
[2025.03.25-15.47.10:570][  0]LogConfig: Setting CVar [[s.UnregisterComponentsTimeLimit:1.0]]
[2025.03.25-15.47.10:570][  0]LogConfig: Setting CVar [[s.LevelStreamingComponentsUnregistrationGranularity:5]]
[2025.03.25-15.47.10:570][  0]LogConfig: Setting CVar [[s.FlushStreamingOnExit:1]]
[2025.03.25-15.47.10:570][  0]LogConfig: Applying CVar settings from Section [/Script/Engine.GarbageCollectionSettings] File [C:/Users/Ido Isaac/Desktop/Web Game Programming/Wk 1/COMP217GroupProject/DungeonDash/Saved/Config/Windows/Engine.ini]
[2025.03.25-15.47.10:570][  0]LogConfig: Setting CVar [[gc.MaxObjectsNotConsideredByGC:1]]
[2025.03.25-15.47.10:570][  0]LogConfig: Setting CVar [[gc.SizeOfPermanentObjectPool:0]]
[2025.03.25-15.47.10:570][  0]LogConfig: Setting CVar [[gc.FlushStreamingOnGC:0]]
[2025.03.25-15.47.10:570][  0]LogConfig: Setting CVar [[gc.NumRetriesBeforeForcingGC:10]]
[2025.03.25-15.47.10:570][  0]LogConfig: Setting CVar [[gc.AllowParallelGC:1]]
[2025.03.25-15.47.10:570][  0]LogConfig: Setting CVar [[gc.TimeBetweenPurgingPendingKillObjects:61.1]]
[2025.03.25-15.47.10:570][  0]LogConfig: Setting CVar [[gc.MaxObjectsInEditor:25165824]]
[2025.03.25-15.47.10:570][  0]LogConfig: Setting CVar [[gc.IncrementalBeginDestroyEnabled:1]]
[2025.03.25-15.47.10:570][  0]LogConfig: Setting CVar [[gc.CreateGCClusters:1]]
[2025.03.25-15.47.10:570][  0]LogConfig: Setting CVar [[gc.MinGCClusterSize:5]]
[2025.03.25-15.47.10:570][  0]LogConfig: Setting CVar [[gc.ActorClusteringEnabled:0]]
[2025.03.25-15.47.10:570][  0]LogConfig: Setting CVar [[gc.BlueprintClusteringEnabled:0]]
[2025.03.25-15.47.10:570][  0]LogConfig: Setting CVar [[gc.UseDisregardForGCOnDedicatedServers:0]]
[2025.03.25-15.47.10:570][  0]LogConfig: Setting CVar [[gc.MultithreadedDestructionEnabled:1]]
[2025.03.25-15.47.10:570][  0]LogConfig: Applying CVar settings from Section [/Script/Engine.NetworkSettings] File [C:/Users/Ido Isaac/Desktop/Web Game Programming/Wk 1/COMP217GroupProject/DungeonDash/Saved/Config/Windows/Engine.ini]
[2025.03.25-15.47.10:570][  0]LogConfig: Applying CVar settings from Section [/Script/UnrealEd.CookerSettings] File [C:/Users/Ido Isaac/Desktop/Web Game Programming/Wk 1/COMP217GroupProject/DungeonDash/Saved/Config/Windows/Engine.ini]
[2025.03.25-15.47.10:583][  0]LogConfig: Applying CVar settings from Section [ViewDistanceQuality@3] File [C:/Users/Ido Isaac/Desktop/Web Game Programming/Wk 1/COMP217GroupProject/DungeonDash/Saved/Config/Windows/Scalability.ini]
[2025.03.25-15.47.10:583][  0]LogConfig: Setting CVar [[r.SkeletalMeshLODBias:0]]
[2025.03.25-15.47.10:583][  0]LogConfig: Setting CVar [[r.ViewDistanceScale:1.0]]
[2025.03.25-15.47.10:583][  0]LogConfig: Applying CVar settings from Section [AntiAliasingQuality@3] File [C:/Users/Ido Isaac/Desktop/Web Game Programming/Wk 1/COMP217GroupProject/DungeonDash/Saved/Config/Windows/Scalability.ini]
[2025.03.25-15.47.10:583][  0]LogConfig: Setting CVar [[r.PostProcessAAQuality:4]]
[2025.03.25-15.47.10:583][  0]LogConfig: Applying CVar settings from Section [ShadowQuality@3] File [C:/Users/Ido Isaac/Desktop/Web Game Programming/Wk 1/COMP217GroupProject/DungeonDash/Saved/Config/Windows/Scalability.ini]
[2025.03.25-15.47.10:583][  0]LogConfig: Setting CVar [[r.LightFunctionQuality:1]]
[2025.03.25-15.47.10:583][  0]LogConfig: Setting CVar [[r.ShadowQuality:5]]
[2025.03.25-15.47.10:583][  0]LogConfig: Setting CVar [[r.Shadow.CSM.MaxCascades:10]]
[2025.03.25-15.47.10:583][  0]LogConfig: Setting CVar [[r.Shadow.MaxResolution:2048]]
[2025.03.25-15.47.10:583][  0]LogConfig: Setting CVar [[r.Shadow.MaxCSMResolution:2048]]
[2025.03.25-15.47.10:583][  0]LogConfig: Setting CVar [[r.Shadow.RadiusThreshold:0.01]]
[2025.03.25-15.47.10:583][  0]LogConfig: Setting CVar [[r.Shadow.DistanceScale:1.0]]
[2025.03.25-15.47.10:583][  0]LogConfig: Setting CVar [[r.Shadow.CSM.TransitionScale:1.0]]
[2025.03.25-15.47.10:583][  0]LogConfig: Setting CVar [[r.Shadow.PreShadowResolutionFactor:1.0]]
[2025.03.25-15.47.10:583][  0]LogConfig: Setting CVar [[r.DistanceFieldShadowing:1]]
[2025.03.25-15.47.10:583][  0]LogConfig: Setting CVar [[r.DistanceFieldAO:1]]
[2025.03.25-15.47.10:583][  0]LogConfig: Setting CVar [[r.AOQuality:2]]
[2025.03.25-15.47.10:583][  0]LogConfig: Setting CVar [[r.VolumetricFog:1]]
[2025.03.25-15.47.10:583][  0]LogConfig: Setting CVar [[r.VolumetricFog.GridPixelSize:8]]
[2025.03.25-15.47.10:583][  0]LogConfig: Setting CVar [[r.VolumetricFog.GridSizeZ:128]]
[2025.03.25-15.47.10:584][  0]LogConfig: Setting CVar [[r.VolumetricFog.HistoryMissSupersampleCount:4]]
[2025.03.25-15.47.10:584][  0]LogConfig: Setting CVar [[r.LightMaxDrawDistanceScale:1]]
[2025.03.25-15.47.10:584][  0]LogConfig: Setting CVar [[r.CapsuleShadows:1]]
[2025.03.25-15.47.10:584][  0]LogConfig: Applying CVar settings from Section [PostProcessQuality@3] File [C:/Users/Ido Isaac/Desktop/Web Game Programming/Wk 1/COMP217GroupProject/DungeonDash/Saved/Config/Windows/Scalability.ini]
[2025.03.25-15.47.10:584][  0]LogConfig: Setting CVar [[r.MotionBlurQuality:4]]
[2025.03.25-15.47.10:584][  0]LogConfig: Setting CVar [[r.AmbientOcclusionMipLevelFactor:0.4]]
[2025.03.25-15.47.10:584][  0]LogConfig: Setting CVar [[r.AmbientOcclusionMaxQuality:100]]
[2025.03.25-15.47.10:584][  0]LogConfig: Setting CVar [[r.AmbientOcclusionLevels:-1]]
[2025.03.25-15.47.10:584][  0]LogConfig: Setting CVar [[r.AmbientOcclusionRadiusScale:1.0]]
[2025.03.25-15.47.10:584][  0]LogConfig: Setting CVar [[r.DepthOfFieldQuality:2]]
[2025.03.25-15.47.10:584][  0]LogConfig: Setting CVar [[r.RenderTargetPoolMin:400]]
[2025.03.25-15.47.10:584][  0]LogConfig: Setting CVar [[r.LensFlareQuality:2]]
[2025.03.25-15.47.10:584][  0]LogConfig: Setting CVar [[r.SceneColorFringeQuality:1]]
[2025.03.25-15.47.10:584][  0]LogConfig: Setting CVar [[r.EyeAdaptationQuality:2]]
[2025.03.25-15.47.10:584][  0]LogConfig: Setting CVar [[r.BloomQuality:5]]
[2025.03.25-15.47.10:584][  0]LogConfig: Setting CVar [[r.FastBlurThreshold:100]]
[2025.03.25-15.47.10:584][  0]LogConfig: Setting CVar [[r.Upscale.Quality:3]]
[2025.03.25-15.47.10:584][  0]LogConfig: Setting CVar [[r.Tonemapper.GrainQuantization:1]]
[2025.03.25-15.47.10:584][  0]LogConfig: Setting CVar [[r.LightShaftQuality:1]]
[2025.03.25-15.47.10:584][  0]LogConfig: Setting CVar [[r.Filter.SizeScale:1]]
[2025.03.25-15.47.10:584][  0]LogConfig: Setting CVar [[r.Tonemapper.Quality:5]]
[2025.03.25-15.47.10:584][  0]LogConfig: Setting CVar [[r.DOF.Gather.AccumulatorQuality:1        ; higher gathering accumulator quality]]
[2025.03.25-15.47.10:584][  0]LogConfig: Setting CVar [[r.DOF.Gather.PostfilterMethod:1          ; Median3x3 postfilering method]]
[2025.03.25-15.47.10:584][  0]LogConfig: Setting CVar [[r.DOF.Gather.EnableBokehSettings:0       ; no bokeh simulation when gathering]]
[2025.03.25-15.47.10:584][  0]LogConfig: Setting CVar [[r.DOF.Gather.RingCount:4                 ; medium number of samples when gathering]]
[2025.03.25-15.47.10:584][  0]LogConfig: Setting CVar [[r.DOF.Scatter.ForegroundCompositing:1    ; additive foreground scattering]]
[2025.03.25-15.47.10:584][  0]LogConfig: Setting CVar [[r.DOF.Scatter.BackgroundCompositing:2    ; additive background scattering]]
[2025.03.25-15.47.10:584][  0]LogConfig: Setting CVar [[r.DOF.Scatter.EnableBokehSettings:1      ; bokeh simulation when scattering]]
[2025.03.25-15.47.10:584][  0]LogConfig: Setting CVar [[r.DOF.Scatter.MaxSpriteRatio:0.1         ; only a maximum of 10% of scattered bokeh]]
[2025.03.25-15.47.10:584][  0]LogConfig: Setting CVar [[r.DOF.Recombine.Quality:1                ; cheap slight out of focus]]
[2025.03.25-15.47.10:584][  0]LogConfig: Setting CVar [[r.DOF.Recombine.EnableBokehSettings:0    ; no bokeh simulation on slight out of focus]]
[2025.03.25-15.47.10:584][  0]LogConfig: Setting CVar [[r.DOF.TemporalAAQuality:1                ; more stable temporal accumulation]]
[2025.03.25-15.47.10:584][  0]LogConfig: Setting CVar [[r.DOF.Kernel.MaxForegroundRadius:0.025]]
[2025.03.25-15.47.10:584][  0]LogConfig: Setting CVar [[r.DOF.Kernel.MaxBackgroundRadius:0.025]]
[2025.03.25-15.47.10:584][  0]LogConfig: Applying CVar settings from Section [TextureQuality@3] File [C:/Users/Ido Isaac/Desktop/Web Game Programming/Wk 1/COMP217GroupProject/DungeonDash/Saved/Config/Windows/Scalability.ini]
[2025.03.25-15.47.10:584][  0]LogConfig: Setting CVar [[r.Streaming.MipBias:0]]
[2025.03.25-15.47.10:584][  0]LogConfig: Setting CVar [[r.Streaming.AmortizeCPUToGPUCopy:0]]
[2025.03.25-15.47.10:584][  0]LogConfig: Setting CVar [[r.Streaming.MaxNumTexturesToStreamPerFrame:0]]
[2025.03.25-15.47.10:584][  0]LogConfig: Setting CVar [[r.Streaming.Boost:1]]
[2025.03.25-15.47.10:584][  0]LogConfig: Setting CVar [[r.MaxAnisotropy:8]]
[2025.03.25-15.47.10:584][  0]LogConfig: Setting CVar [[r.VT.MaxAnisotropy:8]]
[2025.03.25-15.47.10:584][  0]LogConfig: Setting CVar [[r.Streaming.LimitPoolSizeToVRAM:0]]
[2025.03.25-15.47.10:584][  0]LogConfig: Setting CVar [[r.Streaming.PoolSize:1000]]
[2025.03.25-15.47.10:584][  0]LogConfig: Setting CVar [[r.Streaming.MaxEffectiveScreenSize:0]]
[2025.03.25-15.47.10:584][  0]LogConfig: Applying CVar settings from Section [EffectsQuality@3] File [C:/Users/Ido Isaac/Desktop/Web Game Programming/Wk 1/COMP217GroupProject/DungeonDash/Saved/Config/Windows/Scalability.ini]
[2025.03.25-15.47.10:584][  0]LogConfig: Setting CVar [[r.TranslucencyLightingVolumeDim:64]]
[2025.03.25-15.47.10:584][  0]LogConfig: Setting CVar [[r.RefractionQuality:2]]
[2025.03.25-15.47.10:584][  0]LogConfig: Setting CVar [[r.SSR.Quality:3]]
[2025.03.25-15.47.10:584][  0]LogConfig: Setting CVar [[r.SSR.HalfResSceneColor:0]]
[2025.03.25-15.47.10:584][  0]LogConfig: Setting CVar [[r.SceneColorFormat:4]]
[2025.03.25-15.47.10:584][  0]LogConfig: Setting CVar [[r.DetailMode:2]]
[2025.03.25-15.47.10:584][  0]LogConfig: Setting CVar [[r.TranslucencyVolumeBlur:1]]
[2025.03.25-15.47.10:584][  0]LogConfig: Setting CVar [[r.MaterialQualityLevel:1 ; High quality]]
[2025.03.25-15.47.10:584][  0]LogConfig: Setting CVar [[r.AnisotropicMaterials:1]]
[2025.03.25-15.47.10:584][  0]LogConfig: Setting CVar [[r.SSS.Scale:1]]
[2025.03.25-15.47.10:584][  0]LogConfig: Setting CVar [[r.SSS.SampleSet:2]]
[2025.03.25-15.47.10:584][  0]LogConfig: Setting CVar [[r.SSS.Quality:1]]
[2025.03.25-15.47.10:584][  0]LogConfig: Setting CVar [[r.SSS.HalfRes:0]]
[2025.03.25-15.47.10:584][  0]LogConfig: Setting CVar [[r.SSGI.Quality:3]]
[2025.03.25-15.47.10:584][  0]LogConfig: Setting CVar [[r.EmitterSpawnRateScale:1.0]]
[2025.03.25-15.47.10:584][  0]LogConfig: Setting CVar [[r.ParticleLightQuality:2]]
[2025.03.25-15.47.10:585][  0]LogConfig: Setting CVar [[r.SkyAtmosphere.AerialPerspectiveLUT.FastApplyOnOpaque:1 ; Always have FastSkyLUT 1 in this case to avoid wrong sky]]
[2025.03.25-15.47.10:585][  0]LogConfig: Setting CVar [[r.SkyAtmosphere.AerialPerspectiveLUT.SampleCountMaxPerSlice:4]]
[2025.03.25-15.47.10:585][  0]LogConfig: Setting CVar [[r.SkyAtmosphere.AerialPerspectiveLUT.DepthResolution:16.0]]
[2025.03.25-15.47.10:585][  0]LogConfig: Setting CVar [[r.SkyAtmosphere.FastSkyLUT:1]]
[2025.03.25-15.47.10:585][  0]LogConfig: Setting CVar [[r.SkyAtmosphere.FastSkyLUT.SampleCountMin:4.0]]
[2025.03.25-15.47.10:585][  0]LogConfig: Setting CVar [[r.SkyAtmosphere.FastSkyLUT.SampleCountMax:128.0]]
[2025.03.25-15.47.10:585][  0]LogConfig: Setting CVar [[r.SkyAtmosphere.SampleCountMin:4.0]]
[2025.03.25-15.47.10:585][  0]LogConfig: Setting CVar [[r.SkyAtmosphere.SampleCountMax:128.0]]
[2025.03.25-15.47.10:585][  0]LogConfig: Setting CVar [[r.SkyAtmosphere.TransmittanceLUT.UseSmallFormat:0]]
[2025.03.25-15.47.10:585][  0]LogConfig: Setting CVar [[r.SkyAtmosphere.TransmittanceLUT.SampleCount:10.0]]
[2025.03.25-15.47.10:585][  0]LogConfig: Setting CVar [[r.SkyAtmosphere.MultiScatteringLUT.SampleCount:15.0]]
[2025.03.25-15.47.10:585][  0]LogConfig: Setting CVar [[r.SkyLight.RealTimeReflectionCapture:1]]
[2025.03.25-15.47.10:585][  0]LogConfig: Applying CVar settings from Section [FoliageQuality@3] File [C:/Users/Ido Isaac/Desktop/Web Game Programming/Wk 1/COMP217GroupProject/DungeonDash/Saved/Config/Windows/Scalability.ini]
[2025.03.25-15.47.10:585][  0]LogConfig: Setting CVar [[foliage.DensityScale:1.0]]
[2025.03.25-15.47.10:585][  0]LogConfig: Setting CVar [[grass.DensityScale:1.0]]
[2025.03.25-15.47.10:585][  0]LogConfig: Applying CVar settings from Section [ShadingQuality@3] File [C:/Users/Ido Isaac/Desktop/Web Game Programming/Wk 1/COMP217GroupProject/DungeonDash/Saved/Config/Windows/Scalability.ini]
[2025.03.25-15.47.10:585][  0]LogConfig: Setting CVar [[r.HairStrands.SkyLighting.IntegrationType:2]]
[2025.03.25-15.47.10:585][  0]LogConfig: Setting CVar [[r.HairStrands.SkyAO.SampleCount:4]]
[2025.03.25-15.47.10:585][  0]LogConfig: Setting CVar [[r.HairStrands.Visibility.MSAA.SamplePerPixel:4]]
[2025.03.25-15.47.10:585][  0]LogInit: Selected Device Profile: [Windows]
[2025.03.25-15.47.10:585][  0]LogInit: Applying CVar settings loaded from the selected device profile: [Windows]
[2025.03.25-15.47.10:585][  0]LogHAL: Display: Platform has ~ 16 GB [16870076416 / 17179869184 / 16], which maps to Larger [LargestMinGB=32, LargerMinGB=12, DefaultMinGB=8, SmallerMinGB=6, SmallestMinGB=0)
[2025.03.25-15.47.10:585][  0]LogInit: Going up to parent DeviceProfile []
[2025.03.25-15.47.10:585][  0]LogConfig: Applying CVar settings from Section [ViewDistanceQuality@3] File [C:/Users/Ido Isaac/Desktop/Web Game Programming/Wk 1/COMP217GroupProject/DungeonDash/Saved/Config/Windows/Scalability.ini]
[2025.03.25-15.47.10:585][  0]LogConfig: Setting CVar [[r.SkeletalMeshLODBias:0]]
[2025.03.25-15.47.10:586][  0]LogConfig: Setting CVar [[r.ViewDistanceScale:1.0]]
[2025.03.25-15.47.10:586][  0]LogConfig: Applying CVar settings from Section [AntiAliasingQuality@3] File [C:/Users/Ido Isaac/Desktop/Web Game Programming/Wk 1/COMP217GroupProject/DungeonDash/Saved/Config/Windows/Scalability.ini]
[2025.03.25-15.47.10:586][  0]LogConfig: Setting CVar [[r.PostProcessAAQuality:4]]
[2025.03.25-15.47.10:586][  0]LogConfig: Applying CVar settings from Section [ShadowQuality@3] File [C:/Users/Ido Isaac/Desktop/Web Game Programming/Wk 1/COMP217GroupProject/DungeonDash/Saved/Config/Windows/Scalability.ini]
[2025.03.25-15.47.10:586][  0]LogConfig: Setting CVar [[r.LightFunctionQuality:1]]
[2025.03.25-15.47.10:586][  0]LogConfig: Setting CVar [[r.ShadowQuality:5]]
[2025.03.25-15.47.10:586][  0]LogConfig: Setting CVar [[r.Shadow.CSM.MaxCascades:10]]
[2025.03.25-15.47.10:586][  0]LogConfig: Setting CVar [[r.Shadow.MaxResolution:2048]]
[2025.03.25-15.47.10:586][  0]LogConfig: Setting CVar [[r.Shadow.MaxCSMResolution:2048]]
[2025.03.25-15.47.10:586][  0]LogConfig: Setting CVar [[r.Shadow.RadiusThreshold:0.01]]
[2025.03.25-15.47.10:586][  0]LogConfig: Setting CVar [[r.Shadow.DistanceScale:1.0]]
[2025.03.25-15.47.10:586][  0]LogConfig: Setting CVar [[r.Shadow.CSM.TransitionScale:1.0]]
[2025.03.25-15.47.10:586][  0]LogConfig: Setting CVar [[r.Shadow.PreShadowResolutionFactor:1.0]]
[2025.03.25-15.47.10:586][  0]LogConfig: Setting CVar [[r.DistanceFieldShadowing:1]]
[2025.03.25-15.47.10:586][  0]LogConfig: Setting CVar [[r.DistanceFieldAO:1]]
[2025.03.25-15.47.10:586][  0]LogConfig: Setting CVar [[r.AOQuality:2]]
[2025.03.25-15.47.10:586][  0]LogConfig: Setting CVar [[r.VolumetricFog:1]]
[2025.03.25-15.47.10:586][  0]LogConfig: Setting CVar [[r.VolumetricFog.GridPixelSize:8]]
[2025.03.25-15.47.10:586][  0]LogConfig: Setting CVar [[r.VolumetricFog.GridSizeZ:128]]
[2025.03.25-15.47.10:586][  0]LogConfig: Setting CVar [[r.VolumetricFog.HistoryMissSupersampleCount:4]]
[2025.03.25-15.47.10:586][  0]LogConfig: Setting CVar [[r.LightMaxDrawDistanceScale:1]]
[2025.03.25-15.47.10:586][  0]LogConfig: Setting CVar [[r.CapsuleShadows:1]]
[2025.03.25-15.47.10:586][  0]LogConfig: Applying CVar settings from Section [PostProcessQuality@3] File [C:/Users/Ido Isaac/Desktop/Web Game Programming/Wk 1/COMP217GroupProject/DungeonDash/Saved/Config/Windows/Scalability.ini]
[2025.03.25-15.47.10:586][  0]LogConfig: Setting CVar [[r.MotionBlurQuality:4]]
[2025.03.25-15.47.10:586][  0]LogConfig: Setting CVar [[r.AmbientOcclusionMipLevelFactor:0.4]]
[2025.03.25-15.47.10:586][  0]LogConfig: Setting CVar [[r.AmbientOcclusionMaxQuality:100]]
[2025.03.25-15.47.10:586][  0]LogConfig: Setting CVar [[r.AmbientOcclusionLevels:-1]]
[2025.03.25-15.47.10:586][  0]LogConfig: Setting CVar [[r.AmbientOcclusionRadiusScale:1.0]]
[2025.03.25-15.47.10:586][  0]LogConfig: Setting CVar [[r.DepthOfFieldQuality:2]]
[2025.03.25-15.47.10:586][  0]LogConfig: Setting CVar [[r.RenderTargetPoolMin:400]]
[2025.03.25-15.47.10:586][  0]LogConfig: Setting CVar [[r.LensFlareQuality:2]]
[2025.03.25-15.47.10:586][  0]LogConfig: Setting CVar [[r.SceneColorFringeQuality:1]]
[2025.03.25-15.47.10:586][  0]LogConfig: Setting CVar [[r.EyeAdaptationQuality:2]]
[2025.03.25-15.47.10:586][  0]LogConfig: Setting CVar [[r.BloomQuality:5]]
[2025.03.25-15.47.10:586][  0]LogConfig: Setting CVar [[r.FastBlurThreshold:100]]
[2025.03.25-15.47.10:586][  0]LogConfig: Setting CVar [[r.Upscale.Quality:3]]
[2025.03.25-15.47.10:586][  0]LogConfig: Setting CVar [[r.Tonemapper.GrainQuantization:1]]
[2025.03.25-15.47.10:586][  0]LogConfig: Setting CVar [[r.LightShaftQuality:1]]
[2025.03.25-15.47.10:586][  0]LogConfig: Setting CVar [[r.Filter.SizeScale:1]]
[2025.03.25-15.47.10:586][  0]LogConfig: Setting CVar [[r.Tonemapper.Quality:5]]
[2025.03.25-15.47.10:586][  0]LogConfig: Setting CVar [[r.DOF.Gather.AccumulatorQuality:1        ; higher gathering accumulator quality]]
[2025.03.25-15.47.10:586][  0]LogConfig: Setting CVar [[r.DOF.Gather.PostfilterMethod:1          ; Median3x3 postfilering method]]
[2025.03.25-15.47.10:586][  0]LogConfig: Setting CVar [[r.DOF.Gather.EnableBokehSettings:0       ; no bokeh simulation when gathering]]
[2025.03.25-15.47.10:586][  0]LogConfig: Setting CVar [[r.DOF.Gather.RingCount:4                 ; medium number of samples when gathering]]
[2025.03.25-15.47.10:586][  0]LogConfig: Setting CVar [[r.DOF.Scatter.ForegroundCompositing:1    ; additive foreground scattering]]
[2025.03.25-15.47.10:586][  0]LogConfig: Setting CVar [[r.DOF.Scatter.BackgroundCompositing:2    ; additive background scattering]]
[2025.03.25-15.47.10:586][  0]LogConfig: Setting CVar [[r.DOF.Scatter.EnableBokehSettings:1      ; bokeh simulation when scattering]]
[2025.03.25-15.47.10:586][  0]LogConfig: Setting CVar [[r.DOF.Scatter.MaxSpriteRatio:0.1         ; only a maximum of 10% of scattered bokeh]]
[2025.03.25-15.47.10:586][  0]LogConfig: Setting CVar [[r.DOF.Recombine.Quality:1                ; cheap slight out of focus]]
[2025.03.25-15.47.10:586][  0]LogConfig: Setting CVar [[r.DOF.Recombine.EnableBokehSettings:0    ; no bokeh simulation on slight out of focus]]
[2025.03.25-15.47.10:586][  0]LogConfig: Setting CVar [[r.DOF.TemporalAAQuality:1                ; more stable temporal accumulation]]
[2025.03.25-15.47.10:586][  0]LogConfig: Setting CVar [[r.DOF.Kernel.MaxForegroundRadius:0.025]]
[2025.03.25-15.47.10:586][  0]LogConfig: Setting CVar [[r.DOF.Kernel.MaxBackgroundRadius:0.025]]
[2025.03.25-15.47.10:586][  0]LogConfig: Applying CVar settings from Section [TextureQuality@3] File [C:/Users/Ido Isaac/Desktop/Web Game Programming/Wk 1/COMP217GroupProject/DungeonDash/Saved/Config/Windows/Scalability.ini]
[2025.03.25-15.47.10:586][  0]LogConfig: Setting CVar [[r.Streaming.MipBias:0]]
[2025.03.25-15.47.10:586][  0]LogConfig: Setting CVar [[r.Streaming.AmortizeCPUToGPUCopy:0]]
[2025.03.25-15.47.10:586][  0]LogConfig: Setting CVar [[r.Streaming.MaxNumTexturesToStreamPerFrame:0]]
[2025.03.25-15.47.10:586][  0]LogConfig: Setting CVar [[r.Streaming.Boost:1]]
[2025.03.25-15.47.10:586][  0]LogConfig: Setting CVar [[r.MaxAnisotropy:8]]
[2025.03.25-15.47.10:586][  0]LogConfig: Setting CVar [[r.VT.MaxAnisotropy:8]]
[2025.03.25-15.47.10:586][  0]LogConfig: Setting CVar [[r.Streaming.LimitPoolSizeToVRAM:0]]
[2025.03.25-15.47.10:586][  0]LogConfig: Setting CVar [[r.Streaming.PoolSize:1000]]
[2025.03.25-15.47.10:586][  0]LogConfig: Setting CVar [[r.Streaming.MaxEffectiveScreenSize:0]]
[2025.03.25-15.47.10:586][  0]LogConfig: Applying CVar settings from Section [EffectsQuality@3] File [C:/Users/Ido Isaac/Desktop/Web Game Programming/Wk 1/COMP217GroupProject/DungeonDash/Saved/Config/Windows/Scalability.ini]
[2025.03.25-15.47.10:586][  0]LogConfig: Setting CVar [[r.TranslucencyLightingVolumeDim:64]]
[2025.03.25-15.47.10:587][  0]LogConfig: Setting CVar [[r.RefractionQuality:2]]
[2025.03.25-15.47.10:587][  0]LogConfig: Setting CVar [[r.SSR.Quality:3]]
[2025.03.25-15.47.10:587][  0]LogConfig: Setting CVar [[r.SSR.HalfResSceneColor:0]]
[2025.03.25-15.47.10:587][  0]LogConfig: Setting CVar [[r.SceneColorFormat:4]]
[2025.03.25-15.47.10:587][  0]LogConfig: Setting CVar [[r.DetailMode:2]]
[2025.03.25-15.47.10:587][  0]LogConfig: Setting CVar [[r.TranslucencyVolumeBlur:1]]
[2025.03.25-15.47.10:587][  0]LogConfig: Setting CVar [[r.MaterialQualityLevel:1 ; High quality]]
[2025.03.25-15.47.10:587][  0]LogConfig: Setting CVar [[r.AnisotropicMaterials:1]]
[2025.03.25-15.47.10:587][  0]LogConfig: Setting CVar [[r.SSS.Scale:1]]
[2025.03.25-15.47.10:587][  0]LogConfig: Setting CVar [[r.SSS.SampleSet:2]]
[2025.03.25-15.47.10:587][  0]LogConfig: Setting CVar [[r.SSS.Quality:1]]
[2025.03.25-15.47.10:587][  0]LogConfig: Setting CVar [[r.SSS.HalfRes:0]]
[2025.03.25-15.47.10:587][  0]LogConfig: Setting CVar [[r.SSGI.Quality:3]]
[2025.03.25-15.47.10:587][  0]LogConfig: Setting CVar [[r.EmitterSpawnRateScale:1.0]]
[2025.03.25-15.47.10:587][  0]LogConfig: Setting CVar [[r.ParticleLightQuality:2]]
[2025.03.25-15.47.10:587][  0]LogConfig: Setting CVar [[r.SkyAtmosphere.AerialPerspectiveLUT.FastApplyOnOpaque:1 ; Always have FastSkyLUT 1 in this case to avoid wrong sky]]
[2025.03.25-15.47.10:587][  0]LogConfig: Setting CVar [[r.SkyAtmosphere.AerialPerspectiveLUT.SampleCountMaxPerSlice:4]]
[2025.03.25-15.47.10:587][  0]LogConfig: Setting CVar [[r.SkyAtmosphere.AerialPerspectiveLUT.DepthResolution:16.0]]
[2025.03.25-15.47.10:587][  0]LogConfig: Setting CVar [[r.SkyAtmosphere.FastSkyLUT:1]]
[2025.03.25-15.47.10:587][  0]LogConfig: Setting CVar [[r.SkyAtmosphere.FastSkyLUT.SampleCountMin:4.0]]
[2025.03.25-15.47.10:587][  0]LogConfig: Setting CVar [[r.SkyAtmosphere.FastSkyLUT.SampleCountMax:128.0]]
[2025.03.25-15.47.10:587][  0]LogConfig: Setting CVar [[r.SkyAtmosphere.SampleCountMin:4.0]]
[2025.03.25-15.47.10:587][  0]LogConfig: Setting CVar [[r.SkyAtmosphere.SampleCountMax:128.0]]
[2025.03.25-15.47.10:587][  0]LogConfig: Setting CVar [[r.SkyAtmosphere.TransmittanceLUT.UseSmallFormat:0]]
[2025.03.25-15.47.10:587][  0]LogConfig: Setting CVar [[r.SkyAtmosphere.TransmittanceLUT.SampleCount:10.0]]
[2025.03.25-15.47.10:587][  0]LogConfig: Setting CVar [[r.SkyAtmosphere.MultiScatteringLUT.SampleCount:15.0]]
[2025.03.25-15.47.10:587][  0]LogConfig: Setting CVar [[r.SkyLight.RealTimeReflectionCapture:1]]
[2025.03.25-15.47.10:587][  0]LogConfig: Applying CVar settings from Section [FoliageQuality@3] File [C:/Users/Ido Isaac/Desktop/Web Game Programming/Wk 1/COMP217GroupProject/DungeonDash/Saved/Config/Windows/Scalability.ini]
[2025.03.25-15.47.10:587][  0]LogConfig: Setting CVar [[foliage.DensityScale:1.0]]
[2025.03.25-15.47.10:587][  0]LogConfig: Setting CVar [[grass.DensityScale:1.0]]
[2025.03.25-15.47.10:587][  0]LogConfig: Applying CVar settings from Section [ShadingQuality@3] File [C:/Users/Ido Isaac/Desktop/Web Game Programming/Wk 1/COMP217GroupProject/DungeonDash/Saved/Config/Windows/Scalability.ini]
[2025.03.25-15.47.10:587][  0]LogConfig: Setting CVar [[r.HairStrands.SkyLighting.IntegrationType:2]]
[2025.03.25-15.47.10:587][  0]LogConfig: Setting CVar [[r.HairStrands.SkyAO.SampleCount:4]]
[2025.03.25-15.47.10:587][  0]LogConfig: Setting CVar [[r.HairStrands.Visibility.MSAA.SamplePerPixel:4]]
[2025.03.25-15.47.10:587][  0]LogConfig: Applying CVar settings from Section [Startup] File [../../../Engine/Config/ConsoleVariables.ini]
[2025.03.25-15.47.10:588][  0]LogConfig: Setting CVar [[net.UseAdaptiveNetUpdateFrequency:0]]
[2025.03.25-15.47.10:588][  0]LogConfig: Setting CVar [[p.chaos.AllowCreatePhysxBodies:1]]
[2025.03.25-15.47.10:588][  0]LogConfig: Setting CVar [[fx.SkipVectorVMBackendOptimizations:1]]
[2025.03.25-15.47.10:588][  0]LogConfig: Applying CVar settings from Section [ConsoleVariables] File [C:/Users/Ido Isaac/Desktop/Web Game Programming/Wk 1/COMP217GroupProject/DungeonDash/Saved/Config/Windows/Engine.ini]
[2025.03.25-15.47.10:588][  0]LogConfig: Applying CVar settings from Section [ConsoleVariables] File [C:/Users/Ido Isaac/Desktop/Web Game Programming/Wk 1/COMP217GroupProject/DungeonDash/Saved/Config/Windows/Editor.ini]
[2025.03.25-15.47.10:589][  0]LogInit: Computer: IDOSLAPTOP
[2025.03.25-15.47.10:589][  0]LogInit: User: IdoIsaac
[2025.03.25-15.47.10:589][  0]LogInit: CPU Page size=4096, Cores=10
[2025.03.25-15.47.10:589][  0]LogInit: High frequency timer resolution =10.000000 MHz
[2025.03.25-15.47.10:589][  0]LogMemory: Memory total: Physical=15.7GB (16GB approx)
[2025.03.25-15.47.10:589][  0]LogMemory: Platform Memory Stats for Windows
[2025.03.25-15.47.10:589][  0]LogMemory: Process Physical Memory: 151.67 MB used, 151.67 MB peak
[2025.03.25-15.47.10:589][  0]LogMemory: Process Virtual Memory: 134.60 MB used, 134.60 MB peak
[2025.03.25-15.47.10:589][  0]LogMemory: Physical Memory: 9229.04 MB used,  6859.52 MB free, 16088.56 MB total
[2025.03.25-15.47.10:589][  0]LogMemory: Virtual Memory: 134204736.00 MB used,  12993.95 MB free, 134217728.00 MB total
[2025.03.25-15.47.10:600][  0]LogWindows: WindowsPlatformFeatures enabled
[2025.03.25-15.47.10:743][  0]LogInit: Physics initialised using underlying interface: PhysX
[2025.03.25-15.47.10:751][  0]LogInit: Using OS detected language (en-US).
[2025.03.25-15.47.10:751][  0]LogInit: Using OS detected locale (en-CA).
[2025.03.25-15.47.10:774][  0]LogTextLocalizationManager: No specific localization for 'en-US' exists, so the 'en' localization will be used.
[2025.03.25-15.47.11:379][  0]LogInit: Setting process to per monitor DPI aware
[2025.03.25-15.47.11:452][  0]LogWindowsTextInputMethodSystem: Display: IME system deactivated.
[2025.03.25-15.47.11:595][  0]LogSlate: New Slate User Created.  User Index 0, Is Virtual User: 0
[2025.03.25-15.47.11:595][  0]LogSlate: Slate User Registered.  User Index 0, Is Virtual User: 0
[2025.03.25-15.47.18:400][  0]LogD3D11RHI: Loaded GFSDK_Aftermath_Lib.x64.dll
[2025.03.25-15.47.18:484][  0]LogHMD: Failed to initialize OpenVR with code 110
[2025.03.25-15.47.18:484][  0]LogD3D11RHI: D3D11 min allowed feature level: 11_0
[2025.03.25-15.47.18:484][  0]LogD3D11RHI: D3D11 max allowed feature level: 11_0
[2025.03.25-15.47.18:484][  0]LogD3D11RHI: D3D11 adapters:
[2025.03.25-15.47.19:711][  0]LogD3D11RHI:    0. 'NVIDIA GeForce RTX 4060 Laptop GPU' (Feature Level 11_0)
[2025.03.25-15.47.19:713][  0]LogD3D11RHI:       7957/0/8044 MB DedicatedVideo/DedicatedSystem/SharedSystem, Outputs:1, VendorId:0x10de
[2025.03.25-15.47.19:807][  0]LogD3D11RHI:    1. 'Intel(R) UHD Graphics' (Feature Level 11_0)
[2025.03.25-15.47.19:807][  0]LogD3D11RHI:       128/0/8044 MB DedicatedVideo/DedicatedSystem/SharedSystem, Outputs:0, VendorId:0x8086
[2025.03.25-15.47.19:813][  0]LogD3D11RHI:    2. 'Microsoft Basic Render Driver' (Feature Level 11_0)
[2025.03.25-15.47.19:813][  0]LogD3D11RHI:       0/0/8044 MB DedicatedVideo/DedicatedSystem/SharedSystem, Outputs:0, VendorId:0x1414
[2025.03.25-15.47.19:813][  0]LogD3D11RHI: Chosen D3D11 Adapter:
[2025.03.25-15.47.19:813][  0]LogD3D11RHI:     Description : NVIDIA GeForce RTX 4060 Laptop GPU
[2025.03.25-15.47.19:813][  0]LogD3D11RHI:     VendorId    : 10de
[2025.03.25-15.47.19:813][  0]LogD3D11RHI:     DeviceId    : 28a0
[2025.03.25-15.47.19:813][  0]LogD3D11RHI:     SubSysId    : 13b91462
[2025.03.25-15.47.19:813][  0]LogD3D11RHI:     Revision    : 00a1
[2025.03.25-15.47.19:813][  0]LogD3D11RHI:     DedicatedVideoMemory : 8343519232 bytes
[2025.03.25-15.47.19:813][  0]LogD3D11RHI:     DedicatedSystemMemory : 0 bytes
[2025.03.25-15.47.19:813][  0]LogD3D11RHI:     SharedSystemMemory : 8435038208 bytes
[2025.03.25-15.47.19:813][  0]LogD3D11RHI:     AdapterLuid : 0 70503
[2025.03.25-15.47.19:822][  0]LogD3D11RHI: Creating new Direct3DDevice
[2025.03.25-15.47.19:822][  0]LogD3D11RHI:     GPU DeviceId: 0x28a0 (for the marketing name, search the web for "GPU Device Id")
[2025.03.25-15.47.19:822][  0]LogWindows: EnumDisplayDevices:
[2025.03.25-15.47.19:823][  0]LogWindows:    0. 'Intel(R) UHD Graphics' (P:1 D:1)
[2025.03.25-15.47.19:823][  0]LogWindows:    1. 'Intel(R) UHD Graphics' (P:0 D:0)
[2025.03.25-15.47.19:823][  0]LogWindows:    2. 'Intel(R) UHD Graphics' (P:0 D:0)
[2025.03.25-15.47.19:824][  0]LogWindows:    3. 'Intel(R) UHD Graphics' (P:0 D:0)
[2025.03.25-15.47.19:824][  0]LogWindows:    4. 'NVIDIA GeForce RTX 4060 Laptop GPU' (P:0 D:0)
[2025.03.25-15.47.19:824][  0]LogWindows:    5. 'NVIDIA GeForce RTX 4060 Laptop GPU' (P:0 D:0)
[2025.03.25-15.47.19:824][  0]LogWindows:    6. 'NVIDIA GeForce RTX 4060 Laptop GPU' (P:0 D:0)
[2025.03.25-15.47.19:825][  0]LogWindows:    7. 'NVIDIA GeForce RTX 4060 Laptop GPU' (P:0 D:0)
[2025.03.25-15.47.19:825][  0]LogWindows: DebugString: PrimaryIsNotTheChoosenAdapter PrimaryIsNotTheChoosenAdapter PrimaryIsNotTheChoosenAdapter PrimaryIsNotTheChoosenAdapter FoundDriverCount:4 
[2025.03.25-15.47.19:825][  0]LogD3D11RHI:     Adapter Name: NVIDIA GeForce RTX 4060 Laptop GPU
[2025.03.25-15.47.19:825][  0]LogD3D11RHI:   Driver Version: 566.14 (internal:32.0.15.6614, unified:566.14)
[2025.03.25-15.47.19:825][  0]LogD3D11RHI:      Driver Date: 11-6-2024
[2025.03.25-15.47.19:825][  0]LogRHI: Texture pool is 5569 MB (70% of 7957 MB)
[2025.03.25-15.47.19:827][  0]LogD3D11RHI: Creating D3DDevice using adapter:
[2025.03.25-15.47.19:827][  0]LogD3D11RHI:     Description : NVIDIA GeForce RTX 4060 Laptop GPU
[2025.03.25-15.47.19:827][  0]LogD3D11RHI:     VendorId    : 10de
[2025.03.25-15.47.19:827][  0]LogD3D11RHI:     DeviceId    : 28a0
[2025.03.25-15.47.19:827][  0]LogD3D11RHI:     SubSysId    : 13b91462
[2025.03.25-15.47.19:827][  0]LogD3D11RHI:     Revision    : 00a1
[2025.03.25-15.47.19:827][  0]LogD3D11RHI:     DedicatedVideoMemory : 8343519232 bytes
[2025.03.25-15.47.19:827][  0]LogD3D11RHI:     DedicatedSystemMemory : 0 bytes
[2025.03.25-15.47.19:827][  0]LogD3D11RHI:     SharedSystemMemory : 8435038208 bytes
[2025.03.25-15.47.19:827][  0]LogD3D11RHI:     AdapterLuid : 0 70503
[2025.03.25-15.47.20:004][  0]LogD3D11RHI: RHI has support for 64 bit atomics
[2025.03.25-15.47.20:006][  0]LogD3D11RHI: Async texture creation enabled
[2025.03.25-15.47.20:006][  0]LogD3D11RHI: Array index from any shader is supported
[2025.03.25-15.47.20:075][  0]LogD3D11RHI: GPU Timing Frequency: 1000.000000 (Debug: 2 2)
[2025.03.25-15.47.20:166][  0]LogRHI: GeForceNow SDK initialized: 1
[2025.03.25-15.47.20:866][  0]LogTargetPlatformManager: Display: Loaded TargetPlatform 'AllDesktop'
[2025.03.25-15.47.20:907][  0]LogTargetPlatformManager: Display: Loaded TargetPlatform 'Android'
[2025.03.25-15.47.20:907][  0]LogTargetPlatformManager: Display: Loaded TargetPlatform 'Android_ASTC'
[2025.03.25-15.47.20:907][  0]LogTargetPlatformManager: Display: Loaded TargetPlatform 'Android_DXT'
[2025.03.25-15.47.20:907][  0]LogTargetPlatformManager: Display: Loaded TargetPlatform 'Android_ETC2'
[2025.03.25-15.47.20:907][  0]LogTargetPlatformManager: Display: Loaded TargetPlatform 'AndroidClient'
[2025.03.25-15.47.20:907][  0]LogTargetPlatformManager: Display: Loaded TargetPlatform 'Android_ASTCClient'
[2025.03.25-15.47.20:907][  0]LogTargetPlatformManager: Display: Loaded TargetPlatform 'Android_DXTClient'
[2025.03.25-15.47.20:907][  0]LogTargetPlatformManager: Display: Loaded TargetPlatform 'Android_ETC2Client'
[2025.03.25-15.47.20:907][  0]LogTargetPlatformManager: Display: Loaded TargetPlatform 'Android_Multi'
[2025.03.25-15.47.20:907][  0]LogTargetPlatformManager: Display: Loaded TargetPlatform 'Android_MultiClient'
[2025.03.25-15.47.20:944][  0]LogTargetPlatformManager: Display: Loaded TargetPlatform 'IOSClient'
[2025.03.25-15.47.20:944][  0]LogTargetPlatformManager: Display: Loaded TargetPlatform 'IOS'
[2025.03.25-15.47.20:984][  0]LogTargetPlatformManager: Display: Loaded TargetPlatform 'Linux'
[2025.03.25-15.47.20:995][  0]LogTargetPlatformManager: Display: Loaded TargetPlatform 'LinuxNoEditor'
[2025.03.25-15.47.21:005][  0]LogTargetPlatformManager: Display: Loaded TargetPlatform 'LinuxClient'
[2025.03.25-15.47.21:014][  0]LogTargetPlatformManager: Display: Loaded TargetPlatform 'LinuxServer'
[2025.03.25-15.47.21:046][  0]LogTargetPlatformManager: Display: Loaded TargetPlatform 'LinuxAArch64NoEditor'
[2025.03.25-15.47.21:055][  0]LogTargetPlatformManager: Display: Loaded TargetPlatform 'LinuxAArch64Client'
[2025.03.25-15.47.21:063][  0]LogTargetPlatformManager: Display: Loaded TargetPlatform 'LinuxAArch64Server'
[2025.03.25-15.47.21:112][  0]LogTargetPlatformManager: Display: Loaded TargetPlatform 'Lumin'
[2025.03.25-15.47.21:113][  0]LogTargetPlatformManager: Display: Loaded TargetPlatform 'LuminClient'
[2025.03.25-15.47.21:148][  0]LogTargetPlatformManager: Display: Loaded TargetPlatform 'MacNoEditor'
[2025.03.25-15.47.21:156][  0]LogTargetPlatformManager: Display: Loaded TargetPlatform 'Mac'
[2025.03.25-15.47.21:164][  0]LogTargetPlatformManager: Display: Loaded TargetPlatform 'MacClient'
[2025.03.25-15.47.21:171][  0]LogTargetPlatformManager: Display: Loaded TargetPlatform 'MacServer'
[2025.03.25-15.47.21:188][  0]LogTargetPlatformManager: Display: Loaded TargetPlatform 'TVOSClient'
[2025.03.25-15.47.21:188][  0]LogTargetPlatformManager: Display: Loaded TargetPlatform 'TVOS'
[2025.03.25-15.47.21:203][  0]LogTargetPlatformManager: Display: Loaded TargetPlatform 'WindowsNoEditor'
[2025.03.25-15.47.21:211][  0]LogTargetPlatformManager: Display: Loaded TargetPlatform 'Windows'
[2025.03.25-15.47.21:220][  0]LogTargetPlatformManager: Display: Loaded TargetPlatform 'WindowsClient'
[2025.03.25-15.47.21:229][  0]LogTargetPlatformManager: Display: Loaded TargetPlatform 'WindowsServer'
[2025.03.25-15.47.21:230][  0]LogTargetPlatformManager: Display: Building Assets For Windows
[2025.03.25-15.47.21:248][  0]LogAudioDebug: Display: Lib vorbis DLL was dynamically loaded.
[2025.03.25-15.47.21:329][  0]LogTextureFormatOodle: Display: Oodle Texture 2.9.0 init RDO Off
[2025.03.25-15.47.21:412][  0]LogRendererCore: Ray tracing is disabled. Reason: r.RayTracing=0.
[2025.03.25-15.47.21:413][  0]LogShaderCompilers: Guid format shader working directory is -50 characters bigger than the processId version (../../../../../../Users/Ido Isaac/Desktop/Web Game Programming/Wk 1/COMP217GroupProject/DungeonDash/Intermediate/Shaders/WorkingDirectory/13516/).
[2025.03.25-15.47.21:413][  0]LogShaderCompilers: Cleaned the shader compiler working directory 'C:/Users/Ido Isaac/AppData/Local/Temp/UnrealShaderWorkingDir/367A3F084B0534ED5F01079FC12359C2/'.
[2025.03.25-15.47.21:414][  0]LogXGEController: Cannot use XGE Controller as Incredibuild is not installed on this machine.
[2025.03.25-15.47.21:414][  0]LogShaderCompilers: Cannot use XGE Shader Compiler as Incredibuild is not installed on this machine.
[2025.03.25-15.47.21:414][  0]LogShaderCompilers: Display: Using Local Shader Compiler.
[2025.03.25-15.47.29:280][  0]LogDerivedDataCache: Display: Max Cache Size: 512 MB
[2025.03.25-15.47.29:405][  0]LogDerivedDataCache: Loaded boot cache 0.12s 103MB C:/Users/Ido Isaac/AppData/Local/UnrealEngine/4.27/DerivedDataCache/Boot.ddc.
[2025.03.25-15.47.29:405][  0]LogDerivedDataCache: Display: Loaded Boot cache: C:/Users/Ido Isaac/AppData/Local/UnrealEngine/4.27/DerivedDataCache/Boot.ddc
[2025.03.25-15.47.29:405][  0]LogDerivedDataCache: FDerivedDataBackendGraph:  Pak pak cache file ../../../../../../Users/Ido Isaac/Desktop/Web Game Programming/Wk 1/COMP217GroupProject/DungeonDash/DerivedDataCache/DDC.ddp not found, will not use a pak cache.
[2025.03.25-15.47.29:405][  0]LogDerivedDataCache: Unable to find inner node Pak for hierarchical cache Hierarchy.
[2025.03.25-15.47.29:405][  0]LogDerivedDataCache: FDerivedDataBackendGraph:  CompressedPak pak cache file ../../../../../../Users/Ido Isaac/Desktop/Web Game Programming/Wk 1/COMP217GroupProject/DungeonDash/DerivedDataCache/Compressed.ddp not found, will not use a pak cache.
[2025.03.25-15.47.29:405][  0]LogDerivedDataCache: Unable to find inner node CompressedPak for hierarchical cache Hierarchy.
[2025.03.25-15.47.29:457][  0]LogDerivedDataCache: Display: Pak cache opened for reading ../../../Engine/DerivedDataCache/Compressed.ddp.
[2025.03.25-15.47.29:458][  0]LogDerivedDataCache: FDerivedDataBackendGraph:  EnterprisePak pak cache file ../../../Enterprise/DerivedDataCache/Compressed.ddp not found, will not use a pak cache.
[2025.03.25-15.47.29:458][  0]LogDerivedDataCache: Unable to find inner node EnterprisePak for hierarchical cache Hierarchy.
[2025.03.25-15.47.29:577][  0]LogDerivedDataCache: Speed tests for C:/Users/Ido Isaac/AppData/Local/UnrealEngine/Common/DerivedDataCache took 0.12 seconds
[2025.03.25-15.47.29:577][  0]LogDerivedDataCache: Display: Performance to C:/Users/Ido Isaac/AppData/Local/UnrealEngine/Common/DerivedDataCache: Latency=0.23ms. RandomReadSpeed=8.70MBs, RandomWriteSpeed=105.19MBs. Assigned SpeedClass 'Local'
[2025.03.25-15.47.29:579][  0]LogDerivedDataCache: Using Local data cache path C:/Users/Ido Isaac/AppData/Local/UnrealEngine/Common/DerivedDataCache: Writable
[2025.03.25-15.47.29:579][  0]LogDerivedDataCache: Shared data cache path not found in *engine.ini, will not use an Shared cache.
[2025.03.25-15.47.29:579][  0]LogDerivedDataCache: Unable to find inner node Shared for hierarchical cache Hierarchy.
[2025.03.25-15.47.29:687][  0]LogSlate: Using FreeType 2.10.0
[2025.03.25-15.47.29:732][  0]LogSlate: SlateFontServices - WITH_FREETYPE: 1, WITH_HARFBUZZ: 1
[2025.03.25-15.47.29:810][  0]LogAssetRegistry: FAssetRegistry took 0.0078 seconds to start up
[2025.03.25-15.47.30:574][  0]LogInit: Selected Device Profile: [Windows]
[2025.03.25-15.47.30:574][  0]LogInit: Active device profile: [0000013539C2AD00][00000135395CF680 49] Windows
[2025.03.25-15.47.30:574][  0]LogInit: Profiles: [0000013539C2AD00][00000135395CF680 49] Windows, [0000013539BC9800][00000135395D7940 49] WindowsNoEditor, [0000013539C2A400][00000135395DBC00 49] WindowsServer, [0000013539BCA000][00000135395DE340 49] WindowsClient, [0000013539C29E00][00000135395E2600 49] IOS, [0000013539BCBF00][00000135395E68C0 49] iPadAir, [0000013539C2B200][00000135395D2B40 49] iPadAir2, [0000013539B79C00][00000135395FF040 49] IPadPro, [0000013539B79D00][00000135395EB080 49] iPadAir3, [0000013539BC9B00][00000135395F7340 49] iPadAir4, [0000013539B7AB00][00000135395F3600 49] iPadMini2, [0000013539BC9700][00000135395FB8C0 49] iPadMini3, [0000013539B7B800][0000013539603B80 49] iPadMini4, [0000013539BC9D00][00000135396062C0 49] iPadMini5, [0000013539B95300][000001353961A800 49] iPhone6, [0000013539B95400][000001353960A840 49] iPodTouch6, [0000013539C2A600][000001353961ED40 49] iPhone7, [0000013539C2AB00][0000013539612D80 49] iPodTouch7, [0000013539B78100][00000135395EF000 49] iPhone5S, [0000013539B7A200][000001353960F2C0 49] iPhone6Plus, [0000013539B95000][0000013539623580 49] iPhone6S, [0000013539B78800][0000013539627840 49] iPhone6SPlus, [0000013539B97700][000001353962BB00 49] iPhone7Plus, [0000013539B79000][000001353962E240 49] iPhoneSE, [0000013539B94D00][0000013539632500 49] iPhone8, [0000013539B79A00][00000135396367C0 49] iPhone8Plus, [0000013539B96500][000001353963AA80 49] iPhoneX, [0000013539B7B700][000001353963ED40 49] iPhoneXS, [0000013539B95D00][0000013539616FC0 49] iPhoneXSMax, [0000013539B78200][0000013539643240 49] iPhoneXR, [0000013539B95C00][000001353964B500 49] iPhone11, [0000013539B7B000][000001353964F7C0 49] iPhone11Pro, [0000013539B95A00][0000013539653A80 49] iPhone11ProMax, [0000013539B7AF00][00000135396561C0 49] iPhoneSE2, [0000013539B95600][000001353965A480 49] iPhone12Mini, [0000013539B79700][000001353965E740 49] iPhone12, [0000013539C29700][0000013539662A00 49] iPhone12Pro, [0000013539B79100][0000013539666CC0 49] iPhone12ProMax, [0000013539C2B600][000001353966AF80 49] iPadPro105, [0000013539B7AA00][0000013539647200 49] iPadPro129, [0000013539C29900][000001353966F480 49] iPadPro97, [0000013539B7A900][0000013539677740 49] iPadPro2_129, [0000013539C2B300][000001353967BA00 49] iPad5, [0000013539B7A600][000001353967E140 49] iPad6, [0000013539C2A000][0000013539682400 49] iPad7, [0000013539B7BF00][00000135396866C0 49] iPad8, [0000013539C28100][000001353968A980 49] iPadPro11, [0000013539B7A100][000001353968EC40 49] iPadPro2_11, [0000013539C2A100][0000013539692F00 49] iPadPro3_129, [0000013539B79200][00000135396971C0 49] iPadPro4_129, [0000013539C28400][0000013539673440 49] AppleTV, [0000013539B78D00][000001353969B6C0 49] AppleTV4K, [0000013539C2AC00][00000135396A3980 49] TVOS, [0000013539B7AC00][00000135396A60C0 49] Mac, [0000013539C28500][00000135396AA380 49] MacClient, [0000013539B78F00][00000135396AE640 49] MacNoEditor, [0000013539C29300][00000135396B2900 49] MacServer, [0000013539B78B00][00000135396B6BC0 49] Linux, [0000013539C28800][00000135396BAE80 49] LinuxAArch64, [0000013539B7B600][00000135396BF140 49] LinuxNoEditor, [0000013539C29000][00000135396C3400 49] LinuxAArch64NoEditor, [0000013539B78C00][000001353969F680 49] LinuxClient, [0000013539C28B00][00000135396C7900 49] LinuxAArch64Client, [0000013539B78600][00000135396CFBC0 49] LinuxServer, [0000013539C28E00][00000135396D2300 49] LinuxAArch64Server, [0000013539B7A400][00000135396D65C0 49] Android, [0000013539C2A700][00000135396DA880 49] Android_Low, [0000013539B7B900][00000135396DEB40 49] Android_Mid, [0000013539C2B000][00000135396E2E00 49] Android_High, [0000013539B7B200][00000135396E70C0 49] Android_Default, [0000013539C29C00][00000135396EB380 49] Android_Adreno4xx, [0000013539B78500][00000135396EF640 49] Android_Adreno5xx_Low, [0000013539C28F00][00000135396CB8C0 49] Android_Adreno5xx, [0000013539B7BC00][00000135396F3B40 49] Android_Adreno6xx, [0000013539C2B900][00000135396FA280 49] Android_Adreno6xx_Vulkan, [0000013539B79600][00000135396FE540 49] Android_Mali_T6xx, [0000013539B94100][0000013539702800 49] Android_Mali_T7xx, [0000013539BCA800][0000013539706AC0 49] Android_Mali_T8xx, [0000013539B94F00][000001353970AD80 49] Android_Mali_G71, [0000013539BCA200][000001353970F040 49] Android_Mali_G72, [0000013539B97900][0000013539713300 49] Android_Mali_G72_Vulkan, [0000013539BCAA00][00000135397175C0 49] Android_Mali_G76, [0000013539B97000][000001353971B880 49] Android_Mali_G76_Vulkan, [0000013539BCA900][00000135396F7B00 49] Android_Mali_G77, [0000013539B95100][000001353971E200 49] Android_Mali_G77_Vulkan, [0000013539BCBD00][00000135397264C0 49] Android_Mali_G78, [0000013539B96F00][000001353972A780 49] Android_Mali_G78_Vulkan, [0000013539BCBB00][000001353972EA40 49] Android_Mali_G710, [0000013539B96E00][0000013539732D00 49] Android_Mali_G710_Vulkan, [0000013539BCB500][0000013539736FC0 49] Android_Vulkan_SM5, [0000013539B97200][000001353973B280 49] Android_PowerVR_G6xxx, [0000013539BC9F00][000001353973F540 49] Android_PowerVR_GT7xxx, [0000013539B97400][0000013539743800 49] Android_PowerVR_GE8xxx, [0000013539BCB000][0000013539747AC0 49] Android_PowerVR_GM9xxx, [0000013539B96C00][00000135397221C0 49] Android_PowerVR_GM9xxx_Vulkan, [0000013539BC9E00][000001353974A440 49] Android_TegraK1, [0000013539B94300][0000013539752700 49] Android_Unknown_Vulkan, [0000013539BC9500][00000135397569C0 49] Lumin, [0000013539B97100][000001353975AC80 49] Lumin_Desktop, [0000013539BC9600][000001353975EF40 49] HoloLens, 
[2025.03.25-15.47.31:115][  0]LogMeshReduction: Using QuadricMeshReduction for automatic static mesh reduction
[2025.03.25-15.47.31:115][  0]LogMeshReduction: Using SimplygonMeshReduction for automatic skeletal mesh reduction
[2025.03.25-15.47.31:115][  0]LogMeshReduction: Using ProxyLODMeshReduction for automatic mesh merging
[2025.03.25-15.47.31:115][  0]LogMeshReduction: No distributed automatic mesh merging module available
[2025.03.25-15.47.31:116][  0]LogMeshMerging: No distributed automatic mesh merging module available
[2025.03.25-15.47.31:238][  0]LogNetVersion: DungeonDash 1.0.0, NetCL: 17155196, EngineNetVer: 17, GameNetVer: 0 (Checksum: 3083342234)
[2025.03.25-15.47.34:320][  0]LogTexture: Default maximum texture size for cubemaps generated from long-lat sources has been changed from 512 to unlimited. In order to preserve old behaiour for '/Engine/MapTemplates/Sky/DaylightAmbientCubemap.DaylightAmbientCubemap', its maximum texture size has been explicitly set to 512.
[2025.03.25-15.47.34:625][  0]LogHMD: PokeAHoleMaterial loaded successfully
[2025.03.25-15.47.34:636][  0]LogUObjectArray: 17178 objects as part of root set at end of initial load.
[2025.03.25-15.47.34:636][  0]LogUObjectAllocator: 4302048 out of 0 bytes used by permanent object pool.
[2025.03.25-15.47.34:636][  0]LogUObjectArray: CloseDisregardForGC: 0/0 objects in disregard for GC pool
[2025.03.25-15.47.36:100][  0]LogNiagaraDebuggerClient: Niagara Debugger Client Initialized | Session: B28456BF42BBAE637129249ED0BBC120 | Instance: D3468BA3411D7EBA3B17EFA9F0D927D3 (IDOSLAPTOP-13516).
[2025.03.25-15.47.36:556][  0]LogTcpMessaging: Initializing TcpMessaging bridge
[2025.03.25-15.47.36:572][  0]LogUdpMessaging: Initializing bridge on interface 0.0.0.0:0 to multicast group 230.0.0.1:6666.
[2025.03.25-15.47.36:638][  0]LogPython: Using Python 3.7.7
[2025.03.25-15.47.39:639][  0]SourceControl: Source control is disabled
[2025.03.25-15.47.39:639][  0]SourceControl: Source control is disabled
[2025.03.25-15.47.39:663][  0]SourceControl: Source control is disabled
[2025.03.25-15.47.39:677][  0]SourceControl: Source control is disabled
[2025.03.25-15.47.39:934][  0]SourceControl: Source control is disabled
[2025.03.25-15.47.39:994][  0]LogUProjectInfo: Found projects:
[2025.03.25-15.47.40:616][  0]LogAndroidPermission: UAndroidPermissionCallbackProxy::GetInstance
[2025.03.25-15.47.40:687][  0]LogAudioCaptureCore: Display: No Audio Capture implementations found. Audio input will be silent.
[2025.03.25-15.47.40:688][  0]LogAudioCaptureCore: Display: No Audio Capture implementations found. Audio input will be silent.
[2025.03.25-15.47.40:791][  0]LogOpenImageDenoise: OIDN starting up
[2025.03.25-15.47.41:627][  0]LogCollectionManager: Loaded 0 collections in 0.003506 seconds
[2025.03.25-15.47.41:685][  0]LogFileCache: Scanning file cache for directory 'C:/Users/Ido Isaac/Desktop/Web Game Programming/Wk 1/COMP217GroupProject/DungeonDash/Saved/Collections/' took 0.00s
[2025.03.25-15.47.41:685][  0]LogFileCache: Scanning file cache for directory 'C:/Users/Ido Isaac/Desktop/Web Game Programming/Wk 1/COMP217GroupProject/DungeonDash/Content/Developers/IdoIsaac/Collections/' took 0.00s
[2025.03.25-15.47.41:685][  0]LogFileCache: Scanning file cache for directory 'C:/Users/Ido Isaac/Desktop/Web Game Programming/Wk 1/COMP217GroupProject/DungeonDash/Content/Collections/' took 0.00s
[2025.03.25-15.47.41:743][  0]LogOcInput: OculusInput pre-init called
[2025.03.25-15.47.42:735][  0]LogEngine: Initializing Engine...
[2025.03.25-15.47.42:751][  0]LogHMD: Failed to enumerate extensions. Please check that you have a valid OpenXR runtime installed.
[2025.03.25-15.47.42:753][  0]LogHMD: Failed to initialize OpenVR with code 110
[2025.03.25-15.47.42:753][  0]LogMagicLeap: Warning: VR disabled because ZI is not enabled.  To enable, in the editor, Edit -> Project Settings -> Plugins -> Magic Leap Plugin -> Enable Zero Iteration
[2025.03.25-15.47.42:758][  0]LogStats: UGameplayTagsManager::InitializeManager -  0.002 s
[2025.03.25-15.47.43:607][  0]LogInit: Initializing FReadOnlyCVARCache
[2025.03.25-15.47.43:639][  0]LogAIModule: Creating AISystem for world Untitled
[2025.03.25-15.47.43:641][  0]LogAudio: Display: Initializing Audio Device Manager...
[2025.03.25-15.47.43:650][  0]LogAudio: Display: Loading Default Audio Settings Objects...
[2025.03.25-15.47.43:663][  0]LogAudio: Display: No default SoundConcurrencyObject specified (or failed to load).
[2025.03.25-15.47.43:665][  0]LogAudio: Display: Audio Device Manager Initialized
[2025.03.25-15.47.43:665][  0]LogAudio: Display: Creating Audio Device:                 Id: 1, Scope: Shared, Realtime: True
[2025.03.25-15.47.43:665][  0]LogAudioMixer: Display: Audio Mixer Platform Settings:
[2025.03.25-15.47.43:665][  0]LogAudioMixer: Display: 	Sample Rate:						  48000
[2025.03.25-15.47.43:666][  0]LogAudioMixer: Display: 	Callback Buffer Frame Size Requested: 1024
[2025.03.25-15.47.43:666][  0]LogAudioMixer: Display: 	Callback Buffer Frame Size To Use:	  1024
[2025.03.25-15.47.43:666][  0]LogAudioMixer: Display: 	Number of buffers to queue:			  2
[2025.03.25-15.47.43:666][  0]LogAudioMixer: Display: 	Max Channels (voices):				  32
[2025.03.25-15.47.43:666][  0]LogAudioMixer: Display: 	Number of Async Source Workers:		  0
[2025.03.25-15.47.43:666][  0]LogAudio: Display: AudioDevice MaxSources: 32
[2025.03.25-15.47.43:666][  0]LogAudio: Display: Audio Spatialization Plugin: None (built-in).
[2025.03.25-15.47.43:667][  0]LogAudio: Display: Audio Reverb Plugin: None (built-in).
[2025.03.25-15.47.43:667][  0]LogAudio: Display: Audio Occlusion Plugin: None (built-in).
[2025.03.25-15.47.43:667][  0]LogAudioMixer: Display: Initializing audio mixer.
[2025.03.25-15.47.43:717][  0]LogAudioMixer: Display: 0: FrontLeft
[2025.03.25-15.47.43:717][  0]LogAudioMixer: Display: 1: FrontRight
[2025.03.25-15.47.44:223][  0]LogAudioMixer: Display: Using Audio Device Speakers (Realtek(R) Audio)
[2025.03.25-15.47.44:225][  0]LogAudioMixer: Display: Initializing Sound Submixes...
[2025.03.25-15.47.44:296][  0]LogAudioMixer: Display: Creating Master Submix 'MasterSubmixDefault'
[2025.03.25-15.47.44:296][  0]LogAudioMixer: Display: Creating Master Submix 'MasterReverbSubmixDefault'
[2025.03.25-15.47.44:300][  0]LogAudioMixer: Display: Creating Master Submix 'MasterEQSubmixDefault'
[2025.03.25-15.47.44:300][  0]LogAudioMixer: FMixerPlatformXAudio2::StartAudioStream() called
[2025.03.25-15.47.44:300][  0]LogAudioMixer: Display: Output buffers initialized: Frames=1024, Channels=2, Samples=2048
[2025.03.25-15.47.44:302][  0]LogAudioMixer: Display: Starting AudioMixerPlatformInterface::RunInternal()
[2025.03.25-15.47.44:302][  0]LogAudioMixer: Display: FMixerPlatformXAudio2::SubmitBuffer() called for the first time
[2025.03.25-15.47.44:302][  0]LogInit: FAudioDevice initialized.
[2025.03.25-15.47.44:303][  0]LogAudio: Display: Audio Device (ID: 1) registered with world 'Untitled'.
[2025.03.25-15.47.44:303][  0]LogNetVersion: Set ProjectVersion to 1.0.0.0. Version Checksum will be recalculated on next use.
[2025.03.25-15.47.44:440][  0]LogDerivedDataCache: Saved boot cache 0.14s 103MB C:/Users/Ido Isaac/AppData/Local/UnrealEngine/4.27/DerivedDataCache/Boot.ddc.
[2025.03.25-15.47.44:440][  0]LogInit: Texture streaming: Enabled
[2025.03.25-15.47.44:471][  0]LogAnalytics: Display: [UEEditor.Rocket.Release] APIServer = https://datarouter.ol.epicgames.com/. AppVersion = 4.27.2-18319896+++UE4+Release-4.27
[2025.03.25-15.47.44:482][  0]LogEngineSessionManager: EngineSessionManager initialized
[2025.03.25-15.47.44:482][  0]LogEditorSessionSummary: Verbose: Initializing EditorSessionSummaryWriter for editor session tracking
[2025.03.25-15.47.44:486][  0]LogEditorSessionSummary: EditorSessionSummaryWriter initialized
[2025.03.25-15.47.44:559][  0]LogInit: Transaction tracking system initialized
[2025.03.25-15.47.44:639][  0]BlueprintLog: New page: Editor Load
[2025.03.25-15.47.44:874][  0]LocalizationService: Localization service is disabled
[2025.03.25-15.47.44:970][  0]TimingProfiler: Initialize
[2025.03.25-15.47.44:972][  0]TimingProfiler: OnSessionChanged
[2025.03.25-15.47.44:972][  0]LoadingProfiler: Initialize
[2025.03.25-15.47.44:973][  0]LoadingProfiler: OnSessionChanged
[2025.03.25-15.47.44:973][  0]NetworkingProfiler: Initialize
[2025.03.25-15.47.44:973][  0]NetworkingProfiler: OnSessionChanged
[2025.03.25-15.47.44:974][  0]MemoryProfiler: Initialize
[2025.03.25-15.47.44:974][  0]MemoryProfiler: OnSessionChanged
[2025.03.25-15.47.46:292][  0]LogCook: Display: CookSettings for Memory: MemoryMaxUsedVirtual 0MiB, MemoryMaxUsedPhysical 16384MiB, MemoryMinFreeVirtual 0MiB, MemoryMinFreePhysical 1024MiB
[2025.03.25-15.47.46:292][  0]LogCook: Display: Mobile HDR setting 1
[2025.03.25-15.47.46:534][  0]LogFileCache: Scanning file cache for directory 'C:/Users/Ido Isaac/Desktop/Web Game Programming/Wk 1/COMP217GroupProject/DungeonDash/Content/' took 0.04s
[2025.03.25-15.47.47:584][  0]LogInit: Display: Engine is initialized. Leaving FEngineLoop::Init()
[2025.03.25-15.47.47:598][  0]SourceControl: Source control is disabled
[2025.03.25-15.47.47:917][  0]LogSlate: Took 0.015332 seconds to synchronously load lazily loaded font '../../../Engine/Content/Slate/Fonts/Roboto-Regular.ttf' (155K)
[2025.03.25-15.48.01:726][  0]LogSlate: Window 'Restore Packages' being destroyed
[2025.03.25-15.48.01:726][  0]LogWindowsTextInputMethodSystem: Display: IME system deactivated.
[2025.03.25-15.48.01:801][  0]LogWindowsTextInputMethodSystem: Display: IME system deactivated.
[2025.03.25-15.48.05:858][  0]LogSlate: Window 'Unable to Check Out From Source Control!' being destroyed
[2025.03.25-15.48.05:860][  0]LogWindowsTextInputMethodSystem: Display: IME system deactivated.
[2025.03.25-15.48.05:878][  0]Message dialog closed, result: Ok, title: Unable to Check Out From Source Control!, text: The following assets could not be successfully checked out from source control:
/Game/Level/Level
[2025.03.25-15.48.05:926][  0]LogWindowsTextInputMethodSystem: Display: IME system deactivated.
[2025.03.25-15.48.05:933][  0]LogUnrealEdMisc: Loading editor; pre map load, took 59.071
[2025.03.25-15.48.05:935][  0]LightingResults: New page: Lighting Build
[2025.03.25-15.48.05:943][  0]LogWorld: UWorld::CleanupWorld for Untitled, bSessionEnded=true, bCleanupResources=true
[2025.03.25-15.48.05:943][  0]LogSlate: InvalidateAllWidgets triggered.  All widgets were invalidated
[2025.03.25-15.48.05:944][  0]MapCheck: New page: Map Check
[2025.03.25-15.48.05:944][  0]LightingResults: New page: Lighting Build
[2025.03.25-15.48.05:958][  0]LogAudio: Display: Audio Device unregistered from world 'None'.
[2025.03.25-15.48.05:965][  0]LogUObjectHash: Compacting FUObjectHashTables data took   2.05ms
[2025.03.25-15.48.06:428][  0]LogAudio: Display: Audio Device (ID: 1) registered with world 'ThirdPersonExampleMap'.
[2025.03.25-15.48.06:430][  0]LogAIModule: Creating AISystem for world ThirdPersonExampleMap
[2025.03.25-15.48.06:468][  0]LogEditorServer: Finished looking for orphan Actors (0.000 secs)
[2025.03.25-15.48.06:485][  0]LogUObjectHash: Compacting FUObjectHashTables data took   1.59ms
[2025.03.25-15.48.06:486][  0]Cmd: MAP CHECKDEP NOCLEARLOG
[2025.03.25-15.48.06:487][  0]MapCheck: Map check complete: 0 Error(s), 0 Warning(s), took 0.287ms to complete.
[2025.03.25-15.48.06:487][  0]LogFileHelpers: Loading map 'ThirdPersonExampleMap' took 0.553
[2025.03.25-15.48.06:494][  0]LogUnrealEdMisc: Total Editor Startup Time, took 59.631
[2025.03.25-15.48.06:667][  0]LogSlate: Updating window title bar state: overlay mode, drag disabled, window buttons hidden, title bar hidden
[2025.03.25-15.48.06:680][  0]LogSlate: Updating window title bar state: overlay mode, drag disabled, window buttons hidden, title bar hidden
[2025.03.25-15.48.06:692][  0]LogSlate: Updating window title bar state: overlay mode, drag disabled, window buttons hidden, title bar hidden
[2025.03.25-15.48.06:704][  0]LogSlate: Updating window title bar state: overlay mode, drag disabled, window buttons hidden, title bar hidden
[2025.03.25-15.48.06:760][  0]LogNativeClassHierarchy: Verbose: Native class hierarchy populated in 0.0267 seconds. Added 3825 classes and 930 folders.
[2025.03.25-15.48.06:770][  0]LogNativeClassHierarchy: Verbose: Native class hierarchy updated for 'WidgetCarousel' in 0.0005 seconds. Added 0 classes and 0 folders.
[2025.03.25-15.48.06:806][  0]LogPakFile: PakFile PrimaryIndexSize=187
[2025.03.25-15.48.06:806][  0]LogPakFile: PakFile PathHashIndexSize=101
[2025.03.25-15.48.06:806][  0]LogPakFile: PakFile FullDirectoryIndexSize=148
[2025.03.25-15.48.06:808][  0]LogShaderLibrary: Display: ShaderCodeLibraryPakFileMountedCallback: PakFile 'C:/Program Files/Epic Games/UE_4.27/FeaturePacks/FP_FirstPerson.upack' (chunk index -1, root 'root:/') mounted
[2025.03.25-15.48.06:808][  0]LogShaderLibrary: Display: ShaderCodeLibraryPakFileMountedCallback: pending pak file info (ChunkID:-1 Root:root:/ File:C:/Program Files/Epic Games/UE_4.27/FeaturePacks/FP_FirstPerson.upack)
[2025.03.25-15.48.06:808][  0]LogPakFile: OnPakFileMounted2Time == 0.000623
[2025.03.25-15.48.06:832][  0]LogPakFile: PakFile PrimaryIndexSize=189
[2025.03.25-15.48.06:832][  0]LogPakFile: PakFile PathHashIndexSize=101
[2025.03.25-15.48.06:832][  0]LogPakFile: PakFile FullDirectoryIndexSize=152
[2025.03.25-15.48.06:832][  0]LogShaderLibrary: Display: ShaderCodeLibraryPakFileMountedCallback: PakFile 'C:/Program Files/Epic Games/UE_4.27/FeaturePacks/FP_FirstPersonBP.upack' (chunk index -1, root 'root:/') mounted
[2025.03.25-15.48.06:832][  0]LogShaderLibrary: Display: ShaderCodeLibraryPakFileMountedCallback: pending pak file info (ChunkID:-1 Root:root:/ File:C:/Program Files/Epic Games/UE_4.27/FeaturePacks/FP_FirstPersonBP.upack)
[2025.03.25-15.48.06:832][  0]LogPakFile: OnPakFileMounted2Time == 0.000112
[2025.03.25-15.48.06:852][  0]LogPakFile: PakFile PrimaryIndexSize=191
[2025.03.25-15.48.06:852][  0]LogPakFile: PakFile PathHashIndexSize=101
[2025.03.25-15.48.06:852][  0]LogPakFile: PakFile FullDirectoryIndexSize=160
[2025.03.25-15.48.06:852][  0]LogShaderLibrary: Display: ShaderCodeLibraryPakFileMountedCallback: PakFile 'C:/Program Files/Epic Games/UE_4.27/FeaturePacks/MobileStarterContent.upack' (chunk index -1, root 'root:/') mounted
[2025.03.25-15.48.06:852][  0]LogShaderLibrary: Display: ShaderCodeLibraryPakFileMountedCallback: pending pak file info (ChunkID:-1 Root:root:/ File:C:/Program Files/Epic Games/UE_4.27/FeaturePacks/MobileStarterContent.upack)
[2025.03.25-15.48.06:852][  0]LogPakFile: OnPakFileMounted2Time == 0.000141
[2025.03.25-15.48.06:872][  0]LogPakFile: PakFile PrimaryIndexSize=185
[2025.03.25-15.48.06:872][  0]LogPakFile: PakFile PathHashIndexSize=101
[2025.03.25-15.48.06:872][  0]LogPakFile: PakFile FullDirectoryIndexSize=148
[2025.03.25-15.48.06:872][  0]LogShaderLibrary: Display: ShaderCodeLibraryPakFileMountedCallback: PakFile 'C:/Program Files/Epic Games/UE_4.27/FeaturePacks/StarterContent.upack' (chunk index -1, root 'root:/') mounted
[2025.03.25-15.48.06:873][  0]LogShaderLibrary: Display: ShaderCodeLibraryPakFileMountedCallback: pending pak file info (ChunkID:-1 Root:root:/ File:C:/Program Files/Epic Games/UE_4.27/FeaturePacks/StarterContent.upack)
[2025.03.25-15.48.06:873][  0]LogPakFile: OnPakFileMounted2Time == 0.000099
[2025.03.25-15.48.06:891][  0]LogPakFile: PakFile PrimaryIndexSize=190
[2025.03.25-15.48.06:892][  0]LogPakFile: PakFile PathHashIndexSize=101
[2025.03.25-15.48.06:892][  0]LogPakFile: PakFile FullDirectoryIndexSize=154
[2025.03.25-15.48.06:892][  0]LogShaderLibrary: Display: ShaderCodeLibraryPakFileMountedCallback: PakFile 'C:/Program Files/Epic Games/UE_4.27/FeaturePacks/TP_2DSideScroller.upack' (chunk index -1, root 'root:/') mounted
[2025.03.25-15.48.06:892][  0]LogShaderLibrary: Display: ShaderCodeLibraryPakFileMountedCallback: pending pak file info (ChunkID:-1 Root:root:/ File:C:/Program Files/Epic Games/UE_4.27/FeaturePacks/TP_2DSideScroller.upack)
[2025.03.25-15.48.06:892][  0]LogPakFile: OnPakFileMounted2Time == 0.000082
[2025.03.25-15.48.06:906][  0]LogPakFile: PakFile PrimaryIndexSize=192
[2025.03.25-15.48.06:906][  0]LogPakFile: PakFile PathHashIndexSize=101
[2025.03.25-15.48.06:908][  0]LogPakFile: PakFile FullDirectoryIndexSize=158
[2025.03.25-15.48.06:908][  0]LogShaderLibrary: Display: ShaderCodeLibraryPakFileMountedCallback: PakFile 'C:/Program Files/Epic Games/UE_4.27/FeaturePacks/TP_2DSideScrollerBP.upack' (chunk index -1, root 'root:/') mounted
[2025.03.25-15.48.06:908][  0]LogShaderLibrary: Display: ShaderCodeLibraryPakFileMountedCallback: pending pak file info (ChunkID:-1 Root:root:/ File:C:/Program Files/Epic Games/UE_4.27/FeaturePacks/TP_2DSideScrollerBP.upack)
[2025.03.25-15.48.06:908][  0]LogPakFile: OnPakFileMounted2Time == 0.000079
[2025.03.25-15.48.06:924][  0]LogPakFile: PakFile PrimaryIndexSize=182
[2025.03.25-15.48.06:924][  0]LogPakFile: PakFile PathHashIndexSize=101
[2025.03.25-15.48.06:924][  0]LogPakFile: PakFile FullDirectoryIndexSize=138
[2025.03.25-15.48.06:925][  0]LogShaderLibrary: Display: ShaderCodeLibraryPakFileMountedCallback: PakFile 'C:/Program Files/Epic Games/UE_4.27/FeaturePacks/TP_Flying.upack' (chunk index -1, root 'root:/') mounted
[2025.03.25-15.48.06:925][  0]LogShaderLibrary: Display: ShaderCodeLibraryPakFileMountedCallback: pending pak file info (ChunkID:-1 Root:root:/ File:C:/Program Files/Epic Games/UE_4.27/FeaturePacks/TP_Flying.upack)
[2025.03.25-15.48.06:925][  0]LogPakFile: OnPakFileMounted2Time == 0.000123
[2025.03.25-15.48.06:941][  0]LogPakFile: PakFile PrimaryIndexSize=184
[2025.03.25-15.48.06:941][  0]LogPakFile: PakFile PathHashIndexSize=101
[2025.03.25-15.48.06:942][  0]LogPakFile: PakFile FullDirectoryIndexSize=142
[2025.03.25-15.48.06:942][  0]LogShaderLibrary: Display: ShaderCodeLibraryPakFileMountedCallback: PakFile 'C:/Program Files/Epic Games/UE_4.27/FeaturePacks/TP_FlyingBP.upack' (chunk index -1, root 'root:/') mounted
[2025.03.25-15.48.06:942][  0]LogShaderLibrary: Display: ShaderCodeLibraryPakFileMountedCallback: pending pak file info (ChunkID:-1 Root:root:/ File:C:/Program Files/Epic Games/UE_4.27/FeaturePacks/TP_FlyingBP.upack)
[2025.03.25-15.48.06:942][  0]LogPakFile: OnPakFileMounted2Time == 0.000079
[2025.03.25-15.48.06:961][  0]LogPakFile: PakFile PrimaryIndexSize=188
[2025.03.25-15.48.06:961][  0]LogPakFile: PakFile PathHashIndexSize=101
[2025.03.25-15.48.06:961][  0]LogPakFile: PakFile FullDirectoryIndexSize=150
[2025.03.25-15.48.06:961][  0]LogShaderLibrary: Display: ShaderCodeLibraryPakFileMountedCallback: PakFile 'C:/Program Files/Epic Games/UE_4.27/FeaturePacks/TP_HandheldARBP.upack' (chunk index -1, root 'root:/') mounted
[2025.03.25-15.48.06:961][  0]LogShaderLibrary: Display: ShaderCodeLibraryPakFileMountedCallback: pending pak file info (ChunkID:-1 Root:root:/ File:C:/Program Files/Epic Games/UE_4.27/FeaturePacks/TP_HandheldARBP.upack)
[2025.03.25-15.48.06:961][  0]LogPakFile: OnPakFileMounted2Time == 0.000080
[2025.03.25-15.48.06:978][  0]LogPakFile: PakFile PrimaryIndexSize=182
[2025.03.25-15.48.06:978][  0]LogPakFile: PakFile PathHashIndexSize=101
[2025.03.25-15.48.06:978][  0]LogPakFile: PakFile FullDirectoryIndexSize=138
[2025.03.25-15.48.06:978][  0]LogShaderLibrary: Display: ShaderCodeLibraryPakFileMountedCallback: PakFile 'C:/Program Files/Epic Games/UE_4.27/FeaturePacks/TP_Puzzle.upack' (chunk index -1, root 'root:/') mounted
[2025.03.25-15.48.06:979][  0]LogShaderLibrary: Display: ShaderCodeLibraryPakFileMountedCallback: pending pak file info (ChunkID:-1 Root:root:/ File:C:/Program Files/Epic Games/UE_4.27/FeaturePacks/TP_Puzzle.upack)
[2025.03.25-15.48.06:979][  0]LogPakFile: OnPakFileMounted2Time == 0.000083
[2025.03.25-15.48.06:994][  0]LogPakFile: PakFile PrimaryIndexSize=184
[2025.03.25-15.48.06:994][  0]LogPakFile: PakFile PathHashIndexSize=101
[2025.03.25-15.48.06:994][  0]LogPakFile: PakFile FullDirectoryIndexSize=142
[2025.03.25-15.48.06:994][  0]LogShaderLibrary: Display: ShaderCodeLibraryPakFileMountedCallback: PakFile 'C:/Program Files/Epic Games/UE_4.27/FeaturePacks/TP_PuzzleBP.upack' (chunk index -1, root 'root:/') mounted
[2025.03.25-15.48.06:994][  0]LogShaderLibrary: Display: ShaderCodeLibraryPakFileMountedCallback: pending pak file info (ChunkID:-1 Root:root:/ File:C:/Program Files/Epic Games/UE_4.27/FeaturePacks/TP_PuzzleBP.upack)
[2025.03.25-15.48.06:994][  0]LogPakFile: OnPakFileMounted2Time == 0.000084
[2025.03.25-15.48.07:010][  0]LogPakFile: PakFile PrimaryIndexSize=183
[2025.03.25-15.48.07:010][  0]LogPakFile: PakFile PathHashIndexSize=101
[2025.03.25-15.48.07:010][  0]LogPakFile: PakFile FullDirectoryIndexSize=140
[2025.03.25-15.48.07:010][  0]LogShaderLibrary: Display: ShaderCodeLibraryPakFileMountedCallback: PakFile 'C:/Program Files/Epic Games/UE_4.27/FeaturePacks/TP_Rolling.upack' (chunk index -1, root 'root:/') mounted
[2025.03.25-15.48.07:010][  0]LogShaderLibrary: Display: ShaderCodeLibraryPakFileMountedCallback: pending pak file info (ChunkID:-1 Root:root:/ File:C:/Program Files/Epic Games/UE_4.27/FeaturePacks/TP_Rolling.upack)
[2025.03.25-15.48.07:010][  0]LogPakFile: OnPakFileMounted2Time == 0.000074
[2025.03.25-15.48.07:027][  0]LogPakFile: PakFile PrimaryIndexSize=185
[2025.03.25-15.48.07:027][  0]LogPakFile: PakFile PathHashIndexSize=101
[2025.03.25-15.48.07:027][  0]LogPakFile: PakFile FullDirectoryIndexSize=144
[2025.03.25-15.48.07:027][  0]LogShaderLibrary: Display: ShaderCodeLibraryPakFileMountedCallback: PakFile 'C:/Program Files/Epic Games/UE_4.27/FeaturePacks/TP_RollingBP.upack' (chunk index -1, root 'root:/') mounted
[2025.03.25-15.48.07:027][  0]LogShaderLibrary: Display: ShaderCodeLibraryPakFileMountedCallback: pending pak file info (ChunkID:-1 Root:root:/ File:C:/Program Files/Epic Games/UE_4.27/FeaturePacks/TP_RollingBP.upack)
[2025.03.25-15.48.07:027][  0]LogPakFile: OnPakFileMounted2Time == 0.000088
[2025.03.25-15.48.07:043][  0]LogPakFile: PakFile PrimaryIndexSize=188
[2025.03.25-15.48.07:043][  0]LogPakFile: PakFile PathHashIndexSize=101
[2025.03.25-15.48.07:043][  0]LogPakFile: PakFile FullDirectoryIndexSize=150
[2025.03.25-15.48.07:043][  0]LogShaderLibrary: Display: ShaderCodeLibraryPakFileMountedCallback: PakFile 'C:/Program Files/Epic Games/UE_4.27/FeaturePacks/TP_SideScroller.upack' (chunk index -1, root 'root:/') mounted
[2025.03.25-15.48.07:043][  0]LogShaderLibrary: Display: ShaderCodeLibraryPakFileMountedCallback: pending pak file info (ChunkID:-1 Root:root:/ File:C:/Program Files/Epic Games/UE_4.27/FeaturePacks/TP_SideScroller.upack)
[2025.03.25-15.48.07:043][  0]LogPakFile: OnPakFileMounted2Time == 0.000074
[2025.03.25-15.48.07:058][  0]LogPakFile: PakFile PrimaryIndexSize=190
[2025.03.25-15.48.07:058][  0]LogPakFile: PakFile PathHashIndexSize=101
[2025.03.25-15.48.07:059][  0]LogPakFile: PakFile FullDirectoryIndexSize=154
[2025.03.25-15.48.07:059][  0]LogShaderLibrary: Display: ShaderCodeLibraryPakFileMountedCallback: PakFile 'C:/Program Files/Epic Games/UE_4.27/FeaturePacks/TP_SideScrollerBP.upack' (chunk index -1, root 'root:/') mounted
[2025.03.25-15.48.07:059][  0]LogShaderLibrary: Display: ShaderCodeLibraryPakFileMountedCallback: pending pak file info (ChunkID:-1 Root:root:/ File:C:/Program Files/Epic Games/UE_4.27/FeaturePacks/TP_SideScrollerBP.upack)
[2025.03.25-15.48.07:059][  0]LogPakFile: OnPakFileMounted2Time == 0.000090
[2025.03.25-15.48.07:075][  0]LogPakFile: PakFile PrimaryIndexSize=187
[2025.03.25-15.48.07:075][  0]LogPakFile: PakFile PathHashIndexSize=101
[2025.03.25-15.48.07:075][  0]LogPakFile: PakFile FullDirectoryIndexSize=148
[2025.03.25-15.48.07:076][  0]LogShaderLibrary: Display: ShaderCodeLibraryPakFileMountedCallback: PakFile 'C:/Program Files/Epic Games/UE_4.27/FeaturePacks/TP_ThirdPerson.upack' (chunk index -1, root 'root:/') mounted
[2025.03.25-15.48.07:076][  0]LogShaderLibrary: Display: ShaderCodeLibraryPakFileMountedCallback: pending pak file info (ChunkID:-1 Root:root:/ File:C:/Program Files/Epic Games/UE_4.27/FeaturePacks/TP_ThirdPerson.upack)
[2025.03.25-15.48.07:076][  0]LogPakFile: OnPakFileMounted2Time == 0.000103
[2025.03.25-15.48.07:091][  0]LogPakFile: PakFile PrimaryIndexSize=189
[2025.03.25-15.48.07:091][  0]LogPakFile: PakFile PathHashIndexSize=101
[2025.03.25-15.48.07:091][  0]LogPakFile: PakFile FullDirectoryIndexSize=152
[2025.03.25-15.48.07:091][  0]LogShaderLibrary: Display: ShaderCodeLibraryPakFileMountedCallback: PakFile 'C:/Program Files/Epic Games/UE_4.27/FeaturePacks/TP_ThirdPersonBP.upack' (chunk index -1, root 'root:/') mounted
[2025.03.25-15.48.07:091][  0]LogShaderLibrary: Display: ShaderCodeLibraryPakFileMountedCallback: pending pak file info (ChunkID:-1 Root:root:/ File:C:/Program Files/Epic Games/UE_4.27/FeaturePacks/TP_ThirdPersonBP.upack)
[2025.03.25-15.48.07:091][  0]LogPakFile: OnPakFileMounted2Time == 0.000073
[2025.03.25-15.48.07:106][  0]LogPakFile: PakFile PrimaryIndexSize=183
[2025.03.25-15.48.07:106][  0]LogPakFile: PakFile PathHashIndexSize=101
[2025.03.25-15.48.07:106][  0]LogPakFile: PakFile FullDirectoryIndexSize=140
[2025.03.25-15.48.07:106][  0]LogShaderLibrary: Display: ShaderCodeLibraryPakFileMountedCallback: PakFile 'C:/Program Files/Epic Games/UE_4.27/FeaturePacks/TP_TopDown.upack' (chunk index -1, root 'root:/') mounted
[2025.03.25-15.48.07:106][  0]LogShaderLibrary: Display: ShaderCodeLibraryPakFileMountedCallback: pending pak file info (ChunkID:-1 Root:root:/ File:C:/Program Files/Epic Games/UE_4.27/FeaturePacks/TP_TopDown.upack)
[2025.03.25-15.48.07:106][  0]LogPakFile: OnPakFileMounted2Time == 0.000122
[2025.03.25-15.48.07:122][  0]LogPakFile: PakFile PrimaryIndexSize=185
[2025.03.25-15.48.07:122][  0]LogPakFile: PakFile PathHashIndexSize=101
[2025.03.25-15.48.07:122][  0]LogPakFile: PakFile FullDirectoryIndexSize=144
[2025.03.25-15.48.07:122][  0]LogShaderLibrary: Display: ShaderCodeLibraryPakFileMountedCallback: PakFile 'C:/Program Files/Epic Games/UE_4.27/FeaturePacks/TP_TopDownBP.upack' (chunk index -1, root 'root:/') mounted
[2025.03.25-15.48.07:122][  0]LogShaderLibrary: Display: ShaderCodeLibraryPakFileMountedCallback: pending pak file info (ChunkID:-1 Root:root:/ File:C:/Program Files/Epic Games/UE_4.27/FeaturePacks/TP_TopDownBP.upack)
[2025.03.25-15.48.07:122][  0]LogPakFile: OnPakFileMounted2Time == 0.000075
[2025.03.25-15.48.07:145][  0]LogPakFile: PakFile PrimaryIndexSize=185
[2025.03.25-15.48.07:145][  0]LogPakFile: PakFile PathHashIndexSize=101
[2025.03.25-15.48.07:145][  0]LogPakFile: PakFile FullDirectoryIndexSize=144
[2025.03.25-15.48.07:145][  0]LogShaderLibrary: Display: ShaderCodeLibraryPakFileMountedCallback: PakFile 'C:/Program Files/Epic Games/UE_4.27/FeaturePacks/TP_TwinStick.upack' (chunk index -1, root 'root:/') mounted
[2025.03.25-15.48.07:145][  0]LogShaderLibrary: Display: ShaderCodeLibraryPakFileMountedCallback: pending pak file info (ChunkID:-1 Root:root:/ File:C:/Program Files/Epic Games/UE_4.27/FeaturePacks/TP_TwinStick.upack)
[2025.03.25-15.48.07:145][  0]LogPakFile: OnPakFileMounted2Time == 0.000075
[2025.03.25-15.48.07:159][  0]LogPakFile: PakFile PrimaryIndexSize=187
[2025.03.25-15.48.07:159][  0]LogPakFile: PakFile PathHashIndexSize=101
[2025.03.25-15.48.07:159][  0]LogPakFile: PakFile FullDirectoryIndexSize=148
[2025.03.25-15.48.07:159][  0]LogShaderLibrary: Display: ShaderCodeLibraryPakFileMountedCallback: PakFile 'C:/Program Files/Epic Games/UE_4.27/FeaturePacks/TP_TwinStickBP.upack' (chunk index -1, root 'root:/') mounted
[2025.03.25-15.48.07:159][  0]LogShaderLibrary: Display: ShaderCodeLibraryPakFileMountedCallback: pending pak file info (ChunkID:-1 Root:root:/ File:C:/Program Files/Epic Games/UE_4.27/FeaturePacks/TP_TwinStickBP.upack)
[2025.03.25-15.48.07:159][  0]LogPakFile: OnPakFileMounted2Time == 0.000081
[2025.03.25-15.48.07:174][  0]LogPakFile: PakFile PrimaryIndexSize=183
[2025.03.25-15.48.07:174][  0]LogPakFile: PakFile PathHashIndexSize=101
[2025.03.25-15.48.07:174][  0]LogPakFile: PakFile FullDirectoryIndexSize=140
[2025.03.25-15.48.07:174][  0]LogShaderLibrary: Display: ShaderCodeLibraryPakFileMountedCallback: PakFile 'C:/Program Files/Epic Games/UE_4.27/FeaturePacks/TP_Vehicle.upack' (chunk index -1, root 'root:/') mounted
[2025.03.25-15.48.07:174][  0]LogShaderLibrary: Display: ShaderCodeLibraryPakFileMountedCallback: pending pak file info (ChunkID:-1 Root:root:/ File:C:/Program Files/Epic Games/UE_4.27/FeaturePacks/TP_Vehicle.upack)
[2025.03.25-15.48.07:174][  0]LogPakFile: OnPakFileMounted2Time == 0.000074
[2025.03.25-15.48.07:190][  0]LogPakFile: PakFile PrimaryIndexSize=186
[2025.03.25-15.48.07:190][  0]LogPakFile: PakFile PathHashIndexSize=101
[2025.03.25-15.48.07:190][  0]LogPakFile: PakFile FullDirectoryIndexSize=146
[2025.03.25-15.48.07:190][  0]LogShaderLibrary: Display: ShaderCodeLibraryPakFileMountedCallback: PakFile 'C:/Program Files/Epic Games/UE_4.27/FeaturePacks/TP_VehicleAdv.upack' (chunk index -1, root 'root:/') mounted
[2025.03.25-15.48.07:191][  0]LogShaderLibrary: Display: ShaderCodeLibraryPakFileMountedCallback: pending pak file info (ChunkID:-1 Root:root:/ File:C:/Program Files/Epic Games/UE_4.27/FeaturePacks/TP_VehicleAdv.upack)
[2025.03.25-15.48.07:191][  0]LogPakFile: OnPakFileMounted2Time == 0.000072
[2025.03.25-15.48.07:205][  0]LogPakFile: PakFile PrimaryIndexSize=188
[2025.03.25-15.48.07:205][  0]LogPakFile: PakFile PathHashIndexSize=101
[2025.03.25-15.48.07:205][  0]LogPakFile: PakFile FullDirectoryIndexSize=150
[2025.03.25-15.48.07:205][  0]LogShaderLibrary: Display: ShaderCodeLibraryPakFileMountedCallback: PakFile 'C:/Program Files/Epic Games/UE_4.27/FeaturePacks/TP_VehicleAdvBP.upack' (chunk index -1, root 'root:/') mounted
[2025.03.25-15.48.07:205][  0]LogShaderLibrary: Display: ShaderCodeLibraryPakFileMountedCallback: pending pak file info (ChunkID:-1 Root:root:/ File:C:/Program Files/Epic Games/UE_4.27/FeaturePacks/TP_VehicleAdvBP.upack)
[2025.03.25-15.48.07:205][  0]LogPakFile: OnPakFileMounted2Time == 0.000070
[2025.03.25-15.48.07:221][  0]LogPakFile: PakFile PrimaryIndexSize=185
[2025.03.25-15.48.07:221][  0]LogPakFile: PakFile PathHashIndexSize=101
[2025.03.25-15.48.07:221][  0]LogPakFile: PakFile FullDirectoryIndexSize=144
[2025.03.25-15.48.07:221][  0]LogShaderLibrary: Display: ShaderCodeLibraryPakFileMountedCallback: PakFile 'C:/Program Files/Epic Games/UE_4.27/FeaturePacks/TP_VehicleBP.upack' (chunk index -1, root 'root:/') mounted
[2025.03.25-15.48.07:221][  0]LogShaderLibrary: Display: ShaderCodeLibraryPakFileMountedCallback: pending pak file info (ChunkID:-1 Root:root:/ File:C:/Program Files/Epic Games/UE_4.27/FeaturePacks/TP_VehicleBP.upack)
[2025.03.25-15.48.07:221][  0]LogPakFile: OnPakFileMounted2Time == 0.000086
[2025.03.25-15.48.07:238][  0]LogPakFile: PakFile PrimaryIndexSize=192
[2025.03.25-15.48.07:238][  0]LogPakFile: PakFile PathHashIndexSize=101
[2025.03.25-15.48.07:238][  0]LogPakFile: PakFile FullDirectoryIndexSize=158
[2025.03.25-15.48.07:238][  0]LogShaderLibrary: Display: ShaderCodeLibraryPakFileMountedCallback: PakFile 'C:/Program Files/Epic Games/UE_4.27/FeaturePacks/TP_VirtualRealityBP.upack' (chunk index -1, root 'root:/') mounted
[2025.03.25-15.48.07:238][  0]LogShaderLibrary: Display: ShaderCodeLibraryPakFileMountedCallback: pending pak file info (ChunkID:-1 Root:root:/ File:C:/Program Files/Epic Games/UE_4.27/FeaturePacks/TP_VirtualRealityBP.upack)
[2025.03.25-15.48.07:238][  0]LogPakFile: OnPakFileMounted2Time == 0.000085
[2025.03.25-15.48.07:728][  0]LogNativeClassHierarchy: Verbose: Native class hierarchy updated for 'AddContentDialog' in 0.0004 seconds. Added 0 classes and 0 folders.
[2025.03.25-15.48.07:739][  0]LogNativeClassHierarchy: Verbose: Native class hierarchy updated for 'SceneOutliner' in 0.0005 seconds. Added 2 classes and 0 folders.
[2025.03.25-15.48.07:814][  0]LogSlate: Took 0.014592 seconds to synchronously load lazily loaded font '../../../Engine/Content/Editor/Slate/Fonts/FontAwesome.ttf' (139K)
[2025.03.25-15.48.07:828][  0]LogSlate: Took 0.013136 seconds to synchronously load lazily loaded font '../../../Engine/Content/Slate/Fonts/Roboto-Bold.ttf' (160K)
[2025.03.25-15.48.08:058][  0]LogRenderer: Reallocating scene render targets to support 700x256 Format 10 NumSamples 1 (Frame:1).
[2025.03.25-15.48.08:146][  0]LogSlate: Took 0.001453 seconds to synchronously load lazily loaded font '../../../Engine/Content/Slate/Fonts/Roboto-Light.ttf' (167K)
[2025.03.25-15.48.08:270][  0]LogNativeClassHierarchy: Verbose: Native class hierarchy updated for 'HierarchicalLODOutliner' in 0.0005 seconds. Added 0 classes and 0 folders.
[2025.03.25-15.48.08:271][  0]LogInput: Warning: Action Jump uses invalid key OculusGo_Left_Trigger_Click.
[2025.03.25-15.48.08:271][  0]LogInput: Warning: Action ResetVR uses invalid key OculusGo_Left_Trackpad_Click.
[2025.03.25-15.48.08:271][  0]LogInput: Warning: Use -RemoveInvalidKeys to remove instances of these keys from the action mapping.
[2025.03.25-15.48.08:271][  0]LogLoad: (Engine Initialization) Total time: 61.41 seconds
[2025.03.25-15.48.08:271][  0]LogLoad: (Engine Initialization) Total Blueprint compile time: 0.00 seconds
[2025.03.25-15.48.08:358][  0]LogContentStreaming: Texture pool size now 1000 MB
[2025.03.25-15.48.08:414][  1]LogAssetRegistry: Asset discovery search completed in 38.6073 seconds
[2025.03.25-15.48.08:495][  1]LogCollectionManager: Fixed up redirectors for 0 collections in 0.000007 seconds (updated 0 objects)
[2025.03.25-15.48.09:500][  8]LogSlate: Took 0.000589 seconds to synchronously load lazily loaded font '../../../Engine/Content/Slate/Fonts/Roboto-Light.ttf' (167K)
[2025.03.25-15.48.13:273][168]LogAssetEditorSubsystem: Opening Asset editor for Blueprint /Game/ThirdPersonCPP/Blueprints/ThirdPersonCharacter.ThirdPersonCharacter
[2025.03.25-15.48.13:684][168]LogNativeClassHierarchy: Verbose: Native class hierarchy updated for 'BlueprintGraph' in 0.0008 seconds. Added 126 classes and 0 folders.
[2025.03.25-15.48.14:874][168]LogAssetEditorSubsystem: Opening Asset editor for Blueprint /Game/ThirdPersonCPP/Blueprints/BP_TestEnemy.BP_TestEnemy
[2025.03.25-15.48.15:375][168]LogFileCache: Retrieving MD5 hashes for directory 'C:/Users/Ido Isaac/Desktop/Web Game Programming/Wk 1/COMP217GroupProject/DungeonDash/Content/' took 7.07s
[2025.03.25-15.48.15:399][168]LogSlate: Took 0.011747 seconds to synchronously load lazily loaded font '../../../Engine/Content/Slate/Fonts/Roboto-BoldCondensed.ttf' (158K)
[2025.03.25-15.48.15:486][169]LogSlate: Took 0.010502 seconds to synchronously load lazily loaded font '../../../Engine/Content/Slate/Fonts/Roboto-Italic.ttf' (157K)
[2025.03.25-15.48.20:908][429]LogSlate: Window 'BP_TestEnemy' being destroyed
[2025.03.25-15.49.00:233][433]LogSlate: Window 'Color Picker' being destroyed
[2025.03.25-15.49.28:188][100]BlueprintLog: New page: Compile ThirdPersonCharacter
[2025.03.25-15.49.28:246][100]LogUObjectHash: Compacting FUObjectHashTables data took   3.19ms
[2025.03.25-15.51.48:702][368]BlueprintLog: New page: Compile BP_TestEnemy
[2025.03.25-15.51.48:754][368]LogUObjectHash: Compacting FUObjectHashTables data took   4.37ms
[2025.03.25-15.51.59:704][  1]LogRenderer: Reallocating scene render targets to support 720x672 Format 10 NumSamples 1 (Frame:1).
[2025.03.25-15.52.27:834][646]BlueprintLog: New page: Compile BP_TestEnemy
[2025.03.25-15.52.27:888][646]LogUObjectHash: Compacting FUObjectHashTables data took   3.71ms
[2025.03.25-15.52.31:625][833]LogTemp: Repeating last play command: Selected Viewport
[2025.03.25-15.52.31:633][833]LogPlayLevel: PlayLevel: No blueprints needed recompiling
[2025.03.25-15.52.31:634][833]PIE: New page: PIE session: ThirdPersonExampleMap (Mar. 25, 2025, 7:52:31 a.m.)
[2025.03.25-15.52.31:637][833]LogOnline: OSS: Creating online subsystem instance for: NULL
[2025.03.25-15.52.31:639][833]LogOnline: OSS: TryLoadSubsystemAndSetDefault: Loaded subsystem for module [NULL]
[2025.03.25-15.52.31:639][833]LogPlayLevel: Creating play world package: /Game/ThirdPersonCPP/Maps/UEDPIE_0_ThirdPersonExampleMap
[2025.03.25-15.52.31:662][833]LogPlayLevel: PIE: StaticDuplicateObject took: (0.022869s)
[2025.03.25-15.52.31:663][833]LogAIModule: Creating AISystem for world ThirdPersonExampleMap
[2025.03.25-15.52.31:664][833]LogPlayLevel: PIE: World Init took: (0.002173s)
[2025.03.25-15.52.31:664][833]LogPlayLevel: PIE: Created PIE world by copying editor world from /Game/ThirdPersonCPP/Maps/ThirdPersonExampleMap.ThirdPersonExampleMap to /Game/ThirdPersonCPP/Maps/UEDPIE_0_ThirdPersonExampleMap.ThirdPersonExampleMap (0.025288s)
[2025.03.25-15.52.31:692][833]LogUObjectHash: Compacting FUObjectHashTables data took   2.77ms
[2025.03.25-15.52.31:693][833]LogAudio: Display: Creating Audio Device:                 Id: 2, Scope: Unique, Realtime: True
[2025.03.25-15.52.31:693][833]LogAudioMixer: Display: Audio Mixer Platform Settings:
[2025.03.25-15.52.31:693][833]LogAudioMixer: Display: 	Sample Rate:						  48000
[2025.03.25-15.52.31:693][833]LogAudioMixer: Display: 	Callback Buffer Frame Size Requested: 1024
[2025.03.25-15.52.31:693][833]LogAudioMixer: Display: 	Callback Buffer Frame Size To Use:	  1024
[2025.03.25-15.52.31:693][833]LogAudioMixer: Display: 	Number of buffers to queue:			  2
[2025.03.25-15.52.31:693][833]LogAudioMixer: Display: 	Max Channels (voices):				  32
[2025.03.25-15.52.31:693][833]LogAudioMixer: Display: 	Number of Async Source Workers:		  0
[2025.03.25-15.52.31:693][833]LogAudio: Display: AudioDevice MaxSources: 32
[2025.03.25-15.52.31:694][833]LogAudio: Display: Audio Spatialization Plugin: None (built-in).
[2025.03.25-15.52.31:694][833]LogAudio: Display: Audio Reverb Plugin: None (built-in).
[2025.03.25-15.52.31:694][833]LogAudio: Display: Audio Occlusion Plugin: None (built-in).
[2025.03.25-15.52.31:694][833]LogAudioMixer: Display: Initializing audio mixer.
[2025.03.25-15.52.31:704][833]LogAudioMixer: Display: 0: FrontLeft
[2025.03.25-15.52.31:704][833]LogAudioMixer: Display: 1: FrontRight
[2025.03.25-15.52.31:867][833]LogAudioMixer: Display: Using Audio Device Speakers (Realtek(R) Audio)
[2025.03.25-15.52.31:868][833]LogAudioMixer: Display: Initializing Sound Submixes...
[2025.03.25-15.52.31:868][833]LogAudioMixer: Display: Creating Master Submix 'MasterSubmixDefault'
[2025.03.25-15.52.31:868][833]LogAudioMixer: Display: Creating Master Submix 'MasterReverbSubmixDefault'
[2025.03.25-15.52.31:869][833]LogAudioMixer: Display: Creating Master Submix 'MasterEQSubmixDefault'
[2025.03.25-15.52.31:869][833]LogAudioMixer: FMixerPlatformXAudio2::StartAudioStream() called
[2025.03.25-15.52.31:869][833]LogAudioMixer: Display: Output buffers initialized: Frames=1024, Channels=2, Samples=2048
[2025.03.25-15.52.31:871][833]LogAudioMixer: Display: Starting AudioMixerPlatformInterface::RunInternal()
[2025.03.25-15.52.31:871][833]LogAudioMixer: Display: FMixerPlatformXAudio2::SubmitBuffer() called for the first time
[2025.03.25-15.52.31:871][833]LogInit: FAudioDevice initialized.
[2025.03.25-15.52.31:871][833]LogAudio: Display: Audio Device (ID: 2) registered with world 'ThirdPersonExampleMap'.
[2025.03.25-15.52.31:882][833]LogLoad: Game class is 'DungeonDashGameMode'
[2025.03.25-15.52.31:885][833]LogWorld: Bringing World /Game/ThirdPersonCPP/Maps/UEDPIE_0_ThirdPersonExampleMap.ThirdPersonExampleMap up for play (max tick rate 60) at 2025.03.25-11.52.31
[2025.03.25-15.52.31:885][833]LogWorld: Bringing up level for play took: 0.002356
[2025.03.25-15.52.31:885][833]LogOnline: OSS: Creating online subsystem instance for: :Context_6
[2025.03.25-15.52.31:899][833]LogNativeClassHierarchy: Verbose: Native class hierarchy updated for 'MovieSceneCapture' in 0.0004 seconds. Added 20 classes and 0 folders.
[2025.03.25-15.52.31:899][833]PIE: Server logged in
[2025.03.25-15.52.31:900][833]PIE: Play in editor total start time 0.268 seconds.
[2025.03.25-15.52.34:437][950]LogBlueprintUserMessages: [ThirdPersonCharacter_2] Damage Taken
[2025.03.25-15.52.37:171][114]LogBlueprintUserMessages: [ThirdPersonCharacter_2] Damage Taken
[2025.03.25-15.52.38:187][175]LogBlueprintUserMessages: [ThirdPersonCharacter_2] Damage Taken
[2025.03.25-15.52.39:054][227]LogBlueprintUserMessages: [ThirdPersonCharacter_2] Damage Taken
[2025.03.25-15.52.39:788][271]LogBlueprintUserMessages: [ThirdPersonCharacter_2] Damage Taken
[2025.03.25-15.52.40:421][309]LogBlueprintUserMessages: [ThirdPersonCharacter_2] Damage Taken
[2025.03.25-15.52.40:959][339]LogSlate: Updating window title bar state: overlay mode, drag disabled, window buttons hidden, title bar hidden
[2025.03.25-15.52.40:959][339]LogWorld: BeginTearingDown for /Game/ThirdPersonCPP/Maps/UEDPIE_0_ThirdPersonExampleMap
[2025.03.25-15.52.40:960][339]LogWorld: UWorld::CleanupWorld for ThirdPersonExampleMap, bSessionEnded=true, bCleanupResources=true
[2025.03.25-15.52.40:960][339]LogSlate: InvalidateAllWidgets triggered.  All widgets were invalidated
[2025.03.25-15.52.40:975][339]LogPlayLevel: Display: Shutting down PIE online subsystems
[2025.03.25-15.52.40:978][339]LogSlate: InvalidateAllWidgets triggered.  All widgets were invalidated
[2025.03.25-15.52.41:011][339]LogAudio: Display: Audio Device unregistered from world 'None'.
[2025.03.25-15.52.41:011][339]LogAudioMixer: FMixerPlatformXAudio2::StopAudioStream() called
[2025.03.25-15.52.41:012][339]LogAudioMixer: FMixerPlatformXAudio2::StopAudioStream() called
[2025.03.25-15.52.41:014][339]LogSlate: Updating window title bar state: overlay mode, drag disabled, window buttons hidden, title bar hidden
[2025.03.25-15.52.41:032][339]LogUObjectHash: Compacting FUObjectHashTables data took   2.87ms
[2025.03.25-15.52.41:053][340]LogPlayLevel: Display: Destroying online subsystem :Context_6
[2025.03.25-15.52.55:682][181]BlueprintLog: New page: Compile ThirdPersonCharacter
[2025.03.25-15.52.55:768][181]LogUObjectHash: Compacting FUObjectHashTables data took   6.19ms
[2025.03.25-15.53.02:588][565]LogUObjectHash: Compacting FUObjectHashTables data took   4.54ms
[2025.03.25-15.53.02:667][565]LogUObjectHash: Compacting FUObjectHashTables data took   0.81ms
[2025.03.25-15.53.02:691][565]LogSavePackage: Moving '../../../../../../Users/Ido Isaac/Desktop/Web Game Programming/Wk 1/COMP217GroupProject/DungeonDash/Saved/ThirdPersonExampleMapB60BEA67492DBF08AB6DFFB5A661306F.tmp' to '../../../../../../Users/Ido Isaac/Desktop/Web Game Programming/Wk 1/COMP217GroupProject/DungeonDash/Content/ThirdPersonCPP/Maps/ThirdPersonExampleMap.umap'
[2025.03.25-15.53.02:703][565]LogFileHelpers: Saving map 'ThirdPersonExampleMap' took 0.070
[2025.03.25-15.53.02:793][565]LogSavePackage: Moving '../../../../../../Users/Ido Isaac/Desktop/Web Game Programming/Wk 1/COMP217GroupProject/DungeonDash/Saved/ThirdPersonCharacter4093EBAD40BFE1A7FC749DA75E9853A8.tmp' to '../../../../../../Users/Ido Isaac/Desktop/Web Game Programming/Wk 1/COMP217GroupProject/DungeonDash/Content/ThirdPersonCPP/Blueprints/ThirdPersonCharacter.uasset'
[2025.03.25-15.53.02:831][565]LogSavePackage: Moving '../../../../../../Users/Ido Isaac/Desktop/Web Game Programming/Wk 1/COMP217GroupProject/DungeonDash/Saved/BP_TestEnemy34AD48CE4CC8E5A4D9A3549447338564.tmp' to '../../../../../../Users/Ido Isaac/Desktop/Web Game Programming/Wk 1/COMP217GroupProject/DungeonDash/Content/ThirdPersonCPP/Blueprints/BP_TestEnemy.uasset'
[2025.03.25-15.53.02:871][565]AssetCheck: New page: Asset Save: multiple assets
[2025.03.25-15.53.02:871][565]LogContentValidation: Display: Validating Blueprint /Game/ThirdPersonCPP/Blueprints/BP_TestEnemy.BP_TestEnemy
[2025.03.25-15.53.02:871][565]LogContentValidation: Display: Validating Blueprint /Game/ThirdPersonCPP/Blueprints/ThirdPersonCharacter.ThirdPersonCharacter
[2025.03.25-15.53.02:871][565]LogContentValidation: Display: Validating World /Game/ThirdPersonCPP/Maps/ThirdPersonExampleMap.ThirdPersonExampleMap
[2025.03.25-15.58.36:771][ 81]LogDirectoryWatcher: Display: A directory notification failed for 'C:/Users/Ido Isaac/Desktop/Web Game Programming/Wk 1/COMP217GroupProject/DungeonDash/Content/Collections/' because it could not be accessed. Aborting watch request...
[2025.03.25-15.58.36:798][ 82]LogDirectoryWatcher: Display: A directory notification failed for 'C:/Users/Ido Isaac/Desktop/Web Game Programming/Wk 1/COMP217GroupProject/DungeonDash/Saved/Collections/' because it could not be accessed. Aborting watch request...
[2025.03.25-15.58.36:798][ 82]LogDirectoryWatcher: Display: A directory notification failed for 'C:/Users/Ido Isaac/Desktop/Web Game Programming/Wk 1/COMP217GroupProject/DungeonDash/Content/Developers/IdoIsaac/Collections/' because it could not be accessed. Aborting watch request...
[2025.03.25-16.06.42:634][ 15]LogTexture: Default maximum texture size for cubemaps generated from long-lat sources has been changed from 512 to unlimited. In order to preserve old behaiour for '/Game/ParagonGreystone/Characters/Global/Eyes/Textures/T_EpicQuadPanorama_CC.T_EpicQuadPanorama_CC', its maximum texture size has been explicitly set to 512.
[2025.03.25-16.07.05:417][ 15]LogTexture: Display: Building textures: T_DecalMask_Radial03 (G8, 512X512)
[2025.03.25-16.07.05:461][ 15]LogTexture: Display: Building textures: T_EYE_NORMALS (OODLE_BC5, 512X512)
[2025.03.25-16.07.05:463][ 15]LogTexture: Display: Building textures: T_EyeIrisBaseColor_Example_2 (OODLE_AutoDXT, 512X512)
[2025.03.25-16.07.05:463][ 15]LogTexture: Display: Building textures: T_EyeMidPlaneDisplacement_Example (RGBA16F, 1024X1024)
[2025.03.25-16.07.05:463][ 15]LogTexture: Display: Building textures: T_EyeIrisBaseColor_Example_5 (OODLE_AutoDXT, 512X512)
[2025.03.25-16.07.05:463][ 15]LogTexture: Display: Building textures: T_Sphere_EYE_NORMALS (OODLE_BC5, 1024X1024)
[2025.03.25-16.07.05:463][ 15]LogTexture: Display: Building textures: T_GreystoneHair_Flow (BGRA8, 1024X1024)
[2025.03.25-16.07.05:463][ 15]LogTexture: Display: Building textures: T_Swirly_Noise (OODLE_AutoDXT, 1024X1024)
[2025.03.25-16.07.05:463][ 15]LogTexture: Display: Building textures: T_Eye_Wet_Normal (OODLE_BC5, 1024X1024)
[2025.03.25-16.07.05:463][ 15]LogTexture: Display: Building textures: T_Greystone_Rabbit_HairColor (OODLE_AutoDXT, 1024X1024)
[2025.03.25-16.07.05:463][ 15]LogTextureFormatOodle: Display: non-RDO encode 1024 x 1024 x 1 to format OODLE_BC5 (Oodle OodleTex_BC5U) lambda=0 effort=20 
[2025.03.25-16.07.05:463][ 15]LogTextureFormatOodle: Display: non-RDO encode 1024 x 1024 x 1 to format OODLE_AutoDXT (Oodle OodleTex_BC1_WithTransparency) lambda=0 effort=20 
[2025.03.25-16.07.05:463][ 15]LogTexture: Display: Building textures: T_AnimalHairSet01_Opacity (G8, 2048X2048)
[2025.03.25-16.07.05:463][ 15]LogTexture: Display: Building textures: T_AnimalHairSet01_Root (G8, 2048X2048)
[2025.03.25-16.07.05:463][ 15]LogTexture: Display: Building textures: T_EyeScleraBaseColor_Example_3 (OODLE_AutoDXT, 2048X2048)
[2025.03.25-16.07.05:463][ 15]LogTexture: Display: Building textures: T_EyeScleraBaseColor_Example_2 (OODLE_AutoDXT, 2048X2048)
[2025.03.25-16.07.05:464][ 15]LogTexture: Display: Building textures: T_AnimalHairSet01_ID (G8, 2048X2048)
[2025.03.25-16.07.05:464][ 15]LogTextureFormatOodle: Display: non-RDO encode 2048 x 2048 x 1 to format OODLE_AutoDXT (Oodle OodleTex_BC1_WithTransparency) lambda=0 effort=20 
[2025.03.25-16.07.05:464][ 15]LogTextureFormatOodle: Display: non-RDO encode 1024 x 1024 x 1 to format OODLE_BC5 (Oodle OodleTex_BC5U) lambda=0 effort=20 
[2025.03.25-16.07.05:464][ 15]LogTexture: Display: Building textures: T_Greystone_Corona_D (OODLE_AutoDXT, 2048X2048)
[2025.03.25-16.07.05:464][ 15]LogTextureFormatOodle: Display: non-RDO encode 2048 x 2048 x 1 to format OODLE_AutoDXT (Oodle OodleTex_BC1_WithTransparency) lambda=0 effort=20 
[2025.03.25-16.07.05:464][ 15]LogTexture: Display: Building textures: T_FemaleHairSet02_Roots (OODLE_AutoDXT, 2048X2048)
[2025.03.25-16.07.05:464][ 15]LogTexture: Display: Building textures: T_FemaleHairSet02_Opacity (OODLE_AutoDXT, 2048X2048)
[2025.03.25-16.07.05:464][ 15]LogTexture: Display: Building textures: T_AnimalHairSet01_Depth (G8, 2048X2048)
[2025.03.25-16.07.05:464][ 15]LogTexture: Display: Building textures: T_FemaleHairSet02_ID (OODLE_AutoDXT, 2048X2048)
[2025.03.25-16.07.05:464][ 15]LogTexture: Display: Building textures: T_FemaleHairSet02_Depth (OODLE_AutoDXT, 2048X2048)
[2025.03.25-16.07.05:464][ 15]LogTexture: Display: Building textures: T_HairClump02_Roots (G8, 2048X2048)
[2025.03.25-16.07.05:464][ 15]LogTextureFormatOodle: Display: non-RDO encode 1024 x 1024 x 1 to format OODLE_AutoDXT (Oodle OodleTex_BC1_WithTransparency) lambda=0 effort=20 
[2025.03.25-16.07.05:464][ 15]LogTextureFormatOodle: Display: non-RDO encode 2048 x 2048 x 1 to format OODLE_AutoDXT (Oodle OodleTex_BC1_WithTransparency) lambda=0 effort=20 
[2025.03.25-16.07.05:464][ 15]LogTextureFormatOodle: Display: non-RDO encode 2048 x 2048 x 1 to format OODLE_AutoDXT (Oodle OodleTex_BC1_WithTransparency) lambda=0 effort=20 
[2025.03.25-16.07.05:464][ 15]LogTexture: Display: Building textures: T_HairClump02_DyeMask (OODLE_AutoDXT, 2048X2048)
[2025.03.25-16.07.05:464][ 15]LogTexture: Display: Building textures: T_HairClump02_ID (G8, 2048X2048)
[2025.03.25-16.07.05:465][ 15]LogTexture: Display: Building textures: T_HairClump02_Depth (G8, 2048X2048)
[2025.03.25-16.07.05:465][ 15]LogTexture: Display: Building textures: T_gradient_stasis (OODLE_AutoDXT, 256X256)
[2025.03.25-16.07.05:465][ 15]LogTexture: Display: Building textures: T_HairClump02_Alpha (G8, 2048X2048)
[2025.03.25-16.07.05:465][ 15]LogTexture: Display: Building textures: T_Caustics_2 (OODLE_DXT1, 512X512)
[2025.03.25-16.07.05:465][ 15]LogTextureFormatOodle: Display: non-RDO encode 2048 x 2048 x 1 to format OODLE_AutoDXT (Oodle OodleTex_BC1_WithTransparency) lambda=0 effort=20 
[2025.03.25-16.07.05:465][ 15]LogTextureFormatOodle: Display: non-RDO encode 1024 x 1024 x 1 to format OODLE_AutoDXT (Oodle OodleTex_BC1_WithTransparency) lambda=0 effort=20 
[2025.03.25-16.07.05:465][ 15]LogTextureFormatOodle: Display: non-RDO encode 1024 x 1024 x 1 to format OODLE_AutoDXT (Oodle OodleTex_BC1_WithTransparency) lambda=0 effort=20 
[2025.03.25-16.07.05:465][ 15]LogTextureFormatOodle: Display: non-RDO encode 2048 x 2048 x 1 to format OODLE_AutoDXT (Oodle OodleTex_BC1_WithTransparency) lambda=0 effort=20 
[2025.03.25-16.07.05:465][ 15]LogTextureFormatOodle: Display: non-RDO encode 1024 x 1024 x 1 to format OODLE_AutoDXT (Oodle OodleTex_BC1_WithTransparency) lambda=0 effort=20 
[2025.03.25-16.07.05:465][ 15]LogTextureFormatOodle: Display: non-RDO encode 2048 x 2048 x 1 to format OODLE_AutoDXT (Oodle OodleTex_BC1_WithTransparency) lambda=0 effort=20 
[2025.03.25-16.07.05:465][ 15]LogTextureFormatOodle: Display: non-RDO encode 1024 x 1024 x 1 to format OODLE_AutoDXT (Oodle OodleTex_BC1_WithTransparency) lambda=0 effort=20 
[2025.03.25-16.07.05:465][ 15]LogTextureFormatOodle: Display: non-RDO encode 1024 x 1024 x 1 to format OODLE_AutoDXT (Oodle OodleTex_BC1_WithTransparency) lambda=0 effort=20 
[2025.03.25-16.07.05:465][ 15]LogTexture: Display: Building textures: T_Eye_Tearduct__normals2 (OODLE_BC5, 2048X2048)
[2025.03.25-16.07.05:465][ 15]LogTextureFormatOodle: Display: non-RDO encode 2048 x 2048 x 1 to format OODLE_AutoDXT (Oodle OodleTex_BC3) lambda=0 effort=20 
[2025.03.25-16.07.05:466][ 15]LogTexture: Display: Building textures: T_EpicQuadPanorama_CC (RGBA16F, 7372X3686)
[2025.03.25-16.07.05:466][ 15]LogTextureFormatOodle: Display: non-RDO encode 1024 x 1024 x 1 to format OODLE_AutoDXT (Oodle OodleTex_BC1_WithTransparency) lambda=0 effort=20 
[2025.03.25-16.07.05:466][ 15]LogTextureFormatOodle: Display: non-RDO encode 2048 x 2048 x 1 to format OODLE_BC5 (Oodle OodleTex_BC5U) lambda=0 effort=20 
[2025.03.25-16.07.05:466][ 15]LogTextureFormatOodle: Display: non-RDO encode 1024 x 1024 x 1 to format OODLE_AutoDXT (Oodle OodleTex_BC1_WithTransparency) lambda=0 effort=20 
[2025.03.25-16.07.05:466][ 15]LogTexture: Display: Building textures: T_TeethAndTongue_D2 (OODLE_AutoDXT, 1024X1024)
[2025.03.25-16.07.05:466][ 15]LogTextureFormatOodle: Display: non-RDO encode 1024 x 1024 x 1 to format OODLE_BC5 (Oodle OodleTex_BC5U) lambda=0 effort=20 
[2025.03.25-16.07.05:466][ 15]LogTexture: Display: Building textures: T_TeethAndTongue_N (OODLE_BC5, 1024X1024)
[2025.03.25-16.07.05:466][ 15]LogTextureFormatOodle: Display: non-RDO encode 1024 x 1024 x 1 to format OODLE_AutoDXT (Oodle OodleTex_BC3) lambda=0 effort=20 
[2025.03.25-16.07.05:466][ 15]LogTexture: Display: Building textures: T_Universal_Eyelashes_D (OODLE_AutoDXT, 2048X2048)
[2025.03.25-16.07.05:466][ 15]LogTextureFormatOodle: Display: non-RDO encode 1024 x 1024 x 1 to format OODLE_AutoDXT (Oodle OodleTex_BC3) lambda=0 effort=20 
[2025.03.25-16.07.05:466][ 15]LogTexture: Display: Building textures: T_Master_Mouth_1_RGB (OODLE_AutoDXT, 2048X2048)
[2025.03.25-16.07.05:466][ 15]LogTexture: Display: Building textures: T_Master_Mouth_1_COLOR (OODLE_AutoDXT, 2048X2048)
[2025.03.25-16.07.05:466][ 15]LogTexture: Display: Building textures: T_Greystone_Head_Torso_Mask01 (OODLE_AutoDXT, 4096X4096)
[2025.03.25-16.07.05:466][ 15]LogTexture: Display: Building textures: T_Greystone_Head_Torso_Mask02 (OODLE_AutoDXT, 4096X4096)
[2025.03.25-16.07.05:467][ 15]LogTexture: Display: Building textures: T_Master_Mouth_1_N (OODLE_BC5, 2048X2048)
[2025.03.25-16.07.05:467][ 15]LogTextureFormatOodle: Display: non-RDO encode 2048 x 2048 x 1 to format OODLE_AutoDXT (Oodle OodleTex_BC3) lambda=0 effort=20 
[2025.03.25-16.07.05:467][ 15]LogTextureFormatOodle: Display: non-RDO encode 2048 x 2048 x 1 to format OODLE_AutoDXT (Oodle OodleTex_BC3) lambda=0 effort=20 
[2025.03.25-16.07.05:467][ 15]LogTexture: Display: Building textures: T_Greystone_Shield_Mask01 (OODLE_AutoDXT, 4096X4096)
[2025.03.25-16.07.05:467][ 15]LogTexture: Display: Building textures: T_Greystone_M_shield_EMask (OODLE_AutoDXT, 4096X4096)
[2025.03.25-16.07.05:467][ 15]LogTextureFormatOodle: Display: non-RDO encode 1024 x 1024 x 1 to format OODLE_AutoDXT (Oodle OodleTex_BC3) lambda=0 effort=20 
[2025.03.25-16.07.05:467][ 15]LogTextureFormatOodle: Display: non-RDO encode 2048 x 2048 x 1 to format OODLE_BC5 (Oodle OodleTex_BC5U) lambda=0 effort=20 
[2025.03.25-16.07.05:467][ 15]LogTextureFormatOodle: Display: non-RDO encode 4096 x 4096 x 1 to format OODLE_AutoDXT (Oodle OodleTex_BC3) lambda=0 effort=20 
[2025.03.25-16.07.05:467][ 15]LogTextureFormatOodle: Display: non-RDO encode 4096 x 4096 x 1 to format OODLE_AutoDXT (Oodle OodleTex_BC3) lambda=0 effort=20 
[2025.03.25-16.07.05:467][ 15]LogTextureFormatOodle: Display: non-RDO encode 1024 x 1024 x 1 to format OODLE_BC5 (Oodle OodleTex_BC5U) lambda=0 effort=20 
[2025.03.25-16.07.05:467][ 15]LogTextureFormatOodle: Display: non-RDO encode 4096 x 4096 x 1 to format OODLE_AutoDXT (Oodle OodleTex_BC3) lambda=0 effort=20 
[2025.03.25-16.07.05:467][ 15]LogTextureFormatOodle: Display: non-RDO encode 1024 x 1024 x 1 to format OODLE_AutoDXT (Oodle OodleTex_BC3) lambda=0 effort=20 
[2025.03.25-16.07.05:467][ 15]LogTextureFormatOodle: Display: non-RDO encode 2048 x 2048 x 1 to format OODLE_AutoDXT (Oodle OodleTex_BC3) lambda=0 effort=20 
[2025.03.25-16.07.05:467][ 15]LogTextureFormatOodle: Display: non-RDO encode 1024 x 1024 x 1 to format OODLE_BC5 (Oodle OodleTex_BC5U) lambda=0 effort=20 
[2025.03.25-16.07.05:467][ 15]LogTextureFormatOodle: Display: non-RDO encode 1024 x 1024 x 1 to format OODLE_AutoDXT (Oodle OodleTex_BC3) lambda=0 effort=20 
[2025.03.25-16.07.05:468][ 15]LogTexture: Display: Building textures: T_Greystone_SwordShieldFurHair_RGB (OODLE_AutoDXT, 4096X4096)
[2025.03.25-16.07.05:468][ 15]LogTextureFormatOodle: Display: non-RDO encode 2048 x 2048 x 1 to format OODLE_AutoDXT (Oodle OodleTex_BC3) lambda=0 effort=20 
[2025.03.25-16.07.05:468][ 15]LogTextureFormatOodle: Display: non-RDO encode 2048 x 2048 x 1 to format OODLE_AutoDXT (Oodle OodleTex_BC3) lambda=0 effort=20 
[2025.03.25-16.07.05:468][ 15]LogTexture: Display: Building textures: T_Greystone_HairEffects_MASK (OODLE_AutoDXT, 4096X4096)
[2025.03.25-16.07.05:468][ 15]LogTextureFormatOodle: Display: non-RDO encode 1024 x 1024 x 1 to format OODLE_AutoDXT (Oodle OodleTex_BC3) lambda=0 effort=20 
[2025.03.25-16.07.05:468][ 15]LogTextureFormatOodle: Display: non-RDO encode 2048 x 2048 x 1 to format OODLE_AutoDXT (Oodle OodleTex_BC3) lambda=0 effort=20 
[2025.03.25-16.07.05:468][ 15]LogTextureFormatOodle: Display: non-RDO encode 4096 x 4096 x 1 to format OODLE_AutoDXT (Oodle OodleTex_BC3) lambda=0 effort=20 
[2025.03.25-16.07.05:468][ 15]LogTextureFormatOodle: Display: non-RDO encode 1024 x 1024 x 1 to format OODLE_AutoDXT (Oodle OodleTex_BC3) lambda=0 effort=20 
[2025.03.25-16.07.05:468][ 15]LogTextureFormatOodle: Display: non-RDO encode 4096 x 4096 x 1 to format OODLE_AutoDXT (Oodle OodleTex_BC3) lambda=0 effort=20 
[2025.03.25-16.07.05:468][ 15]LogTexture: Display: Building textures: T_Greystone_Legs_Mask02 (OODLE_AutoDXT, 4096X4096)
[2025.03.25-16.07.05:468][ 15]LogTextureFormatOodle: Display: non-RDO encode 1024 x 1024 x 1 to format OODLE_AutoDXT (Oodle OodleTex_BC3) lambda=0 effort=20 
[2025.03.25-16.07.05:468][ 15]LogTexture: Display: Building textures: T_Rubber_2_N (OODLE_BC5, 2048X2048)
[2025.03.25-16.07.05:468][ 15]LogTexture: Display: Building textures: T_Greystone_M_legs_EMask (OODLE_AutoDXT, 4096X4096)
[2025.03.25-16.07.05:468][ 15]LogTexture: Display: Building textures: T_Greystone_Legs_Cloth_normals (OODLE_BC5, 4096X4096)
[2025.03.25-16.07.05:469][ 15]LogTexture: Display: Building textures: T_Greystone_Legs_Cloth_RGB (OODLE_AutoDXT, 4096X4096)
[2025.03.25-16.07.05:469][ 15]LogTextureFormatOodle: Display: non-RDO encode 2048 x 2048 x 1 to format OODLE_BC5 (Oodle OodleTex_BC5U) lambda=0 effort=20 
[2025.03.25-16.07.05:469][ 15]LogTextureFormatOodle: Display: non-RDO encode 2048 x 2048 x 1 to format OODLE_AutoDXT (Oodle OodleTex_BC3) lambda=0 effort=20 
[2025.03.25-16.07.05:469][ 15]LogTextureFormatOodle: Display: non-RDO encode 4096 x 4096 x 1 to format OODLE_AutoDXT (Oodle OodleTex_BC1_WithTransparency) lambda=0 effort=20 
[2025.03.25-16.07.05:469][ 15]LogTextureFormatOodle: Display: non-RDO encode 4096 x 4096 x 1 to format OODLE_AutoDXT (Oodle OodleTex_BC3) lambda=0 effort=20 
[2025.03.25-16.07.05:469][ 15]LogTexture: Display: Building textures: T_Rock_StoneMask (OODLE_AutoDXT, 4096X4096)
[2025.03.25-16.07.05:469][ 15]LogTextureFormatOodle: Display: non-RDO encode 1024 x 1024 x 1 to format OODLE_BC5 (Oodle OodleTex_BC5U) lambda=0 effort=20 
[2025.03.25-16.07.05:469][ 15]LogTextureFormatOodle: Display: non-RDO encode 1024 x 1024 x 1 to format OODLE_AutoDXT (Oodle OodleTex_BC3) lambda=0 effort=20 
[2025.03.25-16.07.05:469][ 15]LogTexture: Display: Building textures: T_UnpleasentGrime_D (OODLE_AutoDXT, 2048X2048)
[2025.03.25-16.07.05:469][ 15]LogTexture: Display: Building textures: T_Greystone_Legs_Mask01 (OODLE_AutoDXT, 4096X4096)
[2025.03.25-16.07.05:469][ 15]LogTextureFormatOodle: Display: non-RDO encode 2048 x 2048 x 1 to format OODLE_AutoDXT (Oodle OodleTex_BC3) lambda=0 effort=20 
[2025.03.25-16.07.05:469][ 15]LogTextureFormatOodle: Display: non-RDO encode 4096 x 4096 x 1 to format OODLE_AutoDXT (Oodle OodleTex_BC3) lambda=0 effort=20 
[2025.03.25-16.07.05:469][ 15]LogTextureFormatOodle: Display: non-RDO encode 2048 x 2048 x 1 to format OODLE_AutoDXT (Oodle OodleTex_BC1_WithTransparency) lambda=0 effort=20 
[2025.03.25-16.07.05:469][ 15]LogTexture: Display: Building textures: T_Greystone_M_Flesh_head_EMask (OODLE_AutoDXT, 4096X4096)
[2025.03.25-16.07.05:469][ 15]LogTexture: Display: Building textures: T_HeavyFabric02 (OODLE_AutoDXT, 2048X2048)
[2025.03.25-16.07.05:469][ 15]LogTexture: Display: Building textures: T_HeavyFabric02_N (OODLE_BC5, 2048X2048)
[2025.03.25-16.07.05:470][ 15]LogTexture: Display: Building textures: T_Greystone_SwordShieldFurHair_normals (OODLE_BC5, 4096X4096)
[2025.03.25-16.07.05:470][ 15]LogTextureFormatOodle: Display: non-RDO encode 1024 x 1024 x 1 to format OODLE_AutoDXT (Oodle OodleTex_BC3) lambda=0 effort=20 
[2025.03.25-16.07.05:470][ 15]LogTextureFormatOodle: Display: non-RDO encode 1024 x 1024 x 1 to format OODLE_AutoDXT (Oodle OodleTex_BC1_WithTransparency) lambda=0 effort=20 
[2025.03.25-16.07.05:470][ 15]LogTextureFormatOodle: Display: non-RDO encode 2048 x 2048 x 1 to format OODLE_AutoDXT (Oodle OodleTex_BC1_WithTransparency) lambda=0 effort=20 
[2025.03.25-16.07.05:470][ 15]LogTextureFormatOodle: Display: non-RDO encode 4096 x 4096 x 1 to format OODLE_AutoDXT (Oodle OodleTex_BC3) lambda=0 effort=20 
[2025.03.25-16.07.05:470][ 15]LogTextureFormatOodle: Display: non-RDO encode 2048 x 2048 x 1 to format OODLE_AutoDXT (Oodle OodleTex_BC3) lambda=0 effort=20 
[2025.03.25-16.07.05:470][ 15]LogTextureFormatOodle: Display: non-RDO encode 2048 x 2048 x 1 to format OODLE_AutoDXT (Oodle OodleTex_BC3) lambda=0 effort=20 
[2025.03.25-16.07.05:470][ 15]LogTextureFormatOodle: Display: non-RDO encode 4096 x 4096 x 1 to format OODLE_AutoDXT (Oodle OodleTex_BC3) lambda=0 effort=20 
[2025.03.25-16.07.05:470][ 15]LogTextureFormatOodle: Display: non-RDO encode 2048 x 2048 x 1 to format OODLE_BC5 (Oodle OodleTex_BC5U) lambda=0 effort=20 
[2025.03.25-16.07.05:470][ 15]LogTexture: Display: Building textures: T_TestML_Mask (OODLE_AutoDXT, 512X512)
[2025.03.25-16.07.09:492][ 15]LogTextureFormatOodle: Display: non-RDO encode 4096 x 4096 x 1 to format OODLE_BC5 (Oodle OodleTex_BC5U) lambda=0 effort=20 
[2025.03.25-16.07.09:492][ 15]LogTextureFormatOodle: Display: non-RDO encode 1024 x 1024 x 1 to format OODLE_AutoDXT (Oodle OodleTex_BC3) lambda=0 effort=20 
[2025.03.25-16.07.09:492][ 15]LogTextureFormatOodle: Display: non-RDO encode 1024 x 1024 x 1 to format OODLE_BC5 (Oodle OodleTex_BC5U) lambda=0 effort=20 
[2025.03.25-16.07.09:492][ 15]LogTextureFormatOodle: Display: non-RDO encode 1024 x 1024 x 1 to format OODLE_AutoDXT (Oodle OodleTex_BC1_WithTransparency) lambda=0 effort=20 
[2025.03.25-16.07.09:492][ 15]LogTextureFormatOodle: Display: non-RDO encode 1024 x 1024 x 1 to format OODLE_AutoDXT (Oodle OodleTex_BC3) lambda=0 effort=20 
[2025.03.25-16.07.09:492][ 15]LogTextureFormatOodle: Display: non-RDO encode 2048 x 2048 x 1 to format OODLE_AutoDXT (Oodle OodleTex_BC3) lambda=0 effort=20 
[2025.03.25-16.07.09:492][ 15]LogTextureFormatOodle: Display: non-RDO encode 2048 x 2048 x 1 to format OODLE_AutoDXT (Oodle OodleTex_BC3) lambda=0 effort=20 
[2025.03.25-16.07.09:492][ 15]LogTextureFormatOodle: Display: non-RDO encode 4096 x 4096 x 1 to format OODLE_AutoDXT (Oodle OodleTex_BC3) lambda=0 effort=20 
[2025.03.25-16.07.09:492][ 15]LogTextureFormatOodle: Display: non-RDO encode 4096 x 4096 x 1 to format OODLE_AutoDXT (Oodle OodleTex_BC1_WithTransparency) lambda=0 effort=20 
[2025.03.25-16.07.09:492][ 15]LogTextureFormatOodle: Display: non-RDO encode 1024 x 1024 x 1 to format OODLE_AutoDXT (Oodle OodleTex_BC3) lambda=0 effort=20 
[2025.03.25-16.07.09:492][ 15]LogTextureFormatOodle: Display: non-RDO encode 1024 x 1024 x 1 to format OODLE_AutoDXT (Oodle OodleTex_BC3) lambda=0 effort=20 
[2025.03.25-16.07.09:492][ 15]LogTextureFormatOodle: Display: non-RDO encode 2048 x 2048 x 1 to format OODLE_AutoDXT (Oodle OodleTex_BC3) lambda=0 effort=20 
[2025.03.25-16.07.09:492][ 15]LogTexture: Display: Building textures: T_Greystone_Head_Torso_normals (OODLE_BC5, 4096X4096)
[2025.03.25-16.07.09:492][ 15]LogTextureFormatOodle: Display: non-RDO encode 1024 x 1024 x 1 to format OODLE_AutoDXT (Oodle OodleTex_BC3) lambda=0 effort=20 
[2025.03.25-16.07.09:492][ 15]LogTextureFormatOodle: Display: non-RDO encode 4096 x 4096 x 1 to format OODLE_BC5 (Oodle OodleTex_BC5U) lambda=0 effort=20 
[2025.03.25-16.07.09:492][ 15]LogTextureFormatOodle: Display: non-RDO encode 2048 x 2048 x 1 to format OODLE_BC5 (Oodle OodleTex_BC5U) lambda=0 effort=20 
[2025.03.25-16.07.09:492][ 15]LogTextureFormatOodle: Display: non-RDO encode 2048 x 2048 x 1 to format OODLE_AutoDXT (Oodle OodleTex_BC1_WithTransparency) lambda=0 effort=20 
[2025.03.25-16.07.09:492][ 15]LogTextureFormatOodle: Display: non-RDO encode 1024 x 1024 x 1 to format OODLE_BC5 (Oodle OodleTex_BC5U) lambda=0 effort=20 
[2025.03.25-16.07.09:492][ 15]LogTexture: Display: Building textures: T_Pore_Specular (OODLE_AutoDXT, 1024X1024)
[2025.03.25-16.07.09:492][ 15]LogTextureFormatOodle: Display: non-RDO encode 2048 x 2048 x 1 to format OODLE_AutoDXT (Oodle OodleTex_BC3) lambda=0 effort=20 
[2025.03.25-16.07.09:492][ 15]LogTexture: Display: Building textures: T_AtmosphericCloudNoise03 (BGRA8, 2048X2048)
[2025.03.25-16.07.10:588][ 15]LogTexture: Display: Building textures: T_Greystone_M_Flesh_Arms_EMask (OODLE_AutoDXT, 4096X4096)
[2025.03.25-16.07.10:589][ 15]LogTexture: Display: Building textures: T_Pore_Normals2 (OODLE_BC5, 1024X1024)
[2025.03.25-16.07.10:589][ 15]LogTextureFormatOodle: Display: non-RDO encode 1024 x 1024 x 1 to format OODLE_AutoDXT (Oodle OodleTex_BC1_WithTransparency) lambda=0 effort=20 
[2025.03.25-16.07.10:589][ 15]LogTextureFormatOodle: Display: non-RDO encode 1024 x 1024 x 1 to format OODLE_BC5 (Oodle OodleTex_BC5U) lambda=0 effort=20 
[2025.03.25-16.07.10:589][ 15]LogTextureFormatOodle: Display: non-RDO encode 1024 x 1024 x 1 to format OODLE_AutoDXT (Oodle OodleTex_BC3) lambda=0 effort=20 
[2025.03.25-16.07.10:589][ 15]LogTextureFormatOodle: Display: non-RDO encode 2048 x 2048 x 1 to format OODLE_BC5 (Oodle OodleTex_BC5U) lambda=0 effort=20 
[2025.03.25-16.07.10:589][ 15]LogTextureFormatOodle: Display: non-RDO encode 4096 x 4096 x 1 to format OODLE_AutoDXT (Oodle OodleTex_BC3) lambda=0 effort=20 
[2025.03.25-16.07.10:589][ 15]LogTexture: Display: Building textures: T_AtmosphericCloudNoise01_N (OODLE_BC5, 2048X2048)
[2025.03.25-16.07.12:584][ 15]LogTextureFormatOodle: Display: non-RDO encode 1024 x 1024 x 1 to format OODLE_AutoDXT (Oodle OodleTex_BC1_WithTransparency) lambda=0 effort=20 
[2025.03.25-16.07.12:584][ 15]LogTexture: Display: Building textures: T_Greystone_ShoulderArms_Mask02 (OODLE_AutoDXT, 4096X4096)
[2025.03.25-16.07.12:584][ 15]LogTexture: Display: Building textures: T_Greystone_ShoulderArms_Mask01 (OODLE_AutoDXT, 4096X4096)
[2025.03.25-16.07.12:584][ 15]LogTexture: Display: Building textures: T_Greystone_Head_Torso_Color (OODLE_AutoDXT, 4096X4096)
[2025.03.25-16.07.12:584][ 15]LogTexture: Display: Building textures: T_Greystone_Head_Torso_Spec (OODLE_AutoDXT, 4096X4096)
[2025.03.25-16.07.12:584][ 15]LogTexture: Display: Building textures: T_Greystone_arms_EMask (OODLE_AutoDXT, 4096X4096)
[2025.03.25-16.07.12:584][ 15]LogTexture: Display: Building textures: T_Greystone_ShoulderArms_RGB (OODLE_AutoDXT, 4096X4096)
[2025.03.25-16.07.12:584][ 15]LogTexture: Display: Building textures: T_Greystone_ShoulderArms_normals (OODLE_BC5, 4096X4096)
[2025.03.25-16.07.12:585][ 15]LogTextureFormatOodle: Display: non-RDO encode 2048 x 2048 x 1 to format OODLE_BC5 (Oodle OodleTex_BC5U) lambda=0 effort=20 
[2025.03.25-16.07.12:869][ 15]LogTextureFormatOodle: Display: non-RDO encode 1024 x 1024 x 1 to format OODLE_BC5 (Oodle OodleTex_BC5U) lambda=0 effort=20 
[2025.03.25-16.07.12:869][ 15]LogTextureFormatOodle: Display: non-RDO encode 4096 x 4096 x 1 to format OODLE_BC5 (Oodle OodleTex_BC5U) lambda=0 effort=20 
[2025.03.25-16.07.12:869][ 15]LogTextureFormatOodle: Display: non-RDO encode 1024 x 1024 x 1 to format OODLE_BC5 (Oodle OodleTex_BC5U) lambda=0 effort=20 
[2025.03.25-16.07.13:842][ 15]LogTextureFormatOodle: Display: non-RDO encode 4096 x 4096 x 1 to format OODLE_AutoDXT (Oodle OodleTex_BC3) lambda=0 effort=20 
[2025.03.25-16.07.13:842][ 15]LogTexture: Display: Building textures: T_Vert_Gradient_Soft (OODLE_AutoDXT, 32X1024)
[2025.03.25-16.07.13:842][ 15]LogTextureFormatOodle: Display: non-RDO encode 32 x 1024 x 1 to format OODLE_AutoDXT (Oodle OodleTex_BC1_WithTransparency) lambda=0 effort=20 
[2025.03.25-16.07.13:842][ 15]LogTextureFormatOodle: Display: non-RDO encode 2048 x 2048 x 1 to format OODLE_AutoDXT (Oodle OodleTex_BC3) lambda=0 effort=20 
[2025.03.25-16.07.13:842][ 15]LogTextureFormatOodle: Display: non-RDO encode 4096 x 4096 x 1 to format OODLE_AutoDXT (Oodle OodleTex_BC3) lambda=0 effort=20 
[2025.03.25-16.07.13:842][ 15]LogTextureFormatOodle: Display: non-RDO encode 4096 x 4096 x 1 to format OODLE_AutoDXT (Oodle OodleTex_BC3) lambda=0 effort=20 
[2025.03.25-16.07.13:842][ 15]LogTextureFormatOodle: Display: non-RDO encode 4096 x 4096 x 1 to format OODLE_AutoDXT (Oodle OodleTex_BC3) lambda=0 effort=20 
[2025.03.25-16.07.13:843][ 15]LogTextureFormatOodle: Display: non-RDO encode 4096 x 4096 x 1 to format OODLE_AutoDXT (Oodle OodleTex_BC3) lambda=0 effort=20 
[2025.03.25-16.07.13:843][ 15]LogTextureFormatOodle: Display: non-RDO encode 4096 x 4096 x 1 to format OODLE_AutoDXT (Oodle OodleTex_BC3) lambda=0 effort=20 
[2025.03.25-16.07.13:843][ 15]LogTexture: Display: Building textures: T_AtmosphericCloudNoise01 (OODLE_AutoDXT, 2048X2048)
[2025.03.25-16.07.20:767][ 15]LogTexture: Display: Building textures: T_Greystone_Fbx_Default_Material_7_EMask (OODLE_AutoDXT, 4096X4096)
[2025.03.25-16.07.20:767][ 15]LogTexture: Display: Building textures: T_Greystone_Head_Torso_RGB (OODLE_AutoDXT, 4096X4096)
[2025.03.25-16.07.20:768][ 15]LogTextureFormatOodle: Display: non-RDO encode 1024 x 1024 x 1 to format OODLE_AutoDXT (Oodle OodleTex_BC3) lambda=0 effort=20 
[2025.03.25-16.07.20:768][ 15]LogTextureFormatOodle: Display: non-RDO encode 2048 x 2048 x 1 to format OODLE_AutoDXT (Oodle OodleTex_BC3) lambda=0 effort=20 
[2025.03.25-16.07.20:768][ 15]LogTextureFormatOodle: Display: non-RDO encode 2048 x 2048 x 1 to format OODLE_BC5 (Oodle OodleTex_BC5U) lambda=0 effort=20 
[2025.03.25-16.07.20:768][ 15]LogTextureFormatOodle: Display: non-RDO encode 2048 x 2048 x 1 to format OODLE_AutoDXT (Oodle OodleTex_BC3) lambda=0 effort=20 
[2025.03.25-16.07.20:768][ 15]LogTextureFormatOodle: Display: non-RDO encode 2048 x 2048 x 1 to format OODLE_AutoDXT (Oodle OodleTex_BC3) lambda=0 effort=20 
[2025.03.25-16.07.20:768][ 15]LogTextureFormatOodle: Display: non-RDO encode 2048 x 2048 x 1 to format OODLE_AutoDXT (Oodle OodleTex_BC3) lambda=0 effort=20 
[2025.03.25-16.07.20:768][ 15]LogTextureFormatOodle: Display: non-RDO encode 2048 x 2048 x 1 to format OODLE_AutoDXT (Oodle OodleTex_BC3) lambda=0 effort=20 
[2025.03.25-16.07.20:768][ 15]LogTexture: Display: Building textures: T_CloudSmoke_WispInk_Chromashift_Tile (OODLE_AutoDXT, 1024X1024)
[2025.03.25-16.07.20:768][ 15]LogTextureFormatOodle: Display: non-RDO encode 2048 x 2048 x 1 to format OODLE_AutoDXT (Oodle OodleTex_BC1_WithTransparency) lambda=0 effort=20 
[2025.03.25-16.07.22:456][ 15]LogTextureFormatOodle: Display: non-RDO encode 1024 x 1024 x 1 to format OODLE_AutoDXT (Oodle OodleTex_BC3) lambda=0 effort=20 
[2025.03.25-16.07.22:457][ 15]LogTextureFormatOodle: Display: non-RDO encode 1024 x 1024 x 1 to format OODLE_AutoDXT (Oodle OodleTex_BC3) lambda=0 effort=20 
[2025.03.25-16.07.22:457][ 15]LogTextureFormatOodle: Display: non-RDO encode 1024 x 1024 x 1 to format OODLE_AutoDXT (Oodle OodleTex_BC3) lambda=0 effort=20 
[2025.03.25-16.07.22:457][ 15]LogTextureFormatOodle: Display: non-RDO encode 1024 x 1024 x 1 to format OODLE_AutoDXT (Oodle OodleTex_BC3) lambda=0 effort=20 
[2025.03.25-16.07.22:457][ 15]LogTextureFormatOodle: Display: non-RDO encode 1024 x 1024 x 1 to format OODLE_AutoDXT (Oodle OodleTex_BC3) lambda=0 effort=20 
[2025.03.25-16.07.22:457][ 15]LogTextureFormatOodle: Display: non-RDO encode 2048 x 2048 x 1 to format OODLE_AutoDXT (Oodle OodleTex_BC3) lambda=0 effort=20 
[2025.03.25-16.07.22:457][ 15]LogTextureFormatOodle: Display: non-RDO encode 4096 x 4096 x 1 to format OODLE_BC5 (Oodle OodleTex_BC5U) lambda=0 effort=20 
[2025.03.25-16.07.22:457][ 15]LogTextureFormatOodle: Display: non-RDO encode 4096 x 4096 x 1 to format OODLE_AutoDXT (Oodle OodleTex_BC3) lambda=0 effort=20 
[2025.03.25-16.07.22:457][ 15]LogTexture: Display: Building textures: T_TilingRock_A_D (OODLE_AutoDXT, 2048X2048)
[2025.03.25-16.07.22:457][ 15]LogTextureFormatOodle: Display: non-RDO encode 1024 x 1024 x 1 to format OODLE_AutoDXT (Oodle OodleTex_BC3) lambda=0 effort=20 
[2025.03.25-16.07.22:457][ 15]LogTextureFormatOodle: Display: non-RDO encode 1024 x 1024 x 1 to format OODLE_AutoDXT (Oodle OodleTex_BC1_WithTransparency) lambda=0 effort=20 
[2025.03.25-16.07.24:421][ 15]LogTextureFormatOodle: Display: non-RDO encode 2048 x 2048 x 1 to format OODLE_BC5 (Oodle OodleTex_BC5U) lambda=0 effort=20 
[2025.03.25-16.07.24:421][ 15]LogTextureFormatOodle: Display: non-RDO encode 1024 x 1024 x 1 to format OODLE_BC5 (Oodle OodleTex_BC5U) lambda=0 effort=20 
[2025.03.25-16.07.24:421][ 15]LogTextureFormatOodle: Display: non-RDO encode 1024 x 1024 x 1 to format OODLE_AutoDXT (Oodle OodleTex_BC1_WithTransparency) lambda=0 effort=20 
[2025.03.25-16.07.24:421][ 15]LogTextureFormatOodle: Display: non-RDO encode 2048 x 2048 x 1 to format OODLE_AutoDXT (Oodle OodleTex_BC3) lambda=0 effort=20 
[2025.03.25-16.07.24:421][ 15]LogTextureFormatOodle: Display: non-RDO encode 2048 x 2048 x 1 to format OODLE_AutoDXT (Oodle OodleTex_BC1_WithTransparency) lambda=0 effort=20 
[2025.03.25-16.07.24:421][ 15]LogTextureFormatOodle: Display: non-RDO encode 1024 x 1024 x 1 to format OODLE_BC5 (Oodle OodleTex_BC5U) lambda=0 effort=20 
[2025.03.25-16.07.24:421][ 15]LogTextureFormatOodle: Display: non-RDO encode 4096 x 4096 x 1 to format OODLE_AutoDXT (Oodle OodleTex_BC3) lambda=0 effort=20 
[2025.03.25-16.07.24:421][ 15]LogTextureFormatOodle: Display: non-RDO encode 1024 x 1024 x 1 to format OODLE_AutoDXT (Oodle OodleTex_BC3) lambda=0 effort=20 
[2025.03.25-16.07.24:421][ 15]LogTexture: Display: Building textures: T_Blank_N (OODLE_BC5, 128X128)
[2025.03.25-16.07.24:421][ 15]LogTexture: Display: Building textures: T_Black_Linear (OODLE_AutoDXT, 32X32)
[2025.03.25-16.07.24:421][ 15]LogTexture: Display: Building textures: T_Plasma_Greystone_Seamless (OODLE_AutoDXT, 1024X1024)
[2025.03.25-16.07.24:421][ 15]LogTextureFormatOodle: Display: non-RDO encode 1024 x 1024 x 1 to format OODLE_AutoDXT (Oodle OodleTex_BC1_WithTransparency) lambda=0 effort=20 
[2025.03.25-16.07.24:421][ 15]LogTexture: Display: Building textures: T_EyeOcclusion2 (G8, 512X512)
[2025.03.25-16.07.24:421][ 15]LogTextureFormatOodle: Display: non-RDO encode 2048 x 2048 x 1 to format OODLE_AutoDXT (Oodle OodleTex_BC3) lambda=0 effort=20 
[2025.03.25-16.07.24:421][ 15]LogTextureFormatOodle: Display: non-RDO encode 1024 x 1024 x 1 to format OODLE_AutoDXT (Oodle OodleTex_BC3) lambda=0 effort=20 
[2025.03.25-16.07.24:421][ 15]LogTexture: Display: Building textures: T_Gray_Flat_Black (OODLE_AutoDXT, 2048X2048)
[2025.03.25-16.07.24:421][ 15]LogTexture: Display: Building textures: T_ML_Gold_Metal01 (OODLE_AutoDXT, 2048X2048)
[2025.03.25-16.07.24:421][ 15]LogTexture: Display: Building textures: T_Greystone_M_Torso_EMask (OODLE_AutoDXT, 4096X4096)
[2025.03.25-16.07.24:423][ 15]LogTexture: Display: Building textures: T_Blue_Metal02 (OODLE_AutoDXT, 2048X2048)
[2025.03.25-16.07.27:613][ 15]LogTexture: Display: Building textures: T_Dark_Leather_N (OODLE_BC5, 2048X2048)
[2025.03.25-16.07.27:613][ 15]LogTexture: Display: Building textures: T_HadriansWall_RockFaceTiling_N (OODLE_BC5, 2048X2048)
[2025.03.25-16.07.27:613][ 15]LogTexture: Display: Building textures: T_leather_02 (OODLE_AutoDXT, 4096X4096)
[2025.03.25-16.07.27:613][ 15]LogTextureFormatOodle: Display: non-RDO encode 1024 x 1024 x 1 to format OODLE_AutoDXT (Oodle OodleTex_BC1_WithTransparency) lambda=0 effort=20 
[2025.03.25-16.07.27:613][ 15]LogTextureFormatOodle: Display: non-RDO encode 2048 x 2048 x 1 to format OODLE_AutoDXT (Oodle OodleTex_BC3) lambda=0 effort=20 
[2025.03.25-16.07.30:779][ 15]LogTextureFormatOodle: Display: non-RDO encode 2048 x 2048 x 1 to format OODLE_BC5 (Oodle OodleTex_BC5U) lambda=0 effort=20 
[2025.03.25-16.07.30:779][ 15]LogTextureFormatOodle: Display: non-RDO encode 2048 x 2048 x 1 to format OODLE_AutoDXT (Oodle OodleTex_BC3) lambda=0 effort=20 
[2025.03.25-16.07.30:779][ 15]LogTextureFormatOodle: Display: non-RDO encode 4096 x 4096 x 1 to format OODLE_AutoDXT (Oodle OodleTex_BC1_WithTransparency) lambda=0 effort=20 
[2025.03.25-16.07.30:779][ 15]LogTextureFormatOodle: Display: non-RDO encode 4096 x 4096 x 1 to format OODLE_AutoDXT (Oodle OodleTex_BC3) lambda=0 effort=20 
[2025.03.25-16.07.30:779][ 15]LogTextureFormatOodle: Display: non-RDO encode 1024 x 1024 x 1 to format OODLE_AutoDXT (Oodle OodleTex_BC3) lambda=0 effort=20 
[2025.03.25-16.07.30:779][ 15]LogTextureFormatOodle: Display: non-RDO encode 2048 x 2048 x 1 to format OODLE_BC5 (Oodle OodleTex_BC5U) lambda=0 effort=20 
[2025.03.25-16.07.30:779][ 15]LogTextureFormatOodle: Display: non-RDO encode 2048 x 2048 x 1 to format OODLE_AutoDXT (Oodle OodleTex_BC3) lambda=0 effort=20 
[2025.03.25-16.07.30:779][ 15]LogTextureFormatOodle: Display: non-RDO encode 1024 x 1024 x 1 to format OODLE_AutoDXT (Oodle OodleTex_BC3) lambda=0 effort=20 
[2025.03.25-16.07.30:779][ 15]LogTextureFormatOodle: Display: non-RDO encode 1024 x 1024 x 1 to format OODLE_AutoDXT (Oodle OodleTex_BC3) lambda=0 effort=20 
[2025.03.25-16.07.32:543][ 15]LogTextureFormatOodle: Display: non-RDO encode 1024 x 1024 x 1 to format OODLE_BC5 (Oodle OodleTex_BC5U) lambda=0 effort=20 
[2025.03.25-16.07.32:544][ 15]LogTextureFormatOodle: Display: non-RDO encode 1024 x 1024 x 1 to format OODLE_BC5 (Oodle OodleTex_BC5U) lambda=0 effort=20 
[2025.03.25-16.07.32:544][ 15]LogTextureFormatOodle: Display: non-RDO encode 2048 x 2048 x 1 to format OODLE_AutoDXT (Oodle OodleTex_BC3) lambda=0 effort=20 
[2025.03.25-16.07.32:544][ 15]LogTextureFormatOodle: Display: non-RDO encode 1024 x 1024 x 1 to format OODLE_AutoDXT (Oodle OodleTex_BC3) lambda=0 effort=20 
[2025.03.25-16.07.32:544][ 15]LogTextureFormatOodle: Display: non-RDO encode 2048 x 2048 x 1 to format OODLE_AutoDXT (Oodle OodleTex_BC1_WithTransparency) lambda=0 effort=20 
[2025.03.25-16.07.32:544][ 15]LogTextureFormatOodle: Display: non-RDO encode 1024 x 1024 x 1 to format OODLE_AutoDXT (Oodle OodleTex_BC1_WithTransparency) lambda=0 effort=20 
[2025.03.25-16.07.32:544][ 15]LogMaterial: Display: Missing cached shadermap for M_EyeRefractive in PCD3D_SM5, Default, SM5 (DDC key hash: 23085DB988594CAA76840276D3101B2A52FE0074), compiling. 
[2025.03.25-16.07.33:093][ 15]LogShaderCompilers: Display: Submitted 205 shader compile jobs with 'Low' priority
[2025.03.25-16.07.33:125][ 15]LogShaderCompilers: Display: Worker (1/13): shaders left to compile 205
[2025.03.25-16.07.33:125][ 15]LogShaderCompilers: Display: Worker (2/13): shaders left to compile 195
[2025.03.25-16.07.33:125][ 15]LogShaderCompilers: Display: Worker (3/13): shaders left to compile 185
[2025.03.25-16.07.33:125][ 15]LogShaderCompilers: Display: Worker (4/13): shaders left to compile 175
[2025.03.25-16.07.33:125][ 15]LogShaderCompilers: Display: Worker (5/13): shaders left to compile 165
[2025.03.25-16.07.33:125][ 15]LogShaderCompilers: Display: Worker (6/13): shaders left to compile 155
[2025.03.25-16.07.33:125][ 15]LogShaderCompilers: Display: Worker (7/13): shaders left to compile 145
[2025.03.25-16.07.33:125][ 15]LogShaderCompilers: Display: Worker (8/13): shaders left to compile 135
[2025.03.25-16.07.33:125][ 15]LogShaderCompilers: Display: Worker (9/13): shaders left to compile 125
[2025.03.25-16.07.33:125][ 15]LogShaderCompilers: Display: Worker (10/13): shaders left to compile 115
[2025.03.25-16.07.33:125][ 15]LogShaderCompilers: Display: Worker (11/13): shaders left to compile 105
[2025.03.25-16.07.33:125][ 15]LogShaderCompilers: Display: Worker (12/13): shaders left to compile 95
[2025.03.25-16.07.33:125][ 15]LogShaderCompilers: Display: Started 120 'Local' shader compile jobs with 'Low' priority
[2025.03.25-16.07.33:125][ 15]LogMaterial: Display: Missing cached shadermap for M_HairSheet_Master2 in PCD3D_SM5, Default, SM5 (DDC key hash: 6C6A922DA54D856B20265E816E006AEEB8D93B5E), compiling. 
[2025.03.25-16.07.33:583][ 15]LogShaderCompilers: Display: Submitted 215 shader compile jobs with 'Low' priority
[2025.03.25-16.07.33:595][ 15]LogMaterial: Display: Missing cached shadermap for MIC_GreystoneHair in PCD3D_SM5, Default, SM5 (DDC key hash: 9D12E0CBB5FD3137FE69A47DA605F86BB417307F), compiling. 
[2025.03.25-16.07.34:122][ 15]LogShaderCompilers: Display: Submitted 215 shader compile jobs with 'Low' priority
[2025.03.25-16.07.34:131][ 15]LogMaterial: Display: Missing cached shadermap for MIC_GreystoneFur in PCD3D_SM5, Default, SM5 (DDC key hash: 65318490E7088B275D5101A14DFDC3205E9E279C), compiling. 
[2025.03.25-16.07.34:487][ 15]LogShaderCompilers: Display: Submitted 215 shader compile jobs with 'Low' priority
[2025.03.25-16.07.34:501][ 15]LogMaterial: Display: Missing cached shadermap for M_TearLine in PCD3D_SM5, Default, SM5 (DDC key hash: D253FA20FA73C647911B6021D8E7DD844DE5012B), compiling. 
[2025.03.25-16.07.35:056][ 15]LogShaderCompilers: Display: Submitted 233 shader compile jobs with 'Low' priority
[2025.03.25-16.07.35:068][ 15]LogMaterial: Display: Missing cached shadermap for M_TearDuct_2 in PCD3D_SM5, Default, SM5 (DDC key hash: F26BAD4877C6519508618F67EBFB9A60A3740751), compiling. 
[2025.03.25-16.07.35:346][ 15]LogShaderCompilers: Display: Submitted 205 shader compile jobs with 'Low' priority
[2025.03.25-16.07.35:358][ 15]LogMaterial: Display: Missing cached shadermap for M_Mouth_Master in PCD3D_SM5, Default, SM5 (DDC key hash: 60B595882966D7D01ED77DAEC9552E612EBCC327), compiling. 
[2025.03.25-16.07.35:558][ 15]LogShaderCompilers: Display: Submitted 129 shader compile jobs with 'Low' priority
[2025.03.25-16.07.35:565][ 15]LogMaterial: Display: Missing cached shadermap for M_EyelashMaster in PCD3D_SM5, Default, SM5 (DDC key hash: 7AB48E64CCE8251BF5F7E940D87C26A2F5D8E864), compiling. 
[2025.03.25-16.07.35:753][ 15]LogShaderCompilers: Display: Submitted 131 shader compile jobs with 'Low' priority
[2025.03.25-16.07.37:410][ 15]LogTexture: Display: Building textures: T_Dark_Leather2_desat (OODLE_AutoDXT, 2048X2048)
[2025.03.25-16.07.39:747][ 15]LogTextureFormatOodle: Display: non-RDO encode 2048 x 2048 x 1 to format OODLE_AutoDXT (Oodle OodleTex_BC3) lambda=0 effort=20 
[2025.03.25-16.07.39:748][ 15]LogTextureFormatOodle: Display: non-RDO encode 1024 x 1024 x 1 to format OODLE_AutoDXT (Oodle OodleTex_BC3) lambda=0 effort=20 
[2025.03.25-16.07.39:748][ 15]LogMaterial: Display: Missing cached shadermap for M_Greystone_Torso in PCD3D_SM5, Default, SM5 (DDC key hash: 96C8B3A020E9704C24E7EEC35122F3D5E1810EB1), compiling. 
[2025.03.25-16.07.40:034][ 15]LogShaderCompilers: Display: Submitted 84 shader compile jobs with 'Low' priority
[2025.03.25-16.07.40:048][ 15]LogMaterial: Display: Missing cached shadermap for M_Greystone_shield in PCD3D_SM5, Default, SM5 (DDC key hash: 4C3C2CB00F5FBF29B028F1F307D8C6EB8A7CD38C), compiling. 
[2025.03.25-16.07.40:313][ 15]LogShaderCompilers: Display: Submitted 84 shader compile jobs with 'Low' priority
[2025.03.25-16.07.40:329][ 15]LogMaterial: Display: Missing cached shadermap for M_Greystone_RockHair in PCD3D_SM5, Default, SM5 (DDC key hash: 3132675C387CA6455D0580F2EA1A4400C7EA1934), compiling. 
[2025.03.25-16.07.40:560][ 15]LogShaderCompilers: Display: Submitted 88 shader compile jobs with 'Low' priority
[2025.03.25-16.07.41:659][ 15]LogTexture: Display: Building textures: T_Rubber_2 (OODLE_AutoDXT, 2048X2048)
[2025.03.25-16.07.43:411][ 15]LogTextureFormatOodle: Display: non-RDO encode 2048 x 2048 x 1 to format OODLE_AutoDXT (Oodle OodleTex_BC3) lambda=0 effort=20 
[2025.03.25-16.07.43:411][ 15]LogTextureFormatOodle: Display: non-RDO encode 1024 x 1024 x 1 to format OODLE_AutoDXT (Oodle OodleTex_BC3) lambda=0 effort=20 
[2025.03.25-16.07.43:411][ 15]LogMaterial: Display: Missing cached shadermap for M_Greystone_legs in PCD3D_SM5, Default, SM5 (DDC key hash: 1AEFB94728C679209A180F8582F344F134D9BA9D), compiling. 
[2025.03.25-16.07.43:684][ 15]LogShaderCompilers: Display: Submitted 84 shader compile jobs with 'Low' priority
[2025.03.25-16.07.43:694][ 15]LogMaterial: Display: Missing cached shadermap for M_Greystone_Flesh_head in PCD3D_SM5, Default, SM5 (DDC key hash: 90742E694C9853C602F8306DA3A7B5545F0ACF8D), compiling. 
[2025.03.25-16.07.43:904][ 15]LogShaderCompilers: Display: Submitted 78 shader compile jobs with 'Low' priority
[2025.03.25-16.07.43:914][ 15]LogMaterial: Display: Missing cached shadermap for M_Greystone_Flesh_Arms in PCD3D_SM5, Default, SM5 (DDC key hash: A2518E28F98638368EA5B5B3BA6C12D10A75B115), compiling. 
[2025.03.25-16.07.44:118][ 15]LogShaderCompilers: Display: Submitted 78 shader compile jobs with 'Low' priority
[2025.03.25-16.07.45:790][ 15]LogTexture: Display: Building textures: T_Synthetic_Leather01_D (OODLE_AutoDXT, 2048X2048)
[2025.03.25-16.07.47:505][ 15]LogTextureFormatOodle: Display: non-RDO encode 2048 x 2048 x 1 to format OODLE_AutoDXT (Oodle OodleTex_BC3) lambda=0 effort=20 
[2025.03.25-16.07.47:505][ 15]LogTextureFormatOodle: Display: non-RDO encode 1024 x 1024 x 1 to format OODLE_AutoDXT (Oodle OodleTex_BC3) lambda=0 effort=20 
[2025.03.25-16.07.47:505][ 15]LogSkeletalMesh: Display: [AssetLog] C:\Users\Ido Isaac\Desktop\Web Game Programming\Wk 1\COMP217GroupProject\DungeonDash\Content\ParagonGreystone\Characters\Heroes\Greystone\Meshes\Greystone.uasset: Find and fix some bad tangent! please re-import this skeletal mesh asset to fix the issue. The shading of the skeletal mesh will be bad and faceted.
[2025.03.25-16.07.47:511][ 15]LogSkeletalMesh: Building Skeletal Mesh Greystone...
[2025.03.25-16.07.48:317][ 15]LogSkeletalMesh: Built Skeletal Mesh [0.81s] /Game/ParagonGreystone/Characters/Heroes/Greystone/Meshes/Greystone.Greystone
[2025.03.25-16.07.48:334][ 15]LogMaterial: Display: Missing cached shadermap for M_Eye_Occlusion in PCD3D_SM5, High, SM5 (DDC key hash: C10E1B4063D985485335295E1C77ED71EAB55B19), compiling. 
[2025.03.25-16.07.48:571][ 15]LogShaderCompilers: Display: Submitted 115 shader compile jobs with 'Low' priority
[2025.03.25-16.07.48:579][ 15]LogMaterial: Display: Missing cached shadermap for M_Greystone_arms in PCD3D_SM5, Default, SM5 (DDC key hash: 818CFB41DC29AEAF8A2D4840BE4792AF71E34197), compiling. 
[2025.03.25-16.07.48:832][ 15]LogShaderCompilers: Display: Submitted 84 shader compile jobs with 'Low' priority
[2025.03.25-16.07.49:365][ 15]LogAnimation: Warning: AnimBP ThirdPerson_AnimBP_C is incompatible with skeleton Greystone_Skeleton, removing AnimBP from actor.
[2025.03.25-16.07.49:378][ 15]LogAnimation: Warning: AnimBP ThirdPerson_AnimBP_C is incompatible with skeleton Greystone_Skeleton, removing AnimBP from actor.
[2025.03.25-16.07.49:381][ 15]LogAnimation: Warning: AnimBP ThirdPerson_AnimBP_C is incompatible with skeleton Greystone_Skeleton, removing AnimBP from actor.
[2025.03.25-16.07.49:384][ 15]LogAnimation: Warning: AnimBP ThirdPerson_AnimBP_C is incompatible with skeleton Greystone_Skeleton, removing AnimBP from actor.
[2025.03.25-16.07.49:384][ 15]LogAnimation: Warning: AnimBP ThirdPerson_AnimBP_C is incompatible with skeleton Greystone_Skeleton, removing AnimBP from actor.
[2025.03.25-16.07.59:415][348]BlueprintLog: New page: Compile ThirdPersonCharacter
[2025.03.25-16.08.00:115][348]LogUObjectHash: Compacting FUObjectHashTables data took  31.17ms
[2025.03.25-16.08.03:969][471]LogTemp: Repeating last play command: Selected Viewport
[2025.03.25-16.08.04:023][471]LogPlayLevel: PlayLevel: No blueprints needed recompiling
[2025.03.25-16.08.04:041][471]PIE: New page: PIE session: ThirdPersonExampleMap (Mar. 25, 2025, 8:08:04 a.m.)
[2025.03.25-16.08.04:047][471]LogPlayLevel: Creating play world package: /Game/ThirdPersonCPP/Maps/UEDPIE_0_ThirdPersonExampleMap
[2025.03.25-16.08.04:137][471]LogPlayLevel: PIE: StaticDuplicateObject took: (0.088252s)
[2025.03.25-16.08.04:182][471]LogAIModule: Creating AISystem for world ThirdPersonExampleMap
[2025.03.25-16.08.04:191][471]LogPlayLevel: PIE: World Init took: (0.055180s)
[2025.03.25-16.08.04:191][471]LogPlayLevel: PIE: Created PIE world by copying editor world from /Game/ThirdPersonCPP/Maps/ThirdPersonExampleMap.ThirdPersonExampleMap to /Game/ThirdPersonCPP/Maps/UEDPIE_0_ThirdPersonExampleMap.ThirdPersonExampleMap (0.146127s)
[2025.03.25-16.08.04:263][471]LogUObjectHash: Compacting FUObjectHashTables data took  10.78ms
[2025.03.25-16.08.04:270][471]LogAudio: Display: Creating Audio Device:                 Id: 3, Scope: Unique, Realtime: True
[2025.03.25-16.08.04:271][471]LogAudioMixer: Display: Audio Mixer Platform Settings:
[2025.03.25-16.08.04:272][471]LogAudioMixer: Display: 	Sample Rate:						  48000
[2025.03.25-16.08.04:272][471]LogAudioMixer: Display: 	Callback Buffer Frame Size Requested: 1024
[2025.03.25-16.08.04:272][471]LogAudioMixer: Display: 	Callback Buffer Frame Size To Use:	  1024
[2025.03.25-16.08.04:272][471]LogAudioMixer: Display: 	Number of buffers to queue:			  2
[2025.03.25-16.08.04:272][471]LogAudioMixer: Display: 	Max Channels (voices):				  32
[2025.03.25-16.08.04:272][471]LogAudioMixer: Display: 	Number of Async Source Workers:		  0
[2025.03.25-16.08.04:273][471]LogAudio: Display: AudioDevice MaxSources: 32
[2025.03.25-16.08.04:276][471]LogAudio: Display: Audio Spatialization Plugin: None (built-in).
[2025.03.25-16.08.04:276][471]LogAudio: Display: Audio Reverb Plugin: None (built-in).
[2025.03.25-16.08.04:276][471]LogAudio: Display: Audio Occlusion Plugin: None (built-in).
[2025.03.25-16.08.04:276][471]LogAudioMixer: Display: Initializing audio mixer.
[2025.03.25-16.08.04:310][471]LogAudioMixer: Display: 0: FrontLeft
[2025.03.25-16.08.04:310][471]LogAudioMixer: Display: 1: FrontRight
[2025.03.25-16.08.04:819][471]LogAudioMixer: Display: Using Audio Device Speakers (Realtek(R) Audio)
[2025.03.25-16.08.04:824][471]LogAudioMixer: Display: Initializing Sound Submixes...
[2025.03.25-16.08.04:824][471]LogAudioMixer: Display: Creating Master Submix 'MasterSubmixDefault'
[2025.03.25-16.08.04:825][471]LogAudioMixer: Display: Creating Master Submix 'MasterReverbSubmixDefault'
[2025.03.25-16.08.04:829][471]LogAudioMixer: Display: Creating Master Submix 'MasterEQSubmixDefault'
[2025.03.25-16.08.04:830][471]LogAudioMixer: FMixerPlatformXAudio2::StartAudioStream() called
[2025.03.25-16.08.04:830][471]LogAudioMixer: Display: Output buffers initialized: Frames=1024, Channels=2, Samples=2048
[2025.03.25-16.08.04:838][471]LogAudioMixer: Display: Starting AudioMixerPlatformInterface::RunInternal()
[2025.03.25-16.08.04:838][471]LogAudioMixer: Display: FMixerPlatformXAudio2::SubmitBuffer() called for the first time
[2025.03.25-16.08.04:838][471]LogInit: FAudioDevice initialized.
[2025.03.25-16.08.04:838][471]LogAudio: Display: Audio Device (ID: 3) registered with world 'ThirdPersonExampleMap'.
[2025.03.25-16.08.04:904][471]LogLoad: Game class is 'DungeonDashGameMode'
[2025.03.25-16.08.04:923][471]LogWorld: Bringing World /Game/ThirdPersonCPP/Maps/UEDPIE_0_ThirdPersonExampleMap.ThirdPersonExampleMap up for play (max tick rate 60) at 2025.03.25-12.08.04
[2025.03.25-16.08.04:926][471]LogWorld: Bringing up level for play took: 0.015182
[2025.03.25-16.08.04:936][471]LogOnline: OSS: Creating online subsystem instance for: :Context_10
[2025.03.25-16.08.04:983][471]PIE: Server logged in
[2025.03.25-16.08.04:987][471]PIE: Play in editor total start time 0.978 seconds.
[2025.03.25-16.08.07:955][615]LogShaderCompilers: Display: Worker (11/13): shaders left to compile 200
[2025.03.25-16.08.07:956][615]LogShaderCompilers: Display: Started 10 'Local' shader compile jobs with 'ForceLocal' priority
[2025.03.25-16.08.07:981][615]LogShaderCompilers: Display: === FShaderJobCache stats ===
[2025.03.25-16.08.07:981][615]LogShaderCompilers: Display: Total job queries 2243, among them cache hits 0 (0.00%)
[2025.03.25-16.08.07:981][615]LogShaderCompilers: Display: Tracking 10 distinct input hashes that result in 10 distinct outputs (100.00%)
[2025.03.25-16.08.07:982][615]LogShaderCompilers: Display: RAM used: 0.07 MB (0.00 GB) of 819.20 MB (0.80 GB) budget. Usage: 0.01%
[2025.03.25-16.08.07:982][615]LogShaderCompilers: Display: ================================================
[2025.03.25-16.08.08:406][634]LogBlueprintUserMessages: [ThirdPersonCharacter_2] Damage Taken
[2025.03.25-16.08.09:360][683]LogShaderCompilers: Display: Worker (2/13): shaders left to compile 190
[2025.03.25-16.08.09:360][683]LogShaderCompilers: Display: Started 10 'Local' shader compile jobs with 'ForceLocal' priority
[2025.03.25-16.08.11:505][788]LogShaderCompilers: Display: Worker (10/13): shaders left to compile 180
[2025.03.25-16.08.11:505][788]LogShaderCompilers: Display: Started 10 'Local' shader compile jobs with 'ForceLocal' priority
[2025.03.25-16.08.12:222][820]LogShaderCompilers: Display: Worker (1/13): shaders left to compile 170
[2025.03.25-16.08.12:222][820]LogShaderCompilers: Display: Started 10 'Local' shader compile jobs with 'ForceLocal' priority
[2025.03.25-16.08.12:821][848]LogBlueprintUserMessages: [ThirdPersonCharacter_2] Damage Taken
[2025.03.25-16.08.12:959][852]LogSlate: Updating window title bar state: overlay mode, drag disabled, window buttons hidden, title bar hidden
[2025.03.25-16.08.12:959][852]LogWorld: BeginTearingDown for /Game/ThirdPersonCPP/Maps/UEDPIE_0_ThirdPersonExampleMap
[2025.03.25-16.08.12:971][852]LogWorld: UWorld::CleanupWorld for ThirdPersonExampleMap, bSessionEnded=true, bCleanupResources=true
[2025.03.25-16.08.12:985][852]LogSlate: InvalidateAllWidgets triggered.  All widgets were invalidated
[2025.03.25-16.08.13:044][852]LogPlayLevel: Display: Shutting down PIE online subsystems
[2025.03.25-16.08.13:062][852]LogSlate: InvalidateAllWidgets triggered.  All widgets were invalidated
[2025.03.25-16.08.13:139][852]LogAudio: Display: Audio Device unregistered from world 'None'.
[2025.03.25-16.08.13:150][852]LogAudioMixer: FMixerPlatformXAudio2::StopAudioStream() called
[2025.03.25-16.08.13:157][852]LogAudioMixer: FMixerPlatformXAudio2::StopAudioStream() called
[2025.03.25-16.08.13:164][852]LogSlate: Updating window title bar state: overlay mode, drag disabled, window buttons hidden, title bar hidden
[2025.03.25-16.08.13:197][852]LogUObjectHash: Compacting FUObjectHashTables data took   8.93ms
[2025.03.25-16.08.13:273][853]LogPlayLevel: Display: Destroying online subsystem :Context_10
[2025.03.25-16.08.13:829][875]LogShaderCompilers: Display: Worker (4/13): shaders left to compile 160
[2025.03.25-16.08.13:829][875]LogShaderCompilers: Display: Started 10 'Local' shader compile jobs with 'ForceLocal' priority
[2025.03.25-16.08.16:899][988]LogShaderCompilers: Display: Worker (3/13): shaders left to compile 150
[2025.03.25-16.08.16:899][988]LogShaderCompilers: Display: Started 10 'Local' shader compile jobs with 'ForceLocal' priority
[2025.03.25-16.08.17:919][ 33]LogShaderCompilers: Display: Worker (12/13): shaders left to compile 140
[2025.03.25-16.08.17:919][ 33]LogShaderCompilers: Display: Started 10 'Local' shader compile jobs with 'ForceLocal' priority
[2025.03.25-16.08.18:912][ 58]LogShaderCompilers: Display: Worker (6/13): shaders left to compile 130
[2025.03.25-16.08.18:912][ 58]LogShaderCompilers: Display: Started 10 'Local' shader compile jobs with 'ForceLocal' priority
[2025.03.25-16.08.21:650][ 61]LogShaderCompilers: Display: Worker (8/13): shaders left to compile 120
[2025.03.25-16.08.21:650][ 61]LogShaderCompilers: Display: Started 10 'Local' shader compile jobs with 'ForceLocal' priority
[2025.03.25-16.08.22:338][ 61]LogShaderCompilers: Display: Worker (5/13): shaders left to compile 110
[2025.03.25-16.08.22:338][ 61]LogShaderCompilers: Display: Started 10 'Local' shader compile jobs with 'ForceLocal' priority
[2025.03.25-16.08.22:668][ 61]LogEditorClassViewer: Warning: Class /Engine/Tutorial/InWorldBlueprintEditing/TutorialAssets/IWBE_Blutility.IWBE_Blutility_C has parent /Script/Blutility.PlacedEditorUtilityBase, but this parent is not found. The Class will not be shown in ClassViewer.
[2025.03.25-16.08.22:993][ 65]LogShaderCompilers: Display: Worker (7/13): shaders left to compile 100
[2025.03.25-16.08.22:993][ 65]LogShaderCompilers: Display: Started 9 'Local' shader compile jobs with 'ForceLocal' priority
[2025.03.25-16.08.24:435][103]LogShaderCompilers: Display: Worker (9/13): shaders left to compile 91
[2025.03.25-16.08.24:435][103]LogShaderCompilers: Display: Started 8 'Local' shader compile jobs with 'ForceLocal' priority
[2025.03.25-16.08.26:824][181]LogSlate: Prevented a slow task dialog from being summoned while a context menu was open
[2025.03.25-16.08.27:437][181]LogAnimationCompression: Building Anim DDC data for AnimSequence /Game/ParagonGreystone/Characters/Heroes/Greystone/Animations/Idle.Idle
[2025.03.25-16.08.27:437][181]LogAnimationCompression: Building Anim DDC data for AnimSequence /Game/ParagonGreystone/Characters/Heroes/Greystone/Animations/Jog_Fwd_Start.Jog_Fwd_Start
[2025.03.25-16.08.27:468][181]LogScript: Warning: Script Msg: Divide by zero detected: 0.000000 / 0
Script call stack:
	Function /Game/ParagonGreystone/Characters/Heroes/Greystone/Greystone_AnimBlueprint.Greystone_AnimBlueprint_C:BlueprintUpdateAnimation
	Function /Game/ParagonGreystone/Characters/Heroes/Greystone/Greystone_AnimBlueprint.Greystone_AnimBlueprint_C:ExecuteUbergraph_Greystone_AnimBlueprint

[2025.03.25-16.08.27:477][181]LogScript: Warning: Script Msg: Divide by zero detected: 0.000000 / 0
Script call stack:
	Function /Game/ParagonGreystone/Characters/Heroes/Greystone/Greystone_AnimBlueprint.Greystone_AnimBlueprint_C:BlueprintUpdateAnimation
	Function /Game/ParagonGreystone/Characters/Heroes/Greystone/Greystone_AnimBlueprint.Greystone_AnimBlueprint_C:ExecuteUbergraph_Greystone_AnimBlueprint

[2025.03.25-16.08.27:480][181]LogScript: Warning: Script Msg: Divide by zero detected: 0.000000 / 0
Script call stack:
	Function /Game/ParagonGreystone/Characters/Heroes/Greystone/Greystone_AnimBlueprint.Greystone_AnimBlueprint_C:BlueprintUpdateAnimation
	Function /Game/ParagonGreystone/Characters/Heroes/Greystone/Greystone_AnimBlueprint.Greystone_AnimBlueprint_C:ExecuteUbergraph_Greystone_AnimBlueprint

[2025.03.25-16.08.27:482][181]LogScript: Warning: Script Msg: Divide by zero detected: 0.000000 / 0
Script call stack:
	Function /Game/ParagonGreystone/Characters/Heroes/Greystone/Greystone_AnimBlueprint.Greystone_AnimBlueprint_C:BlueprintUpdateAnimation
	Function /Game/ParagonGreystone/Characters/Heroes/Greystone/Greystone_AnimBlueprint.Greystone_AnimBlueprint_C:ExecuteUbergraph_Greystone_AnimBlueprint

[2025.03.25-16.08.27:485][181]LogScript: Warning: Script Msg: Divide by zero detected: 0.000000 / 0
Script call stack:
	Function /Game/ParagonGreystone/Characters/Heroes/Greystone/Greystone_AnimBlueprint.Greystone_AnimBlueprint_C:BlueprintUpdateAnimation
	Function /Game/ParagonGreystone/Characters/Heroes/Greystone/Greystone_AnimBlueprint.Greystone_AnimBlueprint_C:ExecuteUbergraph_Greystone_AnimBlueprint

[2025.03.25-16.08.27:491][181]LogScript: Warning: Script Msg: Divide by zero detected: 0.000000 / 0
Script call stack:
	Function /Game/ParagonGreystone/Characters/Heroes/Greystone/Greystone_AnimBlueprint.Greystone_AnimBlueprint_C:BlueprintUpdateAnimation
	Function /Game/ParagonGreystone/Characters/Heroes/Greystone/Greystone_AnimBlueprint.Greystone_AnimBlueprint_C:ExecuteUbergraph_Greystone_AnimBlueprint

[2025.03.25-16.08.27:497][181]LogScript: Warning: Script Msg: Divide by zero detected: 0.000000 / 0
Script call stack:
	Function /Game/ParagonGreystone/Characters/Heroes/Greystone/Greystone_AnimBlueprint.Greystone_AnimBlueprint_C:BlueprintUpdateAnimation
	Function /Game/ParagonGreystone/Characters/Heroes/Greystone/Greystone_AnimBlueprint.Greystone_AnimBlueprint_C:ExecuteUbergraph_Greystone_AnimBlueprint

[2025.03.25-16.08.27:500][181]LogScript: Warning: Script Msg: Divide by zero detected: 0.000000 / 0
Script call stack:
	Function /Game/ParagonGreystone/Characters/Heroes/Greystone/Greystone_AnimBlueprint.Greystone_AnimBlueprint_C:BlueprintUpdateAnimation
	Function /Game/ParagonGreystone/Characters/Heroes/Greystone/Greystone_AnimBlueprint.Greystone_AnimBlueprint_C:ExecuteUbergraph_Greystone_AnimBlueprint

[2025.03.25-16.08.27:561][181]LogScript: Warning: Script Msg: Divide by zero detected: 0.000000 / 0
Script call stack:
	Function /Game/ParagonGreystone/Characters/Heroes/Greystone/Greystone_AnimBlueprint.Greystone_AnimBlueprint_C:BlueprintUpdateAnimation
	Function /Game/ParagonGreystone/Characters/Heroes/Greystone/Greystone_AnimBlueprint.Greystone_AnimBlueprint_C:ExecuteUbergraph_Greystone_AnimBlueprint

[2025.03.25-16.08.28:871][210]LogAnimationCompression: Building Anim DDC data for AnimSequence /Game/ParagonGreystone/Characters/Heroes/Greystone/Animations/AimOffsets/Idle_AO_CD.Idle_AO_CD
[2025.03.25-16.08.28:967][212]LogAnimationCompression: Building Anim DDC data for AnimSequence /Game/ParagonGreystone/Characters/Heroes/Greystone/Animations/AimOffsets/Idle_AO_CU.Idle_AO_CU
[2025.03.25-16.08.29:141][218]LogAnimationCompression: Building Anim DDC data for AnimSequence /Game/ParagonGreystone/Characters/Heroes/Greystone/Animations/Attack_PrimaryB.Attack_PrimaryB
[2025.03.25-16.08.30:206][265]LogAnimationCompression: Building Anim DDC data for AnimSequence /Game/ParagonGreystone/Characters/Heroes/Greystone/Animations/Jump_Start.Jump_Start
[2025.03.25-16.08.30:625][285]LogAnimationCompression: Building Anim DDC data for AnimSequence /Game/ParagonGreystone/Characters/Heroes/Greystone/Animations/Jog_Downhill_Fwd.Jog_Downhill_Fwd
[2025.03.25-16.08.31:156][307]LogAnimationCompression: Building Anim DDC data for AnimSequence /Game/ParagonGreystone/Characters/Heroes/Greystone/Animations/Jog_Fwd.Jog_Fwd
[2025.03.25-16.08.31:453][313]BlueprintLog: New page: Compile ThirdPersonCharacter
[2025.03.25-16.08.31:552][313]LogScript: Warning: Script Msg: Divide by zero detected: 0.000000 / 0
Script call stack:
	Function /Game/ParagonGreystone/Characters/Heroes/Greystone/Greystone_AnimBlueprint.Greystone_AnimBlueprint_C:BlueprintUpdateAnimation
	Function /Game/ParagonGreystone/Characters/Heroes/Greystone/Greystone_AnimBlueprint.Greystone_AnimBlueprint_C:ExecuteUbergraph_Greystone_AnimBlueprint

[2025.03.25-16.08.31:558][313]LogScript: Warning: Script Msg: Divide by zero detected: 0.000000 / 0
Script call stack:
	Function /Game/ParagonGreystone/Characters/Heroes/Greystone/Greystone_AnimBlueprint.Greystone_AnimBlueprint_C:BlueprintUpdateAnimation
	Function /Game/ParagonGreystone/Characters/Heroes/Greystone/Greystone_AnimBlueprint.Greystone_AnimBlueprint_C:ExecuteUbergraph_Greystone_AnimBlueprint

[2025.03.25-16.08.31:563][313]LogScript: Warning: Script Msg: Divide by zero detected: 0.000000 / 0
Script call stack:
	Function /Game/ParagonGreystone/Characters/Heroes/Greystone/Greystone_AnimBlueprint.Greystone_AnimBlueprint_C:BlueprintUpdateAnimation
	Function /Game/ParagonGreystone/Characters/Heroes/Greystone/Greystone_AnimBlueprint.Greystone_AnimBlueprint_C:ExecuteUbergraph_Greystone_AnimBlueprint

[2025.03.25-16.08.31:570][313]LogScript: Warning: Script Msg: Divide by zero detected: 0.000000 / 0
Script call stack:
	Function /Game/ParagonGreystone/Characters/Heroes/Greystone/Greystone_AnimBlueprint.Greystone_AnimBlueprint_C:BlueprintUpdateAnimation
	Function /Game/ParagonGreystone/Characters/Heroes/Greystone/Greystone_AnimBlueprint.Greystone_AnimBlueprint_C:ExecuteUbergraph_Greystone_AnimBlueprint

[2025.03.25-16.08.31:574][313]LogScript: Warning: Script Msg: Divide by zero detected: 0.000000 / 0
Script call stack:
	Function /Game/ParagonGreystone/Characters/Heroes/Greystone/Greystone_AnimBlueprint.Greystone_AnimBlueprint_C:BlueprintUpdateAnimation
	Function /Game/ParagonGreystone/Characters/Heroes/Greystone/Greystone_AnimBlueprint.Greystone_AnimBlueprint_C:ExecuteUbergraph_Greystone_AnimBlueprint

[2025.03.25-16.08.31:578][313]LogScript: Warning: Script Msg: Divide by zero detected: 0.000000 / 0
Script call stack:
	Function /Game/ParagonGreystone/Characters/Heroes/Greystone/Greystone_AnimBlueprint.Greystone_AnimBlueprint_C:BlueprintUpdateAnimation
	Function /Game/ParagonGreystone/Characters/Heroes/Greystone/Greystone_AnimBlueprint.Greystone_AnimBlueprint_C:ExecuteUbergraph_Greystone_AnimBlueprint

[2025.03.25-16.08.31:581][313]LogScript: Warning: Script Msg: Divide by zero detected: 0.000000 / 0
Script call stack:
	Function /Game/ParagonGreystone/Characters/Heroes/Greystone/Greystone_AnimBlueprint.Greystone_AnimBlueprint_C:BlueprintUpdateAnimation
	Function /Game/ParagonGreystone/Characters/Heroes/Greystone/Greystone_AnimBlueprint.Greystone_AnimBlueprint_C:ExecuteUbergraph_Greystone_AnimBlueprint

[2025.03.25-16.08.31:586][313]LogScript: Warning: Script Msg: Divide by zero detected: 0.000000 / 0
Script call stack:
	Function /Game/ParagonGreystone/Characters/Heroes/Greystone/Greystone_AnimBlueprint.Greystone_AnimBlueprint_C:BlueprintUpdateAnimation
	Function /Game/ParagonGreystone/Characters/Heroes/Greystone/Greystone_AnimBlueprint.Greystone_AnimBlueprint_C:ExecuteUbergraph_Greystone_AnimBlueprint

[2025.03.25-16.08.31:785][313]LogUObjectHash: Compacting FUObjectHashTables data took   8.70ms
[2025.03.25-16.08.31:809][313]LogScript: Warning: Script Msg: Divide by zero detected: 0.000000 / 0
Script call stack:
	Function /Game/ParagonGreystone/Characters/Heroes/Greystone/Greystone_AnimBlueprint.Greystone_AnimBlueprint_C:BlueprintUpdateAnimation
	Function /Game/ParagonGreystone/Characters/Heroes/Greystone/Greystone_AnimBlueprint.Greystone_AnimBlueprint_C:ExecuteUbergraph_Greystone_AnimBlueprint

[2025.03.25-16.08.31:812][313]LogScript: Warning: Script Msg: Divide by zero detected: 0.000000 / 0
Script call stack:
	Function /Game/ParagonGreystone/Characters/Heroes/Greystone/Greystone_AnimBlueprint.Greystone_AnimBlueprint_C:BlueprintUpdateAnimation
	Function /Game/ParagonGreystone/Characters/Heroes/Greystone/Greystone_AnimBlueprint.Greystone_AnimBlueprint_C:ExecuteUbergraph_Greystone_AnimBlueprint

[2025.03.25-16.08.31:815][313]LogScript: Warning: Script Msg: Divide by zero detected: 0.000000 / 0
Script call stack:
	Function /Game/ParagonGreystone/Characters/Heroes/Greystone/Greystone_AnimBlueprint.Greystone_AnimBlueprint_C:BlueprintUpdateAnimation
	Function /Game/ParagonGreystone/Characters/Heroes/Greystone/Greystone_AnimBlueprint.Greystone_AnimBlueprint_C:ExecuteUbergraph_Greystone_AnimBlueprint

[2025.03.25-16.08.31:817][313]LogScript: Warning: Script Msg: Divide by zero detected: 0.000000 / 0
Script call stack:
	Function /Game/ParagonGreystone/Characters/Heroes/Greystone/Greystone_AnimBlueprint.Greystone_AnimBlueprint_C:BlueprintUpdateAnimation
	Function /Game/ParagonGreystone/Characters/Heroes/Greystone/Greystone_AnimBlueprint.Greystone_AnimBlueprint_C:ExecuteUbergraph_Greystone_AnimBlueprint

[2025.03.25-16.08.31:820][313]LogScript: Warning: Script Msg: Divide by zero detected: 0.000000 / 0
Script call stack:
	Function /Game/ParagonGreystone/Characters/Heroes/Greystone/Greystone_AnimBlueprint.Greystone_AnimBlueprint_C:BlueprintUpdateAnimation
	Function /Game/ParagonGreystone/Characters/Heroes/Greystone/Greystone_AnimBlueprint.Greystone_AnimBlueprint_C:ExecuteUbergraph_Greystone_AnimBlueprint

[2025.03.25-16.08.31:844][313]LogScript: Warning: Script Msg: Divide by zero detected: 0.000000 / 0
Script call stack:
	Function /Game/ParagonGreystone/Characters/Heroes/Greystone/Greystone_AnimBlueprint.Greystone_AnimBlueprint_C:BlueprintUpdateAnimation
	Function /Game/ParagonGreystone/Characters/Heroes/Greystone/Greystone_AnimBlueprint.Greystone_AnimBlueprint_C:ExecuteUbergraph_Greystone_AnimBlueprint

[2025.03.25-16.08.31:847][313]LogScript: Warning: Script Msg: Divide by zero detected: 0.000000 / 0
Script call stack:
	Function /Game/ParagonGreystone/Characters/Heroes/Greystone/Greystone_AnimBlueprint.Greystone_AnimBlueprint_C:BlueprintUpdateAnimation
	Function /Game/ParagonGreystone/Characters/Heroes/Greystone/Greystone_AnimBlueprint.Greystone_AnimBlueprint_C:ExecuteUbergraph_Greystone_AnimBlueprint

[2025.03.25-16.08.31:850][313]LogScript: Warning: Script Msg: Divide by zero detected: 0.000000 / 0
Script call stack:
	Function /Game/ParagonGreystone/Characters/Heroes/Greystone/Greystone_AnimBlueprint.Greystone_AnimBlueprint_C:BlueprintUpdateAnimation
	Function /Game/ParagonGreystone/Characters/Heroes/Greystone/Greystone_AnimBlueprint.Greystone_AnimBlueprint_C:ExecuteUbergraph_Greystone_AnimBlueprint

[2025.03.25-16.08.31:853][313]LogScript: Warning: Script Msg: Divide by zero detected: 0.000000 / 0
Script call stack:
	Function /Game/ParagonGreystone/Characters/Heroes/Greystone/Greystone_AnimBlueprint.Greystone_AnimBlueprint_C:BlueprintUpdateAnimation
	Function /Game/ParagonGreystone/Characters/Heroes/Greystone/Greystone_AnimBlueprint.Greystone_AnimBlueprint_C:ExecuteUbergraph_Greystone_AnimBlueprint

[2025.03.25-16.08.32:149][313]LogAnimationCompression: Building Anim DDC data for AnimSequence /Game/ParagonGreystone/Characters/Heroes/Greystone/Animations/Jump_Recovery_Additive.Jump_Recovery_Additive
[2025.03.25-16.08.32:149][313]LogScript: Warning: Script Msg: Divide by zero detected: 0.000000 / 0
Script call stack:
	Function /Game/ParagonGreystone/Characters/Heroes/Greystone/Greystone_AnimBlueprint.Greystone_AnimBlueprint_C:BlueprintUpdateAnimation
	Function /Game/ParagonGreystone/Characters/Heroes/Greystone/Greystone_AnimBlueprint.Greystone_AnimBlueprint_C:ExecuteUbergraph_Greystone_AnimBlueprint

[2025.03.25-16.08.32:428][324]LogAnimationCompression: Building Anim DDC data for AnimSequence /Game/ParagonGreystone/Characters/Heroes/Greystone/Animations/Attack_PrimaryA.Attack_PrimaryA
[2025.03.25-16.08.37:151][347]LogAnimationCompression: Building Anim DDC data for AnimSequence /Game/ParagonGreystone/Characters/Heroes/Greystone/Animations/Jog_Fwd_Circle_Right.Jog_Fwd_Circle_Right
[2025.03.25-16.08.37:709][363]LogAnimationCompression: Building Anim DDC data for AnimSequence /Game/ParagonGreystone/Characters/Heroes/Greystone/Animations/Jog_Uphill_Fwd.Jog_Uphill_Fwd
[2025.03.25-16.08.37:957][371]LogAnimationCompression: Building Anim DDC data for AnimSequence /Game/ParagonGreystone/Characters/Heroes/Greystone/Animations/Jog_Fwd_Circle_Left.Jog_Fwd_Circle_Left
[2025.03.25-16.08.38:505][392]LogAnimationCompression: Building Anim DDC data for AnimSequence /Game/ParagonGreystone/Characters/Heroes/Greystone/Animations/AimOffsets/Idle_AO_RC.Idle_AO_RC
[2025.03.25-16.08.38:657][397]LogAnimationCompression: Building Anim DDC data for AnimSequence /Game/ParagonGreystone/Characters/Heroes/Greystone/Animations/AimOffsets/Idle_AO_RD.Idle_AO_RD
[2025.03.25-16.08.38:787][403]LogAnimationCompression: Building Anim DDC data for AnimSequence /Game/ParagonGreystone/Characters/Heroes/Greystone/Animations/AimOffsets/Idle_AO_RU.Idle_AO_RU
[2025.03.25-16.08.38:897][407]LogAnimationCompression: Building Anim DDC data for AnimSequence /Game/ParagonGreystone/Characters/Heroes/Greystone/Animations/AimOffsets/Idle_AO_CC.Idle_AO_CC
[2025.03.25-16.08.38:955][408]LogAnimationCompression: Building Anim DDC data for AnimSequence /Game/ParagonGreystone/Characters/Heroes/Greystone/Animations/AimOffsets/Idle_AO_LU.Idle_AO_LU
[2025.03.25-16.08.39:115][409]LogAnimationCompression: Building Anim DDC data for AnimSequence /Game/ParagonGreystone/Characters/Heroes/Greystone/Animations/AimOffsets/Idle_AO_LD.Idle_AO_LD
[2025.03.25-16.08.39:204][411]LogAnimationCompression: Building Anim DDC data for AnimSequence /Game/ParagonGreystone/Characters/Heroes/Greystone/Animations/AimOffsets/Idle_AO_LC.Idle_AO_LC
[2025.03.25-16.08.39:369][415]LogAnimationCompression: Building Anim DDC data for AnimSequence /Game/ParagonGreystone/Characters/Heroes/Greystone/Animations/Attack_PrimaryC.Attack_PrimaryC
[2025.03.25-16.08.40:023][440]LogAnimationCompression: Building Anim DDC data for AnimSequence /Game/ParagonGreystone/Characters/Heroes/Greystone/Animations/Jump_Land.Jump_Land
[2025.03.25-16.08.40:073][442]LogAnimationCompression: Building Anim DDC data for AnimSequence /Game/ParagonGreystone/Characters/Heroes/Greystone/Animations/LevelStart.LevelStart
[2025.03.25-16.08.41:358][490]LogTemp: Repeating last play command: Selected Viewport
[2025.03.25-16.08.41:403][490]LogAnimationCompression: Building Anim DDC data for AnimSequence /Game/ParagonGreystone/Characters/Heroes/Greystone/Animations/Jog_Fwd_Stop.Jog_Fwd_Stop
[2025.03.25-16.08.41:403][490]LogPlayLevel: PlayLevel: No blueprints needed recompiling
[2025.03.25-16.08.41:404][490]PIE: New page: PIE session: ThirdPersonExampleMap (Mar. 25, 2025, 8:08:41 a.m.)
[2025.03.25-16.08.41:404][490]LogPlayLevel: Creating play world package: /Game/ThirdPersonCPP/Maps/UEDPIE_0_ThirdPersonExampleMap
[2025.03.25-16.08.41:446][490]LogPlayLevel: PIE: StaticDuplicateObject took: (0.042024s)
[2025.03.25-16.08.41:449][490]LogAIModule: Creating AISystem for world ThirdPersonExampleMap
[2025.03.25-16.08.41:450][490]LogPlayLevel: PIE: World Init took: (0.003817s)
[2025.03.25-16.08.41:450][490]LogPlayLevel: PIE: Created PIE world by copying editor world from /Game/ThirdPersonCPP/Maps/ThirdPersonExampleMap.ThirdPersonExampleMap to /Game/ThirdPersonCPP/Maps/UEDPIE_0_ThirdPersonExampleMap.ThirdPersonExampleMap (0.046454s)
[2025.03.25-16.08.41:836][490]LogUObjectHash: Compacting FUObjectHashTables data took   9.87ms
[2025.03.25-16.08.41:840][490]LogAudio: Display: Creating Audio Device:                 Id: 4, Scope: Unique, Realtime: True
[2025.03.25-16.08.41:840][490]LogAudioMixer: Display: Audio Mixer Platform Settings:
[2025.03.25-16.08.41:840][490]LogAudioMixer: Display: 	Sample Rate:						  48000
[2025.03.25-16.08.41:840][490]LogAudioMixer: Display: 	Callback Buffer Frame Size Requested: 1024
[2025.03.25-16.08.41:840][490]LogAudioMixer: Display: 	Callback Buffer Frame Size To Use:	  1024
[2025.03.25-16.08.41:840][490]LogAudioMixer: Display: 	Number of buffers to queue:			  2
[2025.03.25-16.08.41:840][490]LogAudioMixer: Display: 	Max Channels (voices):				  32
[2025.03.25-16.08.41:840][490]LogAudioMixer: Display: 	Number of Async Source Workers:		  0
[2025.03.25-16.08.41:841][490]LogAudio: Display: AudioDevice MaxSources: 32
[2025.03.25-16.08.41:841][490]LogAudio: Display: Audio Spatialization Plugin: None (built-in).
[2025.03.25-16.08.41:841][490]LogAudio: Display: Audio Reverb Plugin: None (built-in).
[2025.03.25-16.08.41:841][490]LogAudio: Display: Audio Occlusion Plugin: None (built-in).
[2025.03.25-16.08.41:841][490]LogAudioMixer: Display: Initializing audio mixer.
[2025.03.25-16.08.41:861][490]LogAudioMixer: Display: 0: FrontLeft
[2025.03.25-16.08.41:861][490]LogAudioMixer: Display: 1: FrontRight
[2025.03.25-16.08.42:158][490]LogAudioMixer: Display: Using Audio Device Speakers (Realtek(R) Audio)
[2025.03.25-16.08.42:159][490]LogAudioMixer: Display: Initializing Sound Submixes...
[2025.03.25-16.08.42:159][490]LogAudioMixer: Display: Creating Master Submix 'MasterSubmixDefault'
[2025.03.25-16.08.42:159][490]LogAudioMixer: Display: Creating Master Submix 'MasterReverbSubmixDefault'
[2025.03.25-16.08.42:161][490]LogAudioMixer: Display: Creating Master Submix 'MasterEQSubmixDefault'
[2025.03.25-16.08.42:161][490]LogAudioMixer: FMixerPlatformXAudio2::StartAudioStream() called
[2025.03.25-16.08.42:161][490]LogAudioMixer: Display: Output buffers initialized: Frames=1024, Channels=2, Samples=2048
[2025.03.25-16.08.42:165][490]LogAudioMixer: Display: Starting AudioMixerPlatformInterface::RunInternal()
[2025.03.25-16.08.42:165][490]LogAudioMixer: Display: FMixerPlatformXAudio2::SubmitBuffer() called for the first time
[2025.03.25-16.08.42:165][490]LogInit: FAudioDevice initialized.
[2025.03.25-16.08.42:165][490]LogAudio: Display: Audio Device (ID: 4) registered with world 'ThirdPersonExampleMap'.
[2025.03.25-16.08.42:195][490]LogLoad: Game class is 'DungeonDashGameMode'
[2025.03.25-16.08.42:201][490]LogScript: Warning: Script Msg: Divide by zero detected: 0.000000 / 0
Script call stack:
	Function /Game/ParagonGreystone/Characters/Heroes/Greystone/Greystone_AnimBlueprint.Greystone_AnimBlueprint_C:BlueprintUpdateAnimation
	Function /Game/ParagonGreystone/Characters/Heroes/Greystone/Greystone_AnimBlueprint.Greystone_AnimBlueprint_C:ExecuteUbergraph_Greystone_AnimBlueprint

[2025.03.25-16.08.42:207][490]LogWorld: Bringing World /Game/ThirdPersonCPP/Maps/UEDPIE_0_ThirdPersonExampleMap.ThirdPersonExampleMap up for play (max tick rate 60) at 2025.03.25-12.08.42
[2025.03.25-16.08.42:208][490]LogWorld: Bringing up level for play took: 0.009334
[2025.03.25-16.08.42:208][490]LogOnline: OSS: Creating online subsystem instance for: :Context_11
[2025.03.25-16.08.42:217][490]PIE: Server logged in
[2025.03.25-16.08.42:219][490]PIE: Play in editor total start time 0.821 seconds.
[2025.03.25-16.08.42:285][491]LogAnimationCompression: Building Anim DDC data for AnimSequence /Game/ParagonGreystone/Characters/Heroes/Greystone/Animations/Jump_Apex.Jump_Apex
[2025.03.25-16.08.44:222][576]LogParticles: Warning: Particle Notify: Particle system is null for particle notify 'PlayParticleEffect' in anim: '/Game/ParagonGreystone/Characters/Heroes/Greystone/Animations/LevelStart_Montage.LevelStart_Montage'
[2025.03.25-16.08.53:947][ 26]LogSlate: Updating window title bar state: overlay mode, drag disabled, window buttons hidden, title bar hidden
[2025.03.25-16.08.53:947][ 26]LogWorld: BeginTearingDown for /Game/ThirdPersonCPP/Maps/UEDPIE_0_ThirdPersonExampleMap
[2025.03.25-16.08.53:948][ 26]LogWorld: UWorld::CleanupWorld for ThirdPersonExampleMap, bSessionEnded=true, bCleanupResources=true
[2025.03.25-16.08.53:949][ 26]LogSlate: InvalidateAllWidgets triggered.  All widgets were invalidated
[2025.03.25-16.08.53:977][ 26]LogPlayLevel: Display: Shutting down PIE online subsystems
[2025.03.25-16.08.53:992][ 26]LogSlate: InvalidateAllWidgets triggered.  All widgets were invalidated
[2025.03.25-16.08.54:056][ 26]LogAudio: Display: Audio Device unregistered from world 'None'.
[2025.03.25-16.08.54:057][ 26]LogAudioMixer: FMixerPlatformXAudio2::StopAudioStream() called
[2025.03.25-16.08.54:064][ 26]LogAudioMixer: FMixerPlatformXAudio2::StopAudioStream() called
[2025.03.25-16.08.54:086][ 26]LogSlate: Updating window title bar state: overlay mode, drag disabled, window buttons hidden, title bar hidden
[2025.03.25-16.08.54:096][ 26]LogUObjectHash: Compacting FUObjectHashTables data took   8.11ms
[2025.03.25-16.08.54:172][ 27]LogPlayLevel: Display: Destroying online subsystem :Context_11
[2025.03.25-16.08.56:589][115]LogShaderCompilers: Display: Worker (9/13): shaders left to compile 83
[2025.03.25-16.08.56:589][115]LogShaderCompilers: Display: Started 7 'Local' shader compile jobs with 'ForceLocal' priority
[2025.03.25-16.08.57:427][133]LogRenderer: Reallocating scene render targets to support 740x672 Format 10 NumSamples 1 (Frame:33370).
[2025.03.25-16.08.57:558][134]LogRenderer: Reallocating scene render targets to support 796x672 Format 10 NumSamples 1 (Frame:33372).
[2025.03.25-16.08.57:680][135]LogRenderer: Reallocating scene render targets to support 856x672 Format 10 NumSamples 1 (Frame:33374).
[2025.03.25-16.08.57:814][136]LogRenderer: Reallocating scene render targets to support 880x672 Format 10 NumSamples 1 (Frame:33376).
[2025.03.25-16.08.57:914][137]LogRenderer: Reallocating scene render targets to support 900x672 Format 10 NumSamples 1 (Frame:33378).
[2025.03.25-16.08.58:003][138]LogRenderer: Reallocating scene render targets to support 904x672 Format 10 NumSamples 1 (Frame:33380).
[2025.03.25-16.09.01:876][288]LogShaderCompilers: Display: Worker (7/13): shaders left to compile 76
[2025.03.25-16.09.01:876][288]LogShaderCompilers: Display: Started 7 'Local' shader compile jobs with 'ForceLocal' priority
[2025.03.25-16.09.07:666][419]LogShaderCompilers: Display: Worker (2/13): shaders left to compile 69
[2025.03.25-16.09.07:666][419]LogShaderCompilers: Display: Started 6 'Local' shader compile jobs with 'ForceLocal' priority
[2025.03.25-16.09.08:024][425]LogShaderCompilers: Display: Worker (10/13): shaders left to compile 63
[2025.03.25-16.09.08:024][425]LogShaderCompilers: Display: Started 6 'Local' shader compile jobs with 'ForceLocal' priority
[2025.03.25-16.09.13:190][527]LogShaderCompilers: Display: Worker (4/13): shaders left to compile 63
[2025.03.25-16.09.13:190][527]LogShaderCompilers: Display: Started 6 'Local' shader compile jobs with 'ForceLocal' priority
[2025.03.25-16.09.16:643][681]LogShaderCompilers: Display: Worker (12/13): shaders left to compile 57
[2025.03.25-16.09.16:643][681]LogShaderCompilers: Display: Started 5 'Local' shader compile jobs with 'ForceLocal' priority
[2025.03.25-16.09.18:592][771]LogShaderCompilers: Display: Worker (3/13): shaders left to compile 52
[2025.03.25-16.09.18:593][771]LogShaderCompilers: Display: Started 5 'Local' shader compile jobs with 'ForceLocal' priority
[2025.03.25-16.09.20:364][824]LogShaderCompilers: Display: Worker (5/13): shaders left to compile 47
[2025.03.25-16.09.20:365][824]LogShaderCompilers: Display: Worker (6/13): shaders left to compile 43
[2025.03.25-16.09.20:365][824]LogShaderCompilers: Display: Started 8 'Local' shader compile jobs with 'ForceLocal' priority
[2025.03.25-16.09.21:110][855]LogShaderCompilers: Display: Worker (7/13): shaders left to compile 39
[2025.03.25-16.09.21:110][855]LogShaderCompilers: Display: Started 4 'Local' shader compile jobs with 'ForceLocal' priority
[2025.03.25-16.09.21:614][858]LogShaderCompilers: Display: Worker (11/13): shaders left to compile 35
[2025.03.25-16.09.21:614][858]LogShaderCompilers: Display: Started 3 'Local' shader compile jobs with 'ForceLocal' priority
[2025.03.25-16.09.24:477][902]LogTemp: Repeating last play command: Selected Viewport
[2025.03.25-16.09.24:509][902]LogPlayLevel: PlayLevel: No blueprints needed recompiling
[2025.03.25-16.09.24:509][902]PIE: New page: PIE session: ThirdPersonExampleMap (Mar. 25, 2025, 8:09:24 a.m.)
[2025.03.25-16.09.24:510][902]LogPlayLevel: Creating play world package: /Game/ThirdPersonCPP/Maps/UEDPIE_0_ThirdPersonExampleMap
[2025.03.25-16.09.24:547][902]LogPlayLevel: PIE: StaticDuplicateObject took: (0.037303s)
[2025.03.25-16.09.24:550][902]LogAIModule: Creating AISystem for world ThirdPersonExampleMap
[2025.03.25-16.09.24:551][902]LogPlayLevel: PIE: World Init took: (0.004275s)
[2025.03.25-16.09.24:552][902]LogPlayLevel: PIE: Created PIE world by copying editor world from /Game/ThirdPersonCPP/Maps/ThirdPersonExampleMap.ThirdPersonExampleMap to /Game/ThirdPersonCPP/Maps/UEDPIE_0_ThirdPersonExampleMap.ThirdPersonExampleMap (0.042147s)
[2025.03.25-16.09.24:621][902]LogUObjectHash: Compacting FUObjectHashTables data took   8.07ms
[2025.03.25-16.09.24:634][902]LogAudio: Display: Creating Audio Device:                 Id: 5, Scope: Unique, Realtime: True
[2025.03.25-16.09.24:635][902]LogAudioMixer: Display: Audio Mixer Platform Settings:
[2025.03.25-16.09.24:635][902]LogAudioMixer: Display: 	Sample Rate:						  48000
[2025.03.25-16.09.24:635][902]LogAudioMixer: Display: 	Callback Buffer Frame Size Requested: 1024
[2025.03.25-16.09.24:635][902]LogAudioMixer: Display: 	Callback Buffer Frame Size To Use:	  1024
[2025.03.25-16.09.24:635][902]LogAudioMixer: Display: 	Number of buffers to queue:			  2
[2025.03.25-16.09.24:635][902]LogAudioMixer: Display: 	Max Channels (voices):				  32
[2025.03.25-16.09.24:635][902]LogAudioMixer: Display: 	Number of Async Source Workers:		  0
[2025.03.25-16.09.24:635][902]LogAudio: Display: AudioDevice MaxSources: 32
[2025.03.25-16.09.24:636][902]LogAudio: Display: Audio Spatialization Plugin: None (built-in).
[2025.03.25-16.09.24:636][902]LogAudio: Display: Audio Reverb Plugin: None (built-in).
[2025.03.25-16.09.24:636][902]LogAudio: Display: Audio Occlusion Plugin: None (built-in).
[2025.03.25-16.09.24:636][902]LogAudioMixer: Display: Initializing audio mixer.
[2025.03.25-16.09.24:665][902]LogAudioMixer: Display: 0: FrontLeft
[2025.03.25-16.09.24:665][902]LogAudioMixer: Display: 1: FrontRight
[2025.03.25-16.09.24:994][902]LogAudioMixer: Display: Using Audio Device Speakers (Realtek(R) Audio)
[2025.03.25-16.09.24:995][902]LogAudioMixer: Display: Initializing Sound Submixes...
[2025.03.25-16.09.24:995][902]LogAudioMixer: Display: Creating Master Submix 'MasterSubmixDefault'
[2025.03.25-16.09.24:995][902]LogAudioMixer: Display: Creating Master Submix 'MasterReverbSubmixDefault'
[2025.03.25-16.09.24:996][902]LogAudioMixer: Display: Creating Master Submix 'MasterEQSubmixDefault'
[2025.03.25-16.09.24:996][902]LogAudioMixer: FMixerPlatformXAudio2::StartAudioStream() called
[2025.03.25-16.09.24:996][902]LogAudioMixer: Display: Output buffers initialized: Frames=1024, Channels=2, Samples=2048
[2025.03.25-16.09.25:000][902]LogAudioMixer: Display: Starting AudioMixerPlatformInterface::RunInternal()
[2025.03.25-16.09.25:000][902]LogAudioMixer: Display: FMixerPlatformXAudio2::SubmitBuffer() called for the first time
[2025.03.25-16.09.25:000][902]LogInit: FAudioDevice initialized.
[2025.03.25-16.09.25:000][902]LogAudio: Display: Audio Device (ID: 5) registered with world 'ThirdPersonExampleMap'.
[2025.03.25-16.09.25:026][902]LogLoad: Game class is 'DungeonDashGameMode'
[2025.03.25-16.09.25:031][902]LogScript: Warning: Script Msg: Divide by zero detected: 0.000000 / 0
Script call stack:
	Function /Game/ParagonGreystone/Characters/Heroes/Greystone/Greystone_AnimBlueprint.Greystone_AnimBlueprint_C:BlueprintUpdateAnimation
	Function /Game/ParagonGreystone/Characters/Heroes/Greystone/Greystone_AnimBlueprint.Greystone_AnimBlueprint_C:ExecuteUbergraph_Greystone_AnimBlueprint

[2025.03.25-16.09.25:032][902]LogWorld: Bringing World /Game/ThirdPersonCPP/Maps/UEDPIE_0_ThirdPersonExampleMap.ThirdPersonExampleMap up for play (max tick rate 60) at 2025.03.25-12.09.25
[2025.03.25-16.09.25:033][902]LogWorld: Bringing up level for play took: 0.005630
[2025.03.25-16.09.25:033][902]LogOnline: OSS: Creating online subsystem instance for: :Context_12
[2025.03.25-16.09.25:041][902]PIE: Server logged in
[2025.03.25-16.09.25:043][902]PIE: Play in editor total start time 0.539 seconds.
[2025.03.25-16.09.28:100][980]LogParticles: Warning: Particle Notify: Particle system is null for particle notify 'PlayParticleEffect' in anim: '/Game/ParagonGreystone/Characters/Heroes/Greystone/Animations/LevelStart_Montage.LevelStart_Montage'
[2025.03.25-16.09.28:604][  7]LogShaderCompilers: Display: Worker (2/13): shaders left to compile 32
[2025.03.25-16.09.28:604][  7]LogShaderCompilers: Display: Worker (11/13): shaders left to compile 29
[2025.03.25-16.09.28:604][  7]LogShaderCompilers: Display: Started 6 'Local' shader compile jobs with 'ForceLocal' priority
[2025.03.25-16.09.29:513][ 45]LogShaderCompilers: Display: Worker (12/13): shaders left to compile 26
[2025.03.25-16.09.29:514][ 45]LogShaderCompilers: Display: Started 3 'Local' shader compile jobs with 'ForceLocal' priority
[2025.03.25-16.09.31:421][124]LogShaderCompilers: Display: Worker (10/13): shaders left to compile 23
[2025.03.25-16.09.31:421][124]LogShaderCompilers: Display: Started 2 'Local' shader compile jobs with 'ForceLocal' priority
[2025.03.25-16.09.31:421][124]LogShaderCompilers: Display: Worker (1/13): shaders left to compile 21
[2025.03.25-16.09.31:421][124]LogShaderCompilers: Display: Started 2 'Local' shader compile jobs with 'ForceLocal' priority
[2025.03.25-16.09.31:755][126]LogShaderCompilers: Display: Worker (5/13): shaders left to compile 19
[2025.03.25-16.09.31:755][126]LogShaderCompilers: Display: Started 2 'Local' shader compile jobs with 'ForceLocal' priority
[2025.03.25-16.09.32:416][127]LogShaderCompilers: Display: Worker (3/13): shaders left to compile 17
[2025.03.25-16.09.32:416][127]LogShaderCompilers: Display: Started 2 'Local' shader compile jobs with 'ForceLocal' priority
[2025.03.25-16.09.33:656][133]LogShaderCompilers: Display: Worker (9/13): shaders left to compile 15
[2025.03.25-16.09.33:656][133]LogShaderCompilers: Display: Started 2 'Local' shader compile jobs with 'ForceLocal' priority
[2025.03.25-16.09.34:727][152]LogShaderCompilers: Display: Worker (6/13): shaders left to compile 13
[2025.03.25-16.09.34:727][152]LogShaderCompilers: Display: Started 2 'Local' shader compile jobs with 'ForceLocal' priority
[2025.03.25-16.09.36:690][231]LogShaderCompilers: Display: Worker (7/13): shaders left to compile 11
[2025.03.25-16.09.36:691][231]LogShaderCompilers: Display: Started 1 'Local' shader compile jobs with 'ForceLocal' priority
[2025.03.25-16.09.38:179][301]LogShaderCompilers: Display: Worker (3/13): shaders left to compile 10
[2025.03.25-16.09.38:179][301]LogShaderCompilers: Display: Started 1 'Local' shader compile jobs with 'ForceLocal' priority
[2025.03.25-16.09.38:852][332]LogShaderCompilers: Display: Worker (9/13): shaders left to compile 9
[2025.03.25-16.09.38:852][332]LogShaderCompilers: Display: Started 1 'Local' shader compile jobs with 'ForceLocal' priority
[2025.03.25-16.09.39:399][351]LogShaderCompilers: Display: Worker (6/13): shaders left to compile 8
[2025.03.25-16.09.39:399][351]LogShaderCompilers: Display: Started 1 'Local' shader compile jobs with 'ForceLocal' priority
[2025.03.25-16.09.39:462][351]LogShaderCompilers: Display: Worker (7/13): shaders left to compile 7
[2025.03.25-16.09.39:462][351]LogShaderCompilers: Display: Started 1 'Local' shader compile jobs with 'ForceLocal' priority
[2025.03.25-16.09.40:018][379]LogShaderCompilers: Display: Worker (11/13): shaders left to compile 6
[2025.03.25-16.09.40:018][379]LogShaderCompilers: Display: Started 1 'Local' shader compile jobs with 'ForceLocal' priority
[2025.03.25-16.09.41:186][438]LogShaderCompilers: Display: Worker (10/13): shaders left to compile 5
[2025.03.25-16.09.41:186][438]LogShaderCompilers: Display: Started 1 'Local' shader compile jobs with 'ForceLocal' priority
[2025.03.25-16.09.41:969][479]LogShaderCompilers: Display: Worker (5/13): shaders left to compile 4
[2025.03.25-16.09.41:969][479]LogShaderCompilers: Display: Worker (12/13): shaders left to compile 3
[2025.03.25-16.09.41:970][479]LogShaderCompilers: Display: Started 2 'Local' shader compile jobs with 'ForceLocal' priority
[2025.03.25-16.09.43:214][523]LogShaderCompilers: Display: Worker (2/13): shaders left to compile 2
[2025.03.25-16.09.43:215][523]LogShaderCompilers: Display: Started 1 'Local' shader compile jobs with 'ForceLocal' priority
[2025.03.25-16.09.43:718][548]LogShaderCompilers: Display: Worker (9/13): shaders left to compile 1
[2025.03.25-16.09.43:719][548]LogShaderCompilers: Display: Started 1 'Local' shader compile jobs with 'ForceLocal' priority
[2025.03.25-16.09.44:534][589]LogShaderCompilers: Display: Worker (7/13): shaders left to compile 1917
[2025.03.25-16.09.44:534][589]LogShaderCompilers: Display: Started 10 'Local' shader compile jobs with 'Normal' priority
[2025.03.25-16.09.44:872][606]LogShaderCompilers: Display: Worker (6/13): shaders left to compile 1907
[2025.03.25-16.09.44:872][606]LogShaderCompilers: Display: Started 10 'Local' shader compile jobs with 'Normal' priority
[2025.03.25-16.09.45:003][608]LogShaderCompilers: Display: Worker (10/13): shaders left to compile 1897
[2025.03.25-16.09.45:003][608]LogShaderCompilers: Display: Started 10 'Local' shader compile jobs with 'Normal' priority
[2025.03.25-16.09.45:208][609]LogShaderCompilers: Display: Worker (11/13): shaders left to compile 1887
[2025.03.25-16.09.45:209][609]LogShaderCompilers: Display: Started 10 'Local' shader compile jobs with 'Normal' priority
[2025.03.25-16.09.45:548][621]LogSlate: Updating window title bar state: overlay mode, drag disabled, window buttons hidden, title bar hidden
[2025.03.25-16.09.45:548][621]LogWorld: BeginTearingDown for /Game/ThirdPersonCPP/Maps/UEDPIE_0_ThirdPersonExampleMap
[2025.03.25-16.09.45:549][621]LogWorld: UWorld::CleanupWorld for ThirdPersonExampleMap, bSessionEnded=true, bCleanupResources=true
[2025.03.25-16.09.45:550][621]LogSlate: InvalidateAllWidgets triggered.  All widgets were invalidated
[2025.03.25-16.09.45:574][621]LogPlayLevel: Display: Shutting down PIE online subsystems
[2025.03.25-16.09.45:586][621]LogSlate: InvalidateAllWidgets triggered.  All widgets were invalidated
[2025.03.25-16.09.45:647][621]LogShaderCompilers: Display: Worker (12/13): shaders left to compile 1877
[2025.03.25-16.09.45:647][621]LogShaderCompilers: Display: Started 10 'Local' shader compile jobs with 'Normal' priority
[2025.03.25-16.09.45:647][621]LogShaderCompilers: Display: Worker (1/13): shaders left to compile 1867
[2025.03.25-16.09.45:647][621]LogShaderCompilers: Display: Started 10 'Local' shader compile jobs with 'Normal' priority
[2025.03.25-16.09.45:647][621]LogSlate: Updating window title bar state: overlay mode, drag disabled, window buttons hidden, title bar hidden
[2025.03.25-16.09.45:649][621]LogAudioMixer: FMixerPlatformXAudio2::StopAudioStream() called
[2025.03.25-16.09.45:652][621]LogAudioMixer: FMixerPlatformXAudio2::StopAudioStream() called
[2025.03.25-16.09.45:683][621]LogUObjectHash: Compacting FUObjectHashTables data took   7.72ms
[2025.03.25-16.09.45:781][622]LogPlayLevel: Display: Destroying online subsystem :Context_12
[2025.03.25-16.09.46:292][647]LogShaderCompilers: Display: Worker (2/13): shaders left to compile 1857
[2025.03.25-16.09.46:293][647]LogShaderCompilers: Display: Started 10 'Local' shader compile jobs with 'Normal' priority
[2025.03.25-16.09.47:553][714]LogShaderCompilers: Display: Worker (4/13): shaders left to compile 1847
[2025.03.25-16.09.47:554][714]LogShaderCompilers: Display: Started 10 'Local' shader compile jobs with 'Normal' priority
[2025.03.25-16.09.47:988][736]LogShaderCompilers: Display: Worker (8/13): shaders left to compile 1837
[2025.03.25-16.09.47:988][736]LogShaderCompilers: Display: Started 10 'Local' shader compile jobs with 'Normal' priority
[2025.03.25-16.09.48:119][741]LogShaderCompilers: Display: Worker (5/13): shaders left to compile 1827
[2025.03.25-16.09.48:119][741]LogShaderCompilers: Display: Started 10 'Local' shader compile jobs with 'Normal' priority
[2025.03.25-16.09.51:004][879]LogShaderCompilers: Display: Worker (9/13): shaders left to compile 1817
[2025.03.25-16.09.51:004][879]LogShaderCompilers: Display: Started 10 'Local' shader compile jobs with 'Normal' priority
[2025.03.25-16.10.01:742][355]LogShaderCompilers: Display: Worker (3/13): shaders left to compile 1807
[2025.03.25-16.10.01:742][355]LogShaderCompilers: Display: Started 10 'Local' shader compile jobs with 'Normal' priority
[2025.03.25-16.10.20:202][299]LogShaderCompilers: Display: Worker (6/13): shaders left to compile 1797
[2025.03.25-16.10.20:202][299]LogShaderCompilers: Display: Started 10 'Local' shader compile jobs with 'Normal' priority
[2025.03.25-16.10.21:042][340]LogShaderCompilers: Display: Worker (11/13): shaders left to compile 1787
[2025.03.25-16.10.21:042][340]LogShaderCompilers: Display: Started 10 'Local' shader compile jobs with 'Normal' priority
[2025.03.25-16.10.24:029][496]LogShaderCompilers: Display: Worker (1/13): shaders left to compile 1777
[2025.03.25-16.10.24:029][496]LogShaderCompilers: Display: Started 10 'Local' shader compile jobs with 'Normal' priority
[2025.03.25-16.10.26:610][628]LogShaderCompilers: Display: Worker (9/13): shaders left to compile 1767
[2025.03.25-16.10.26:610][628]LogShaderCompilers: Display: Started 10 'Local' shader compile jobs with 'Normal' priority
[2025.03.25-16.10.27:101][652]LogShaderCompilers: Display: Worker (10/13): shaders left to compile 1757
[2025.03.25-16.10.27:102][652]LogShaderCompilers: Display: Started 10 'Local' shader compile jobs with 'Normal' priority
[2025.03.25-16.10.29:529][775]LogShaderCompilers: Display: Worker (7/13): shaders left to compile 1747
[2025.03.25-16.10.29:529][775]LogShaderCompilers: Display: Started 10 'Local' shader compile jobs with 'Normal' priority
[2025.03.25-16.10.34:309][ 32]LogShaderCompilers: Display: Worker (5/13): shaders left to compile 1737
[2025.03.25-16.10.34:309][ 32]LogShaderCompilers: Display: Started 10 'Local' shader compile jobs with 'Normal' priority
[2025.03.25-16.10.35:233][ 79]LogShaderCompilers: Display: Worker (4/13): shaders left to compile 1727
[2025.03.25-16.10.35:233][ 79]LogShaderCompilers: Display: Started 10 'Local' shader compile jobs with 'Normal' priority
[2025.03.25-16.10.37:452][187]LogShaderCompilers: Display: Worker (12/13): shaders left to compile 1717
[2025.03.25-16.10.37:452][187]LogShaderCompilers: Display: Started 10 'Local' shader compile jobs with 'Normal' priority
[2025.03.25-16.10.37:964][212]LogShaderCompilers: Display: Worker (3/13): shaders left to compile 1707
[2025.03.25-16.10.37:964][212]LogShaderCompilers: Display: Started 10 'Local' shader compile jobs with 'Normal' priority
[2025.03.25-16.10.41:294][382]LogShaderCompilers: Display: Worker (8/13): shaders left to compile 1697
[2025.03.25-16.10.41:294][382]LogShaderCompilers: Display: Started 10 'Local' shader compile jobs with 'Normal' priority
[2025.03.25-16.10.43:244][483]LogShaderCompilers: Display: Worker (2/13): shaders left to compile 1687
[2025.03.25-16.10.43:244][483]LogShaderCompilers: Display: Started 10 'Local' shader compile jobs with 'Normal' priority
[2025.03.25-16.10.57:711][243]LogShaderCompilers: Display: Worker (6/13): shaders left to compile 1677
[2025.03.25-16.10.57:711][243]LogShaderCompilers: Display: Started 10 'Local' shader compile jobs with 'Normal' priority
[2025.03.25-16.11.04:772][600]LogShaderCompilers: Display: Worker (1/13): shaders left to compile 1667
[2025.03.25-16.11.04:772][600]LogShaderCompilers: Display: Started 10 'Local' shader compile jobs with 'Normal' priority
[2025.03.25-16.11.10:071][864]LogShaderCompilers: Display: Worker (5/13): shaders left to compile 1657
[2025.03.25-16.11.10:071][864]LogShaderCompilers: Display: Started 10 'Local' shader compile jobs with 'Normal' priority
[2025.03.25-16.11.10:071][864]LogShaderCompilers: Display: === FShaderJobCache stats ===
[2025.03.25-16.11.10:071][864]LogShaderCompilers: Display: Total job queries 2297, among them cache hits 54 (2.35%)
[2025.03.25-16.11.10:072][864]LogShaderCompilers: Display: Tracking 476 distinct input hashes that result in 340 distinct outputs (71.43%)
[2025.03.25-16.11.10:072][864]LogShaderCompilers: Display: RAM used: 2.88 MB (0.00 GB) of 819.20 MB (0.80 GB) budget. Usage: 0.35%
[2025.03.25-16.11.10:072][864]LogShaderCompilers: Display: ================================================
[2025.03.25-16.11.15:099][128]LogShaderCompilers: Display: Worker (4/13): shaders left to compile 1647
[2025.03.25-16.11.15:099][128]LogShaderCompilers: Display: Started 10 'Local' shader compile jobs with 'Normal' priority
[2025.03.25-16.11.19:008][328]LogShaderCompilers: Display: Worker (8/13): shaders left to compile 1637
[2025.03.25-16.11.19:008][328]LogShaderCompilers: Display: Started 10 'Local' shader compile jobs with 'Normal' priority
[2025.03.25-16.11.20:544][407]LogShaderCompilers: Display: Worker (2/13): shaders left to compile 1627
[2025.03.25-16.11.20:544][407]LogShaderCompilers: Display: Started 10 'Local' shader compile jobs with 'Normal' priority
[2025.03.25-16.11.21:835][408]LogShaderCompilers: Display: Worker (3/13): shaders left to compile 1617
[2025.03.25-16.11.21:836][408]LogShaderCompilers: Display: Started 10 'Local' shader compile jobs with 'Normal' priority
[2025.03.25-16.11.22:645][413]LogShaderCompilers: Display: Worker (7/13): shaders left to compile 1607
[2025.03.25-16.11.22:645][413]LogShaderCompilers: Display: Started 10 'Local' shader compile jobs with 'Normal' priority
[2025.03.25-16.11.22:841][413]LogShaderCompilers: Display: Worker (12/13): shaders left to compile 1597
[2025.03.25-16.11.22:841][413]LogShaderCompilers: Display: Started 10 'Local' shader compile jobs with 'Normal' priority
[2025.03.25-16.11.22:853][413]LogShaderCompilers: Display: Worker (9/13): shaders left to compile 1587
[2025.03.25-16.11.22:853][413]LogShaderCompilers: Display: Started 10 'Local' shader compile jobs with 'Normal' priority
[2025.03.25-16.11.27:092][413]LogShaderCompilers: Display: Worker (1/13): shaders left to compile 1577
[2025.03.25-16.11.27:092][413]LogShaderCompilers: Display: Started 10 'Local' shader compile jobs with 'Normal' priority
[2025.03.25-16.11.32:623][606]LogShaderCompilers: Display: Worker (10/13): shaders left to compile 1567
[2025.03.25-16.11.32:623][606]LogShaderCompilers: Display: Started 10 'Local' shader compile jobs with 'Normal' priority
[2025.03.25-16.11.40:503][ 26]LogShaderCompilers: Display: Worker (6/13): shaders left to compile 1557
[2025.03.25-16.11.40:503][ 26]LogShaderCompilers: Display: Started 10 'Local' shader compile jobs with 'Normal' priority
[2025.03.25-16.11.45:306][283]LogShaderCompilers: Display: Worker (5/13): shaders left to compile 1547
[2025.03.25-16.11.45:307][283]LogShaderCompilers: Display: Started 10 'Local' shader compile jobs with 'Normal' priority
[2025.03.25-16.11.46:256][331]LogShaderCompilers: Display: Worker (4/13): shaders left to compile 1537
[2025.03.25-16.11.46:256][331]LogShaderCompilers: Display: Started 10 'Local' shader compile jobs with 'Normal' priority
[2025.03.25-16.11.47:634][404]LogShaderCompilers: Display: Worker (12/13): shaders left to compile 1527
[2025.03.25-16.11.47:634][404]LogShaderCompilers: Display: Started 10 'Local' shader compile jobs with 'Normal' priority
[2025.03.25-16.11.52:466][662]LogShaderCompilers: Display: Worker (8/13): shaders left to compile 1517
[2025.03.25-16.11.52:466][662]LogShaderCompilers: Display: Started 10 'Local' shader compile jobs with 'Normal' priority
[2025.03.25-16.11.55:578][821]LogShaderCompilers: Display: Worker (3/13): shaders left to compile 1507
[2025.03.25-16.11.55:579][821]LogShaderCompilers: Display: Started 10 'Local' shader compile jobs with 'Normal' priority
[2025.03.25-16.11.56:877][893]LogShaderCompilers: Display: Worker (2/13): shaders left to compile 1497
[2025.03.25-16.11.56:877][893]LogShaderCompilers: Display: Started 10 'Local' shader compile jobs with 'Normal' priority
[2025.03.25-16.11.58:514][979]LogShaderCompilers: Display: Worker (11/13): shaders left to compile 1487
[2025.03.25-16.11.58:514][979]LogShaderCompilers: Display: Started 10 'Local' shader compile jobs with 'Normal' priority
[2025.03.25-16.12.02:300][162]LogShaderCompilers: Display: Worker (9/13): shaders left to compile 1477
[2025.03.25-16.12.02:300][162]LogShaderCompilers: Display: Started 10 'Local' shader compile jobs with 'Normal' priority
[2025.03.25-16.12.05:377][322]LogShaderCompilers: Display: Worker (1/13): shaders left to compile 1467
[2025.03.25-16.12.05:378][322]LogShaderCompilers: Display: Started 10 'Local' shader compile jobs with 'Normal' priority
[2025.03.25-16.12.07:534][364]LogShaderCompilers: Display: Worker (7/13): shaders left to compile 1457
[2025.03.25-16.12.07:534][364]LogShaderCompilers: Display: Started 10 'Local' shader compile jobs with 'Normal' priority
[2025.03.25-16.12.10:293][508]LogShaderCompilers: Display: Worker (10/13): shaders left to compile 1447
[2025.03.25-16.12.10:293][508]LogShaderCompilers: Display: Started 10 'Local' shader compile jobs with 'Normal' priority
[2025.03.25-16.12.14:450][719]LogShaderCompilers: Display: Worker (12/13): shaders left to compile 1437
[2025.03.25-16.12.14:450][719]LogShaderCompilers: Display: Started 10 'Local' shader compile jobs with 'Normal' priority
[2025.03.25-16.12.16:358][814]LogShaderCompilers: Display: Worker (5/13): shaders left to compile 1427
[2025.03.25-16.12.16:358][814]LogShaderCompilers: Display: Started 10 'Local' shader compile jobs with 'Normal' priority
[2025.03.25-16.12.29:208][496]LogShaderCompilers: Display: Worker (2/13): shaders left to compile 1417
[2025.03.25-16.12.29:208][496]LogShaderCompilers: Display: Started 10 'Local' shader compile jobs with 'Normal' priority
[2025.03.25-16.12.32:714][681]LogShaderCompilers: Display: Worker (6/13): shaders left to compile 1407
[2025.03.25-16.12.32:714][681]LogShaderCompilers: Display: Started 10 'Local' shader compile jobs with 'Normal' priority
[2025.03.25-16.12.33:127][683]LogShaderCompilers: Display: Worker (9/13): shaders left to compile 1397
[2025.03.25-16.12.33:127][683]LogShaderCompilers: Display: Started 10 'Local' shader compile jobs with 'Normal' priority
[2025.03.25-16.12.34:919][683]LogShaderCompilers: Display: Worker (4/13): shaders left to compile 1387
[2025.03.25-16.12.34:919][683]LogShaderCompilers: Display: Started 10 'Local' shader compile jobs with 'Normal' priority
[2025.03.25-16.12.34:959][683]LogShaderCompilers: Display: Worker (8/13): shaders left to compile 1377
[2025.03.25-16.12.34:959][683]LogShaderCompilers: Display: Started 10 'Local' shader compile jobs with 'Normal' priority
[2025.03.25-16.12.36:334][683]LogShaderCompilers: Display: Worker (3/13): shaders left to compile 1367
[2025.03.25-16.12.36:334][683]LogShaderCompilers: Display: Worker (7/13): shaders left to compile 1357
[2025.03.25-16.12.36:334][683]LogShaderCompilers: Display: Started 20 'Local' shader compile jobs with 'Normal' priority
[2025.03.25-16.12.42:415][993]LogShaderCompilers: Display: Worker (10/13): shaders left to compile 1347
[2025.03.25-16.12.42:415][993]LogShaderCompilers: Display: Started 10 'Local' shader compile jobs with 'Normal' priority
[2025.03.25-16.12.45:372][138]LogShaderCompilers: Display: Worker (11/13): shaders left to compile 1337
[2025.03.25-16.12.45:372][138]LogShaderCompilers: Display: Started 10 'Local' shader compile jobs with 'Normal' priority
[2025.03.25-16.12.48:376][291]LogShaderCompilers: Display: Worker (5/13): shaders left to compile 1327
[2025.03.25-16.12.48:376][291]LogShaderCompilers: Display: Started 10 'Local' shader compile jobs with 'Normal' priority
[2025.03.25-16.12.50:511][400]LogShaderCompilers: Display: Worker (1/13): shaders left to compile 1317
[2025.03.25-16.12.50:511][400]LogShaderCompilers: Display: Started 10 'Local' shader compile jobs with 'Normal' priority
[2025.03.25-16.12.52:544][505]LogShaderCompilers: Display: Worker (12/13): shaders left to compile 1307
[2025.03.25-16.12.52:544][505]LogShaderCompilers: Display: Started 10 'Local' shader compile jobs with 'Normal' priority
[2025.03.25-16.13.00:825][943]LogShaderCompilers: Display: Worker (9/13): shaders left to compile 1297
[2025.03.25-16.13.00:825][943]LogShaderCompilers: Display: Started 10 'Local' shader compile jobs with 'Normal' priority
[2025.03.25-16.13.03:275][ 67]LogShaderCompilers: Display: Worker (6/13): shaders left to compile 1287
[2025.03.25-16.13.03:275][ 67]LogShaderCompilers: Display: Started 10 'Local' shader compile jobs with 'Normal' priority
[2025.03.25-16.13.04:190][118]LogShaderCompilers: Display: Worker (8/13): shaders left to compile 1277
[2025.03.25-16.13.04:190][118]LogShaderCompilers: Display: Started 10 'Local' shader compile jobs with 'Normal' priority
[2025.03.25-16.13.06:648][255]LogShaderCompilers: Display: Worker (4/13): shaders left to compile 1267
[2025.03.25-16.13.06:648][255]LogShaderCompilers: Display: Started 10 'Local' shader compile jobs with 'Normal' priority
[2025.03.25-16.13.08:662][362]LogShaderCompilers: Display: Worker (3/13): shaders left to compile 1257
[2025.03.25-16.13.08:662][362]LogShaderCompilers: Display: Started 10 'Local' shader compile jobs with 'Normal' priority
[2025.03.25-16.13.11:135][498]LogShaderCompilers: Display: Worker (2/13): shaders left to compile 1247
[2025.03.25-16.13.11:136][498]LogShaderCompilers: Display: Started 10 'Local' shader compile jobs with 'Normal' priority
[2025.03.25-16.13.14:683][683]LogShaderCompilers: Display: Worker (5/13): shaders left to compile 1237
[2025.03.25-16.13.14:684][683]LogShaderCompilers: Display: Started 10 'Local' shader compile jobs with 'Normal' priority
[2025.03.25-16.13.16:302][769]LogShaderCompilers: Display: Worker (10/13): shaders left to compile 1227
[2025.03.25-16.13.16:302][769]LogShaderCompilers: Display: Started 10 'Local' shader compile jobs with 'Normal' priority
[2025.03.25-16.13.20:133][980]LogShaderCompilers: Display: Worker (7/13): shaders left to compile 1217
[2025.03.25-16.13.20:133][980]LogShaderCompilers: Display: Started 10 'Local' shader compile jobs with 'Normal' priority
[2025.03.25-16.13.20:220][982]LogShaderCompilers: Display: Worker (1/13): shaders left to compile 1207
[2025.03.25-16.13.20:221][982]LogShaderCompilers: Display: Started 10 'Local' shader compile jobs with 'Normal' priority
[2025.03.25-16.13.21:501][ 48]LogShaderCompilers: Display: Worker (11/13): shaders left to compile 1197
[2025.03.25-16.13.21:502][ 48]LogShaderCompilers: Display: Started 10 'Local' shader compile jobs with 'Normal' priority
[2025.03.25-16.13.28:373][213]LogShaderCompilers: Display: Worker (8/13): shaders left to compile 1187
[2025.03.25-16.13.28:373][213]LogShaderCompilers: Display: Started 10 'Local' shader compile jobs with 'Normal' priority
[2025.03.25-16.13.30:388][250]LogShaderCompilers: Display: Worker (9/13): shaders left to compile 1177
[2025.03.25-16.13.30:388][250]LogShaderCompilers: Display: Started 10 'Local' shader compile jobs with 'Normal' priority
[2025.03.25-16.13.30:629][255]LogShaderCompilers: Display: Worker (12/13): shaders left to compile 1167
[2025.03.25-16.13.30:629][255]LogShaderCompilers: Display: Started 10 'Local' shader compile jobs with 'Normal' priority
[2025.03.25-16.13.34:555][321]LogShaderCompilers: Display: Worker (6/13): shaders left to compile 1157
[2025.03.25-16.13.34:555][321]LogShaderCompilers: Display: Started 10 'Local' shader compile jobs with 'Normal' priority
[2025.03.25-16.13.38:881][324]LogAudioMixer: Resetting audio stream to device id 
[2025.03.25-16.13.40:700][324]LogAudioMixer: Display: 0: FrontLeft
[2025.03.25-16.13.40:700][324]LogAudioMixer: Display: 1: FrontRight
[2025.03.25-16.20.58:687][325]LogUdpMessaging: Warning: UDP messaging encountered an error. Auto repair routine started for reinitialization
[2025.03.25-16.20.58:711][325]LogAudioMixer: Resetting audio stream to device id 
[2025.03.25-16.20.58:850][325]LogAudioMixer: Display: 0: FrontLeft
[2025.03.25-16.20.58:850][325]LogAudioMixer: Display: 1: FrontRight
[2025.03.25-16.20.59:484][326]LogHttp: Warning: 00000135C79A6B00: invalid HTTP response code received. URL: https://datarouter.ol.epicgames.com/datarouter/api/v1/public/data?SessionID=%7BAC57BD79-4736-AD5C-2A4F-79A2FF4A8D07%7D&AppID=UEEditor.Rocket.Release&AppVersion=4.27.2-18319896%2B%2B%2BUE4%2BRelease-4.27&UserID=f5edb87a4dc0f99c13cd37a4f0d6d538%7C71f5ffb38c3f40679d77fb94a2928a28%7C05fba853-d5f3-4c05-a360-9d4811eb48c5&AppEnvironment=datacollector-binary&UploadType=eteventstream, HTTP code: 0, content length: 0, actual payload size: 0
[2025.03.25-16.20.59:484][326]LogHttp: Warning: 00000135C79A6B00: request failed, libcurl error: 6 (Couldn't resolve host name)
[2025.03.25-16.20.59:485][326]LogHttp: Warning: 00000135C79A6B00: libcurl info message cache 0 (Connection 1 seems to be dead!)
[2025.03.25-16.20.59:485][326]LogHttp: Warning: 00000135C79A6B00: libcurl info message cache 1 (Closing connection 1)
[2025.03.25-16.20.59:485][326]LogHttp: Warning: 00000135C79A6B00: libcurl info message cache 2 (TLSv1.3 (OUT), TLS Unknown, Unknown (21):)
[2025.03.25-16.20.59:485][326]LogHttp: Warning: 00000135C79A6B00: libcurl info message cache 3 (Could not resolve host: datarouter.ol.epicgames.com)
[2025.03.25-16.20.59:485][326]LogHttp: Warning: 00000135C79A6B00: libcurl info message cache 4 (Closing connection 2)
[2025.03.25-16.20.59:485][326]LogHttp: Warning: Retry exhausted on https://datarouter.ol.epicgames.com/datarouter/api/v1/public/data?SessionID=%7BAC57BD79-4736-AD5C-2A4F-79A2FF4A8D07%7D&AppID=UEEditor.Rocket.Release&AppVersion=4.27.2-18319896%2B%2B%2BUE4%2BRelease-4.27&UserID=f5edb87a4dc0f99c13cd37a4f0d6d538%7C71f5ffb38c3f40679d77fb94a2928a28%7C05fba853-d5f3-4c05-a360-9d4811eb48c5&AppEnvironment=datacollector-binary&UploadType=eteventstream
[2025.03.25-16.20.59:885][334]FUdpSocketBuilder: Failed to subscribe UdpMessageMulticastSocket to multicast group 230.0.0.1 on interface 0.0.0.0
[2025.03.25-16.20.59:886][334]FUdpSocketBuilder: Failed to create and initialize socket UdpMessageMulticastSocket (last error: 0)
[2025.03.25-16.20.59:886][334]LogUdpMessaging: Warning: StartTransport failed to create multicast socket on 0.0.0.0:0, joined to 230.0.0.1:6666 with TTL 1
[2025.03.25-16.20.59:916][335]LogUdpMessaging: Warning: UDP messaging encountered an error. Auto repair routine started for reinitialization
[2025.03.25-16.21.01:240][379]LogShaderCompilers: Display: Worker (3/13): shaders left to compile 1147
[2025.03.25-16.21.01:240][379]LogShaderCompilers: Display: Started 10 'Local' shader compile jobs with 'Normal' priority
[2025.03.25-16.21.01:278][379]LogShaderCompilers: Display: === FShaderJobCache stats ===
[2025.03.25-16.21.01:278][379]LogShaderCompilers: Display: Total job queries 2297, among them cache hits 54 (2.35%)
[2025.03.25-16.21.01:278][379]LogShaderCompilers: Display: Tracking 986 distinct input hashes that result in 636 distinct outputs (64.50%)
[2025.03.25-16.21.01:279][379]LogShaderCompilers: Display: RAM used: 5.67 MB (0.01 GB) of 819.20 MB (0.80 GB) budget. Usage: 0.69%
[2025.03.25-16.21.01:279][379]LogShaderCompilers: Display: ================================================
[2025.03.25-16.21.01:487][383]LogShaderCompilers: Display: Worker (7/13): shaders left to compile 1137
[2025.03.25-16.21.01:488][383]LogShaderCompilers: Display: Started 10 'Local' shader compile jobs with 'Normal' priority
[2025.03.25-16.21.05:864][386]FUdpSocketBuilder: Failed to subscribe UdpMessageMulticastSocket to multicast group 230.0.0.1 on interface 0.0.0.0
[2025.03.25-16.21.05:864][386]FUdpSocketBuilder: Failed to create and initialize socket UdpMessageMulticastSocket (last error: 0)
[2025.03.25-16.21.05:865][386]LogUdpMessaging: Warning: StartTransport failed to create multicast socket on 0.0.0.0:0, joined to 230.0.0.1:6666 with TTL 1
[2025.03.25-16.21.05:886][386]LogUdpMessaging: Warning: UDP messaging encountered an error. Auto repair routine started for reinitialization
[2025.03.25-16.21.07:366][392]LogShaderCompilers: Display: Worker (4/13): shaders left to compile 1127
[2025.03.25-16.21.07:366][392]LogShaderCompilers: Display: Started 10 'Local' shader compile jobs with 'Normal' priority
[2025.03.25-16.21.08:112][393]FUdpSocketBuilder: Failed to subscribe UdpMessageMulticastSocket to multicast group 230.0.0.1 on interface 0.0.0.0
[2025.03.25-16.21.08:112][393]FUdpSocketBuilder: Failed to create and initialize socket UdpMessageMulticastSocket (last error: 0)
[2025.03.25-16.21.08:113][393]LogUdpMessaging: Warning: StartTransport failed to create multicast socket on 0.0.0.0:0, joined to 230.0.0.1:6666 with TTL 1
[2025.03.25-16.21.08:293][393]LogUdpMessaging: Warning: UDP messaging encountered an error. Auto repair routine started for reinitialization
[2025.03.25-16.21.11:394][395]FUdpSocketBuilder: Failed to subscribe UdpMessageMulticastSocket to multicast group 230.0.0.1 on interface 0.0.0.0
[2025.03.25-16.21.11:395][395]FUdpSocketBuilder: Failed to create and initialize socket UdpMessageMulticastSocket (last error: 0)
[2025.03.25-16.21.11:395][395]LogUdpMessaging: Warning: StartTransport failed to create multicast socket on 0.0.0.0:0, joined to 230.0.0.1:6666 with TTL 1
[2025.03.25-16.21.11:429][395]LogUdpMessaging: Warning: UDP messaging encountered an error. Auto repair routine started for reinitialization
[2025.03.25-16.21.13:344][398]FUdpSocketBuilder: Failed to subscribe UdpMessageMulticastSocket to multicast group 230.0.0.1 on interface 0.0.0.0
[2025.03.25-16.21.13:344][398]FUdpSocketBuilder: Failed to create and initialize socket UdpMessageMulticastSocket (last error: 0)
[2025.03.25-16.21.13:344][398]LogUdpMessaging: Warning: StartTransport failed to create multicast socket on 0.0.0.0:0, joined to 230.0.0.1:6666 with TTL 1
[2025.03.25-16.21.13:369][398]LogUdpMessaging: Warning: UDP messaging encountered an error. Auto repair routine started for reinitialization
[2025.03.25-16.21.15:057][404]FUdpSocketBuilder: Failed to subscribe UdpMessageMulticastSocket to multicast group 230.0.0.1 on interface 0.0.0.0
[2025.03.25-16.21.15:057][404]FUdpSocketBuilder: Failed to create and initialize socket UdpMessageMulticastSocket (last error: 0)
[2025.03.25-16.21.15:057][404]LogUdpMessaging: Warning: StartTransport failed to create multicast socket on 0.0.0.0:0, joined to 230.0.0.1:6666 with TTL 1
[2025.03.25-16.21.15:112][404]LogUdpMessaging: Warning: UDP messaging encountered an error. Auto repair routine started for reinitialization
[2025.03.25-16.21.16:867][408]FUdpSocketBuilder: Failed to subscribe UdpMessageMulticastSocket to multicast group 230.0.0.1 on interface 0.0.0.0
[2025.03.25-16.21.16:867][408]FUdpSocketBuilder: Failed to create and initialize socket UdpMessageMulticastSocket (last error: 0)
[2025.03.25-16.21.16:867][408]LogUdpMessaging: Warning: StartTransport failed to create multicast socket on 0.0.0.0:0, joined to 230.0.0.1:6666 with TTL 1
[2025.03.25-16.21.16:898][408]LogUdpMessaging: Warning: UDP messaging encountered an error. Auto repair routine started for reinitialization
[2025.03.25-16.21.18:813][417]FUdpSocketBuilder: Failed to subscribe UdpMessageMulticastSocket to multicast group 230.0.0.1 on interface 0.0.0.0
[2025.03.25-16.21.18:813][417]FUdpSocketBuilder: Failed to create and initialize socket UdpMessageMulticastSocket (last error: 0)
[2025.03.25-16.21.18:813][417]LogUdpMessaging: Warning: StartTransport failed to create multicast socket on 0.0.0.0:0, joined to 230.0.0.1:6666 with TTL 1
[2025.03.25-16.21.18:844][417]LogUdpMessaging: Warning: UDP messaging encountered an error. Auto repair routine started for reinitialization
[2025.03.25-16.21.19:148][420]LogShaderCompilers: Display: Worker (11/13): shaders left to compile 1117
[2025.03.25-16.21.19:149][420]LogShaderCompilers: Display: Started 10 'Local' shader compile jobs with 'Normal' priority
[2025.03.25-16.21.20:747][452]FUdpSocketBuilder: Failed to subscribe UdpMessageMulticastSocket to multicast group 230.0.0.1 on interface 0.0.0.0
[2025.03.25-16.21.20:748][452]FUdpSocketBuilder: Failed to create and initialize socket UdpMessageMulticastSocket (last error: 0)
[2025.03.25-16.21.20:748][452]LogUdpMessaging: Warning: StartTransport failed to create multicast socket on 0.0.0.0:0, joined to 230.0.0.1:6666 with TTL 1
[2025.03.25-16.21.20:815][453]LogUdpMessaging: Warning: UDP messaging encountered an error. Auto repair routine started for reinitialization
[2025.03.25-16.21.22:786][497]FUdpSocketBuilder: Failed to subscribe UdpMessageMulticastSocket to multicast group 230.0.0.1 on interface 0.0.0.0
[2025.03.25-16.21.22:786][497]FUdpSocketBuilder: Failed to create and initialize socket UdpMessageMulticastSocket (last error: 0)
[2025.03.25-16.21.22:787][497]LogUdpMessaging: Warning: StartTransport failed to create multicast socket on 0.0.0.0:0, joined to 230.0.0.1:6666 with TTL 1
[2025.03.25-16.21.22:821][498]LogUdpMessaging: Warning: UDP messaging encountered an error. Auto repair routine started for reinitialization
[2025.03.25-16.21.24:817][561]FUdpSocketBuilder: Failed to subscribe UdpMessageMulticastSocket to multicast group 230.0.0.1 on interface 0.0.0.0
[2025.03.25-16.21.24:817][561]FUdpSocketBuilder: Failed to create and initialize socket UdpMessageMulticastSocket (last error: 0)
[2025.03.25-16.21.24:817][561]LogUdpMessaging: Warning: StartTransport failed to create multicast socket on 0.0.0.0:0, joined to 230.0.0.1:6666 with TTL 1
[2025.03.25-16.21.24:848][562]LogUdpMessaging: Warning: UDP messaging encountered an error. Auto repair routine started for reinitialization
[2025.03.25-16.21.26:849][620]FUdpSocketBuilder: Failed to subscribe UdpMessageMulticastSocket to multicast group 230.0.0.1 on interface 0.0.0.0
[2025.03.25-16.21.26:850][620]FUdpSocketBuilder: Failed to create and initialize socket UdpMessageMulticastSocket (last error: 0)
[2025.03.25-16.21.26:850][620]LogUdpMessaging: Warning: StartTransport failed to create multicast socket on 0.0.0.0:0, joined to 230.0.0.1:6666 with TTL 1
[2025.03.25-16.21.26:887][621]LogUdpMessaging: Warning: UDP messaging encountered an error. Auto repair routine started for reinitialization
[2025.03.25-16.21.28:884][688]FUdpSocketBuilder: Failed to subscribe UdpMessageMulticastSocket to multicast group 230.0.0.1 on interface 0.0.0.0
[2025.03.25-16.21.28:884][688]FUdpSocketBuilder: Failed to create and initialize socket UdpMessageMulticastSocket (last error: 0)
[2025.03.25-16.21.28:885][688]LogUdpMessaging: Warning: StartTransport failed to create multicast socket on 0.0.0.0:0, joined to 230.0.0.1:6666 with TTL 1
[2025.03.25-16.21.28:909][688]LogUdpMessaging: Warning: UDP messaging encountered an error. Auto repair routine started for reinitialization
[2025.03.25-16.21.30:922][753]FUdpSocketBuilder: Failed to subscribe UdpMessageMulticastSocket to multicast group 230.0.0.1 on interface 0.0.0.0
[2025.03.25-16.21.30:922][753]FUdpSocketBuilder: Failed to create and initialize socket UdpMessageMulticastSocket (last error: 0)
[2025.03.25-16.21.30:922][753]LogUdpMessaging: Warning: StartTransport failed to create multicast socket on 0.0.0.0:0, joined to 230.0.0.1:6666 with TTL 1
[2025.03.25-16.21.30:958][754]LogUdpMessaging: Warning: UDP messaging encountered an error. Auto repair routine started for reinitialization
[2025.03.25-16.21.32:957][812]FUdpSocketBuilder: Failed to subscribe UdpMessageMulticastSocket to multicast group 230.0.0.1 on interface 0.0.0.0
[2025.03.25-16.21.32:957][812]FUdpSocketBuilder: Failed to create and initialize socket UdpMessageMulticastSocket (last error: 0)
[2025.03.25-16.21.32:958][812]LogUdpMessaging: Warning: StartTransport failed to create multicast socket on 0.0.0.0:0, joined to 230.0.0.1:6666 with TTL 1
[2025.03.25-16.21.32:987][813]LogUdpMessaging: Warning: UDP messaging encountered an error. Auto repair routine started for reinitialization
[2025.03.25-16.21.34:990][875]FUdpSocketBuilder: Failed to subscribe UdpMessageMulticastSocket to multicast group 230.0.0.1 on interface 0.0.0.0
[2025.03.25-16.21.34:990][875]FUdpSocketBuilder: Failed to create and initialize socket UdpMessageMulticastSocket (last error: 0)
[2025.03.25-16.21.34:990][875]LogUdpMessaging: Warning: StartTransport failed to create multicast socket on 0.0.0.0:0, joined to 230.0.0.1:6666 with TTL 1
[2025.03.25-16.21.35:023][876]LogUdpMessaging: Warning: UDP messaging encountered an error. Auto repair routine started for reinitialization
[2025.03.25-16.21.37:029][933]FUdpSocketBuilder: Failed to subscribe UdpMessageMulticastSocket to multicast group 230.0.0.1 on interface 0.0.0.0
[2025.03.25-16.21.37:031][933]FUdpSocketBuilder: Failed to create and initialize socket UdpMessageMulticastSocket (last error: 0)
[2025.03.25-16.21.37:031][933]LogUdpMessaging: Warning: StartTransport failed to create multicast socket on 0.0.0.0:0, joined to 230.0.0.1:6666 with TTL 1
[2025.03.25-16.21.37:079][934]LogUdpMessaging: Warning: UDP messaging encountered an error. Auto repair routine started for reinitialization
[2025.03.25-16.21.39:074][997]FUdpSocketBuilder: Failed to subscribe UdpMessageMulticastSocket to multicast group 230.0.0.1 on interface 0.0.0.0
[2025.03.25-16.21.39:074][997]FUdpSocketBuilder: Failed to create and initialize socket UdpMessageMulticastSocket (last error: 0)
[2025.03.25-16.21.39:074][997]LogUdpMessaging: Warning: StartTransport failed to create multicast socket on 0.0.0.0:0, joined to 230.0.0.1:6666 with TTL 1
[2025.03.25-16.21.39:104][998]LogUdpMessaging: Warning: UDP messaging encountered an error. Auto repair routine started for reinitialization
[2025.03.25-16.21.41:105][ 59]FUdpSocketBuilder: Failed to subscribe UdpMessageMulticastSocket to multicast group 230.0.0.1 on interface 0.0.0.0
[2025.03.25-16.21.41:105][ 59]FUdpSocketBuilder: Failed to create and initialize socket UdpMessageMulticastSocket (last error: 0)
[2025.03.25-16.21.41:105][ 59]LogUdpMessaging: Warning: StartTransport failed to create multicast socket on 0.0.0.0:0, joined to 230.0.0.1:6666 with TTL 1
[2025.03.25-16.21.41:133][ 60]LogUdpMessaging: Warning: UDP messaging encountered an error. Auto repair routine started for reinitialization
[2025.03.25-16.21.43:142][123]FUdpSocketBuilder: Failed to subscribe UdpMessageMulticastSocket to multicast group 230.0.0.1 on interface 0.0.0.0
[2025.03.25-16.21.43:142][123]FUdpSocketBuilder: Failed to create and initialize socket UdpMessageMulticastSocket (last error: 0)
[2025.03.25-16.21.43:142][123]LogUdpMessaging: Warning: StartTransport failed to create multicast socket on 0.0.0.0:0, joined to 230.0.0.1:6666 with TTL 1
[2025.03.25-16.21.43:176][124]LogUdpMessaging: Warning: UDP messaging encountered an error. Auto repair routine started for reinitialization
[2025.03.25-16.21.44:563][167]LogHttp: Warning: 00000135C7AA2400: invalid HTTP response code received. URL: https://datarouter.ol.epicgames.com/datarouter/api/v1/public/data?SessionID=%7BAC57BD79-4736-AD5C-2A4F-79A2FF4A8D07%7D&AppID=UEEditor.Rocket.Release&AppVersion=4.27.2-18319896%2B%2B%2BUE4%2BRelease-4.27&UserID=f5edb87a4dc0f99c13cd37a4f0d6d538%7C71f5ffb38c3f40679d77fb94a2928a28%7C05fba853-d5f3-4c05-a360-9d4811eb48c5&AppEnvironment=datacollector-binary&UploadType=eteventstream, HTTP code: 0, content length: 0, actual payload size: 0
[2025.03.25-16.21.44:563][167]LogHttp: Warning: 00000135C7AA2400: request failed, libcurl error: 6 (Couldn't resolve host name)
[2025.03.25-16.21.44:563][167]LogHttp: Warning: 00000135C7AA2400: libcurl info message cache 0 (Could not resolve host: datarouter.ol.epicgames.com)
[2025.03.25-16.21.44:563][167]LogHttp: Warning: 00000135C7AA2400: libcurl info message cache 1 (Closing connection 3)
[2025.03.25-16.21.44:592][168]LogHttp: Warning: Retry exhausted on https://datarouter.ol.epicgames.com/datarouter/api/v1/public/data?SessionID=%7BAC57BD79-4736-AD5C-2A4F-79A2FF4A8D07%7D&AppID=UEEditor.Rocket.Release&AppVersion=4.27.2-18319896%2B%2B%2BUE4%2BRelease-4.27&UserID=f5edb87a4dc0f99c13cd37a4f0d6d538%7C71f5ffb38c3f40679d77fb94a2928a28%7C05fba853-d5f3-4c05-a360-9d4811eb48c5&AppEnvironment=datacollector-binary&UploadType=eteventstream
[2025.03.25-16.21.45:176][180]FUdpSocketBuilder: Failed to subscribe UdpMessageMulticastSocket to multicast group 230.0.0.1 on interface 0.0.0.0
[2025.03.25-16.21.45:176][180]FUdpSocketBuilder: Failed to create and initialize socket UdpMessageMulticastSocket (last error: 0)
[2025.03.25-16.21.45:176][180]LogUdpMessaging: Warning: StartTransport failed to create multicast socket on 0.0.0.0:0, joined to 230.0.0.1:6666 with TTL 1
[2025.03.25-16.21.45:211][181]LogUdpMessaging: Warning: UDP messaging encountered an error. Auto repair routine started for reinitialization
[2025.03.25-16.21.47:205][245]FUdpSocketBuilder: Failed to subscribe UdpMessageMulticastSocket to multicast group 230.0.0.1 on interface 0.0.0.0
[2025.03.25-16.21.47:205][245]FUdpSocketBuilder: Failed to create and initialize socket UdpMessageMulticastSocket (last error: 0)
[2025.03.25-16.21.47:205][245]LogUdpMessaging: Warning: StartTransport failed to create multicast socket on 0.0.0.0:0, joined to 230.0.0.1:6666 with TTL 1
[2025.03.25-16.21.47:234][246]LogUdpMessaging: Warning: UDP messaging encountered an error. Auto repair routine started for reinitialization
[2025.03.25-16.21.47:603][258]LogShaderCompilers: Display: Worker (1/13): shaders left to compile 1107
[2025.03.25-16.21.47:603][258]LogShaderCompilers: Display: Started 10 'Local' shader compile jobs with 'Normal' priority
[2025.03.25-16.21.49:236][306]FUdpSocketBuilder: Failed to subscribe UdpMessageMulticastSocket to multicast group 230.0.0.1 on interface 0.0.0.0
[2025.03.25-16.21.49:236][306]FUdpSocketBuilder: Failed to create and initialize socket UdpMessageMulticastSocket (last error: 0)
[2025.03.25-16.21.49:236][306]LogUdpMessaging: Warning: StartTransport failed to create multicast socket on 0.0.0.0:0, joined to 230.0.0.1:6666 with TTL 1
[2025.03.25-16.21.49:274][307]LogUdpMessaging: Warning: UDP messaging encountered an error. Auto repair routine started for reinitialization
[2025.03.25-16.21.49:869][328]LogShaderCompilers: Display: Worker (5/13): shaders left to compile 1097
[2025.03.25-16.21.49:869][328]LogShaderCompilers: Display: Started 10 'Local' shader compile jobs with 'Normal' priority
[2025.03.25-16.21.51:269][368]FUdpSocketBuilder: Failed to subscribe UdpMessageMulticastSocket to multicast group 230.0.0.1 on interface 0.0.0.0
[2025.03.25-16.21.51:270][368]FUdpSocketBuilder: Failed to create and initialize socket UdpMessageMulticastSocket (last error: 0)
[2025.03.25-16.21.51:270][368]LogUdpMessaging: Warning: StartTransport failed to create multicast socket on 0.0.0.0:0, joined to 230.0.0.1:6666 with TTL 1
[2025.03.25-16.21.51:295][369]LogUdpMessaging: Warning: UDP messaging encountered an error. Auto repair routine started for reinitialization
[2025.03.25-16.21.53:303][428]FUdpSocketBuilder: Failed to subscribe UdpMessageMulticastSocket to multicast group 230.0.0.1 on interface 0.0.0.0
[2025.03.25-16.21.53:304][428]FUdpSocketBuilder: Failed to create and initialize socket UdpMessageMulticastSocket (last error: 0)
[2025.03.25-16.21.53:304][428]LogUdpMessaging: Warning: StartTransport failed to create multicast socket on 0.0.0.0:0, joined to 230.0.0.1:6666 with TTL 1
[2025.03.25-16.21.53:355][429]LogUdpMessaging: Warning: UDP messaging encountered an error. Auto repair routine started for reinitialization
[2025.03.25-16.21.55:347][496]FUdpSocketBuilder: Failed to subscribe UdpMessageMulticastSocket to multicast group 230.0.0.1 on interface 0.0.0.0
[2025.03.25-16.21.55:347][496]FUdpSocketBuilder: Failed to create and initialize socket UdpMessageMulticastSocket (last error: 0)
[2025.03.25-16.21.55:348][496]LogUdpMessaging: Warning: StartTransport failed to create multicast socket on 0.0.0.0:0, joined to 230.0.0.1:6666 with TTL 1
[2025.03.25-16.21.55:393][497]LogUdpMessaging: Warning: UDP messaging encountered an error. Auto repair routine started for reinitialization
[2025.03.25-16.21.57:381][553]FUdpSocketBuilder: Failed to subscribe UdpMessageMulticastSocket to multicast group 230.0.0.1 on interface 0.0.0.0
[2025.03.25-16.21.57:381][553]FUdpSocketBuilder: Failed to create and initialize socket UdpMessageMulticastSocket (last error: 0)
[2025.03.25-16.21.57:381][553]LogUdpMessaging: Warning: StartTransport failed to create multicast socket on 0.0.0.0:0, joined to 230.0.0.1:6666 with TTL 1
[2025.03.25-16.21.57:407][554]LogUdpMessaging: Warning: UDP messaging encountered an error. Auto repair routine started for reinitialization
[2025.03.25-16.21.59:414][613]FUdpSocketBuilder: Failed to subscribe UdpMessageMulticastSocket to multicast group 230.0.0.1 on interface 0.0.0.0
[2025.03.25-16.21.59:414][613]FUdpSocketBuilder: Failed to create and initialize socket UdpMessageMulticastSocket (last error: 0)
[2025.03.25-16.21.59:414][613]LogUdpMessaging: Warning: StartTransport failed to create multicast socket on 0.0.0.0:0, joined to 230.0.0.1:6666 with TTL 1
[2025.03.25-16.21.59:457][614]LogUdpMessaging: Warning: UDP messaging encountered an error. Auto repair routine started for reinitialization
[2025.03.25-16.22.01:444][672]FUdpSocketBuilder: Failed to subscribe UdpMessageMulticastSocket to multicast group 230.0.0.1 on interface 0.0.0.0
[2025.03.25-16.22.01:444][672]FUdpSocketBuilder: Failed to create and initialize socket UdpMessageMulticastSocket (last error: 0)
[2025.03.25-16.22.01:444][672]LogUdpMessaging: Warning: StartTransport failed to create multicast socket on 0.0.0.0:0, joined to 230.0.0.1:6666 with TTL 1
[2025.03.25-16.22.01:473][673]LogUdpMessaging: Warning: UDP messaging encountered an error. Auto repair routine started for reinitialization
[2025.03.25-16.22.03:485][731]FUdpSocketBuilder: Failed to subscribe UdpMessageMulticastSocket to multicast group 230.0.0.1 on interface 0.0.0.0
[2025.03.25-16.22.03:485][731]FUdpSocketBuilder: Failed to create and initialize socket UdpMessageMulticastSocket (last error: 0)
[2025.03.25-16.22.03:485][731]LogUdpMessaging: Warning: StartTransport failed to create multicast socket on 0.0.0.0:0, joined to 230.0.0.1:6666 with TTL 1
[2025.03.25-16.22.03:526][732]LogUdpMessaging: Warning: UDP messaging encountered an error. Auto repair routine started for reinitialization
[2025.03.25-16.22.05:524][791]FUdpSocketBuilder: Failed to subscribe UdpMessageMulticastSocket to multicast group 230.0.0.1 on interface 0.0.0.0
[2025.03.25-16.22.05:525][791]FUdpSocketBuilder: Failed to create and initialize socket UdpMessageMulticastSocket (last error: 0)
[2025.03.25-16.22.05:525][791]LogUdpMessaging: Warning: StartTransport failed to create multicast socket on 0.0.0.0:0, joined to 230.0.0.1:6666 with TTL 1
[2025.03.25-16.22.05:559][792]LogUdpMessaging: Warning: UDP messaging encountered an error. Auto repair routine started for reinitialization
[2025.03.25-16.22.07:559][849]LogShaderCompilers: Display: Worker (2/13): shaders left to compile 1087
[2025.03.25-16.22.07:559][849]LogShaderCompilers: Display: Started 10 'Local' shader compile jobs with 'Normal' priority
[2025.03.25-16.22.07:559][849]FUdpSocketBuilder: Failed to subscribe UdpMessageMulticastSocket to multicast group 230.0.0.1 on interface 0.0.0.0
[2025.03.25-16.22.07:559][849]FUdpSocketBuilder: Failed to create and initialize socket UdpMessageMulticastSocket (last error: 0)
[2025.03.25-16.22.07:559][849]LogUdpMessaging: Warning: StartTransport failed to create multicast socket on 0.0.0.0:0, joined to 230.0.0.1:6666 with TTL 1
[2025.03.25-16.22.07:621][850]LogUdpMessaging: Warning: UDP messaging encountered an error. Auto repair routine started for reinitialization
[2025.03.25-16.22.09:589][910]FUdpSocketBuilder: Failed to subscribe UdpMessageMulticastSocket to multicast group 230.0.0.1 on interface 0.0.0.0
[2025.03.25-16.22.09:589][910]FUdpSocketBuilder: Failed to create and initialize socket UdpMessageMulticastSocket (last error: 0)
[2025.03.25-16.22.09:589][910]LogUdpMessaging: Warning: StartTransport failed to create multicast socket on 0.0.0.0:0, joined to 230.0.0.1:6666 with TTL 1
[2025.03.25-16.22.09:622][911]LogUdpMessaging: Warning: UDP messaging encountered an error. Auto repair routine started for reinitialization
[2025.03.25-16.22.11:627][978]FUdpSocketBuilder: Failed to subscribe UdpMessageMulticastSocket to multicast group 230.0.0.1 on interface 0.0.0.0
[2025.03.25-16.22.11:627][978]FUdpSocketBuilder: Failed to create and initialize socket UdpMessageMulticastSocket (last error: 0)
[2025.03.25-16.22.11:628][978]LogUdpMessaging: Warning: StartTransport failed to create multicast socket on 0.0.0.0:0, joined to 230.0.0.1:6666 with TTL 1
[2025.03.25-16.22.11:664][979]LogUdpMessaging: Warning: UDP messaging encountered an error. Auto repair routine started for reinitialization
[2025.03.25-16.22.13:667][ 43]FUdpSocketBuilder: Failed to subscribe UdpMessageMulticastSocket to multicast group 230.0.0.1 on interface 0.0.0.0
[2025.03.25-16.22.13:667][ 43]FUdpSocketBuilder: Failed to create and initialize socket UdpMessageMulticastSocket (last error: 0)
[2025.03.25-16.22.13:667][ 43]LogUdpMessaging: Warning: StartTransport failed to create multicast socket on 0.0.0.0:0, joined to 230.0.0.1:6666 with TTL 1
[2025.03.25-16.22.13:708][ 44]LogUdpMessaging: Warning: UDP messaging encountered an error. Auto repair routine started for reinitialization
[2025.03.25-16.22.15:699][105]FUdpSocketBuilder: Failed to subscribe UdpMessageMulticastSocket to multicast group 230.0.0.1 on interface 0.0.0.0
[2025.03.25-16.22.15:700][105]FUdpSocketBuilder: Failed to create and initialize socket UdpMessageMulticastSocket (last error: 0)
[2025.03.25-16.22.15:700][105]LogUdpMessaging: Warning: StartTransport failed to create multicast socket on 0.0.0.0:0, joined to 230.0.0.1:6666 with TTL 1
[2025.03.25-16.22.15:734][106]LogUdpMessaging: Warning: UDP messaging encountered an error. Auto repair routine started for reinitialization
[2025.03.25-16.22.17:734][174]FUdpSocketBuilder: Failed to subscribe UdpMessageMulticastSocket to multicast group 230.0.0.1 on interface 0.0.0.0
[2025.03.25-16.22.17:734][174]FUdpSocketBuilder: Failed to create and initialize socket UdpMessageMulticastSocket (last error: 0)
[2025.03.25-16.22.17:734][174]LogUdpMessaging: Warning: StartTransport failed to create multicast socket on 0.0.0.0:0, joined to 230.0.0.1:6666 with TTL 1
[2025.03.25-16.22.17:766][175]LogUdpMessaging: Warning: UDP messaging encountered an error. Auto repair routine started for reinitialization
[2025.03.25-16.22.19:869][241]FUdpSocketBuilder: Failed to subscribe UdpMessageMulticastSocket to multicast group 230.0.0.1 on interface 0.0.0.0
[2025.03.25-16.22.19:869][241]FUdpSocketBuilder: Failed to create and initialize socket UdpMessageMulticastSocket (last error: 0)
[2025.03.25-16.22.19:869][241]LogUdpMessaging: Warning: StartTransport failed to create multicast socket on 0.0.0.0:0, joined to 230.0.0.1:6666 with TTL 1
[2025.03.25-16.22.19:904][242]LogUdpMessaging: Warning: UDP messaging encountered an error. Auto repair routine started for reinitialization
[2025.03.25-16.22.21:807][301]FUdpSocketBuilder: Failed to subscribe UdpMessageMulticastSocket to multicast group 230.0.0.1 on interface 0.0.0.0
[2025.03.25-16.22.21:807][301]FUdpSocketBuilder: Failed to create and initialize socket UdpMessageMulticastSocket (last error: 0)
[2025.03.25-16.22.21:808][301]LogUdpMessaging: Warning: StartTransport failed to create multicast socket on 0.0.0.0:0, joined to 230.0.0.1:6666 with TTL 1
[2025.03.25-16.22.21:840][301]LogUdpMessaging: Warning: UDP messaging encountered an error. Auto repair routine started for reinitialization
[2025.03.25-16.22.23:844][365]FUdpSocketBuilder: Failed to subscribe UdpMessageMulticastSocket to multicast group 230.0.0.1 on interface 0.0.0.0
[2025.03.25-16.22.23:844][365]FUdpSocketBuilder: Failed to create and initialize socket UdpMessageMulticastSocket (last error: 0)
[2025.03.25-16.22.23:844][365]LogUdpMessaging: Warning: StartTransport failed to create multicast socket on 0.0.0.0:0, joined to 230.0.0.1:6666 with TTL 1
[2025.03.25-16.22.23:879][366]LogUdpMessaging: Warning: UDP messaging encountered an error. Auto repair routine started for reinitialization
[2025.03.25-16.22.25:876][434]FUdpSocketBuilder: Failed to subscribe UdpMessageMulticastSocket to multicast group 230.0.0.1 on interface 0.0.0.0
[2025.03.25-16.22.25:876][434]FUdpSocketBuilder: Failed to create and initialize socket UdpMessageMulticastSocket (last error: 0)
[2025.03.25-16.22.25:877][434]LogUdpMessaging: Warning: StartTransport failed to create multicast socket on 0.0.0.0:0, joined to 230.0.0.1:6666 with TTL 1
[2025.03.25-16.22.25:911][435]LogUdpMessaging: Warning: UDP messaging encountered an error. Auto repair routine started for reinitialization
[2025.03.25-16.22.27:910][497]FUdpSocketBuilder: Failed to subscribe UdpMessageMulticastSocket to multicast group 230.0.0.1 on interface 0.0.0.0
[2025.03.25-16.22.27:910][497]FUdpSocketBuilder: Failed to create and initialize socket UdpMessageMulticastSocket (last error: 0)
[2025.03.25-16.22.27:911][497]LogUdpMessaging: Warning: StartTransport failed to create multicast socket on 0.0.0.0:0, joined to 230.0.0.1:6666 with TTL 1
[2025.03.25-16.22.27:944][498]LogUdpMessaging: Warning: UDP messaging encountered an error. Auto repair routine started for reinitialization
[2025.03.25-16.22.29:951][560]FUdpSocketBuilder: Failed to subscribe UdpMessageMulticastSocket to multicast group 230.0.0.1 on interface 0.0.0.0
[2025.03.25-16.22.29:951][560]FUdpSocketBuilder: Failed to create and initialize socket UdpMessageMulticastSocket (last error: 0)
[2025.03.25-16.22.29:951][560]LogUdpMessaging: Warning: StartTransport failed to create multicast socket on 0.0.0.0:0, joined to 230.0.0.1:6666 with TTL 1
[2025.03.25-16.22.30:001][561]LogUdpMessaging: Warning: UDP messaging encountered an error. Auto repair routine started for reinitialization
[2025.03.25-16.22.30:392][573]LogShaderCompilers: Display: Worker (10/13): shaders left to compile 1077
[2025.03.25-16.22.30:392][573]LogShaderCompilers: Display: Started 10 'Local' shader compile jobs with 'Normal' priority
[2025.03.25-16.22.31:986][611]FUdpSocketBuilder: Failed to subscribe UdpMessageMulticastSocket to multicast group 230.0.0.1 on interface 0.0.0.0
[2025.03.25-16.22.31:987][611]FUdpSocketBuilder: Failed to create and initialize socket UdpMessageMulticastSocket (last error: 0)
[2025.03.25-16.22.31:987][611]LogUdpMessaging: Warning: StartTransport failed to create multicast socket on 0.0.0.0:0, joined to 230.0.0.1:6666 with TTL 1
[2025.03.25-16.22.32:015][612]LogUdpMessaging: Warning: UDP messaging encountered an error. Auto repair routine started for reinitialization
[2025.03.25-16.22.34:024][666]FUdpSocketBuilder: Failed to subscribe UdpMessageMulticastSocket to multicast group 230.0.0.1 on interface 0.0.0.0
[2025.03.25-16.22.34:025][666]FUdpSocketBuilder: Failed to create and initialize socket UdpMessageMulticastSocket (last error: 0)
[2025.03.25-16.22.34:025][666]LogUdpMessaging: Warning: StartTransport failed to create multicast socket on 0.0.0.0:0, joined to 230.0.0.1:6666 with TTL 1
[2025.03.25-16.22.34:066][667]LogUdpMessaging: Warning: UDP messaging encountered an error. Auto repair routine started for reinitialization
[2025.03.25-16.22.35:957][722]FUdpSocketBuilder: Failed to subscribe UdpMessageMulticastSocket to multicast group 230.0.0.1 on interface 0.0.0.0
[2025.03.25-16.22.35:957][722]FUdpSocketBuilder: Failed to create and initialize socket UdpMessageMulticastSocket (last error: 0)
[2025.03.25-16.22.35:957][722]LogUdpMessaging: Warning: StartTransport failed to create multicast socket on 0.0.0.0:0, joined to 230.0.0.1:6666 with TTL 1
[2025.03.25-16.22.35:992][723]LogUdpMessaging: Warning: UDP messaging encountered an error. Auto repair routine started for reinitialization
[2025.03.25-16.22.37:991][783]FUdpSocketBuilder: Failed to subscribe UdpMessageMulticastSocket to multicast group 230.0.0.1 on interface 0.0.0.0
[2025.03.25-16.22.37:991][783]FUdpSocketBuilder: Failed to create and initialize socket UdpMessageMulticastSocket (last error: 0)
[2025.03.25-16.22.37:991][783]LogUdpMessaging: Warning: StartTransport failed to create multicast socket on 0.0.0.0:0, joined to 230.0.0.1:6666 with TTL 1
[2025.03.25-16.22.38:031][784]LogUdpMessaging: Warning: UDP messaging encountered an error. Auto repair routine started for reinitialization
[2025.03.25-16.22.40:027][848]FUdpSocketBuilder: Failed to subscribe UdpMessageMulticastSocket to multicast group 230.0.0.1 on interface 0.0.0.0
[2025.03.25-16.22.40:027][848]FUdpSocketBuilder: Failed to create and initialize socket UdpMessageMulticastSocket (last error: 0)
[2025.03.25-16.22.40:027][848]LogUdpMessaging: Warning: StartTransport failed to create multicast socket on 0.0.0.0:0, joined to 230.0.0.1:6666 with TTL 1
[2025.03.25-16.22.40:062][849]LogUdpMessaging: Warning: UDP messaging encountered an error. Auto repair routine started for reinitialization
[2025.03.25-16.22.42:060][913]FUdpSocketBuilder: Failed to subscribe UdpMessageMulticastSocket to multicast group 230.0.0.1 on interface 0.0.0.0
[2025.03.25-16.22.42:060][913]FUdpSocketBuilder: Failed to create and initialize socket UdpMessageMulticastSocket (last error: 0)
[2025.03.25-16.22.42:060][913]LogUdpMessaging: Warning: StartTransport failed to create multicast socket on 0.0.0.0:0, joined to 230.0.0.1:6666 with TTL 1
[2025.03.25-16.22.42:094][914]LogUdpMessaging: Warning: UDP messaging encountered an error. Auto repair routine started for reinitialization
[2025.03.25-16.22.44:099][977]FUdpSocketBuilder: Failed to subscribe UdpMessageMulticastSocket to multicast group 230.0.0.1 on interface 0.0.0.0
[2025.03.25-16.22.44:099][977]FUdpSocketBuilder: Failed to create and initialize socket UdpMessageMulticastSocket (last error: 0)
[2025.03.25-16.22.44:099][977]LogUdpMessaging: Warning: StartTransport failed to create multicast socket on 0.0.0.0:0, joined to 230.0.0.1:6666 with TTL 1
[2025.03.25-16.22.44:133][978]LogUdpMessaging: Warning: UDP messaging encountered an error. Auto repair routine started for reinitialization
[2025.03.25-16.22.44:556][992]LogHttp: Warning: 00000135C7CC0800: invalid HTTP response code received. URL: https://datarouter.ol.epicgames.com/datarouter/api/v1/public/data?SessionID=%7BAC57BD79-4736-AD5C-2A4F-79A2FF4A8D07%7D&AppID=UEEditor.Rocket.Release&AppVersion=4.27.2-18319896%2B%2B%2BUE4%2BRelease-4.27&UserID=f5edb87a4dc0f99c13cd37a4f0d6d538%7C71f5ffb38c3f40679d77fb94a2928a28%7C05fba853-d5f3-4c05-a360-9d4811eb48c5&AppEnvironment=datacollector-binary&UploadType=eteventstream, HTTP code: 0, content length: 0, actual payload size: 0
[2025.03.25-16.22.44:557][992]LogHttp: Warning: 00000135C7CC0800: request failed, libcurl error: 6 (Couldn't resolve host name)
[2025.03.25-16.22.44:557][992]LogHttp: Warning: 00000135C7CC0800: libcurl info message cache 0 (Could not resolve host: datarouter.ol.epicgames.com)
[2025.03.25-16.22.44:557][992]LogHttp: Warning: 00000135C7CC0800: libcurl info message cache 1 (Closing connection 4)
[2025.03.25-16.22.44:557][992]LogHttp: Warning: Retry exhausted on https://datarouter.ol.epicgames.com/datarouter/api/v1/public/data?SessionID=%7BAC57BD79-4736-AD5C-2A4F-79A2FF4A8D07%7D&AppID=UEEditor.Rocket.Release&AppVersion=4.27.2-18319896%2B%2B%2BUE4%2BRelease-4.27&UserID=f5edb87a4dc0f99c13cd37a4f0d6d538%7C71f5ffb38c3f40679d77fb94a2928a28%7C05fba853-d5f3-4c05-a360-9d4811eb48c5&AppEnvironment=datacollector-binary&UploadType=eteventstream
[2025.03.25-16.22.46:234][ 34]FUdpSocketBuilder: Failed to subscribe UdpMessageMulticastSocket to multicast group 230.0.0.1 on interface 0.0.0.0
[2025.03.25-16.22.46:234][ 34]FUdpSocketBuilder: Failed to create and initialize socket UdpMessageMulticastSocket (last error: 0)
[2025.03.25-16.22.46:234][ 34]LogUdpMessaging: Warning: StartTransport failed to create multicast socket on 0.0.0.0:0, joined to 230.0.0.1:6666 with TTL 1
[2025.03.25-16.22.46:270][ 34]LogUdpMessaging: Warning: UDP messaging encountered an error. Auto repair routine started for reinitialization
[2025.03.25-16.22.47:765][ 42]FUdpSocketBuilder: Failed to subscribe UdpMessageMulticastSocket to multicast group 230.0.0.1 on interface 0.0.0.0
[2025.03.25-16.22.47:765][ 42]FUdpSocketBuilder: Failed to create and initialize socket UdpMessageMulticastSocket (last error: 0)
[2025.03.25-16.22.47:766][ 42]LogUdpMessaging: Warning: StartTransport failed to create multicast socket on 0.0.0.0:0, joined to 230.0.0.1:6666 with TTL 1
[2025.03.25-16.22.47:803][ 42]LogUdpMessaging: Warning: UDP messaging encountered an error. Auto repair routine started for reinitialization
[2025.03.25-16.22.50:086][ 54]FUdpSocketBuilder: Failed to subscribe UdpMessageMulticastSocket to multicast group 230.0.0.1 on interface 0.0.0.0
[2025.03.25-16.22.50:086][ 54]FUdpSocketBuilder: Failed to create and initialize socket UdpMessageMulticastSocket (last error: 0)
[2025.03.25-16.22.50:086][ 54]LogUdpMessaging: Warning: StartTransport failed to create multicast socket on 0.0.0.0:0, joined to 230.0.0.1:6666 with TTL 1
[2025.03.25-16.22.50:304][ 54]LogUdpMessaging: Warning: UDP messaging encountered an error. Auto repair routine started for reinitialization
[2025.03.25-16.22.51:451][ 61]LogShaderCompilers: Display: Worker (9/13): shaders left to compile 1067
[2025.03.25-16.22.51:451][ 61]LogShaderCompilers: Display: Started 10 'Local' shader compile jobs with 'Normal' priority
[2025.03.25-16.22.52:181][ 65]FUdpSocketBuilder: Failed to subscribe UdpMessageMulticastSocket to multicast group 230.0.0.1 on interface 0.0.0.0
[2025.03.25-16.22.52:181][ 65]FUdpSocketBuilder: Failed to create and initialize socket UdpMessageMulticastSocket (last error: 0)
[2025.03.25-16.22.52:181][ 65]LogUdpMessaging: Warning: StartTransport failed to create multicast socket on 0.0.0.0:0, joined to 230.0.0.1:6666 with TTL 1
[2025.03.25-16.22.52:213][ 65]LogUdpMessaging: Warning: UDP messaging encountered an error. Auto repair routine started for reinitialization
[2025.03.25-16.22.54:220][ 80]FUdpSocketBuilder: Failed to subscribe UdpMessageMulticastSocket to multicast group 230.0.0.1 on interface 0.0.0.0
[2025.03.25-16.22.54:220][ 80]FUdpSocketBuilder: Failed to create and initialize socket UdpMessageMulticastSocket (last error: 0)
[2025.03.25-16.22.54:220][ 80]LogUdpMessaging: Warning: StartTransport failed to create multicast socket on 0.0.0.0:0, joined to 230.0.0.1:6666 with TTL 1
[2025.03.25-16.22.54:242][ 80]LogUdpMessaging: Warning: UDP messaging encountered an error. Auto repair routine started for reinitialization
[2025.03.25-16.22.56:395][ 96]FUdpSocketBuilder: Failed to subscribe UdpMessageMulticastSocket to multicast group 230.0.0.1 on interface 0.0.0.0
[2025.03.25-16.22.56:395][ 96]FUdpSocketBuilder: Failed to create and initialize socket UdpMessageMulticastSocket (last error: 0)
[2025.03.25-16.22.56:395][ 96]LogUdpMessaging: Warning: StartTransport failed to create multicast socket on 0.0.0.0:0, joined to 230.0.0.1:6666 with TTL 1
[2025.03.25-16.22.56:419][ 96]LogUdpMessaging: Warning: UDP messaging encountered an error. Auto repair routine started for reinitialization
[2025.03.25-16.22.58:528][113]FUdpSocketBuilder: Failed to subscribe UdpMessageMulticastSocket to multicast group 230.0.0.1 on interface 0.0.0.0
[2025.03.25-16.22.58:528][113]FUdpSocketBuilder: Failed to create and initialize socket UdpMessageMulticastSocket (last error: 0)
[2025.03.25-16.22.58:528][113]LogUdpMessaging: Warning: StartTransport failed to create multicast socket on 0.0.0.0:0, joined to 230.0.0.1:6666 with TTL 1
[2025.03.25-16.22.58:563][113]LogUdpMessaging: Warning: UDP messaging encountered an error. Auto repair routine started for reinitialization
[2025.03.25-16.23.00:685][130]FUdpSocketBuilder: Failed to subscribe UdpMessageMulticastSocket to multicast group 230.0.0.1 on interface 0.0.0.0
[2025.03.25-16.23.00:686][130]FUdpSocketBuilder: Failed to create and initialize socket UdpMessageMulticastSocket (last error: 0)
[2025.03.25-16.23.00:686][130]LogUdpMessaging: Warning: StartTransport failed to create multicast socket on 0.0.0.0:0, joined to 230.0.0.1:6666 with TTL 1
[2025.03.25-16.23.00:714][130]LogUdpMessaging: Warning: UDP messaging encountered an error. Auto repair routine started for reinitialization
[2025.03.25-16.23.03:028][146]FUdpSocketBuilder: Failed to subscribe UdpMessageMulticastSocket to multicast group 230.0.0.1 on interface 0.0.0.0
[2025.03.25-16.23.03:028][146]FUdpSocketBuilder: Failed to create and initialize socket UdpMessageMulticastSocket (last error: 0)
[2025.03.25-16.23.03:028][146]LogUdpMessaging: Warning: StartTransport failed to create multicast socket on 0.0.0.0:0, joined to 230.0.0.1:6666 with TTL 1
[2025.03.25-16.23.03:049][146]LogUdpMessaging: Warning: UDP messaging encountered an error. Auto repair routine started for reinitialization
[2025.03.25-16.23.05:024][160]FUdpSocketBuilder: Failed to subscribe UdpMessageMulticastSocket to multicast group 230.0.0.1 on interface 0.0.0.0
[2025.03.25-16.23.05:024][160]FUdpSocketBuilder: Failed to create and initialize socket UdpMessageMulticastSocket (last error: 0)
[2025.03.25-16.23.05:024][160]LogUdpMessaging: Warning: StartTransport failed to create multicast socket on 0.0.0.0:0, joined to 230.0.0.1:6666 with TTL 1
[2025.03.25-16.23.05:053][160]LogUdpMessaging: Warning: UDP messaging encountered an error. Auto repair routine started for reinitialization
[2025.03.25-16.23.07:301][176]FUdpSocketBuilder: Failed to subscribe UdpMessageMulticastSocket to multicast group 230.0.0.1 on interface 0.0.0.0
[2025.03.25-16.23.07:301][176]FUdpSocketBuilder: Failed to create and initialize socket UdpMessageMulticastSocket (last error: 0)
[2025.03.25-16.23.07:302][176]LogUdpMessaging: Warning: StartTransport failed to create multicast socket on 0.0.0.0:0, joined to 230.0.0.1:6666 with TTL 1
[2025.03.25-16.23.07:326][176]LogUdpMessaging: Warning: UDP messaging encountered an error. Auto repair routine started for reinitialization
[2025.03.25-16.23.08:165][185]LogShaderCompilers: Display: Worker (7/13): shaders left to compile 1057
[2025.03.25-16.23.08:166][185]LogShaderCompilers: Display: Started 10 'Local' shader compile jobs with 'Normal' priority
[2025.03.25-16.23.09:577][192]FUdpSocketBuilder: Failed to subscribe UdpMessageMulticastSocket to multicast group 230.0.0.1 on interface 0.0.0.0
[2025.03.25-16.23.09:577][192]FUdpSocketBuilder: Failed to create and initialize socket UdpMessageMulticastSocket (last error: 0)
[2025.03.25-16.23.09:577][192]LogUdpMessaging: Warning: StartTransport failed to create multicast socket on 0.0.0.0:0, joined to 230.0.0.1:6666 with TTL 1
[2025.03.25-16.23.09:602][192]LogUdpMessaging: Warning: UDP messaging encountered an error. Auto repair routine started for reinitialization
[2025.03.25-16.23.11:664][204]FUdpSocketBuilder: Failed to subscribe UdpMessageMulticastSocket to multicast group 230.0.0.1 on interface 0.0.0.0
[2025.03.25-16.23.11:664][204]FUdpSocketBuilder: Failed to create and initialize socket UdpMessageMulticastSocket (last error: 0)
[2025.03.25-16.23.11:664][204]LogUdpMessaging: Warning: StartTransport failed to create multicast socket on 0.0.0.0:0, joined to 230.0.0.1:6666 with TTL 1
[2025.03.25-16.23.11:690][204]LogUdpMessaging: Warning: UDP messaging encountered an error. Auto repair routine started for reinitialization
[2025.03.25-16.23.13:036][217]LogShaderCompilers: Display: Worker (12/13): shaders left to compile 1047
[2025.03.25-16.23.13:036][217]LogShaderCompilers: Display: Started 10 'Local' shader compile jobs with 'Normal' priority
[2025.03.25-16.23.14:040][220]FUdpSocketBuilder: Failed to subscribe UdpMessageMulticastSocket to multicast group 230.0.0.1 on interface 0.0.0.0
[2025.03.25-16.23.14:040][220]FUdpSocketBuilder: Failed to create and initialize socket UdpMessageMulticastSocket (last error: 0)
[2025.03.25-16.23.14:041][220]LogUdpMessaging: Warning: StartTransport failed to create multicast socket on 0.0.0.0:0, joined to 230.0.0.1:6666 with TTL 1
[2025.03.25-16.23.14:064][220]LogUdpMessaging: Warning: UDP messaging encountered an error. Auto repair routine started for reinitialization
[2025.03.25-16.23.15:874][235]FUdpSocketBuilder: Failed to subscribe UdpMessageMulticastSocket to multicast group 230.0.0.1 on interface 0.0.0.0
[2025.03.25-16.23.15:874][235]FUdpSocketBuilder: Failed to create and initialize socket UdpMessageMulticastSocket (last error: 0)
[2025.03.25-16.23.15:874][235]LogUdpMessaging: Warning: StartTransport failed to create multicast socket on 0.0.0.0:0, joined to 230.0.0.1:6666 with TTL 1
[2025.03.25-16.23.15:906][235]LogUdpMessaging: Warning: UDP messaging encountered an error. Auto repair routine started for reinitialization
[2025.03.25-16.23.18:265][251]LogShaderCompilers: Display: Worker (4/13): shaders left to compile 1037
[2025.03.25-16.23.18:265][251]LogShaderCompilers: Display: Started 10 'Local' shader compile jobs with 'Normal' priority
[2025.03.25-16.23.18:265][251]FUdpSocketBuilder: Failed to subscribe UdpMessageMulticastSocket to multicast group 230.0.0.1 on interface 0.0.0.0
[2025.03.25-16.23.18:265][251]FUdpSocketBuilder: Failed to create and initialize socket UdpMessageMulticastSocket (last error: 0)
[2025.03.25-16.23.18:265][251]LogUdpMessaging: Warning: StartTransport failed to create multicast socket on 0.0.0.0:0, joined to 230.0.0.1:6666 with TTL 1
[2025.03.25-16.23.18:343][252]LogUdpMessaging: Warning: UDP messaging encountered an error. Auto repair routine started for reinitialization
[2025.03.25-16.23.19:702][260]LogShaderCompilers: Display: Worker (5/13): shaders left to compile 1027
[2025.03.25-16.23.19:702][260]LogShaderCompilers: Display: Started 10 'Local' shader compile jobs with 'Normal' priority
[2025.03.25-16.23.20:172][262]FUdpSocketBuilder: Failed to subscribe UdpMessageMulticastSocket to multicast group 230.0.0.1 on interface 0.0.0.0
[2025.03.25-16.23.20:172][262]FUdpSocketBuilder: Failed to create and initialize socket UdpMessageMulticastSocket (last error: 0)
[2025.03.25-16.23.20:173][262]LogUdpMessaging: Warning: StartTransport failed to create multicast socket on 0.0.0.0:0, joined to 230.0.0.1:6666 with TTL 1
[2025.03.25-16.23.20:197][262]LogUdpMessaging: Warning: UDP messaging encountered an error. Auto repair routine started for reinitialization
[2025.03.25-16.23.21:447][269]FUdpSocketBuilder: Failed to subscribe UdpMessageMulticastSocket to multicast group 230.0.0.1 on interface 0.0.0.0
[2025.03.25-16.23.21:447][269]FUdpSocketBuilder: Failed to create and initialize socket UdpMessageMulticastSocket (last error: 0)
[2025.03.25-16.23.21:447][269]LogUdpMessaging: Warning: StartTransport failed to create multicast socket on 0.0.0.0:0, joined to 230.0.0.1:6666 with TTL 1
[2025.03.25-16.23.21:487][269]LogUdpMessaging: Warning: UDP messaging encountered an error. Auto repair routine started for reinitialization
[2025.03.25-16.23.23:465][283]FUdpSocketBuilder: Failed to subscribe UdpMessageMulticastSocket to multicast group 230.0.0.1 on interface 0.0.0.0
[2025.03.25-16.23.23:467][283]FUdpSocketBuilder: Failed to create and initialize socket UdpMessageMulticastSocket (last error: 0)
[2025.03.25-16.23.23:467][283]LogUdpMessaging: Warning: StartTransport failed to create multicast socket on 0.0.0.0:0, joined to 230.0.0.1:6666 with TTL 1
[2025.03.25-16.23.23:505][283]LogUdpMessaging: Warning: UDP messaging encountered an error. Auto repair routine started for reinitialization
[2025.03.25-16.23.24:251][291]LogShaderCompilers: Display: Worker (2/13): shaders left to compile 1017
[2025.03.25-16.23.24:251][291]LogShaderCompilers: Display: Started 10 'Local' shader compile jobs with 'Normal' priority
[2025.03.25-16.23.25:463][297]FUdpSocketBuilder: Failed to subscribe UdpMessageMulticastSocket to multicast group 230.0.0.1 on interface 0.0.0.0
[2025.03.25-16.23.25:464][297]FUdpSocketBuilder: Failed to create and initialize socket UdpMessageMulticastSocket (last error: 0)
[2025.03.25-16.23.25:464][297]LogUdpMessaging: Warning: StartTransport failed to create multicast socket on 0.0.0.0:0, joined to 230.0.0.1:6666 with TTL 1
[2025.03.25-16.23.25:578][297]LogUdpMessaging: Warning: UDP messaging encountered an error. Auto repair routine started for reinitialization
[2025.03.25-16.23.27:708][311]FUdpSocketBuilder: Failed to subscribe UdpMessageMulticastSocket to multicast group 230.0.0.1 on interface 0.0.0.0
[2025.03.25-16.23.27:708][311]FUdpSocketBuilder: Failed to create and initialize socket UdpMessageMulticastSocket (last error: 0)
[2025.03.25-16.23.27:708][311]LogUdpMessaging: Warning: StartTransport failed to create multicast socket on 0.0.0.0:0, joined to 230.0.0.1:6666 with TTL 1
[2025.03.25-16.23.27:737][311]LogUdpMessaging: Warning: UDP messaging encountered an error. Auto repair routine started for reinitialization
[2025.03.25-16.23.29:348][324]LogShaderCompilers: Display: Worker (11/13): shaders left to compile 1007
[2025.03.25-16.23.29:348][324]LogShaderCompilers: Display: Started 10 'Local' shader compile jobs with 'Normal' priority
[2025.03.25-16.23.30:140][326]LogShaderCompilers: Display: Worker (10/13): shaders left to compile 997
[2025.03.25-16.23.30:140][326]LogShaderCompilers: Display: Started 10 'Local' shader compile jobs with 'Normal' priority
[2025.03.25-16.23.30:140][326]FUdpSocketBuilder: Failed to subscribe UdpMessageMulticastSocket to multicast group 230.0.0.1 on interface 0.0.0.0
[2025.03.25-16.23.30:140][326]FUdpSocketBuilder: Failed to create and initialize socket UdpMessageMulticastSocket (last error: 0)
[2025.03.25-16.23.30:140][326]LogUdpMessaging: Warning: StartTransport failed to create multicast socket on 0.0.0.0:0, joined to 230.0.0.1:6666 with TTL 1
[2025.03.25-16.23.30:161][326]LogUdpMessaging: Warning: UDP messaging encountered an error. Auto repair routine started for reinitialization
[2025.03.25-16.23.31:640][337]LogShaderCompilers: Display: Worker (1/13): shaders left to compile 987
[2025.03.25-16.23.31:640][337]LogShaderCompilers: Display: Started 10 'Local' shader compile jobs with 'Normal' priority
[2025.03.25-16.23.32:286][339]FUdpSocketBuilder: Failed to subscribe UdpMessageMulticastSocket to multicast group 230.0.0.1 on interface 0.0.0.0
[2025.03.25-16.23.32:286][339]FUdpSocketBuilder: Failed to create and initialize socket UdpMessageMulticastSocket (last error: 0)
[2025.03.25-16.23.32:286][339]LogUdpMessaging: Warning: StartTransport failed to create multicast socket on 0.0.0.0:0, joined to 230.0.0.1:6666 with TTL 1
[2025.03.25-16.23.32:323][339]LogUdpMessaging: Warning: UDP messaging encountered an error. Auto repair routine started for reinitialization
[2025.03.25-16.23.34:358][351]FUdpSocketBuilder: Failed to subscribe UdpMessageMulticastSocket to multicast group 230.0.0.1 on interface 0.0.0.0
[2025.03.25-16.23.34:358][351]FUdpSocketBuilder: Failed to create and initialize socket UdpMessageMulticastSocket (last error: 0)
[2025.03.25-16.23.34:358][351]LogUdpMessaging: Warning: StartTransport failed to create multicast socket on 0.0.0.0:0, joined to 230.0.0.1:6666 with TTL 1
[2025.03.25-16.23.34:383][351]LogUdpMessaging: Warning: UDP messaging encountered an error. Auto repair routine started for reinitialization
[2025.03.25-16.23.36:629][370]FUdpSocketBuilder: Failed to subscribe UdpMessageMulticastSocket to multicast group 230.0.0.1 on interface 0.0.0.0
[2025.03.25-16.23.36:629][370]FUdpSocketBuilder: Failed to create and initialize socket UdpMessageMulticastSocket (last error: 0)
[2025.03.25-16.23.36:629][370]LogUdpMessaging: Warning: StartTransport failed to create multicast socket on 0.0.0.0:0, joined to 230.0.0.1:6666 with TTL 1
[2025.03.25-16.23.36:665][370]LogUdpMessaging: Warning: UDP messaging encountered an error. Auto repair routine started for reinitialization
[2025.03.25-16.23.38:801][385]FUdpSocketBuilder: Failed to subscribe UdpMessageMulticastSocket to multicast group 230.0.0.1 on interface 0.0.0.0
[2025.03.25-16.23.38:801][385]FUdpSocketBuilder: Failed to create and initialize socket UdpMessageMulticastSocket (last error: 0)
[2025.03.25-16.23.38:801][385]LogUdpMessaging: Warning: StartTransport failed to create multicast socket on 0.0.0.0:0, joined to 230.0.0.1:6666 with TTL 1
[2025.03.25-16.23.38:833][385]LogUdpMessaging: Warning: UDP messaging encountered an error. Auto repair routine started for reinitialization
[2025.03.25-16.23.40:950][399]FUdpSocketBuilder: Failed to subscribe UdpMessageMulticastSocket to multicast group 230.0.0.1 on interface 0.0.0.0
[2025.03.25-16.23.40:950][399]FUdpSocketBuilder: Failed to create and initialize socket UdpMessageMulticastSocket (last error: 0)
[2025.03.25-16.23.40:950][399]LogUdpMessaging: Warning: StartTransport failed to create multicast socket on 0.0.0.0:0, joined to 230.0.0.1:6666 with TTL 1
[2025.03.25-16.23.40:981][399]LogUdpMessaging: Warning: UDP messaging encountered an error. Auto repair routine started for reinitialization
[2025.03.25-16.23.41:606][405]LogShaderCompilers: Display: Worker (3/13): shaders left to compile 977
[2025.03.25-16.23.41:606][405]LogShaderCompilers: Display: Started 10 'Local' shader compile jobs with 'Normal' priority
[2025.03.25-16.23.42:977][413]LogShaderCompilers: Display: Worker (6/13): shaders left to compile 967
[2025.03.25-16.23.42:977][413]LogShaderCompilers: Display: Started 10 'Local' shader compile jobs with 'Normal' priority
[2025.03.25-16.23.42:977][413]FUdpSocketBuilder: Failed to subscribe UdpMessageMulticastSocket to multicast group 230.0.0.1 on interface 0.0.0.0
[2025.03.25-16.23.42:977][413]FUdpSocketBuilder: Failed to create and initialize socket UdpMessageMulticastSocket (last error: 0)
[2025.03.25-16.23.42:977][413]LogUdpMessaging: Warning: StartTransport failed to create multicast socket on 0.0.0.0:0, joined to 230.0.0.1:6666 with TTL 1
[2025.03.25-16.23.43:001][413]LogUdpMessaging: Warning: UDP messaging encountered an error. Auto repair routine started for reinitialization
[2025.03.25-16.23.44:544][418]FUdpSocketBuilder: Failed to subscribe UdpMessageMulticastSocket to multicast group 230.0.0.1 on interface 0.0.0.0
[2025.03.25-16.23.44:544][418]FUdpSocketBuilder: Failed to create and initialize socket UdpMessageMulticastSocket (last error: 0)
[2025.03.25-16.23.44:544][418]LogUdpMessaging: Warning: StartTransport failed to create multicast socket on 0.0.0.0:0, joined to 230.0.0.1:6666 with TTL 1
[2025.03.25-16.23.44:565][418]LogUdpMessaging: Warning: UDP messaging encountered an error. Auto repair routine started for reinitialization
[2025.03.25-16.23.44:608][420]LogHttp: Warning: 00000135D6A73900: invalid HTTP response code received. URL: https://datarouter.ol.epicgames.com/datarouter/api/v1/public/data?SessionID=%7BAC57BD79-4736-AD5C-2A4F-79A2FF4A8D07%7D&AppID=UEEditor.Rocket.Release&AppVersion=4.27.2-18319896%2B%2B%2BUE4%2BRelease-4.27&UserID=f5edb87a4dc0f99c13cd37a4f0d6d538%7C71f5ffb38c3f40679d77fb94a2928a28%7C05fba853-d5f3-4c05-a360-9d4811eb48c5&AppEnvironment=datacollector-binary&UploadType=eteventstream, HTTP code: 0, content length: 0, actual payload size: 0
[2025.03.25-16.23.44:608][420]LogHttp: Warning: 00000135D6A73900: request failed, libcurl error: 6 (Couldn't resolve host name)
[2025.03.25-16.23.44:608][420]LogHttp: Warning: 00000135D6A73900: libcurl info message cache 0 (Could not resolve host: datarouter.ol.epicgames.com)
[2025.03.25-16.23.44:608][420]LogHttp: Warning: 00000135D6A73900: libcurl info message cache 1 (Closing connection 5)
[2025.03.25-16.23.44:610][420]LogHttp: Warning: Retry exhausted on https://datarouter.ol.epicgames.com/datarouter/api/v1/public/data?SessionID=%7BAC57BD79-4736-AD5C-2A4F-79A2FF4A8D07%7D&AppID=UEEditor.Rocket.Release&AppVersion=4.27.2-18319896%2B%2B%2BUE4%2BRelease-4.27&UserID=f5edb87a4dc0f99c13cd37a4f0d6d538%7C71f5ffb38c3f40679d77fb94a2928a28%7C05fba853-d5f3-4c05-a360-9d4811eb48c5&AppEnvironment=datacollector-binary&UploadType=eteventstream
[2025.03.25-16.23.46:713][436]FUdpSocketBuilder: Failed to subscribe UdpMessageMulticastSocket to multicast group 230.0.0.1 on interface 0.0.0.0
[2025.03.25-16.23.46:713][436]FUdpSocketBuilder: Failed to create and initialize socket UdpMessageMulticastSocket (last error: 0)
[2025.03.25-16.23.46:713][436]LogUdpMessaging: Warning: StartTransport failed to create multicast socket on 0.0.0.0:0, joined to 230.0.0.1:6666 with TTL 1
[2025.03.25-16.23.46:745][436]LogUdpMessaging: Warning: UDP messaging encountered an error. Auto repair routine started for reinitialization
[2025.03.25-16.23.48:609][447]FUdpSocketBuilder: Failed to subscribe UdpMessageMulticastSocket to multicast group 230.0.0.1 on interface 0.0.0.0
[2025.03.25-16.23.48:610][447]FUdpSocketBuilder: Failed to create and initialize socket UdpMessageMulticastSocket (last error: 0)
[2025.03.25-16.23.48:610][447]LogUdpMessaging: Warning: StartTransport failed to create multicast socket on 0.0.0.0:0, joined to 230.0.0.1:6666 with TTL 1
[2025.03.25-16.23.48:651][448]LogUdpMessaging: Warning: UDP messaging encountered an error. Auto repair routine started for reinitialization
[2025.03.25-16.23.50:656][465]FUdpSocketBuilder: Failed to subscribe UdpMessageMulticastSocket to multicast group 230.0.0.1 on interface 0.0.0.0
[2025.03.25-16.23.50:656][465]FUdpSocketBuilder: Failed to create and initialize socket UdpMessageMulticastSocket (last error: 0)
[2025.03.25-16.23.50:657][465]LogUdpMessaging: Warning: StartTransport failed to create multicast socket on 0.0.0.0:0, joined to 230.0.0.1:6666 with TTL 1
[2025.03.25-16.23.50:682][465]LogUdpMessaging: Warning: UDP messaging encountered an error. Auto repair routine started for reinitialization
[2025.03.25-16.23.52:846][483]FUdpSocketBuilder: Failed to subscribe UdpMessageMulticastSocket to multicast group 230.0.0.1 on interface 0.0.0.0
[2025.03.25-16.23.52:846][483]FUdpSocketBuilder: Failed to create and initialize socket UdpMessageMulticastSocket (last error: 0)
[2025.03.25-16.23.52:847][483]LogUdpMessaging: Warning: StartTransport failed to create multicast socket on 0.0.0.0:0, joined to 230.0.0.1:6666 with TTL 1
[2025.03.25-16.23.52:872][483]LogUdpMessaging: Warning: UDP messaging encountered an error. Auto repair routine started for reinitialization
[2025.03.25-16.23.53:274][489]LogShaderCompilers: Display: Worker (9/13): shaders left to compile 957
[2025.03.25-16.23.53:274][489]LogShaderCompilers: Display: Started 10 'Local' shader compile jobs with 'Normal' priority
[2025.03.25-16.23.54:100][492]FUdpSocketBuilder: Failed to subscribe UdpMessageMulticastSocket to multicast group 230.0.0.1 on interface 0.0.0.0
[2025.03.25-16.23.54:100][492]FUdpSocketBuilder: Failed to create and initialize socket UdpMessageMulticastSocket (last error: 0)
[2025.03.25-16.23.54:100][492]LogUdpMessaging: Warning: StartTransport failed to create multicast socket on 0.0.0.0:0, joined to 230.0.0.1:6666 with TTL 1
[2025.03.25-16.23.54:131][492]LogUdpMessaging: Warning: UDP messaging encountered an error. Auto repair routine started for reinitialization
[2025.03.25-16.23.56:084][507]FUdpSocketBuilder: Failed to subscribe UdpMessageMulticastSocket to multicast group 230.0.0.1 on interface 0.0.0.0
[2025.03.25-16.23.56:084][507]FUdpSocketBuilder: Failed to create and initialize socket UdpMessageMulticastSocket (last error: 0)
[2025.03.25-16.23.56:085][507]LogUdpMessaging: Warning: StartTransport failed to create multicast socket on 0.0.0.0:0, joined to 230.0.0.1:6666 with TTL 1
[2025.03.25-16.23.56:125][507]LogUdpMessaging: Warning: UDP messaging encountered an error. Auto repair routine started for reinitialization
[2025.03.25-16.23.58:274][526]FUdpSocketBuilder: Failed to subscribe UdpMessageMulticastSocket to multicast group 230.0.0.1 on interface 0.0.0.0
[2025.03.25-16.23.58:274][526]FUdpSocketBuilder: Failed to create and initialize socket UdpMessageMulticastSocket (last error: 0)
[2025.03.25-16.23.58:275][526]LogUdpMessaging: Warning: StartTransport failed to create multicast socket on 0.0.0.0:0, joined to 230.0.0.1:6666 with TTL 1
[2025.03.25-16.23.58:316][526]LogUdpMessaging: Warning: UDP messaging encountered an error. Auto repair routine started for reinitialization
[2025.03.25-16.23.59:711][540]LogShaderCompilers: Display: Worker (2/13): shaders left to compile 947
[2025.03.25-16.23.59:712][540]LogShaderCompilers: Display: Started 10 'Local' shader compile jobs with 'Normal' priority
[2025.03.25-16.24.00:537][543]FUdpSocketBuilder: Failed to subscribe UdpMessageMulticastSocket to multicast group 230.0.0.1 on interface 0.0.0.0
[2025.03.25-16.24.00:538][543]FUdpSocketBuilder: Failed to create and initialize socket UdpMessageMulticastSocket (last error: 0)
[2025.03.25-16.24.00:538][543]LogUdpMessaging: Warning: StartTransport failed to create multicast socket on 0.0.0.0:0, joined to 230.0.0.1:6666 with TTL 1
[2025.03.25-16.24.00:574][543]LogUdpMessaging: Warning: UDP messaging encountered an error. Auto repair routine started for reinitialization
[2025.03.25-16.24.02:683][556]FUdpSocketBuilder: Failed to subscribe UdpMessageMulticastSocket to multicast group 230.0.0.1 on interface 0.0.0.0
[2025.03.25-16.24.02:683][556]FUdpSocketBuilder: Failed to create and initialize socket UdpMessageMulticastSocket (last error: 0)
[2025.03.25-16.24.02:684][556]LogUdpMessaging: Warning: StartTransport failed to create multicast socket on 0.0.0.0:0, joined to 230.0.0.1:6666 with TTL 1
[2025.03.25-16.24.02:710][556]LogUdpMessaging: Warning: UDP messaging encountered an error. Auto repair routine started for reinitialization
[2025.03.25-16.24.03:428][562]LogShaderCompilers: Display: Worker (7/13): shaders left to compile 937
[2025.03.25-16.24.03:428][562]LogShaderCompilers: Display: Started 10 'Local' shader compile jobs with 'Normal' priority
[2025.03.25-16.24.03:640][562]LogShaderCompilers: Display: === FShaderJobCache stats ===
[2025.03.25-16.24.03:640][562]LogShaderCompilers: Display: Total job queries 2297, among them cache hits 54 (2.35%)
[2025.03.25-16.24.03:640][562]LogShaderCompilers: Display: Tracking 1196 distinct input hashes that result in 740 distinct outputs (61.87%)
[2025.03.25-16.24.03:641][562]LogShaderCompilers: Display: RAM used: 6.75 MB (0.01 GB) of 819.20 MB (0.80 GB) budget. Usage: 0.82%
[2025.03.25-16.24.03:641][562]LogShaderCompilers: Display: ================================================
[2025.03.25-16.24.04:991][571]FUdpSocketBuilder: Failed to subscribe UdpMessageMulticastSocket to multicast group 230.0.0.1 on interface 0.0.0.0
[2025.03.25-16.24.04:991][571]FUdpSocketBuilder: Failed to create and initialize socket UdpMessageMulticastSocket (last error: 0)
[2025.03.25-16.24.04:992][571]LogUdpMessaging: Warning: StartTransport failed to create multicast socket on 0.0.0.0:0, joined to 230.0.0.1:6666 with TTL 1
[2025.03.25-16.24.05:018][571]LogUdpMessaging: Warning: UDP messaging encountered an error. Auto repair routine started for reinitialization
[2025.03.25-16.24.05:993][579]LogShaderCompilers: Display: Worker (8/13): shaders left to compile 927
[2025.03.25-16.24.05:993][579]LogShaderCompilers: Display: Started 10 'Local' shader compile jobs with 'Normal' priority
[2025.03.25-16.24.07:380][584]FUdpSocketBuilder: Failed to subscribe UdpMessageMulticastSocket to multicast group 230.0.0.1 on interface 0.0.0.0
[2025.03.25-16.24.07:380][584]FUdpSocketBuilder: Failed to create and initialize socket UdpMessageMulticastSocket (last error: 0)
[2025.03.25-16.24.07:380][584]LogUdpMessaging: Warning: StartTransport failed to create multicast socket on 0.0.0.0:0, joined to 230.0.0.1:6666 with TTL 1
[2025.03.25-16.24.07:408][584]LogUdpMessaging: Warning: UDP messaging encountered an error. Auto repair routine started for reinitialization
[2025.03.25-16.24.09:259][598]FUdpSocketBuilder: Failed to subscribe UdpMessageMulticastSocket to multicast group 230.0.0.1 on interface 0.0.0.0
[2025.03.25-16.24.09:259][598]FUdpSocketBuilder: Failed to create and initialize socket UdpMessageMulticastSocket (last error: 0)
[2025.03.25-16.24.09:259][598]LogUdpMessaging: Warning: StartTransport failed to create multicast socket on 0.0.0.0:0, joined to 230.0.0.1:6666 with TTL 1
[2025.03.25-16.24.09:287][598]LogUdpMessaging: Warning: UDP messaging encountered an error. Auto repair routine started for reinitialization
[2025.03.25-16.24.10:814][606]FUdpSocketBuilder: Failed to subscribe UdpMessageMulticastSocket to multicast group 230.0.0.1 on interface 0.0.0.0
[2025.03.25-16.24.10:814][606]FUdpSocketBuilder: Failed to create and initialize socket UdpMessageMulticastSocket (last error: 0)
[2025.03.25-16.24.10:814][606]LogUdpMessaging: Warning: StartTransport failed to create multicast socket on 0.0.0.0:0, joined to 230.0.0.1:6666 with TTL 1
[2025.03.25-16.24.10:842][606]LogUdpMessaging: Warning: UDP messaging encountered an error. Auto repair routine started for reinitialization
[2025.03.25-16.24.11:247][610]LogShaderCompilers: Display: Worker (12/13): shaders left to compile 917
[2025.03.25-16.24.11:248][610]LogShaderCompilers: Display: Started 10 'Local' shader compile jobs with 'Normal' priority
[2025.03.25-16.24.12:823][620]FUdpSocketBuilder: Failed to subscribe UdpMessageMulticastSocket to multicast group 230.0.0.1 on interface 0.0.0.0
[2025.03.25-16.24.12:823][620]FUdpSocketBuilder: Failed to create and initialize socket UdpMessageMulticastSocket (last error: 0)
[2025.03.25-16.24.12:823][620]LogUdpMessaging: Warning: StartTransport failed to create multicast socket on 0.0.0.0:0, joined to 230.0.0.1:6666 with TTL 1
[2025.03.25-16.24.12:856][620]LogUdpMessaging: Warning: UDP messaging encountered an error. Auto repair routine started for reinitialization
[2025.03.25-16.24.14:860][634]LogShaderCompilers: Display: Worker (4/13): shaders left to compile 907
[2025.03.25-16.24.14:862][634]LogShaderCompilers: Display: Started 10 'Local' shader compile jobs with 'Normal' priority
[2025.03.25-16.24.15:102][634]FUdpSocketBuilder: Failed to subscribe UdpMessageMulticastSocket to multicast group 230.0.0.1 on interface 0.0.0.0
[2025.03.25-16.24.15:103][634]FUdpSocketBuilder: Failed to create and initialize socket UdpMessageMulticastSocket (last error: 0)
[2025.03.25-16.24.15:103][634]LogUdpMessaging: Warning: StartTransport failed to create multicast socket on 0.0.0.0:0, joined to 230.0.0.1:6666 with TTL 1
[2025.03.25-16.24.15:144][634]LogUdpMessaging: Warning: UDP messaging encountered an error. Auto repair routine started for reinitialization
[2025.03.25-16.24.17:003][648]FUdpSocketBuilder: Failed to subscribe UdpMessageMulticastSocket to multicast group 230.0.0.1 on interface 0.0.0.0
[2025.03.25-16.24.17:003][648]FUdpSocketBuilder: Failed to create and initialize socket UdpMessageMulticastSocket (last error: 0)
[2025.03.25-16.24.17:004][648]LogUdpMessaging: Warning: StartTransport failed to create multicast socket on 0.0.0.0:0, joined to 230.0.0.1:6666 with TTL 1
[2025.03.25-16.24.17:072][648]LogUdpMessaging: Warning: UDP messaging encountered an error. Auto repair routine started for reinitialization
[2025.03.25-16.24.19:082][666]FUdpSocketBuilder: Failed to subscribe UdpMessageMulticastSocket to multicast group 230.0.0.1 on interface 0.0.0.0
[2025.03.25-16.24.19:082][666]FUdpSocketBuilder: Failed to create and initialize socket UdpMessageMulticastSocket (last error: 0)
[2025.03.25-16.24.19:083][666]LogUdpMessaging: Warning: StartTransport failed to create multicast socket on 0.0.0.0:0, joined to 230.0.0.1:6666 with TTL 1
[2025.03.25-16.24.19:108][666]LogUdpMessaging: Warning: UDP messaging encountered an error. Auto repair routine started for reinitialization
[2025.03.25-16.24.21:214][682]FUdpSocketBuilder: Failed to subscribe UdpMessageMulticastSocket to multicast group 230.0.0.1 on interface 0.0.0.0
[2025.03.25-16.24.21:214][682]FUdpSocketBuilder: Failed to create and initialize socket UdpMessageMulticastSocket (last error: 0)
[2025.03.25-16.24.21:214][682]LogUdpMessaging: Warning: StartTransport failed to create multicast socket on 0.0.0.0:0, joined to 230.0.0.1:6666 with TTL 1
[2025.03.25-16.24.21:245][682]LogUdpMessaging: Warning: UDP messaging encountered an error. Auto repair routine started for reinitialization
[2025.03.25-16.24.23:165][697]FUdpSocketBuilder: Failed to subscribe UdpMessageMulticastSocket to multicast group 230.0.0.1 on interface 0.0.0.0
[2025.03.25-16.24.23:165][697]FUdpSocketBuilder: Failed to create and initialize socket UdpMessageMulticastSocket (last error: 0)
[2025.03.25-16.24.23:165][697]LogUdpMessaging: Warning: StartTransport failed to create multicast socket on 0.0.0.0:0, joined to 230.0.0.1:6666 with TTL 1
[2025.03.25-16.24.23:191][697]LogUdpMessaging: Warning: UDP messaging encountered an error. Auto repair routine started for reinitialization
[2025.03.25-16.24.23:874][705]LogShaderCompilers: Display: Worker (11/13): shaders left to compile 897
[2025.03.25-16.24.23:874][705]LogShaderCompilers: Display: Started 10 'Local' shader compile jobs with 'Normal' priority
[2025.03.25-16.24.25:645][715]FUdpSocketBuilder: Failed to subscribe UdpMessageMulticastSocket to multicast group 230.0.0.1 on interface 0.0.0.0
[2025.03.25-16.24.25:645][715]FUdpSocketBuilder: Failed to create and initialize socket UdpMessageMulticastSocket (last error: 0)
[2025.03.25-16.24.25:648][715]LogUdpMessaging: Warning: StartTransport failed to create multicast socket on 0.0.0.0:0, joined to 230.0.0.1:6666 with TTL 1
[2025.03.25-16.24.25:685][715]LogUdpMessaging: Warning: UDP messaging encountered an error. Auto repair routine started for reinitialization
[2025.03.25-16.24.27:752][729]FUdpSocketBuilder: Failed to subscribe UdpMessageMulticastSocket to multicast group 230.0.0.1 on interface 0.0.0.0
[2025.03.25-16.24.27:752][729]FUdpSocketBuilder: Failed to create and initialize socket UdpMessageMulticastSocket (last error: 0)
[2025.03.25-16.24.27:753][729]LogUdpMessaging: Warning: StartTransport failed to create multicast socket on 0.0.0.0:0, joined to 230.0.0.1:6666 with TTL 1
[2025.03.25-16.24.27:789][729]LogUdpMessaging: Warning: UDP messaging encountered an error. Auto repair routine started for reinitialization
[2025.03.25-16.24.28:547][737]LogShaderCompilers: Display: Worker (5/13): shaders left to compile 887
[2025.03.25-16.24.28:547][737]LogShaderCompilers: Display: Started 10 'Local' shader compile jobs with 'Normal' priority
[2025.03.25-16.24.29:164][738]FUdpSocketBuilder: Failed to subscribe UdpMessageMulticastSocket to multicast group 230.0.0.1 on interface 0.0.0.0
[2025.03.25-16.24.29:165][738]FUdpSocketBuilder: Failed to create and initialize socket UdpMessageMulticastSocket (last error: 0)
[2025.03.25-16.24.29:165][738]LogUdpMessaging: Warning: StartTransport failed to create multicast socket on 0.0.0.0:0, joined to 230.0.0.1:6666 with TTL 1
[2025.03.25-16.24.29:196][738]LogUdpMessaging: Warning: UDP messaging encountered an error. Auto repair routine started for reinitialization
[2025.03.25-16.24.31:355][752]FUdpSocketBuilder: Failed to subscribe UdpMessageMulticastSocket to multicast group 230.0.0.1 on interface 0.0.0.0
[2025.03.25-16.24.31:355][752]FUdpSocketBuilder: Failed to create and initialize socket UdpMessageMulticastSocket (last error: 0)
[2025.03.25-16.24.31:355][752]LogUdpMessaging: Warning: StartTransport failed to create multicast socket on 0.0.0.0:0, joined to 230.0.0.1:6666 with TTL 1
[2025.03.25-16.24.31:380][752]LogUdpMessaging: Warning: UDP messaging encountered an error. Auto repair routine started for reinitialization
[2025.03.25-16.24.33:734][769]FUdpSocketBuilder: Failed to subscribe UdpMessageMulticastSocket to multicast group 230.0.0.1 on interface 0.0.0.0
[2025.03.25-16.24.33:734][769]FUdpSocketBuilder: Failed to create and initialize socket UdpMessageMulticastSocket (last error: 0)
[2025.03.25-16.24.33:734][769]LogUdpMessaging: Warning: StartTransport failed to create multicast socket on 0.0.0.0:0, joined to 230.0.0.1:6666 with TTL 1
[2025.03.25-16.24.33:761][769]LogUdpMessaging: Warning: UDP messaging encountered an error. Auto repair routine started for reinitialization
[2025.03.25-16.24.35:874][787]FUdpSocketBuilder: Failed to subscribe UdpMessageMulticastSocket to multicast group 230.0.0.1 on interface 0.0.0.0
[2025.03.25-16.24.35:874][787]FUdpSocketBuilder: Failed to create and initialize socket UdpMessageMulticastSocket (last error: 0)
[2025.03.25-16.24.35:875][787]LogUdpMessaging: Warning: StartTransport failed to create multicast socket on 0.0.0.0:0, joined to 230.0.0.1:6666 with TTL 1
[2025.03.25-16.24.35:898][787]LogUdpMessaging: Warning: UDP messaging encountered an error. Auto repair routine started for reinitialization
[2025.03.25-16.24.37:879][802]FUdpSocketBuilder: Failed to subscribe UdpMessageMulticastSocket to multicast group 230.0.0.1 on interface 0.0.0.0
[2025.03.25-16.24.37:879][802]FUdpSocketBuilder: Failed to create and initialize socket UdpMessageMulticastSocket (last error: 0)
[2025.03.25-16.24.37:879][802]LogUdpMessaging: Warning: StartTransport failed to create multicast socket on 0.0.0.0:0, joined to 230.0.0.1:6666 with TTL 1
[2025.03.25-16.24.37:908][802]LogUdpMessaging: Warning: UDP messaging encountered an error. Auto repair routine started for reinitialization
[2025.03.25-16.24.39:335][811]FUdpSocketBuilder: Failed to subscribe UdpMessageMulticastSocket to multicast group 230.0.0.1 on interface 0.0.0.0
[2025.03.25-16.24.39:335][811]FUdpSocketBuilder: Failed to create and initialize socket UdpMessageMulticastSocket (last error: 0)
[2025.03.25-16.24.39:335][811]LogUdpMessaging: Warning: StartTransport failed to create multicast socket on 0.0.0.0:0, joined to 230.0.0.1:6666 with TTL 1
[2025.03.25-16.24.39:360][811]LogUdpMessaging: Warning: UDP messaging encountered an error. Auto repair routine started for reinitialization
[2025.03.25-16.24.41:405][825]FUdpSocketBuilder: Failed to subscribe UdpMessageMulticastSocket to multicast group 230.0.0.1 on interface 0.0.0.0
[2025.03.25-16.24.41:405][825]FUdpSocketBuilder: Failed to create and initialize socket UdpMessageMulticastSocket (last error: 0)
[2025.03.25-16.24.41:405][825]LogUdpMessaging: Warning: StartTransport failed to create multicast socket on 0.0.0.0:0, joined to 230.0.0.1:6666 with TTL 1
[2025.03.25-16.24.41:432][825]LogUdpMessaging: Warning: UDP messaging encountered an error. Auto repair routine started for reinitialization
[2025.03.25-16.24.42:663][835]FUdpSocketBuilder: Failed to subscribe UdpMessageMulticastSocket to multicast group 230.0.0.1 on interface 0.0.0.0
[2025.03.25-16.24.42:664][835]FUdpSocketBuilder: Failed to create and initialize socket UdpMessageMulticastSocket (last error: 0)
[2025.03.25-16.24.42:666][835]LogUdpMessaging: Warning: StartTransport failed to create multicast socket on 0.0.0.0:0, joined to 230.0.0.1:6666 with TTL 1
[2025.03.25-16.24.42:694][835]LogUdpMessaging: Warning: UDP messaging encountered an error. Auto repair routine started for reinitialization
[2025.03.25-16.24.44:566][848]LogShaderCompilers: Display: Worker (3/13): shaders left to compile 877
[2025.03.25-16.24.44:566][848]LogShaderCompilers: Display: Started 10 'Local' shader compile jobs with 'Normal' priority
[2025.03.25-16.24.44:736][849]LogHttp: Warning: 00000135E0414100: invalid HTTP response code received. URL: https://datarouter.ol.epicgames.com/datarouter/api/v1/public/data?SessionID=%7BAC57BD79-4736-AD5C-2A4F-79A2FF4A8D07%7D&AppID=UEEditor.Rocket.Release&AppVersion=4.27.2-18319896%2B%2B%2BUE4%2BRelease-4.27&UserID=f5edb87a4dc0f99c13cd37a4f0d6d538%7C71f5ffb38c3f40679d77fb94a2928a28%7C05fba853-d5f3-4c05-a360-9d4811eb48c5&AppEnvironment=datacollector-binary&UploadType=eteventstream, HTTP code: 0, content length: 0, actual payload size: 0
[2025.03.25-16.24.44:739][849]LogHttp: Warning: 00000135E0414100: request failed, libcurl error: 6 (Couldn't resolve host name)
[2025.03.25-16.24.44:739][849]LogHttp: Warning: 00000135E0414100: libcurl info message cache 0 (Could not resolve host: datarouter.ol.epicgames.com)
[2025.03.25-16.24.44:739][849]LogHttp: Warning: 00000135E0414100: libcurl info message cache 1 (Closing connection 6)
[2025.03.25-16.24.45:054][849]FUdpSocketBuilder: Failed to subscribe UdpMessageMulticastSocket to multicast group 230.0.0.1 on interface 0.0.0.0
[2025.03.25-16.24.45:054][849]FUdpSocketBuilder: Failed to create and initialize socket UdpMessageMulticastSocket (last error: 0)
[2025.03.25-16.24.45:054][849]LogUdpMessaging: Warning: StartTransport failed to create multicast socket on 0.0.0.0:0, joined to 230.0.0.1:6666 with TTL 1
[2025.03.25-16.24.45:091][849]LogUdpMessaging: Warning: UDP messaging encountered an error. Auto repair routine started for reinitialization
[2025.03.25-16.24.45:126][850]LogHttp: Warning: Retry exhausted on https://datarouter.ol.epicgames.com/datarouter/api/v1/public/data?SessionID=%7BAC57BD79-4736-AD5C-2A4F-79A2FF4A8D07%7D&AppID=UEEditor.Rocket.Release&AppVersion=4.27.2-18319896%2B%2B%2BUE4%2BRelease-4.27&UserID=f5edb87a4dc0f99c13cd37a4f0d6d538%7C71f5ffb38c3f40679d77fb94a2928a28%7C05fba853-d5f3-4c05-a360-9d4811eb48c5&AppEnvironment=datacollector-binary&UploadType=eteventstream
[2025.03.25-16.24.47:202][864]FUdpSocketBuilder: Failed to subscribe UdpMessageMulticastSocket to multicast group 230.0.0.1 on interface 0.0.0.0
[2025.03.25-16.24.47:203][864]FUdpSocketBuilder: Failed to create and initialize socket UdpMessageMulticastSocket (last error: 0)
[2025.03.25-16.24.47:203][864]LogUdpMessaging: Warning: StartTransport failed to create multicast socket on 0.0.0.0:0, joined to 230.0.0.1:6666 with TTL 1
[2025.03.25-16.24.47:236][864]LogUdpMessaging: Warning: UDP messaging encountered an error. Auto repair routine started for reinitialization
[2025.03.25-16.24.47:734][869]LogShaderCompilers: Display: Worker (10/13): shaders left to compile 867
[2025.03.25-16.24.47:734][869]LogShaderCompilers: Display: Started 10 'Local' shader compile jobs with 'Normal' priority
[2025.03.25-16.24.49:167][875]FUdpSocketBuilder: Failed to subscribe UdpMessageMulticastSocket to multicast group 230.0.0.1 on interface 0.0.0.0
[2025.03.25-16.24.49:167][875]FUdpSocketBuilder: Failed to create and initialize socket UdpMessageMulticastSocket (last error: 0)
[2025.03.25-16.24.49:167][875]LogUdpMessaging: Warning: StartTransport failed to create multicast socket on 0.0.0.0:0, joined to 230.0.0.1:6666 with TTL 1
[2025.03.25-16.24.49:219][875]LogUdpMessaging: Warning: UDP messaging encountered an error. Auto repair routine started for reinitialization
[2025.03.25-16.24.50:266][885]LogShaderCompilers: Display: Worker (6/13): shaders left to compile 857
[2025.03.25-16.24.50:266][885]LogShaderCompilers: Display: Started 10 'Local' shader compile jobs with 'Normal' priority
[2025.03.25-16.24.51:469][891]FUdpSocketBuilder: Failed to subscribe UdpMessageMulticastSocket to multicast group 230.0.0.1 on interface 0.0.0.0
[2025.03.25-16.24.51:470][891]FUdpSocketBuilder: Failed to create and initialize socket UdpMessageMulticastSocket (last error: 0)
[2025.03.25-16.24.51:470][891]LogUdpMessaging: Warning: StartTransport failed to create multicast socket on 0.0.0.0:0, joined to 230.0.0.1:6666 with TTL 1
[2025.03.25-16.24.51:495][891]LogUdpMessaging: Warning: UDP messaging encountered an error. Auto repair routine started for reinitialization
[2025.03.25-16.24.52:718][901]LogShaderCompilers: Display: Worker (8/13): shaders left to compile 847
[2025.03.25-16.24.52:718][901]LogShaderCompilers: Display: Started 10 'Local' shader compile jobs with 'Normal' priority
[2025.03.25-16.24.53:637][904]FUdpSocketBuilder: Failed to subscribe UdpMessageMulticastSocket to multicast group 230.0.0.1 on interface 0.0.0.0
[2025.03.25-16.24.53:637][904]FUdpSocketBuilder: Failed to create and initialize socket UdpMessageMulticastSocket (last error: 0)
[2025.03.25-16.24.53:637][904]LogUdpMessaging: Warning: StartTransport failed to create multicast socket on 0.0.0.0:0, joined to 230.0.0.1:6666 with TTL 1
[2025.03.25-16.24.53:667][904]LogUdpMessaging: Warning: UDP messaging encountered an error. Auto repair routine started for reinitialization
[2025.03.25-16.24.55:707][918]FUdpSocketBuilder: Failed to subscribe UdpMessageMulticastSocket to multicast group 230.0.0.1 on interface 0.0.0.0
[2025.03.25-16.24.55:708][918]FUdpSocketBuilder: Failed to create and initialize socket UdpMessageMulticastSocket (last error: 0)
[2025.03.25-16.24.55:708][918]LogUdpMessaging: Warning: StartTransport failed to create multicast socket on 0.0.0.0:0, joined to 230.0.0.1:6666 with TTL 1
[2025.03.25-16.24.55:734][918]LogUdpMessaging: Warning: UDP messaging encountered an error. Auto repair routine started for reinitialization
[2025.03.25-16.24.56:465][925]LogShaderCompilers: Display: Worker (7/13): shaders left to compile 837
[2025.03.25-16.24.56:465][925]LogShaderCompilers: Display: Started 10 'Local' shader compile jobs with 'Normal' priority
[2025.03.25-16.24.57:250][931]LogShaderCompilers: Display: Worker (2/13): shaders left to compile 827
[2025.03.25-16.24.57:250][931]LogShaderCompilers: Display: Started 10 'Local' shader compile jobs with 'Normal' priority
[2025.03.25-16.24.57:975][934]FUdpSocketBuilder: Failed to subscribe UdpMessageMulticastSocket to multicast group 230.0.0.1 on interface 0.0.0.0
[2025.03.25-16.24.57:975][934]FUdpSocketBuilder: Failed to create and initialize socket UdpMessageMulticastSocket (last error: 0)
[2025.03.25-16.24.57:975][934]LogUdpMessaging: Warning: StartTransport failed to create multicast socket on 0.0.0.0:0, joined to 230.0.0.1:6666 with TTL 1
[2025.03.25-16.24.58:005][934]LogUdpMessaging: Warning: UDP messaging encountered an error. Auto repair routine started for reinitialization
[2025.03.25-16.25.00:267][950]FUdpSocketBuilder: Failed to subscribe UdpMessageMulticastSocket to multicast group 230.0.0.1 on interface 0.0.0.0
[2025.03.25-16.25.00:268][950]FUdpSocketBuilder: Failed to create and initialize socket UdpMessageMulticastSocket (last error: 0)
[2025.03.25-16.25.00:268][950]LogUdpMessaging: Warning: StartTransport failed to create multicast socket on 0.0.0.0:0, joined to 230.0.0.1:6666 with TTL 1
[2025.03.25-16.25.00:291][950]LogUdpMessaging: Warning: UDP messaging encountered an error. Auto repair routine started for reinitialization
[2025.03.25-16.25.01:602][958]FUdpSocketBuilder: Failed to subscribe UdpMessageMulticastSocket to multicast group 230.0.0.1 on interface 0.0.0.0
[2025.03.25-16.25.01:602][958]FUdpSocketBuilder: Failed to create and initialize socket UdpMessageMulticastSocket (last error: 0)
[2025.03.25-16.25.01:602][958]LogUdpMessaging: Warning: StartTransport failed to create multicast socket on 0.0.0.0:0, joined to 230.0.0.1:6666 with TTL 1
[2025.03.25-16.25.01:632][958]LogUdpMessaging: Warning: UDP messaging encountered an error. Auto repair routine started for reinitialization
[2025.03.25-16.25.03:847][976]FUdpSocketBuilder: Failed to subscribe UdpMessageMulticastSocket to multicast group 230.0.0.1 on interface 0.0.0.0
[2025.03.25-16.25.03:847][976]FUdpSocketBuilder: Failed to create and initialize socket UdpMessageMulticastSocket (last error: 0)
[2025.03.25-16.25.03:847][976]LogUdpMessaging: Warning: StartTransport failed to create multicast socket on 0.0.0.0:0, joined to 230.0.0.1:6666 with TTL 1
[2025.03.25-16.25.03:871][976]LogUdpMessaging: Warning: UDP messaging encountered an error. Auto repair routine started for reinitialization
[2025.03.25-16.25.06:036][995]FUdpSocketBuilder: Failed to subscribe UdpMessageMulticastSocket to multicast group 230.0.0.1 on interface 0.0.0.0
[2025.03.25-16.25.06:036][995]FUdpSocketBuilder: Failed to create and initialize socket UdpMessageMulticastSocket (last error: 0)
[2025.03.25-16.25.06:036][995]LogUdpMessaging: Warning: StartTransport failed to create multicast socket on 0.0.0.0:0, joined to 230.0.0.1:6666 with TTL 1
[2025.03.25-16.25.06:076][995]LogUdpMessaging: Warning: UDP messaging encountered an error. Auto repair routine started for reinitialization
[2025.03.25-16.25.07:602][  6]LogShaderCompilers: Display: Worker (11/13): shaders left to compile 817
[2025.03.25-16.25.07:603][  6]LogShaderCompilers: Display: Started 10 'Local' shader compile jobs with 'Normal' priority
[2025.03.25-16.25.08:296][  8]FUdpSocketBuilder: Failed to subscribe UdpMessageMulticastSocket to multicast group 230.0.0.1 on interface 0.0.0.0
[2025.03.25-16.25.08:296][  8]FUdpSocketBuilder: Failed to create and initialize socket UdpMessageMulticastSocket (last error: 0)
[2025.03.25-16.25.08:296][  8]LogUdpMessaging: Warning: StartTransport failed to create multicast socket on 0.0.0.0:0, joined to 230.0.0.1:6666 with TTL 1
[2025.03.25-16.25.08:326][  8]LogUdpMessaging: Warning: UDP messaging encountered an error. Auto repair routine started for reinitialization
[2025.03.25-16.25.10:300][ 27]FUdpSocketBuilder: Failed to subscribe UdpMessageMulticastSocket to multicast group 230.0.0.1 on interface 0.0.0.0
[2025.03.25-16.25.10:300][ 27]FUdpSocketBuilder: Failed to create and initialize socket UdpMessageMulticastSocket (last error: 0)
[2025.03.25-16.25.10:300][ 27]LogUdpMessaging: Warning: StartTransport failed to create multicast socket on 0.0.0.0:0, joined to 230.0.0.1:6666 with TTL 1
[2025.03.25-16.25.10:326][ 27]LogUdpMessaging: Warning: UDP messaging encountered an error. Auto repair routine started for reinitialization
[2025.03.25-16.25.10:826][ 33]LogShaderCompilers: Display: Worker (4/13): shaders left to compile 807
[2025.03.25-16.25.10:826][ 33]LogShaderCompilers: Display: Started 10 'Local' shader compile jobs with 'Normal' priority
[2025.03.25-16.25.12:529][ 41]FUdpSocketBuilder: Failed to subscribe UdpMessageMulticastSocket to multicast group 230.0.0.1 on interface 0.0.0.0
[2025.03.25-16.25.12:530][ 41]FUdpSocketBuilder: Failed to create and initialize socket UdpMessageMulticastSocket (last error: 0)
[2025.03.25-16.25.12:530][ 41]LogUdpMessaging: Warning: StartTransport failed to create multicast socket on 0.0.0.0:0, joined to 230.0.0.1:6666 with TTL 1
[2025.03.25-16.25.12:562][ 41]LogUdpMessaging: Warning: UDP messaging encountered an error. Auto repair routine started for reinitialization
[2025.03.25-16.25.14:928][ 60]FUdpSocketBuilder: Failed to subscribe UdpMessageMulticastSocket to multicast group 230.0.0.1 on interface 0.0.0.0
[2025.03.25-16.25.14:929][ 60]FUdpSocketBuilder: Failed to create and initialize socket UdpMessageMulticastSocket (last error: 0)
[2025.03.25-16.25.14:929][ 60]LogUdpMessaging: Warning: StartTransport failed to create multicast socket on 0.0.0.0:0, joined to 230.0.0.1:6666 with TTL 1
[2025.03.25-16.25.14:964][ 61]LogUdpMessaging: Warning: UDP messaging encountered an error. Auto repair routine started for reinitialization
[2025.03.25-16.25.17:070][ 78]FUdpSocketBuilder: Failed to subscribe UdpMessageMulticastSocket to multicast group 230.0.0.1 on interface 0.0.0.0
[2025.03.25-16.25.17:070][ 78]FUdpSocketBuilder: Failed to create and initialize socket UdpMessageMulticastSocket (last error: 0)
[2025.03.25-16.25.17:071][ 78]LogUdpMessaging: Warning: StartTransport failed to create multicast socket on 0.0.0.0:0, joined to 230.0.0.1:6666 with TTL 1
[2025.03.25-16.25.17:108][ 78]LogUdpMessaging: Warning: UDP messaging encountered an error. Auto repair routine started for reinitialization
[2025.03.25-16.25.18:718][ 91]LogShaderCompilers: Display: Worker (1/13): shaders left to compile 797
[2025.03.25-16.25.18:718][ 91]LogShaderCompilers: Display: Started 10 'Local' shader compile jobs with 'Normal' priority
[2025.03.25-16.25.21:058][ 93]FUdpSocketBuilder: Failed to subscribe UdpMessageMulticastSocket to multicast group 230.0.0.1 on interface 0.0.0.0
[2025.03.25-16.25.21:059][ 93]FUdpSocketBuilder: Failed to create and initialize socket UdpMessageMulticastSocket (last error: 0)
[2025.03.25-16.25.21:059][ 93]LogUdpMessaging: Warning: StartTransport failed to create multicast socket on 0.0.0.0:0, joined to 230.0.0.1:6666 with TTL 1
[2025.03.25-16.25.21:084][ 93]LogUdpMessaging: Warning: UDP messaging encountered an error. Auto repair routine started for reinitialization
[2025.03.25-16.25.22:413][ 98]FUdpSocketBuilder: Failed to subscribe UdpMessageMulticastSocket to multicast group 230.0.0.1 on interface 0.0.0.0
[2025.03.25-16.25.22:413][ 98]FUdpSocketBuilder: Failed to create and initialize socket UdpMessageMulticastSocket (last error: 0)
[2025.03.25-16.25.22:413][ 98]LogUdpMessaging: Warning: StartTransport failed to create multicast socket on 0.0.0.0:0, joined to 230.0.0.1:6666 with TTL 1
[2025.03.25-16.25.22:452][ 98]LogUdpMessaging: Warning: UDP messaging encountered an error. Auto repair routine started for reinitialization
[2025.03.25-16.25.23:830][110]LogShaderCompilers: Display: Worker (12/13): shaders left to compile 787
[2025.03.25-16.25.23:830][110]LogShaderCompilers: Display: Started 10 'Local' shader compile jobs with 'Normal' priority
[2025.03.25-16.25.23:838][110]LogShaderCompilers: Display: Worker (5/13): shaders left to compile 777
[2025.03.25-16.25.23:838][110]LogShaderCompilers: Display: Started 10 'Local' shader compile jobs with 'Normal' priority
[2025.03.25-16.25.24:908][113]FUdpSocketBuilder: Failed to subscribe UdpMessageMulticastSocket to multicast group 230.0.0.1 on interface 0.0.0.0
[2025.03.25-16.25.24:909][113]FUdpSocketBuilder: Failed to create and initialize socket UdpMessageMulticastSocket (last error: 0)
[2025.03.25-16.25.24:909][113]LogUdpMessaging: Warning: StartTransport failed to create multicast socket on 0.0.0.0:0, joined to 230.0.0.1:6666 with TTL 1
[2025.03.25-16.25.24:936][113]LogUdpMessaging: Warning: UDP messaging encountered an error. Auto repair routine started for reinitialization
[2025.03.25-16.25.26:809][126]FUdpSocketBuilder: Failed to subscribe UdpMessageMulticastSocket to multicast group 230.0.0.1 on interface 0.0.0.0
[2025.03.25-16.25.26:810][126]FUdpSocketBuilder: Failed to create and initialize socket UdpMessageMulticastSocket (last error: 0)
[2025.03.25-16.25.26:810][126]LogUdpMessaging: Warning: StartTransport failed to create multicast socket on 0.0.0.0:0, joined to 230.0.0.1:6666 with TTL 1
[2025.03.25-16.25.26:849][126]LogUdpMessaging: Warning: UDP messaging encountered an error. Auto repair routine started for reinitialization
[2025.03.25-16.25.28:975][143]FUdpSocketBuilder: Failed to subscribe UdpMessageMulticastSocket to multicast group 230.0.0.1 on interface 0.0.0.0
[2025.03.25-16.25.28:975][143]FUdpSocketBuilder: Failed to create and initialize socket UdpMessageMulticastSocket (last error: 0)
[2025.03.25-16.25.28:975][143]LogUdpMessaging: Warning: StartTransport failed to create multicast socket on 0.0.0.0:0, joined to 230.0.0.1:6666 with TTL 1
[2025.03.25-16.25.28:999][143]LogUdpMessaging: Warning: UDP messaging encountered an error. Auto repair routine started for reinitialization
[2025.03.25-16.25.30:444][153]FUdpSocketBuilder: Failed to subscribe UdpMessageMulticastSocket to multicast group 230.0.0.1 on interface 0.0.0.0
[2025.03.25-16.25.30:444][153]FUdpSocketBuilder: Failed to create and initialize socket UdpMessageMulticastSocket (last error: 0)
[2025.03.25-16.25.30:444][153]LogUdpMessaging: Warning: StartTransport failed to create multicast socket on 0.0.0.0:0, joined to 230.0.0.1:6666 with TTL 1
[2025.03.25-16.25.30:474][153]LogUdpMessaging: Warning: UDP messaging encountered an error. Auto repair routine started for reinitialization
[2025.03.25-16.25.32:271][167]LogShaderCompilers: Display: Worker (3/13): shaders left to compile 767
[2025.03.25-16.25.32:271][167]LogShaderCompilers: Display: Started 10 'Local' shader compile jobs with 'Normal' priority
[2025.03.25-16.25.32:536][167]FUdpSocketBuilder: Failed to subscribe UdpMessageMulticastSocket to multicast group 230.0.0.1 on interface 0.0.0.0
[2025.03.25-16.25.32:538][167]FUdpSocketBuilder: Failed to create and initialize socket UdpMessageMulticastSocket (last error: 0)
[2025.03.25-16.25.32:538][167]LogUdpMessaging: Warning: StartTransport failed to create multicast socket on 0.0.0.0:0, joined to 230.0.0.1:6666 with TTL 1
[2025.03.25-16.25.32:564][167]LogUdpMessaging: Warning: UDP messaging encountered an error. Auto repair routine started for reinitialization
[2025.03.25-16.25.34:378][178]FUdpSocketBuilder: Failed to subscribe UdpMessageMulticastSocket to multicast group 230.0.0.1 on interface 0.0.0.0
[2025.03.25-16.25.34:378][178]FUdpSocketBuilder: Failed to create and initialize socket UdpMessageMulticastSocket (last error: 0)
[2025.03.25-16.25.34:378][178]LogUdpMessaging: Warning: StartTransport failed to create multicast socket on 0.0.0.0:0, joined to 230.0.0.1:6666 with TTL 1
[2025.03.25-16.25.34:405][178]LogUdpMessaging: Warning: UDP messaging encountered an error. Auto repair routine started for reinitialization
[2025.03.25-16.25.36:394][192]FUdpSocketBuilder: Failed to subscribe UdpMessageMulticastSocket to multicast group 230.0.0.1 on interface 0.0.0.0
[2025.03.25-16.25.36:395][192]FUdpSocketBuilder: Failed to create and initialize socket UdpMessageMulticastSocket (last error: 0)
[2025.03.25-16.25.36:395][192]LogUdpMessaging: Warning: StartTransport failed to create multicast socket on 0.0.0.0:0, joined to 230.0.0.1:6666 with TTL 1
[2025.03.25-16.25.36:427][192]LogUdpMessaging: Warning: UDP messaging encountered an error. Auto repair routine started for reinitialization
[2025.03.25-16.25.36:804][196]LogShaderCompilers: Display: Worker (9/13): shaders left to compile 757
[2025.03.25-16.25.36:805][196]LogShaderCompilers: Display: Started 10 'Local' shader compile jobs with 'Normal' priority
[2025.03.25-16.25.37:945][198]FUdpSocketBuilder: Failed to subscribe UdpMessageMulticastSocket to multicast group 230.0.0.1 on interface 0.0.0.0
[2025.03.25-16.25.37:945][198]FUdpSocketBuilder: Failed to create and initialize socket UdpMessageMulticastSocket (last error: 0)
[2025.03.25-16.25.37:946][198]LogUdpMessaging: Warning: StartTransport failed to create multicast socket on 0.0.0.0:0, joined to 230.0.0.1:6666 with TTL 1
[2025.03.25-16.25.37:975][198]LogUdpMessaging: Warning: UDP messaging encountered an error. Auto repair routine started for reinitialization
[2025.03.25-16.25.39:686][209]FUdpSocketBuilder: Failed to subscribe UdpMessageMulticastSocket to multicast group 230.0.0.1 on interface 0.0.0.0
[2025.03.25-16.25.39:686][209]FUdpSocketBuilder: Failed to create and initialize socket UdpMessageMulticastSocket (last error: 0)
[2025.03.25-16.25.39:686][209]LogUdpMessaging: Warning: StartTransport failed to create multicast socket on 0.0.0.0:0, joined to 230.0.0.1:6666 with TTL 1
[2025.03.25-16.25.39:712][209]LogUdpMessaging: Warning: UDP messaging encountered an error. Auto repair routine started for reinitialization
[2025.03.25-16.25.40:951][219]LogShaderCompilers: Display: Worker (6/13): shaders left to compile 747
[2025.03.25-16.25.40:951][219]LogShaderCompilers: Display: Started 10 'Local' shader compile jobs with 'Normal' priority
[2025.03.25-16.25.41:935][229]FUdpSocketBuilder: Failed to subscribe UdpMessageMulticastSocket to multicast group 230.0.0.1 on interface 0.0.0.0
[2025.03.25-16.25.41:935][229]FUdpSocketBuilder: Failed to create and initialize socket UdpMessageMulticastSocket (last error: 0)
[2025.03.25-16.25.41:935][229]LogUdpMessaging: Warning: StartTransport failed to create multicast socket on 0.0.0.0:0, joined to 230.0.0.1:6666 with TTL 1
[2025.03.25-16.25.41:962][229]LogUdpMessaging: Warning: UDP messaging encountered an error. Auto repair routine started for reinitialization
[2025.03.25-16.25.44:508][247]FUdpSocketBuilder: Failed to subscribe UdpMessageMulticastSocket to multicast group 230.0.0.1 on interface 0.0.0.0
[2025.03.25-16.25.44:508][247]FUdpSocketBuilder: Failed to create and initialize socket UdpMessageMulticastSocket (last error: 0)
[2025.03.25-16.25.44:510][247]LogUdpMessaging: Warning: StartTransport failed to create multicast socket on 0.0.0.0:0, joined to 230.0.0.1:6666 with TTL 1
[2025.03.25-16.25.44:538][247]LogUdpMessaging: Warning: UDP messaging encountered an error. Auto repair routine started for reinitialization
[2025.03.25-16.25.44:578][249]LogHttp: Warning: 00000135C68A0800: invalid HTTP response code received. URL: https://datarouter.ol.epicgames.com/datarouter/api/v1/public/data?SessionID=%7BAC57BD79-4736-AD5C-2A4F-79A2FF4A8D07%7D&AppID=UEEditor.Rocket.Release&AppVersion=4.27.2-18319896%2B%2B%2BUE4%2BRelease-4.27&UserID=f5edb87a4dc0f99c13cd37a4f0d6d538%7C71f5ffb38c3f40679d77fb94a2928a28%7C05fba853-d5f3-4c05-a360-9d4811eb48c5&AppEnvironment=datacollector-binary&UploadType=eteventstream, HTTP code: 0, content length: 0, actual payload size: 0
[2025.03.25-16.25.44:647][249]LogHttp: Warning: 00000135C68A0800: request failed, libcurl error: 6 (Couldn't resolve host name)
[2025.03.25-16.25.44:648][249]LogHttp: Warning: 00000135C68A0800: libcurl info message cache 0 (Could not resolve host: datarouter.ol.epicgames.com)
[2025.03.25-16.25.44:648][249]LogHttp: Warning: 00000135C68A0800: libcurl info message cache 1 (Closing connection 7)
[2025.03.25-16.25.44:784][250]LogHttp: Warning: Retry exhausted on https://datarouter.ol.epicgames.com/datarouter/api/v1/public/data?SessionID=%7BAC57BD79-4736-AD5C-2A4F-79A2FF4A8D07%7D&AppID=UEEditor.Rocket.Release&AppVersion=4.27.2-18319896%2B%2B%2BUE4%2BRelease-4.27&UserID=f5edb87a4dc0f99c13cd37a4f0d6d538%7C71f5ffb38c3f40679d77fb94a2928a28%7C05fba853-d5f3-4c05-a360-9d4811eb48c5&AppEnvironment=datacollector-binary&UploadType=eteventstream
[2025.03.25-16.25.46:450][260]FUdpSocketBuilder: Failed to subscribe UdpMessageMulticastSocket to multicast group 230.0.0.1 on interface 0.0.0.0
[2025.03.25-16.25.46:450][260]FUdpSocketBuilder: Failed to create and initialize socket UdpMessageMulticastSocket (last error: 0)
[2025.03.25-16.25.46:450][260]LogUdpMessaging: Warning: StartTransport failed to create multicast socket on 0.0.0.0:0, joined to 230.0.0.1:6666 with TTL 1
[2025.03.25-16.25.46:491][260]LogUdpMessaging: Warning: UDP messaging encountered an error. Auto repair routine started for reinitialization
[2025.03.25-16.25.47:632][271]LogShaderCompilers: Display: Worker (7/13): shaders left to compile 737
[2025.03.25-16.25.47:632][271]LogShaderCompilers: Display: Started 10 'Local' shader compile jobs with 'Normal' priority
[2025.03.25-16.25.48:513][274]FUdpSocketBuilder: Failed to subscribe UdpMessageMulticastSocket to multicast group 230.0.0.1 on interface 0.0.0.0
[2025.03.25-16.25.48:513][274]FUdpSocketBuilder: Failed to create and initialize socket UdpMessageMulticastSocket (last error: 0)
[2025.03.25-16.25.48:514][274]LogUdpMessaging: Warning: StartTransport failed to create multicast socket on 0.0.0.0:0, joined to 230.0.0.1:6666 with TTL 1
[2025.03.25-16.25.48:539][274]LogUdpMessaging: Warning: UDP messaging encountered an error. Auto repair routine started for reinitialization
[2025.03.25-16.25.50:978][291]FUdpSocketBuilder: Failed to subscribe UdpMessageMulticastSocket to multicast group 230.0.0.1 on interface 0.0.0.0
[2025.03.25-16.25.50:978][291]FUdpSocketBuilder: Failed to create and initialize socket UdpMessageMulticastSocket (last error: 0)
[2025.03.25-16.25.50:979][291]LogUdpMessaging: Warning: StartTransport failed to create multicast socket on 0.0.0.0:0, joined to 230.0.0.1:6666 with TTL 1
[2025.03.25-16.25.51:007][291]LogUdpMessaging: Warning: UDP messaging encountered an error. Auto repair routine started for reinitialization
[2025.03.25-16.25.53:374][307]LogShaderCompilers: Display: Worker (11/13): shaders left to compile 727
[2025.03.25-16.25.53:374][307]LogShaderCompilers: Display: Started 10 'Local' shader compile jobs with 'Normal' priority
[2025.03.25-16.25.53:374][307]FUdpSocketBuilder: Failed to subscribe UdpMessageMulticastSocket to multicast group 230.0.0.1 on interface 0.0.0.0
[2025.03.25-16.25.53:374][307]FUdpSocketBuilder: Failed to create and initialize socket UdpMessageMulticastSocket (last error: 0)
[2025.03.25-16.25.53:375][307]LogUdpMessaging: Warning: StartTransport failed to create multicast socket on 0.0.0.0:0, joined to 230.0.0.1:6666 with TTL 1
[2025.03.25-16.25.53:402][307]LogUdpMessaging: Warning: UDP messaging encountered an error. Auto repair routine started for reinitialization
[2025.03.25-16.25.57:473][318]LogShaderCompilers: Display: Worker (8/13): shaders left to compile 717
[2025.03.25-16.25.57:473][318]LogShaderCompilers: Display: Started 10 'Local' shader compile jobs with 'Normal' priority
[2025.03.25-16.25.58:728][319]FUdpSocketBuilder: Failed to subscribe UdpMessageMulticastSocket to multicast group 230.0.0.1 on interface 0.0.0.0
[2025.03.25-16.25.58:729][319]FUdpSocketBuilder: Failed to create and initialize socket UdpMessageMulticastSocket (last error: 0)
[2025.03.25-16.25.58:729][319]LogUdpMessaging: Warning: StartTransport failed to create multicast socket on 0.0.0.0:0, joined to 230.0.0.1:6666 with TTL 1
[2025.03.25-16.25.58:752][319]LogShaderCompilers: Display: Worker (2/13): shaders left to compile 707
[2025.03.25-16.25.58:753][319]LogShaderCompilers: Display: Started 10 'Local' shader compile jobs with 'Normal' priority
[2025.03.25-16.25.58:764][319]LogUdpMessaging: Warning: UDP messaging encountered an error. Auto repair routine started for reinitialization
[2025.03.25-16.25.58:934][320]LogShaderCompilers: Display: Worker (1/13): shaders left to compile 697
[2025.03.25-16.25.58:935][320]LogShaderCompilers: Display: Started 10 'Local' shader compile jobs with 'Normal' priority
[2025.03.25-16.25.59:662][322]LogShaderCompilers: Display: Worker (10/13): shaders left to compile 687
[2025.03.25-16.25.59:662][322]LogShaderCompilers: Display: Started 10 'Local' shader compile jobs with 'Normal' priority
[2025.03.25-16.26.00:914][325]FUdpSocketBuilder: Failed to subscribe UdpMessageMulticastSocket to multicast group 230.0.0.1 on interface 0.0.0.0
[2025.03.25-16.26.00:914][325]FUdpSocketBuilder: Failed to create and initialize socket UdpMessageMulticastSocket (last error: 0)
[2025.03.25-16.26.00:914][325]LogUdpMessaging: Warning: StartTransport failed to create multicast socket on 0.0.0.0:0, joined to 230.0.0.1:6666 with TTL 1
[2025.03.25-16.26.00:940][325]LogUdpMessaging: Warning: UDP messaging encountered an error. Auto repair routine started for reinitialization
[2025.03.25-16.26.02:037][334]LogShaderCompilers: Display: Worker (4/13): shaders left to compile 677
[2025.03.25-16.26.02:037][334]LogShaderCompilers: Display: Started 10 'Local' shader compile jobs with 'Normal' priority
[2025.03.25-16.26.03:005][339]FUdpSocketBuilder: Failed to subscribe UdpMessageMulticastSocket to multicast group 230.0.0.1 on interface 0.0.0.0
[2025.03.25-16.26.03:005][339]FUdpSocketBuilder: Failed to create and initialize socket UdpMessageMulticastSocket (last error: 0)
[2025.03.25-16.26.03:005][339]LogUdpMessaging: Warning: StartTransport failed to create multicast socket on 0.0.0.0:0, joined to 230.0.0.1:6666 with TTL 1
[2025.03.25-16.26.03:037][340]LogUdpMessaging: Warning: UDP messaging encountered an error. Auto repair routine started for reinitialization
[2025.03.25-16.26.05:026][353]FUdpSocketBuilder: Failed to subscribe UdpMessageMulticastSocket to multicast group 230.0.0.1 on interface 0.0.0.0
[2025.03.25-16.26.05:027][353]FUdpSocketBuilder: Failed to create and initialize socket UdpMessageMulticastSocket (last error: 0)
[2025.03.25-16.26.05:027][353]LogUdpMessaging: Warning: StartTransport failed to create multicast socket on 0.0.0.0:0, joined to 230.0.0.1:6666 with TTL 1
[2025.03.25-16.26.05:056][353]LogUdpMessaging: Warning: UDP messaging encountered an error. Auto repair routine started for reinitialization
[2025.03.25-16.26.07:173][369]FUdpSocketBuilder: Failed to subscribe UdpMessageMulticastSocket to multicast group 230.0.0.1 on interface 0.0.0.0
[2025.03.25-16.26.07:173][369]FUdpSocketBuilder: Failed to create and initialize socket UdpMessageMulticastSocket (last error: 0)
[2025.03.25-16.26.07:174][369]LogUdpMessaging: Warning: StartTransport failed to create multicast socket on 0.0.0.0:0, joined to 230.0.0.1:6666 with TTL 1
[2025.03.25-16.26.07:205][369]LogUdpMessaging: Warning: UDP messaging encountered an error. Auto repair routine started for reinitialization
[2025.03.25-16.26.09:331][386]FUdpSocketBuilder: Failed to subscribe UdpMessageMulticastSocket to multicast group 230.0.0.1 on interface 0.0.0.0
[2025.03.25-16.26.09:331][386]FUdpSocketBuilder: Failed to create and initialize socket UdpMessageMulticastSocket (last error: 0)
[2025.03.25-16.26.09:332][386]LogUdpMessaging: Warning: StartTransport failed to create multicast socket on 0.0.0.0:0, joined to 230.0.0.1:6666 with TTL 1
[2025.03.25-16.26.09:369][386]LogUdpMessaging: Warning: UDP messaging encountered an error. Auto repair routine started for reinitialization
[2025.03.25-16.26.11:776][404]FUdpSocketBuilder: Failed to subscribe UdpMessageMulticastSocket to multicast group 230.0.0.1 on interface 0.0.0.0
[2025.03.25-16.26.11:776][404]FUdpSocketBuilder: Failed to create and initialize socket UdpMessageMulticastSocket (last error: 0)
[2025.03.25-16.26.11:776][404]LogUdpMessaging: Warning: StartTransport failed to create multicast socket on 0.0.0.0:0, joined to 230.0.0.1:6666 with TTL 1
[2025.03.25-16.26.11:799][404]LogUdpMessaging: Warning: UDP messaging encountered an error. Auto repair routine started for reinitialization
[2025.03.25-16.26.13:629][418]FUdpSocketBuilder: Failed to subscribe UdpMessageMulticastSocket to multicast group 230.0.0.1 on interface 0.0.0.0
[2025.03.25-16.26.13:630][418]FUdpSocketBuilder: Failed to create and initialize socket UdpMessageMulticastSocket (last error: 0)
[2025.03.25-16.26.13:630][418]LogUdpMessaging: Warning: StartTransport failed to create multicast socket on 0.0.0.0:0, joined to 230.0.0.1:6666 with TTL 1
[2025.03.25-16.26.13:657][418]LogUdpMessaging: Warning: UDP messaging encountered an error. Auto repair routine started for reinitialization
[2025.03.25-16.26.16:156][436]FUdpSocketBuilder: Failed to subscribe UdpMessageMulticastSocket to multicast group 230.0.0.1 on interface 0.0.0.0
[2025.03.25-16.26.16:156][436]FUdpSocketBuilder: Failed to create and initialize socket UdpMessageMulticastSocket (last error: 0)
[2025.03.25-16.26.16:156][436]LogUdpMessaging: Warning: StartTransport failed to create multicast socket on 0.0.0.0:0, joined to 230.0.0.1:6666 with TTL 1
[2025.03.25-16.26.16:183][436]LogUdpMessaging: Warning: UDP messaging encountered an error. Auto repair routine started for reinitialization
[2025.03.25-16.26.17:908][450]FUdpSocketBuilder: Failed to subscribe UdpMessageMulticastSocket to multicast group 230.0.0.1 on interface 0.0.0.0
[2025.03.25-16.26.17:908][450]FUdpSocketBuilder: Failed to create and initialize socket UdpMessageMulticastSocket (last error: 0)
[2025.03.25-16.26.17:908][450]LogUdpMessaging: Warning: StartTransport failed to create multicast socket on 0.0.0.0:0, joined to 230.0.0.1:6666 with TTL 1
[2025.03.25-16.26.17:977][450]LogUdpMessaging: Warning: UDP messaging encountered an error. Auto repair routine started for reinitialization
[2025.03.25-16.26.20:190][467]FUdpSocketBuilder: Failed to subscribe UdpMessageMulticastSocket to multicast group 230.0.0.1 on interface 0.0.0.0
[2025.03.25-16.26.20:190][467]FUdpSocketBuilder: Failed to create and initialize socket UdpMessageMulticastSocket (last error: 0)
[2025.03.25-16.26.20:190][467]LogUdpMessaging: Warning: StartTransport failed to create multicast socket on 0.0.0.0:0, joined to 230.0.0.1:6666 with TTL 1
[2025.03.25-16.26.20:225][467]LogUdpMessaging: Warning: UDP messaging encountered an error. Auto repair routine started for reinitialization
[2025.03.25-16.26.22:379][485]FUdpSocketBuilder: Failed to subscribe UdpMessageMulticastSocket to multicast group 230.0.0.1 on interface 0.0.0.0
[2025.03.25-16.26.22:379][485]FUdpSocketBuilder: Failed to create and initialize socket UdpMessageMulticastSocket (last error: 0)
[2025.03.25-16.26.22:379][485]LogUdpMessaging: Warning: StartTransport failed to create multicast socket on 0.0.0.0:0, joined to 230.0.0.1:6666 with TTL 1
[2025.03.25-16.26.22:402][485]LogUdpMessaging: Warning: UDP messaging encountered an error. Auto repair routine started for reinitialization
[2025.03.25-16.26.24:335][501]FUdpSocketBuilder: Failed to subscribe UdpMessageMulticastSocket to multicast group 230.0.0.1 on interface 0.0.0.0
[2025.03.25-16.26.24:338][501]FUdpSocketBuilder: Failed to create and initialize socket UdpMessageMulticastSocket (last error: 0)
[2025.03.25-16.26.24:338][501]LogUdpMessaging: Warning: StartTransport failed to create multicast socket on 0.0.0.0:0, joined to 230.0.0.1:6666 with TTL 1
[2025.03.25-16.26.24:372][501]LogUdpMessaging: Warning: UDP messaging encountered an error. Auto repair routine started for reinitialization
[2025.03.25-16.26.26:560][519]FUdpSocketBuilder: Failed to subscribe UdpMessageMulticastSocket to multicast group 230.0.0.1 on interface 0.0.0.0
[2025.03.25-16.26.26:560][519]FUdpSocketBuilder: Failed to create and initialize socket UdpMessageMulticastSocket (last error: 0)
[2025.03.25-16.26.26:560][519]LogUdpMessaging: Warning: StartTransport failed to create multicast socket on 0.0.0.0:0, joined to 230.0.0.1:6666 with TTL 1
[2025.03.25-16.26.26:588][519]LogUdpMessaging: Warning: UDP messaging encountered an error. Auto repair routine started for reinitialization
[2025.03.25-16.26.28:692][536]FUdpSocketBuilder: Failed to subscribe UdpMessageMulticastSocket to multicast group 230.0.0.1 on interface 0.0.0.0
[2025.03.25-16.26.28:692][536]FUdpSocketBuilder: Failed to create and initialize socket UdpMessageMulticastSocket (last error: 0)
[2025.03.25-16.26.28:692][536]LogUdpMessaging: Warning: StartTransport failed to create multicast socket on 0.0.0.0:0, joined to 230.0.0.1:6666 with TTL 1
[2025.03.25-16.26.28:725][536]LogUdpMessaging: Warning: UDP messaging encountered an error. Auto repair routine started for reinitialization
[2025.03.25-16.26.30:750][551]FUdpSocketBuilder: Failed to subscribe UdpMessageMulticastSocket to multicast group 230.0.0.1 on interface 0.0.0.0
[2025.03.25-16.26.30:750][551]FUdpSocketBuilder: Failed to create and initialize socket UdpMessageMulticastSocket (last error: 0)
[2025.03.25-16.26.30:750][551]LogUdpMessaging: Warning: StartTransport failed to create multicast socket on 0.0.0.0:0, joined to 230.0.0.1:6666 with TTL 1
[2025.03.25-16.26.30:787][551]LogUdpMessaging: Warning: UDP messaging encountered an error. Auto repair routine started for reinitialization
[2025.03.25-16.26.33:316][564]FUdpSocketBuilder: Failed to subscribe UdpMessageMulticastSocket to multicast group 230.0.0.1 on interface 0.0.0.0
[2025.03.25-16.26.33:316][564]FUdpSocketBuilder: Failed to create and initialize socket UdpMessageMulticastSocket (last error: 0)
[2025.03.25-16.26.33:316][564]LogUdpMessaging: Warning: StartTransport failed to create multicast socket on 0.0.0.0:0, joined to 230.0.0.1:6666 with TTL 1
[2025.03.25-16.26.33:344][564]LogUdpMessaging: Warning: UDP messaging encountered an error. Auto repair routine started for reinitialization
[2025.03.25-16.26.34:650][570]FUdpSocketBuilder: Failed to subscribe UdpMessageMulticastSocket to multicast group 230.0.0.1 on interface 0.0.0.0
[2025.03.25-16.26.34:651][570]FUdpSocketBuilder: Failed to create and initialize socket UdpMessageMulticastSocket (last error: 0)
[2025.03.25-16.26.34:651][570]LogUdpMessaging: Warning: StartTransport failed to create multicast socket on 0.0.0.0:0, joined to 230.0.0.1:6666 with TTL 1
[2025.03.25-16.26.34:676][570]LogUdpMessaging: Warning: UDP messaging encountered an error. Auto repair routine started for reinitialization
[2025.03.25-16.26.36:299][582]FUdpSocketBuilder: Failed to subscribe UdpMessageMulticastSocket to multicast group 230.0.0.1 on interface 0.0.0.0
[2025.03.25-16.26.36:299][582]FUdpSocketBuilder: Failed to create and initialize socket UdpMessageMulticastSocket (last error: 0)
[2025.03.25-16.26.36:299][582]LogUdpMessaging: Warning: StartTransport failed to create multicast socket on 0.0.0.0:0, joined to 230.0.0.1:6666 with TTL 1
[2025.03.25-16.26.36:330][582]LogUdpMessaging: Warning: UDP messaging encountered an error. Auto repair routine started for reinitialization
[2025.03.25-16.26.38:475][600]FUdpSocketBuilder: Failed to subscribe UdpMessageMulticastSocket to multicast group 230.0.0.1 on interface 0.0.0.0
[2025.03.25-16.26.38:475][600]FUdpSocketBuilder: Failed to create and initialize socket UdpMessageMulticastSocket (last error: 0)
[2025.03.25-16.26.38:475][600]LogUdpMessaging: Warning: StartTransport failed to create multicast socket on 0.0.0.0:0, joined to 230.0.0.1:6666 with TTL 1
[2025.03.25-16.26.38:506][600]LogUdpMessaging: Warning: UDP messaging encountered an error. Auto repair routine started for reinitialization
[2025.03.25-16.26.39:906][610]LogShaderCompilers: Display: Worker (7/13): shaders left to compile 667
[2025.03.25-16.26.39:906][610]LogShaderCompilers: Display: Started 10 'Local' shader compile jobs with 'Normal' priority
[2025.03.25-16.26.39:906][610]LogShaderCompilers: Display: Worker (4/13): shaders left to compile 657
[2025.03.25-16.26.39:906][610]LogShaderCompilers: Display: Started 10 'Local' shader compile jobs with 'Normal' priority
[2025.03.25-16.26.39:907][610]LogShaderCompilers: Display: Worker (1/13): shaders left to compile 647
[2025.03.25-16.26.39:907][610]LogShaderCompilers: Display: Started 10 'Local' shader compile jobs with 'Normal' priority
[2025.03.25-16.26.40:387][612]LogShaderCompilers: Display: Worker (2/13): shaders left to compile 637
[2025.03.25-16.26.40:388][612]LogShaderCompilers: Display: Started 10 'Local' shader compile jobs with 'Normal' priority
[2025.03.25-16.26.40:897][613]LogShaderCompilers: Display: Worker (10/13): shaders left to compile 627
[2025.03.25-16.26.40:897][613]LogShaderCompilers: Display: Started 10 'Local' shader compile jobs with 'Normal' priority
[2025.03.25-16.26.40:898][613]FUdpSocketBuilder: Failed to subscribe UdpMessageMulticastSocket to multicast group 230.0.0.1 on interface 0.0.0.0
[2025.03.25-16.26.40:898][613]FUdpSocketBuilder: Failed to create and initialize socket UdpMessageMulticastSocket (last error: 0)
[2025.03.25-16.26.40:898][613]LogUdpMessaging: Warning: StartTransport failed to create multicast socket on 0.0.0.0:0, joined to 230.0.0.1:6666 with TTL 1
[2025.03.25-16.26.40:924][613]LogUdpMessaging: Warning: UDP messaging encountered an error. Auto repair routine started for reinitialization
[2025.03.25-16.26.42:846][621]FUdpSocketBuilder: Failed to subscribe UdpMessageMulticastSocket to multicast group 230.0.0.1 on interface 0.0.0.0
[2025.03.25-16.26.42:847][621]FUdpSocketBuilder: Failed to create and initialize socket UdpMessageMulticastSocket (last error: 0)
[2025.03.25-16.26.42:847][621]LogUdpMessaging: Warning: StartTransport failed to create multicast socket on 0.0.0.0:0, joined to 230.0.0.1:6666 with TTL 1
[2025.03.25-16.26.42:874][621]LogUdpMessaging: Warning: UDP messaging encountered an error. Auto repair routine started for reinitialization
[2025.03.25-16.26.43:392][626]LogShaderCompilers: Display: Worker (5/13): shaders left to compile 617
[2025.03.25-16.26.43:392][626]LogShaderCompilers: Display: Started 10 'Local' shader compile jobs with 'Normal' priority
[2025.03.25-16.26.44:238][628]FUdpSocketBuilder: Failed to subscribe UdpMessageMulticastSocket to multicast group 230.0.0.1 on interface 0.0.0.0
[2025.03.25-16.26.44:239][628]FUdpSocketBuilder: Failed to create and initialize socket UdpMessageMulticastSocket (last error: 0)
[2025.03.25-16.26.44:239][628]LogUdpMessaging: Warning: StartTransport failed to create multicast socket on 0.0.0.0:0, joined to 230.0.0.1:6666 with TTL 1
[2025.03.25-16.26.44:264][628]LogUdpMessaging: Warning: UDP messaging encountered an error. Auto repair routine started for reinitialization
[2025.03.25-16.26.44:925][631]LogHttp: Warning: 00000135A4047900: invalid HTTP response code received. URL: https://datarouter.ol.epicgames.com/datarouter/api/v1/public/data?SessionID=%7BAC57BD79-4736-AD5C-2A4F-79A2FF4A8D07%7D&AppID=UEEditor.Rocket.Release&AppVersion=4.27.2-18319896%2B%2B%2BUE4%2BRelease-4.27&UserID=f5edb87a4dc0f99c13cd37a4f0d6d538%7C71f5ffb38c3f40679d77fb94a2928a28%7C05fba853-d5f3-4c05-a360-9d4811eb48c5&AppEnvironment=datacollector-binary&UploadType=eteventstream, HTTP code: 0, content length: 0, actual payload size: 0
[2025.03.25-16.26.44:925][631]LogHttp: Warning: 00000135A4047900: request failed, libcurl error: 6 (Couldn't resolve host name)
[2025.03.25-16.26.44:925][631]LogHttp: Warning: 00000135A4047900: libcurl info message cache 0 (Could not resolve host: datarouter.ol.epicgames.com)
[2025.03.25-16.26.44:925][631]LogHttp: Warning: 00000135A4047900: libcurl info message cache 1 (Closing connection 8)
[2025.03.25-16.26.45:135][632]LogHttp: Warning: Retry exhausted on https://datarouter.ol.epicgames.com/datarouter/api/v1/public/data?SessionID=%7BAC57BD79-4736-AD5C-2A4F-79A2FF4A8D07%7D&AppID=UEEditor.Rocket.Release&AppVersion=4.27.2-18319896%2B%2B%2BUE4%2BRelease-4.27&UserID=f5edb87a4dc0f99c13cd37a4f0d6d538%7C71f5ffb38c3f40679d77fb94a2928a28%7C05fba853-d5f3-4c05-a360-9d4811eb48c5&AppEnvironment=datacollector-binary&UploadType=eteventstream
[2025.03.25-16.26.46:286][639]FUdpSocketBuilder: Failed to subscribe UdpMessageMulticastSocket to multicast group 230.0.0.1 on interface 0.0.0.0
[2025.03.25-16.26.46:286][639]FUdpSocketBuilder: Failed to create and initialize socket UdpMessageMulticastSocket (last error: 0)
[2025.03.25-16.26.46:286][639]LogUdpMessaging: Warning: StartTransport failed to create multicast socket on 0.0.0.0:0, joined to 230.0.0.1:6666 with TTL 1
[2025.03.25-16.26.46:313][639]LogUdpMessaging: Warning: UDP messaging encountered an error. Auto repair routine started for reinitialization
[2025.03.25-16.26.47:643][650]FUdpSocketBuilder: Failed to subscribe UdpMessageMulticastSocket to multicast group 230.0.0.1 on interface 0.0.0.0
[2025.03.25-16.26.47:643][650]FUdpSocketBuilder: Failed to create and initialize socket UdpMessageMulticastSocket (last error: 0)
[2025.03.25-16.26.47:643][650]LogUdpMessaging: Warning: StartTransport failed to create multicast socket on 0.0.0.0:0, joined to 230.0.0.1:6666 with TTL 1
[2025.03.25-16.26.47:676][650]LogUdpMessaging: Warning: UDP messaging encountered an error. Auto repair routine started for reinitialization
[2025.03.25-16.26.49:858][666]FUdpSocketBuilder: Failed to subscribe UdpMessageMulticastSocket to multicast group 230.0.0.1 on interface 0.0.0.0
[2025.03.25-16.26.49:858][666]FUdpSocketBuilder: Failed to create and initialize socket UdpMessageMulticastSocket (last error: 0)
[2025.03.25-16.26.49:858][666]LogUdpMessaging: Warning: StartTransport failed to create multicast socket on 0.0.0.0:0, joined to 230.0.0.1:6666 with TTL 1
[2025.03.25-16.26.49:882][666]LogUdpMessaging: Warning: UDP messaging encountered an error. Auto repair routine started for reinitialization
[2025.03.25-16.26.52:218][676]FUdpSocketBuilder: Failed to subscribe UdpMessageMulticastSocket to multicast group 230.0.0.1 on interface 0.0.0.0
[2025.03.25-16.26.52:218][676]FUdpSocketBuilder: Failed to create and initialize socket UdpMessageMulticastSocket (last error: 0)
[2025.03.25-16.26.52:218][676]LogUdpMessaging: Warning: StartTransport failed to create multicast socket on 0.0.0.0:0, joined to 230.0.0.1:6666 with TTL 1
[2025.03.25-16.26.52:247][676]LogUdpMessaging: Warning: UDP messaging encountered an error. Auto repair routine started for reinitialization
[2025.03.25-16.26.54:045][680]FUdpSocketBuilder: Failed to subscribe UdpMessageMulticastSocket to multicast group 230.0.0.1 on interface 0.0.0.0
[2025.03.25-16.26.54:045][680]FUdpSocketBuilder: Failed to create and initialize socket UdpMessageMulticastSocket (last error: 0)
[2025.03.25-16.26.54:045][680]LogUdpMessaging: Warning: StartTransport failed to create multicast socket on 0.0.0.0:0, joined to 230.0.0.1:6666 with TTL 1
[2025.03.25-16.26.54:075][680]LogUdpMessaging: Warning: UDP messaging encountered an error. Auto repair routine started for reinitialization
[2025.03.25-16.26.55:741][689]FUdpSocketBuilder: Failed to subscribe UdpMessageMulticastSocket to multicast group 230.0.0.1 on interface 0.0.0.0
[2025.03.25-16.26.55:742][689]FUdpSocketBuilder: Failed to create and initialize socket UdpMessageMulticastSocket (last error: 0)
[2025.03.25-16.26.55:743][689]LogUdpMessaging: Warning: StartTransport failed to create multicast socket on 0.0.0.0:0, joined to 230.0.0.1:6666 with TTL 1
[2025.03.25-16.26.55:769][689]LogUdpMessaging: Warning: UDP messaging encountered an error. Auto repair routine started for reinitialization
[2025.03.25-16.26.57:853][709]FUdpSocketBuilder: Failed to subscribe UdpMessageMulticastSocket to multicast group 230.0.0.1 on interface 0.0.0.0
[2025.03.25-16.26.57:853][709]FUdpSocketBuilder: Failed to create and initialize socket UdpMessageMulticastSocket (last error: 0)
[2025.03.25-16.26.57:853][709]LogUdpMessaging: Warning: StartTransport failed to create multicast socket on 0.0.0.0:0, joined to 230.0.0.1:6666 with TTL 1
[2025.03.25-16.26.57:884][709]LogUdpMessaging: Warning: UDP messaging encountered an error. Auto repair routine started for reinitialization
[2025.03.25-16.26.58:104][711]LogShaderCompilers: Display: Worker (8/13): shaders left to compile 607
[2025.03.25-16.26.58:146][711]LogShaderCompilers: Display: Started 10 'Local' shader compile jobs with 'Normal' priority
[2025.03.25-16.26.59:605][725]LogShaderCompilers: Display: Worker (3/13): shaders left to compile 597
[2025.03.25-16.26.59:606][725]LogShaderCompilers: Display: Started 10 'Local' shader compile jobs with 'Normal' priority
[2025.03.25-16.27.00:107][726]LogShaderCompilers: Display: Worker (6/13): shaders left to compile 587
[2025.03.25-16.27.00:107][726]LogShaderCompilers: Display: Started 10 'Local' shader compile jobs with 'Normal' priority
[2025.03.25-16.27.00:107][726]FUdpSocketBuilder: Failed to subscribe UdpMessageMulticastSocket to multicast group 230.0.0.1 on interface 0.0.0.0
[2025.03.25-16.27.00:107][726]FUdpSocketBuilder: Failed to create and initialize socket UdpMessageMulticastSocket (last error: 0)
[2025.03.25-16.27.00:107][726]LogUdpMessaging: Warning: StartTransport failed to create multicast socket on 0.0.0.0:0, joined to 230.0.0.1:6666 with TTL 1
[2025.03.25-16.27.00:142][726]LogUdpMessaging: Warning: UDP messaging encountered an error. Auto repair routine started for reinitialization
[2025.03.25-16.27.00:247][727]LogShaderCompilers: Display: Worker (11/13): shaders left to compile 577
[2025.03.25-16.27.00:247][727]LogShaderCompilers: Display: Started 10 'Local' shader compile jobs with 'Normal' priority
[2025.03.25-16.27.01:633][735]LogShaderCompilers: Display: Worker (9/13): shaders left to compile 567
[2025.03.25-16.27.01:634][735]LogShaderCompilers: Display: Started 10 'Local' shader compile jobs with 'Normal' priority
[2025.03.25-16.27.02:486][737]FUdpSocketBuilder: Failed to subscribe UdpMessageMulticastSocket to multicast group 230.0.0.1 on interface 0.0.0.0
[2025.03.25-16.27.02:486][737]FUdpSocketBuilder: Failed to create and initialize socket UdpMessageMulticastSocket (last error: 0)
[2025.03.25-16.27.02:486][737]LogUdpMessaging: Warning: StartTransport failed to create multicast socket on 0.0.0.0:0, joined to 230.0.0.1:6666 with TTL 1
[2025.03.25-16.27.02:513][737]LogUdpMessaging: Warning: UDP messaging encountered an error. Auto repair routine started for reinitialization
[2025.03.25-16.27.04:398][748]FUdpSocketBuilder: Failed to subscribe UdpMessageMulticastSocket to multicast group 230.0.0.1 on interface 0.0.0.0
[2025.03.25-16.27.04:398][748]FUdpSocketBuilder: Failed to create and initialize socket UdpMessageMulticastSocket (last error: 0)
[2025.03.25-16.27.04:398][748]LogUdpMessaging: Warning: StartTransport failed to create multicast socket on 0.0.0.0:0, joined to 230.0.0.1:6666 with TTL 1
[2025.03.25-16.27.04:428][748]LogUdpMessaging: Warning: UDP messaging encountered an error. Auto repair routine started for reinitialization
[2025.03.25-16.27.05:534][758]LogShaderCompilers: Display: Worker (12/13): shaders left to compile 557
[2025.03.25-16.27.05:535][758]LogShaderCompilers: Display: Started 10 'Local' shader compile jobs with 'Normal' priority
[2025.03.25-16.27.05:689][758]LogShaderCompilers: Display: === FShaderJobCache stats ===
[2025.03.25-16.27.05:689][758]LogShaderCompilers: Display: Total job queries 2297, among them cache hits 54 (2.35%)
[2025.03.25-16.27.05:689][758]LogShaderCompilers: Display: Tracking 1576 distinct input hashes that result in 903 distinct outputs (57.30%)
[2025.03.25-16.27.05:689][758]LogShaderCompilers: Display: RAM used: 8.65 MB (0.01 GB) of 819.20 MB (0.80 GB) budget. Usage: 1.06%
[2025.03.25-16.27.05:689][758]LogShaderCompilers: Display: ================================================
[2025.03.25-16.27.06:279][761]LogShaderCompilers: Display: Worker (4/13): shaders left to compile 547
[2025.03.25-16.27.06:280][761]LogShaderCompilers: Display: Started 10 'Local' shader compile jobs with 'Normal' priority
[2025.03.25-16.27.06:503][761]FUdpSocketBuilder: Failed to subscribe UdpMessageMulticastSocket to multicast group 230.0.0.1 on interface 0.0.0.0
[2025.03.25-16.27.06:503][761]FUdpSocketBuilder: Failed to create and initialize socket UdpMessageMulticastSocket (last error: 0)
[2025.03.25-16.27.06:503][761]LogUdpMessaging: Warning: StartTransport failed to create multicast socket on 0.0.0.0:0, joined to 230.0.0.1:6666 with TTL 1
[2025.03.25-16.27.06:532][761]LogUdpMessaging: Warning: UDP messaging encountered an error. Auto repair routine started for reinitialization
[2025.03.25-16.27.08:743][776]FUdpSocketBuilder: Failed to subscribe UdpMessageMulticastSocket to multicast group 230.0.0.1 on interface 0.0.0.0
[2025.03.25-16.27.08:744][776]FUdpSocketBuilder: Failed to create and initialize socket UdpMessageMulticastSocket (last error: 0)
[2025.03.25-16.27.08:744][776]LogUdpMessaging: Warning: StartTransport failed to create multicast socket on 0.0.0.0:0, joined to 230.0.0.1:6666 with TTL 1
[2025.03.25-16.27.08:775][776]LogUdpMessaging: Warning: UDP messaging encountered an error. Auto repair routine started for reinitialization
[2025.03.25-16.27.11:027][793]FUdpSocketBuilder: Failed to subscribe UdpMessageMulticastSocket to multicast group 230.0.0.1 on interface 0.0.0.0
[2025.03.25-16.27.11:027][793]FUdpSocketBuilder: Failed to create and initialize socket UdpMessageMulticastSocket (last error: 0)
[2025.03.25-16.27.11:027][793]LogUdpMessaging: Warning: StartTransport failed to create multicast socket on 0.0.0.0:0, joined to 230.0.0.1:6666 with TTL 1
[2025.03.25-16.27.11:073][793]LogUdpMessaging: Warning: UDP messaging encountered an error. Auto repair routine started for reinitialization
[2025.03.25-16.27.12:869][804]FUdpSocketBuilder: Failed to subscribe UdpMessageMulticastSocket to multicast group 230.0.0.1 on interface 0.0.0.0
[2025.03.25-16.27.12:869][804]FUdpSocketBuilder: Failed to create and initialize socket UdpMessageMulticastSocket (last error: 0)
[2025.03.25-16.27.12:870][804]LogUdpMessaging: Warning: StartTransport failed to create multicast socket on 0.0.0.0:0, joined to 230.0.0.1:6666 with TTL 1
[2025.03.25-16.27.12:894][804]LogUdpMessaging: Warning: UDP messaging encountered an error. Auto repair routine started for reinitialization
[2025.03.25-16.27.15:000][821]FUdpSocketBuilder: Failed to subscribe UdpMessageMulticastSocket to multicast group 230.0.0.1 on interface 0.0.0.0
[2025.03.25-16.27.15:000][821]FUdpSocketBuilder: Failed to create and initialize socket UdpMessageMulticastSocket (last error: 0)
[2025.03.25-16.27.15:000][821]LogUdpMessaging: Warning: StartTransport failed to create multicast socket on 0.0.0.0:0, joined to 230.0.0.1:6666 with TTL 1
[2025.03.25-16.27.15:031][821]LogUdpMessaging: Warning: UDP messaging encountered an error. Auto repair routine started for reinitialization
[2025.03.25-16.27.17:431][834]FUdpSocketBuilder: Failed to subscribe UdpMessageMulticastSocket to multicast group 230.0.0.1 on interface 0.0.0.0
[2025.03.25-16.27.17:432][834]FUdpSocketBuilder: Failed to create and initialize socket UdpMessageMulticastSocket (last error: 0)
[2025.03.25-16.27.17:432][834]LogUdpMessaging: Warning: StartTransport failed to create multicast socket on 0.0.0.0:0, joined to 230.0.0.1:6666 with TTL 1
[2025.03.25-16.27.17:461][834]LogUdpMessaging: Warning: UDP messaging encountered an error. Auto repair routine started for reinitialization
[2025.03.25-16.27.18:934][844]LogShaderCompilers: Display: Worker (5/13): shaders left to compile 537
[2025.03.25-16.27.18:934][844]LogShaderCompilers: Display: Started 10 'Local' shader compile jobs with 'Normal' priority
[2025.03.25-16.27.19:255][845]FUdpSocketBuilder: Failed to subscribe UdpMessageMulticastSocket to multicast group 230.0.0.1 on interface 0.0.0.0
[2025.03.25-16.27.19:255][845]FUdpSocketBuilder: Failed to create and initialize socket UdpMessageMulticastSocket (last error: 0)
[2025.03.25-16.27.19:256][845]LogUdpMessaging: Warning: StartTransport failed to create multicast socket on 0.0.0.0:0, joined to 230.0.0.1:6666 with TTL 1
[2025.03.25-16.27.19:290][845]LogUdpMessaging: Warning: UDP messaging encountered an error. Auto repair routine started for reinitialization
[2025.03.25-16.27.21:742][862]FUdpSocketBuilder: Failed to subscribe UdpMessageMulticastSocket to multicast group 230.0.0.1 on interface 0.0.0.0
[2025.03.25-16.27.21:742][862]FUdpSocketBuilder: Failed to create and initialize socket UdpMessageMulticastSocket (last error: 0)
[2025.03.25-16.27.21:742][862]LogUdpMessaging: Warning: StartTransport failed to create multicast socket on 0.0.0.0:0, joined to 230.0.0.1:6666 with TTL 1
[2025.03.25-16.27.21:782][862]LogUdpMessaging: Warning: UDP messaging encountered an error. Auto repair routine started for reinitialization
[2025.03.25-16.27.23:544][876]FUdpSocketBuilder: Failed to subscribe UdpMessageMulticastSocket to multicast group 230.0.0.1 on interface 0.0.0.0
[2025.03.25-16.27.23:544][876]FUdpSocketBuilder: Failed to create and initialize socket UdpMessageMulticastSocket (last error: 0)
[2025.03.25-16.27.23:545][876]LogUdpMessaging: Warning: StartTransport failed to create multicast socket on 0.0.0.0:0, joined to 230.0.0.1:6666 with TTL 1
[2025.03.25-16.27.23:567][876]LogUdpMessaging: Warning: UDP messaging encountered an error. Auto repair routine started for reinitialization
[2025.03.25-16.27.25:849][894]FUdpSocketBuilder: Failed to subscribe UdpMessageMulticastSocket to multicast group 230.0.0.1 on interface 0.0.0.0
[2025.03.25-16.27.25:849][894]FUdpSocketBuilder: Failed to create and initialize socket UdpMessageMulticastSocket (last error: 0)
[2025.03.25-16.27.25:849][894]LogUdpMessaging: Warning: StartTransport failed to create multicast socket on 0.0.0.0:0, joined to 230.0.0.1:6666 with TTL 1
[2025.03.25-16.27.25:882][894]LogUdpMessaging: Warning: UDP messaging encountered an error. Auto repair routine started for reinitialization
[2025.03.25-16.27.26:310][900]LogShaderCompilers: Display: Worker (7/13): shaders left to compile 527
[2025.03.25-16.27.26:317][900]LogShaderCompilers: Display: Started 10 'Local' shader compile jobs with 'Normal' priority
[2025.03.25-16.27.27:937][911]FUdpSocketBuilder: Failed to subscribe UdpMessageMulticastSocket to multicast group 230.0.0.1 on interface 0.0.0.0
[2025.03.25-16.27.27:937][911]FUdpSocketBuilder: Failed to create and initialize socket UdpMessageMulticastSocket (last error: 0)
[2025.03.25-16.27.27:937][911]LogUdpMessaging: Warning: StartTransport failed to create multicast socket on 0.0.0.0:0, joined to 230.0.0.1:6666 with TTL 1
[2025.03.25-16.27.27:965][911]LogUdpMessaging: Warning: UDP messaging encountered an error. Auto repair routine started for reinitialization
[2025.03.25-16.27.30:204][924]FUdpSocketBuilder: Failed to subscribe UdpMessageMulticastSocket to multicast group 230.0.0.1 on interface 0.0.0.0
[2025.03.25-16.27.30:204][924]FUdpSocketBuilder: Failed to create and initialize socket UdpMessageMulticastSocket (last error: 0)
[2025.03.25-16.27.30:205][924]LogUdpMessaging: Warning: StartTransport failed to create multicast socket on 0.0.0.0:0, joined to 230.0.0.1:6666 with TTL 1
[2025.03.25-16.27.30:237][924]LogUdpMessaging: Warning: UDP messaging encountered an error. Auto repair routine started for reinitialization
[2025.03.25-16.27.32:158][938]FUdpSocketBuilder: Failed to subscribe UdpMessageMulticastSocket to multicast group 230.0.0.1 on interface 0.0.0.0
[2025.03.25-16.27.32:158][938]FUdpSocketBuilder: Failed to create and initialize socket UdpMessageMulticastSocket (last error: 0)
[2025.03.25-16.27.32:158][938]LogUdpMessaging: Warning: StartTransport failed to create multicast socket on 0.0.0.0:0, joined to 230.0.0.1:6666 with TTL 1
[2025.03.25-16.27.32:191][938]LogUdpMessaging: Warning: UDP messaging encountered an error. Auto repair routine started for reinitialization
[2025.03.25-16.27.34:672][956]FUdpSocketBuilder: Failed to subscribe UdpMessageMulticastSocket to multicast group 230.0.0.1 on interface 0.0.0.0
[2025.03.25-16.27.34:673][956]FUdpSocketBuilder: Failed to create and initialize socket UdpMessageMulticastSocket (last error: 0)
[2025.03.25-16.27.34:673][956]LogUdpMessaging: Warning: StartTransport failed to create multicast socket on 0.0.0.0:0, joined to 230.0.0.1:6666 with TTL 1
[2025.03.25-16.27.34:697][956]LogUdpMessaging: Warning: UDP messaging encountered an error. Auto repair routine started for reinitialization
[2025.03.25-16.27.36:457][968]FUdpSocketBuilder: Failed to subscribe UdpMessageMulticastSocket to multicast group 230.0.0.1 on interface 0.0.0.0
[2025.03.25-16.27.36:569][968]FUdpSocketBuilder: Failed to create and initialize socket UdpMessageMulticastSocket (last error: 0)
[2025.03.25-16.27.36:569][968]LogUdpMessaging: Warning: StartTransport failed to create multicast socket on 0.0.0.0:0, joined to 230.0.0.1:6666 with TTL 1
[2025.03.25-16.27.36:606][968]LogUdpMessaging: Warning: UDP messaging encountered an error. Auto repair routine started for reinitialization
[2025.03.25-16.27.38:605][982]FUdpSocketBuilder: Failed to subscribe UdpMessageMulticastSocket to multicast group 230.0.0.1 on interface 0.0.0.0
[2025.03.25-16.27.38:605][982]FUdpSocketBuilder: Failed to create and initialize socket UdpMessageMulticastSocket (last error: 0)
[2025.03.25-16.27.38:605][982]LogUdpMessaging: Warning: StartTransport failed to create multicast socket on 0.0.0.0:0, joined to 230.0.0.1:6666 with TTL 1
[2025.03.25-16.27.38:641][982]LogUdpMessaging: Warning: UDP messaging encountered an error. Auto repair routine started for reinitialization
[2025.03.25-16.27.40:663][  1]FUdpSocketBuilder: Failed to subscribe UdpMessageMulticastSocket to multicast group 230.0.0.1 on interface 0.0.0.0
[2025.03.25-16.27.40:664][  1]FUdpSocketBuilder: Failed to create and initialize socket UdpMessageMulticastSocket (last error: 0)
[2025.03.25-16.27.40:664][  1]LogUdpMessaging: Warning: StartTransport failed to create multicast socket on 0.0.0.0:0, joined to 230.0.0.1:6666 with TTL 1
[2025.03.25-16.27.40:744][  1]LogUdpMessaging: Warning: UDP messaging encountered an error. Auto repair routine started for reinitialization
[2025.03.25-16.27.42:687][ 14]FUdpSocketBuilder: Failed to subscribe UdpMessageMulticastSocket to multicast group 230.0.0.1 on interface 0.0.0.0
[2025.03.25-16.27.42:687][ 14]FUdpSocketBuilder: Failed to create and initialize socket UdpMessageMulticastSocket (last error: 0)
[2025.03.25-16.27.42:693][ 14]LogUdpMessaging: Warning: StartTransport failed to create multicast socket on 0.0.0.0:0, joined to 230.0.0.1:6666 with TTL 1
[2025.03.25-16.27.42:731][ 14]LogUdpMessaging: Warning: UDP messaging encountered an error. Auto repair routine started for reinitialization
[2025.03.25-16.27.45:057][ 29]FUdpSocketBuilder: Failed to subscribe UdpMessageMulticastSocket to multicast group 230.0.0.1 on interface 0.0.0.0
[2025.03.25-16.27.45:057][ 29]FUdpSocketBuilder: Failed to create and initialize socket UdpMessageMulticastSocket (last error: 0)
[2025.03.25-16.27.45:057][ 29]LogUdpMessaging: Warning: StartTransport failed to create multicast socket on 0.0.0.0:0, joined to 230.0.0.1:6666 with TTL 1
[2025.03.25-16.27.45:085][ 29]LogHttp: Warning: 00000135DEE3CF00: invalid HTTP response code received. URL: https://datarouter.ol.epicgames.com/datarouter/api/v1/public/data?SessionID=%7BAC57BD79-4736-AD5C-2A4F-79A2FF4A8D07%7D&AppID=UEEditor.Rocket.Release&AppVersion=4.27.2-18319896%2B%2B%2BUE4%2BRelease-4.27&UserID=f5edb87a4dc0f99c13cd37a4f0d6d538%7C71f5ffb38c3f40679d77fb94a2928a28%7C05fba853-d5f3-4c05-a360-9d4811eb48c5&AppEnvironment=datacollector-binary&UploadType=eteventstream, HTTP code: 0, content length: 0, actual payload size: 0
[2025.03.25-16.27.45:086][ 29]LogHttp: Warning: 00000135DEE3CF00: request failed, libcurl error: 6 (Couldn't resolve host name)
[2025.03.25-16.27.45:086][ 29]LogHttp: Warning: 00000135DEE3CF00: libcurl info message cache 0 (Could not resolve host: datarouter.ol.epicgames.com)
[2025.03.25-16.27.45:086][ 29]LogHttp: Warning: 00000135DEE3CF00: libcurl info message cache 1 (Closing connection 9)
[2025.03.25-16.27.45:092][ 29]LogUdpMessaging: Warning: UDP messaging encountered an error. Auto repair routine started for reinitialization
[2025.03.25-16.27.45:121][ 30]LogHttp: Warning: Retry exhausted on https://datarouter.ol.epicgames.com/datarouter/api/v1/public/data?SessionID=%7BAC57BD79-4736-AD5C-2A4F-79A2FF4A8D07%7D&AppID=UEEditor.Rocket.Release&AppVersion=4.27.2-18319896%2B%2B%2BUE4%2BRelease-4.27&UserID=f5edb87a4dc0f99c13cd37a4f0d6d538%7C71f5ffb38c3f40679d77fb94a2928a28%7C05fba853-d5f3-4c05-a360-9d4811eb48c5&AppEnvironment=datacollector-binary&UploadType=eteventstream
[2025.03.25-16.27.47:049][ 47]FUdpSocketBuilder: Failed to subscribe UdpMessageMulticastSocket to multicast group 230.0.0.1 on interface 0.0.0.0
[2025.03.25-16.27.47:049][ 47]FUdpSocketBuilder: Failed to create and initialize socket UdpMessageMulticastSocket (last error: 0)
[2025.03.25-16.27.47:050][ 47]LogUdpMessaging: Warning: StartTransport failed to create multicast socket on 0.0.0.0:0, joined to 230.0.0.1:6666 with TTL 1
[2025.03.25-16.27.47:093][ 47]LogUdpMessaging: Warning: UDP messaging encountered an error. Auto repair routine started for reinitialization
[2025.03.25-16.27.49:195][ 67]FUdpSocketBuilder: Failed to subscribe UdpMessageMulticastSocket to multicast group 230.0.0.1 on interface 0.0.0.0
[2025.03.25-16.27.49:195][ 67]FUdpSocketBuilder: Failed to create and initialize socket UdpMessageMulticastSocket (last error: 0)
[2025.03.25-16.27.49:196][ 67]LogUdpMessaging: Warning: StartTransport failed to create multicast socket on 0.0.0.0:0, joined to 230.0.0.1:6666 with TTL 1
[2025.03.25-16.27.49:225][ 67]LogUdpMessaging: Warning: UDP messaging encountered an error. Auto repair routine started for reinitialization
[2025.03.25-16.27.51:459][ 83]FUdpSocketBuilder: Failed to subscribe UdpMessageMulticastSocket to multicast group 230.0.0.1 on interface 0.0.0.0
[2025.03.25-16.27.51:460][ 83]FUdpSocketBuilder: Failed to create and initialize socket UdpMessageMulticastSocket (last error: 0)
[2025.03.25-16.27.51:460][ 83]LogUdpMessaging: Warning: StartTransport failed to create multicast socket on 0.0.0.0:0, joined to 230.0.0.1:6666 with TTL 1
[2025.03.25-16.27.51:491][ 83]LogUdpMessaging: Warning: UDP messaging encountered an error. Auto repair routine started for reinitialization
[2025.03.25-16.27.54:151][ 98]FUdpSocketBuilder: Failed to subscribe UdpMessageMulticastSocket to multicast group 230.0.0.1 on interface 0.0.0.0
[2025.03.25-16.27.54:151][ 98]FUdpSocketBuilder: Failed to create and initialize socket UdpMessageMulticastSocket (last error: 0)
[2025.03.25-16.27.54:151][ 98]LogUdpMessaging: Warning: StartTransport failed to create multicast socket on 0.0.0.0:0, joined to 230.0.0.1:6666 with TTL 1
[2025.03.25-16.27.54:184][ 98]LogUdpMessaging: Warning: UDP messaging encountered an error. Auto repair routine started for reinitialization
[2025.03.25-16.27.54:769][102]LogShaderCompilers: Display: Worker (10/13): shaders left to compile 517
[2025.03.25-16.27.54:769][102]LogShaderCompilers: Display: Started 10 'Local' shader compile jobs with 'Normal' priority
[2025.03.25-16.27.56:561][104]FUdpSocketBuilder: Failed to subscribe UdpMessageMulticastSocket to multicast group 230.0.0.1 on interface 0.0.0.0
[2025.03.25-16.27.56:561][104]FUdpSocketBuilder: Failed to create and initialize socket UdpMessageMulticastSocket (last error: 0)
[2025.03.25-16.27.56:561][104]LogUdpMessaging: Warning: StartTransport failed to create multicast socket on 0.0.0.0:0, joined to 230.0.0.1:6666 with TTL 1
[2025.03.25-16.27.56:587][104]LogUdpMessaging: Warning: UDP messaging encountered an error. Auto repair routine started for reinitialization
[2025.03.25-16.27.56:929][105]LogShaderCompilers: Display: Worker (2/13): shaders left to compile 507
[2025.03.25-16.27.56:929][105]LogShaderCompilers: Display: Started 10 'Local' shader compile jobs with 'Normal' priority
[2025.03.25-16.27.59:827][108]FUdpSocketBuilder: Failed to subscribe UdpMessageMulticastSocket to multicast group 230.0.0.1 on interface 0.0.0.0
[2025.03.25-16.27.59:827][108]FUdpSocketBuilder: Failed to create and initialize socket UdpMessageMulticastSocket (last error: 0)
[2025.03.25-16.27.59:827][108]LogUdpMessaging: Warning: StartTransport failed to create multicast socket on 0.0.0.0:0, joined to 230.0.0.1:6666 with TTL 1
[2025.03.25-16.40.41:350][108]LogUdpMessaging: Warning: UDP messaging encountered an error. Auto repair routine started for reinitialization
[2025.03.25-16.40.41:361][108]LogShaderCompilers: Display: === FShaderJobCache stats ===
[2025.03.25-16.40.41:361][108]LogShaderCompilers: Display: Total job queries 2297, among them cache hits 54 (2.35%)
[2025.03.25-16.40.41:361][108]LogShaderCompilers: Display: Tracking 1626 distinct input hashes that result in 923 distinct outputs (56.77%)
[2025.03.25-16.40.41:361][108]LogShaderCompilers: Display: RAM used: 8.92 MB (0.01 GB) of 819.20 MB (0.80 GB) budget. Usage: 1.09%
[2025.03.25-16.40.41:361][108]LogShaderCompilers: Display: ================================================
[2025.03.25-16.40.41:434][111]LogHttp: Warning: 00000135E4385600: invalid HTTP response code received. URL: https://datarouter.ol.epicgames.com/datarouter/api/v1/public/data?SessionID=%7BAC57BD79-4736-AD5C-2A4F-79A2FF4A8D07%7D&AppID=UEEditor.Rocket.Release&AppVersion=4.27.2-18319896%2B%2B%2BUE4%2BRelease-4.27&UserID=f5edb87a4dc0f99c13cd37a4f0d6d538%7C71f5ffb38c3f40679d77fb94a2928a28%7C05fba853-d5f3-4c05-a360-9d4811eb48c5&AppEnvironment=datacollector-binary&UploadType=eteventstream, HTTP code: 0, content length: 0, actual payload size: 0
[2025.03.25-16.40.41:434][111]LogHttp: Warning: 00000135E4385600: request failed, libcurl error: 6 (Couldn't resolve host name)
[2025.03.25-16.40.41:434][111]LogHttp: Warning: 00000135E4385600: libcurl info message cache 0 (Could not resolve host: datarouter.ol.epicgames.com)
[2025.03.25-16.40.41:435][111]LogHttp: Warning: 00000135E4385600: libcurl info message cache 1 (Closing connection 10)
[2025.03.25-16.40.41:450][112]LogHttp: Warning: Retry exhausted on https://datarouter.ol.epicgames.com/datarouter/api/v1/public/data?SessionID=%7BAC57BD79-4736-AD5C-2A4F-79A2FF4A8D07%7D&AppID=UEEditor.Rocket.Release&AppVersion=4.27.2-18319896%2B%2B%2BUE4%2BRelease-4.27&UserID=f5edb87a4dc0f99c13cd37a4f0d6d538%7C71f5ffb38c3f40679d77fb94a2928a28%7C05fba853-d5f3-4c05-a360-9d4811eb48c5&AppEnvironment=datacollector-binary&UploadType=eteventstream
[2025.03.25-16.40.42:001][129]LogShaderCompilers: Display: Worker (8/13): shaders left to compile 497
[2025.03.25-16.40.42:001][129]LogShaderCompilers: Display: Started 10 'Local' shader compile jobs with 'Normal' priority
[2025.03.25-16.40.42:677][137]FUdpSocketBuilder: Failed to subscribe UdpMessageMulticastSocket to multicast group 230.0.0.1 on interface 0.0.0.0
[2025.03.25-16.40.42:677][137]FUdpSocketBuilder: Failed to create and initialize socket UdpMessageMulticastSocket (last error: 0)
[2025.03.25-16.40.42:677][137]LogUdpMessaging: Warning: StartTransport failed to create multicast socket on 0.0.0.0:0, joined to 230.0.0.1:6666 with TTL 1
[2025.03.25-16.40.42:696][137]LogUdpMessaging: Warning: UDP messaging encountered an error. Auto repair routine started for reinitialization
[2025.03.25-16.40.43:624][170]LogShaderCompilers: Display: Worker (9/13): shaders left to compile 487
[2025.03.25-16.40.43:624][170]LogShaderCompilers: Display: Started 10 'Local' shader compile jobs with 'Normal' priority
[2025.03.25-16.40.47:450][192]FUdpSocketBuilder: Failed to subscribe UdpMessageMulticastSocket to multicast group 230.0.0.1 on interface 0.0.0.0
[2025.03.25-16.40.47:450][192]FUdpSocketBuilder: Failed to create and initialize socket UdpMessageMulticastSocket (last error: 0)
[2025.03.25-16.40.47:451][192]LogUdpMessaging: Warning: StartTransport failed to create multicast socket on 0.0.0.0:0, joined to 230.0.0.1:6666 with TTL 1
[2025.03.25-16.40.47:498][192]LogUdpMessaging: Warning: UDP messaging encountered an error. Auto repair routine started for reinitialization
[2025.03.25-16.40.49:274][195]LogShaderCompilers: Display: Worker (6/13): shaders left to compile 477
[2025.03.25-16.40.49:274][195]LogShaderCompilers: Display: Started 10 'Local' shader compile jobs with 'Normal' priority
[2025.03.25-16.40.49:274][195]FUdpSocketBuilder: Failed to subscribe UdpMessageMulticastSocket to multicast group 230.0.0.1 on interface 0.0.0.0
[2025.03.25-16.40.49:274][195]FUdpSocketBuilder: Failed to create and initialize socket UdpMessageMulticastSocket (last error: 0)
[2025.03.25-16.40.49:274][195]LogUdpMessaging: Warning: StartTransport failed to create multicast socket on 0.0.0.0:0, joined to 230.0.0.1:6666 with TTL 1
[2025.03.25-16.40.49:312][195]LogUdpMessaging: Warning: UDP messaging encountered an error. Auto repair routine started for reinitialization
[2025.03.25-16.40.54:516][198]LogShaderCompilers: Display: Worker (1/13): shaders left to compile 467
[2025.03.25-16.40.54:516][198]LogShaderCompilers: Display: Started 10 'Local' shader compile jobs with 'Normal' priority
[2025.03.25-16.40.59:081][199]FUdpSocketBuilder: Failed to subscribe UdpMessageMulticastSocket to multicast group 230.0.0.1 on interface 0.0.0.0
[2025.03.25-16.40.59:082][199]FUdpSocketBuilder: Failed to create and initialize socket UdpMessageMulticastSocket (last error: 0)
[2025.03.25-16.40.59:082][199]LogUdpMessaging: Warning: StartTransport failed to create multicast socket on 0.0.0.0:0, joined to 230.0.0.1:6666 with TTL 1
[2025.03.25-16.40.59:128][199]LogUdpMessaging: Warning: UDP messaging encountered an error. Auto repair routine started for reinitialization
[2025.03.25-16.41.01:148][203]FUdpSocketBuilder: Failed to subscribe UdpMessageMulticastSocket to multicast group 230.0.0.1 on interface 0.0.0.0
[2025.03.25-16.41.01:148][203]FUdpSocketBuilder: Failed to create and initialize socket UdpMessageMulticastSocket (last error: 0)
[2025.03.25-16.41.01:148][203]LogUdpMessaging: Warning: StartTransport failed to create multicast socket on 0.0.0.0:0, joined to 230.0.0.1:6666 with TTL 1
[2025.03.25-16.41.01:176][203]LogUdpMessaging: Warning: UDP messaging encountered an error. Auto repair routine started for reinitialization
[2025.03.25-16.41.02:714][213]FUdpSocketBuilder: Failed to subscribe UdpMessageMulticastSocket to multicast group 230.0.0.1 on interface 0.0.0.0
[2025.03.25-16.41.02:714][213]FUdpSocketBuilder: Failed to create and initialize socket UdpMessageMulticastSocket (last error: 0)
[2025.03.25-16.41.02:714][213]LogUdpMessaging: Warning: StartTransport failed to create multicast socket on 0.0.0.0:0, joined to 230.0.0.1:6666 with TTL 1
[2025.03.25-16.41.02:743][213]LogUdpMessaging: Warning: UDP messaging encountered an error. Auto repair routine started for reinitialization
[2025.03.25-16.41.05:034][225]FUdpSocketBuilder: Failed to subscribe UdpMessageMulticastSocket to multicast group 230.0.0.1 on interface 0.0.0.0
[2025.03.25-16.41.05:034][225]FUdpSocketBuilder: Failed to create and initialize socket UdpMessageMulticastSocket (last error: 0)
[2025.03.25-16.41.05:034][225]LogUdpMessaging: Warning: StartTransport failed to create multicast socket on 0.0.0.0:0, joined to 230.0.0.1:6666 with TTL 1
[2025.03.25-16.41.05:076][226]LogUdpMessaging: Warning: UDP messaging encountered an error. Auto repair routine started for reinitialization
[2025.03.25-16.41.07:019][236]FUdpSocketBuilder: Failed to subscribe UdpMessageMulticastSocket to multicast group 230.0.0.1 on interface 0.0.0.0
[2025.03.25-16.41.07:019][236]FUdpSocketBuilder: Failed to create and initialize socket UdpMessageMulticastSocket (last error: 0)
[2025.03.25-16.41.07:019][236]LogUdpMessaging: Warning: StartTransport failed to create multicast socket on 0.0.0.0:0, joined to 230.0.0.1:6666 with TTL 1
[2025.03.25-16.41.07:056][236]LogUdpMessaging: Warning: UDP messaging encountered an error. Auto repair routine started for reinitialization
[2025.03.25-16.41.09:219][247]FUdpSocketBuilder: Failed to subscribe UdpMessageMulticastSocket to multicast group 230.0.0.1 on interface 0.0.0.0
[2025.03.25-16.41.09:219][247]FUdpSocketBuilder: Failed to create and initialize socket UdpMessageMulticastSocket (last error: 0)
[2025.03.25-16.41.09:220][247]LogUdpMessaging: Warning: StartTransport failed to create multicast socket on 0.0.0.0:0, joined to 230.0.0.1:6666 with TTL 1
[2025.03.25-16.41.09:248][247]LogUdpMessaging: Warning: UDP messaging encountered an error. Auto repair routine started for reinitialization
[2025.03.25-16.41.11:295][266]FUdpSocketBuilder: Failed to subscribe UdpMessageMulticastSocket to multicast group 230.0.0.1 on interface 0.0.0.0
[2025.03.25-16.41.11:296][266]FUdpSocketBuilder: Failed to create and initialize socket UdpMessageMulticastSocket (last error: 0)
[2025.03.25-16.41.11:296][266]LogUdpMessaging: Warning: StartTransport failed to create multicast socket on 0.0.0.0:0, joined to 230.0.0.1:6666 with TTL 1
[2025.03.25-16.41.11:326][266]LogUdpMessaging: Warning: UDP messaging encountered an error. Auto repair routine started for reinitialization
[2025.03.25-16.41.13:523][281]FUdpSocketBuilder: Failed to subscribe UdpMessageMulticastSocket to multicast group 230.0.0.1 on interface 0.0.0.0
[2025.03.25-16.41.13:523][281]FUdpSocketBuilder: Failed to create and initialize socket UdpMessageMulticastSocket (last error: 0)
[2025.03.25-16.41.13:524][281]LogUdpMessaging: Warning: StartTransport failed to create multicast socket on 0.0.0.0:0, joined to 230.0.0.1:6666 with TTL 1
[2025.03.25-16.41.13:554][281]LogUdpMessaging: Warning: UDP messaging encountered an error. Auto repair routine started for reinitialization
[2025.03.25-16.41.15:606][295]FUdpSocketBuilder: Failed to subscribe UdpMessageMulticastSocket to multicast group 230.0.0.1 on interface 0.0.0.0
[2025.03.25-16.41.15:606][295]FUdpSocketBuilder: Failed to create and initialize socket UdpMessageMulticastSocket (last error: 0)
[2025.03.25-16.41.15:607][295]LogUdpMessaging: Warning: StartTransport failed to create multicast socket on 0.0.0.0:0, joined to 230.0.0.1:6666 with TTL 1
[2025.03.25-16.41.15:637][295]LogUdpMessaging: Warning: UDP messaging encountered an error. Auto repair routine started for reinitialization
[2025.03.25-16.41.17:852][311]FUdpSocketBuilder: Failed to subscribe UdpMessageMulticastSocket to multicast group 230.0.0.1 on interface 0.0.0.0
[2025.03.25-16.41.17:853][311]FUdpSocketBuilder: Failed to create and initialize socket UdpMessageMulticastSocket (last error: 0)
[2025.03.25-16.41.17:853][311]LogUdpMessaging: Warning: StartTransport failed to create multicast socket on 0.0.0.0:0, joined to 230.0.0.1:6666 with TTL 1
[2025.03.25-16.41.17:887][311]LogUdpMessaging: Warning: UDP messaging encountered an error. Auto repair routine started for reinitialization
[2025.03.25-16.41.19:214][316]FUdpSocketBuilder: Failed to subscribe UdpMessageMulticastSocket to multicast group 230.0.0.1 on interface 0.0.0.0
[2025.03.25-16.41.19:214][316]FUdpSocketBuilder: Failed to create and initialize socket UdpMessageMulticastSocket (last error: 0)
[2025.03.25-16.41.19:214][316]LogUdpMessaging: Warning: StartTransport failed to create multicast socket on 0.0.0.0:0, joined to 230.0.0.1:6666 with TTL 1
[2025.03.25-16.41.19:247][316]LogUdpMessaging: Warning: UDP messaging encountered an error. Auto repair routine started for reinitialization
[2025.03.25-16.41.21:152][326]FUdpSocketBuilder: Failed to subscribe UdpMessageMulticastSocket to multicast group 230.0.0.1 on interface 0.0.0.0
[2025.03.25-16.41.21:152][326]FUdpSocketBuilder: Failed to create and initialize socket UdpMessageMulticastSocket (last error: 0)
[2025.03.25-16.41.21:152][326]LogUdpMessaging: Warning: StartTransport failed to create multicast socket on 0.0.0.0:0, joined to 230.0.0.1:6666 with TTL 1
[2025.03.25-16.41.21:188][326]LogUdpMessaging: Warning: UDP messaging encountered an error. Auto repair routine started for reinitialization
[2025.03.25-16.41.23:192][337]FUdpSocketBuilder: Failed to subscribe UdpMessageMulticastSocket to multicast group 230.0.0.1 on interface 0.0.0.0
[2025.03.25-16.41.23:192][337]FUdpSocketBuilder: Failed to create and initialize socket UdpMessageMulticastSocket (last error: 0)
[2025.03.25-16.41.23:193][337]LogUdpMessaging: Warning: StartTransport failed to create multicast socket on 0.0.0.0:0, joined to 230.0.0.1:6666 with TTL 1
[2025.03.25-16.41.23:229][337]LogUdpMessaging: Warning: UDP messaging encountered an error. Auto repair routine started for reinitialization
[2025.03.25-16.41.25:296][353]LogShaderCompilers: Display: Worker (5/13): shaders left to compile 457
[2025.03.25-16.41.25:297][353]LogShaderCompilers: Display: Started 10 'Local' shader compile jobs with 'Normal' priority
[2025.03.25-16.41.25:950][354]FUdpSocketBuilder: Failed to subscribe UdpMessageMulticastSocket to multicast group 230.0.0.1 on interface 0.0.0.0
[2025.03.25-16.41.25:950][354]FUdpSocketBuilder: Failed to create and initialize socket UdpMessageMulticastSocket (last error: 0)
[2025.03.25-16.41.25:951][354]LogUdpMessaging: Warning: StartTransport failed to create multicast socket on 0.0.0.0:0, joined to 230.0.0.1:6666 with TTL 1
[2025.03.25-16.41.25:982][354]LogUdpMessaging: Warning: UDP messaging encountered an error. Auto repair routine started for reinitialization
[2025.03.25-16.41.27:946][365]FUdpSocketBuilder: Failed to subscribe UdpMessageMulticastSocket to multicast group 230.0.0.1 on interface 0.0.0.0
[2025.03.25-16.41.27:946][365]FUdpSocketBuilder: Failed to create and initialize socket UdpMessageMulticastSocket (last error: 0)
[2025.03.25-16.41.27:946][365]LogUdpMessaging: Warning: StartTransport failed to create multicast socket on 0.0.0.0:0, joined to 230.0.0.1:6666 with TTL 1
[2025.03.25-16.41.27:980][365]LogUdpMessaging: Warning: UDP messaging encountered an error. Auto repair routine started for reinitialization
[2025.03.25-16.41.29:487][370]FUdpSocketBuilder: Failed to subscribe UdpMessageMulticastSocket to multicast group 230.0.0.1 on interface 0.0.0.0
[2025.03.25-16.41.29:487][370]FUdpSocketBuilder: Failed to create and initialize socket UdpMessageMulticastSocket (last error: 0)
[2025.03.25-16.41.29:487][370]LogUdpMessaging: Warning: StartTransport failed to create multicast socket on 0.0.0.0:0, joined to 230.0.0.1:6666 with TTL 1
[2025.03.25-16.41.29:523][370]LogUdpMessaging: Warning: UDP messaging encountered an error. Auto repair routine started for reinitialization
[2025.03.25-16.41.31:448][377]FUdpSocketBuilder: Failed to subscribe UdpMessageMulticastSocket to multicast group 230.0.0.1 on interface 0.0.0.0
[2025.03.25-16.41.31:448][377]FUdpSocketBuilder: Failed to create and initialize socket UdpMessageMulticastSocket (last error: 0)
[2025.03.25-16.41.31:448][377]LogUdpMessaging: Warning: StartTransport failed to create multicast socket on 0.0.0.0:0, joined to 230.0.0.1:6666 with TTL 1
[2025.03.25-16.41.31:479][377]LogUdpMessaging: Warning: UDP messaging encountered an error. Auto repair routine started for reinitialization
[2025.03.25-16.41.32:715][384]FUdpSocketBuilder: Failed to subscribe UdpMessageMulticastSocket to multicast group 230.0.0.1 on interface 0.0.0.0
[2025.03.25-16.41.32:716][384]FUdpSocketBuilder: Failed to create and initialize socket UdpMessageMulticastSocket (last error: 0)
[2025.03.25-16.41.32:716][384]LogUdpMessaging: Warning: StartTransport failed to create multicast socket on 0.0.0.0:0, joined to 230.0.0.1:6666 with TTL 1
[2025.03.25-16.41.32:741][384]LogUdpMessaging: Warning: UDP messaging encountered an error. Auto repair routine started for reinitialization
[2025.03.25-16.41.34:661][394]FUdpSocketBuilder: Failed to subscribe UdpMessageMulticastSocket to multicast group 230.0.0.1 on interface 0.0.0.0
[2025.03.25-16.41.34:662][394]FUdpSocketBuilder: Failed to create and initialize socket UdpMessageMulticastSocket (last error: 0)
[2025.03.25-16.41.34:664][394]LogUdpMessaging: Warning: StartTransport failed to create multicast socket on 0.0.0.0:0, joined to 230.0.0.1:6666 with TTL 1
[2025.03.25-16.41.34:691][394]LogUdpMessaging: Warning: UDP messaging encountered an error. Auto repair routine started for reinitialization
[2025.03.25-16.41.37:195][408]FUdpSocketBuilder: Failed to subscribe UdpMessageMulticastSocket to multicast group 230.0.0.1 on interface 0.0.0.0
[2025.03.25-16.41.37:195][408]FUdpSocketBuilder: Failed to create and initialize socket UdpMessageMulticastSocket (last error: 0)
[2025.03.25-16.41.37:196][408]LogUdpMessaging: Warning: StartTransport failed to create multicast socket on 0.0.0.0:0, joined to 230.0.0.1:6666 with TTL 1
[2025.03.25-16.41.37:232][408]LogUdpMessaging: Warning: UDP messaging encountered an error. Auto repair routine started for reinitialization
[2025.03.25-16.41.39:075][420]FUdpSocketBuilder: Failed to subscribe UdpMessageMulticastSocket to multicast group 230.0.0.1 on interface 0.0.0.0
[2025.03.25-16.41.39:075][420]FUdpSocketBuilder: Failed to create and initialize socket UdpMessageMulticastSocket (last error: 0)
[2025.03.25-16.41.39:075][420]LogUdpMessaging: Warning: StartTransport failed to create multicast socket on 0.0.0.0:0, joined to 230.0.0.1:6666 with TTL 1
[2025.03.25-16.41.39:102][420]LogUdpMessaging: Warning: UDP messaging encountered an error. Auto repair routine started for reinitialization
[2025.03.25-16.41.41:152][435]FUdpSocketBuilder: Failed to subscribe UdpMessageMulticastSocket to multicast group 230.0.0.1 on interface 0.0.0.0
[2025.03.25-16.41.41:153][435]FUdpSocketBuilder: Failed to create and initialize socket UdpMessageMulticastSocket (last error: 0)
[2025.03.25-16.41.41:153][435]LogUdpMessaging: Warning: StartTransport failed to create multicast socket on 0.0.0.0:0, joined to 230.0.0.1:6666 with TTL 1
[2025.03.25-16.41.41:193][435]LogUdpMessaging: Warning: UDP messaging encountered an error. Auto repair routine started for reinitialization
[2025.03.25-16.41.43:578][447]FUdpSocketBuilder: Failed to subscribe UdpMessageMulticastSocket to multicast group 230.0.0.1 on interface 0.0.0.0
[2025.03.25-16.41.43:579][447]FUdpSocketBuilder: Failed to create and initialize socket UdpMessageMulticastSocket (last error: 0)
[2025.03.25-16.41.43:579][447]LogUdpMessaging: Warning: StartTransport failed to create multicast socket on 0.0.0.0:0, joined to 230.0.0.1:6666 with TTL 1
[2025.03.25-16.41.43:604][447]LogUdpMessaging: Warning: UDP messaging encountered an error. Auto repair routine started for reinitialization
[2025.03.25-16.41.45:528][461]FUdpSocketBuilder: Failed to subscribe UdpMessageMulticastSocket to multicast group 230.0.0.1 on interface 0.0.0.0
[2025.03.25-16.41.45:528][461]FUdpSocketBuilder: Failed to create and initialize socket UdpMessageMulticastSocket (last error: 0)
[2025.03.25-16.41.45:529][461]LogUdpMessaging: Warning: StartTransport failed to create multicast socket on 0.0.0.0:0, joined to 230.0.0.1:6666 with TTL 1
[2025.03.25-16.41.45:579][461]LogUdpMessaging: Warning: UDP messaging encountered an error. Auto repair routine started for reinitialization
[2025.03.25-16.41.48:013][476]FUdpSocketBuilder: Failed to subscribe UdpMessageMulticastSocket to multicast group 230.0.0.1 on interface 0.0.0.0
[2025.03.25-16.41.48:013][476]FUdpSocketBuilder: Failed to create and initialize socket UdpMessageMulticastSocket (last error: 0)
[2025.03.25-16.41.48:018][476]LogUdpMessaging: Warning: StartTransport failed to create multicast socket on 0.0.0.0:0, joined to 230.0.0.1:6666 with TTL 1
[2025.03.25-16.41.48:044][476]LogUdpMessaging: Warning: UDP messaging encountered an error. Auto repair routine started for reinitialization
[2025.03.25-16.41.49:818][480]FUdpSocketBuilder: Failed to subscribe UdpMessageMulticastSocket to multicast group 230.0.0.1 on interface 0.0.0.0
[2025.03.25-16.41.49:818][480]FUdpSocketBuilder: Failed to create and initialize socket UdpMessageMulticastSocket (last error: 0)
[2025.03.25-16.41.49:818][480]LogUdpMessaging: Warning: StartTransport failed to create multicast socket on 0.0.0.0:0, joined to 230.0.0.1:6666 with TTL 1
[2025.03.25-16.41.49:872][480]LogUdpMessaging: Warning: UDP messaging encountered an error. Auto repair routine started for reinitialization
[2025.03.25-16.41.51:402][487]FUdpSocketBuilder: Failed to subscribe UdpMessageMulticastSocket to multicast group 230.0.0.1 on interface 0.0.0.0
[2025.03.25-16.41.51:402][487]FUdpSocketBuilder: Failed to create and initialize socket UdpMessageMulticastSocket (last error: 0)
[2025.03.25-16.41.51:422][487]LogUdpMessaging: Warning: StartTransport failed to create multicast socket on 0.0.0.0:0, joined to 230.0.0.1:6666 with TTL 1
[2025.03.25-16.41.51:471][487]LogUdpMessaging: Warning: UDP messaging encountered an error. Auto repair routine started for reinitialization
[2025.03.25-16.41.53:237][491]FUdpSocketBuilder: Failed to subscribe UdpMessageMulticastSocket to multicast group 230.0.0.1 on interface 0.0.0.0
[2025.03.25-16.41.53:238][491]FUdpSocketBuilder: Failed to create and initialize socket UdpMessageMulticastSocket (last error: 0)
[2025.03.25-16.41.53:238][491]LogUdpMessaging: Warning: StartTransport failed to create multicast socket on 0.0.0.0:0, joined to 230.0.0.1:6666 with TTL 1
[2025.03.25-16.41.53:277][491]LogUdpMessaging: Warning: UDP messaging encountered an error. Auto repair routine started for reinitialization
[2025.03.25-16.41.55:142][498]FUdpSocketBuilder: Failed to subscribe UdpMessageMulticastSocket to multicast group 230.0.0.1 on interface 0.0.0.0
[2025.03.25-16.41.55:143][498]FUdpSocketBuilder: Failed to create and initialize socket UdpMessageMulticastSocket (last error: 0)
[2025.03.25-16.41.55:143][498]LogUdpMessaging: Warning: StartTransport failed to create multicast socket on 0.0.0.0:0, joined to 230.0.0.1:6666 with TTL 1
[2025.03.25-16.41.55:176][498]LogUdpMessaging: Warning: UDP messaging encountered an error. Auto repair routine started for reinitialization
[2025.03.25-16.41.57:654][515]FUdpSocketBuilder: Failed to subscribe UdpMessageMulticastSocket to multicast group 230.0.0.1 on interface 0.0.0.0
[2025.03.25-16.41.57:654][515]FUdpSocketBuilder: Failed to create and initialize socket UdpMessageMulticastSocket (last error: 0)
[2025.03.25-16.41.57:654][515]LogUdpMessaging: Warning: StartTransport failed to create multicast socket on 0.0.0.0:0, joined to 230.0.0.1:6666 with TTL 1
[2025.03.25-16.41.57:678][515]LogUdpMessaging: Warning: UDP messaging encountered an error. Auto repair routine started for reinitialization
[2025.03.25-16.41.59:407][523]FUdpSocketBuilder: Failed to subscribe UdpMessageMulticastSocket to multicast group 230.0.0.1 on interface 0.0.0.0
[2025.03.25-16.41.59:408][523]FUdpSocketBuilder: Failed to create and initialize socket UdpMessageMulticastSocket (last error: 0)
[2025.03.25-16.41.59:408][523]LogUdpMessaging: Warning: StartTransport failed to create multicast socket on 0.0.0.0:0, joined to 230.0.0.1:6666 with TTL 1
[2025.03.25-16.41.59:446][523]LogUdpMessaging: Warning: UDP messaging encountered an error. Auto repair routine started for reinitialization
[2025.03.25-16.42.01:603][534]FUdpSocketBuilder: Failed to subscribe UdpMessageMulticastSocket to multicast group 230.0.0.1 on interface 0.0.0.0
[2025.03.25-16.42.01:603][534]FUdpSocketBuilder: Failed to create and initialize socket UdpMessageMulticastSocket (last error: 0)
[2025.03.25-16.42.01:603][534]LogUdpMessaging: Warning: StartTransport failed to create multicast socket on 0.0.0.0:0, joined to 230.0.0.1:6666 with TTL 1
[2025.03.25-16.42.01:643][534]LogUdpMessaging: Warning: UDP messaging encountered an error. Auto repair routine started for reinitialization
[2025.03.25-16.42.03:607][549]FUdpSocketBuilder: Failed to subscribe UdpMessageMulticastSocket to multicast group 230.0.0.1 on interface 0.0.0.0
[2025.03.25-16.42.03:607][549]FUdpSocketBuilder: Failed to create and initialize socket UdpMessageMulticastSocket (last error: 0)
[2025.03.25-16.42.03:607][549]LogUdpMessaging: Warning: StartTransport failed to create multicast socket on 0.0.0.0:0, joined to 230.0.0.1:6666 with TTL 1
[2025.03.25-16.42.03:666][549]LogUdpMessaging: Warning: UDP messaging encountered an error. Auto repair routine started for reinitialization
[2025.03.25-16.42.05:745][561]FUdpSocketBuilder: Failed to subscribe UdpMessageMulticastSocket to multicast group 230.0.0.1 on interface 0.0.0.0
[2025.03.25-16.42.05:745][561]FUdpSocketBuilder: Failed to create and initialize socket UdpMessageMulticastSocket (last error: 0)
[2025.03.25-16.42.05:746][561]LogUdpMessaging: Warning: StartTransport failed to create multicast socket on 0.0.0.0:0, joined to 230.0.0.1:6666 with TTL 1
[2025.03.25-16.42.05:777][561]LogUdpMessaging: Warning: UDP messaging encountered an error. Auto repair routine started for reinitialization
[2025.03.25-16.42.08:048][573]FUdpSocketBuilder: Failed to subscribe UdpMessageMulticastSocket to multicast group 230.0.0.1 on interface 0.0.0.0
[2025.03.25-16.42.08:048][573]FUdpSocketBuilder: Failed to create and initialize socket UdpMessageMulticastSocket (last error: 0)
[2025.03.25-16.42.08:049][573]LogUdpMessaging: Warning: StartTransport failed to create multicast socket on 0.0.0.0:0, joined to 230.0.0.1:6666 with TTL 1
[2025.03.25-16.42.08:073][573]LogUdpMessaging: Warning: UDP messaging encountered an error. Auto repair routine started for reinitialization
[2025.03.25-16.42.09:282][579]LogHttp: Warning: 00000135E3FBF900: invalid HTTP response code received. URL: https://datarouter.ol.epicgames.com/datarouter/api/v1/public/data?SessionID=%7BAC57BD79-4736-AD5C-2A4F-79A2FF4A8D07%7D&AppID=UEEditor.Rocket.Release&AppVersion=4.27.2-18319896%2B%2B%2BUE4%2BRelease-4.27&UserID=f5edb87a4dc0f99c13cd37a4f0d6d538%7C71f5ffb38c3f40679d77fb94a2928a28%7C05fba853-d5f3-4c05-a360-9d4811eb48c5&AppEnvironment=datacollector-binary&UploadType=eteventstream, HTTP code: 0, content length: 0, actual payload size: 0
[2025.03.25-16.42.09:282][579]LogHttp: Warning: 00000135E3FBF900: request failed, libcurl error: 6 (Couldn't resolve host name)
[2025.03.25-16.42.09:282][579]LogHttp: Warning: 00000135E3FBF900: libcurl info message cache 0 (Could not resolve host: datarouter.ol.epicgames.com)
[2025.03.25-16.42.09:282][579]LogHttp: Warning: 00000135E3FBF900: libcurl info message cache 1 (Closing connection 11)
[2025.03.25-16.42.09:323][580]LogHttp: Warning: Retry exhausted on https://datarouter.ol.epicgames.com/datarouter/api/v1/public/data?SessionID=%7BAC57BD79-4736-AD5C-2A4F-79A2FF4A8D07%7D&AppID=UEEditor.Rocket.Release&AppVersion=4.27.2-18319896%2B%2B%2BUE4%2BRelease-4.27&UserID=f5edb87a4dc0f99c13cd37a4f0d6d538%7C71f5ffb38c3f40679d77fb94a2928a28%7C05fba853-d5f3-4c05-a360-9d4811eb48c5&AppEnvironment=datacollector-binary&UploadType=eteventstream
[2025.03.25-16.42.10:204][583]FUdpSocketBuilder: Failed to subscribe UdpMessageMulticastSocket to multicast group 230.0.0.1 on interface 0.0.0.0
[2025.03.25-16.42.10:204][583]FUdpSocketBuilder: Failed to create and initialize socket UdpMessageMulticastSocket (last error: 0)
[2025.03.25-16.42.10:206][583]LogUdpMessaging: Warning: StartTransport failed to create multicast socket on 0.0.0.0:0, joined to 230.0.0.1:6666 with TTL 1
[2025.03.25-16.42.10:232][583]LogUdpMessaging: Warning: UDP messaging encountered an error. Auto repair routine started for reinitialization
[2025.03.25-16.42.12:139][598]FUdpSocketBuilder: Failed to subscribe UdpMessageMulticastSocket to multicast group 230.0.0.1 on interface 0.0.0.0
[2025.03.25-16.42.12:139][598]FUdpSocketBuilder: Failed to create and initialize socket UdpMessageMulticastSocket (last error: 0)
[2025.03.25-16.42.12:139][598]LogUdpMessaging: Warning: StartTransport failed to create multicast socket on 0.0.0.0:0, joined to 230.0.0.1:6666 with TTL 1
[2025.03.25-16.42.12:161][598]LogUdpMessaging: Warning: UDP messaging encountered an error. Auto repair routine started for reinitialization
[2025.03.25-16.42.14:530][607]FUdpSocketBuilder: Failed to subscribe UdpMessageMulticastSocket to multicast group 230.0.0.1 on interface 0.0.0.0
[2025.03.25-16.42.14:530][607]FUdpSocketBuilder: Failed to create and initialize socket UdpMessageMulticastSocket (last error: 0)
[2025.03.25-16.42.14:531][607]LogUdpMessaging: Warning: StartTransport failed to create multicast socket on 0.0.0.0:0, joined to 230.0.0.1:6666 with TTL 1
[2025.03.25-16.42.14:562][607]LogUdpMessaging: Warning: UDP messaging encountered an error. Auto repair routine started for reinitialization
[2025.03.25-16.42.16:631][616]FUdpSocketBuilder: Failed to subscribe UdpMessageMulticastSocket to multicast group 230.0.0.1 on interface 0.0.0.0
[2025.03.25-16.42.16:631][616]FUdpSocketBuilder: Failed to create and initialize socket UdpMessageMulticastSocket (last error: 0)
[2025.03.25-16.42.16:631][616]LogUdpMessaging: Warning: StartTransport failed to create multicast socket on 0.0.0.0:0, joined to 230.0.0.1:6666 with TTL 1
[2025.03.25-16.42.16:656][616]LogUdpMessaging: Warning: UDP messaging encountered an error. Auto repair routine started for reinitialization
[2025.03.25-16.42.18:778][632]FUdpSocketBuilder: Failed to subscribe UdpMessageMulticastSocket to multicast group 230.0.0.1 on interface 0.0.0.0
[2025.03.25-16.42.18:778][632]FUdpSocketBuilder: Failed to create and initialize socket UdpMessageMulticastSocket (last error: 0)
[2025.03.25-16.42.18:779][632]LogUdpMessaging: Warning: StartTransport failed to create multicast socket on 0.0.0.0:0, joined to 230.0.0.1:6666 with TTL 1
[2025.03.25-16.42.18:822][632]LogUdpMessaging: Warning: UDP messaging encountered an error. Auto repair routine started for reinitialization
[2025.03.25-16.42.20:231][640]FUdpSocketBuilder: Failed to subscribe UdpMessageMulticastSocket to multicast group 230.0.0.1 on interface 0.0.0.0
[2025.03.25-16.42.20:231][640]FUdpSocketBuilder: Failed to create and initialize socket UdpMessageMulticastSocket (last error: 0)
[2025.03.25-16.42.20:231][640]LogUdpMessaging: Warning: StartTransport failed to create multicast socket on 0.0.0.0:0, joined to 230.0.0.1:6666 with TTL 1
[2025.03.25-16.42.20:274][640]LogUdpMessaging: Warning: UDP messaging encountered an error. Auto repair routine started for reinitialization
[2025.03.25-16.42.22:493][651]LogShaderCompilers: Display: Worker (3/13): shaders left to compile 447
[2025.03.25-16.42.22:493][651]LogShaderCompilers: Display: Started 10 'Local' shader compile jobs with 'Normal' priority
[2025.03.25-16.42.22:493][651]FUdpSocketBuilder: Failed to subscribe UdpMessageMulticastSocket to multicast group 230.0.0.1 on interface 0.0.0.0
[2025.03.25-16.42.22:494][651]FUdpSocketBuilder: Failed to create and initialize socket UdpMessageMulticastSocket (last error: 0)
[2025.03.25-16.42.22:495][651]LogUdpMessaging: Warning: StartTransport failed to create multicast socket on 0.0.0.0:0, joined to 230.0.0.1:6666 with TTL 1
[2025.03.25-16.42.22:523][651]LogUdpMessaging: Warning: UDP messaging encountered an error. Auto repair routine started for reinitialization
[2025.03.25-16.42.24:407][660]FUdpSocketBuilder: Failed to subscribe UdpMessageMulticastSocket to multicast group 230.0.0.1 on interface 0.0.0.0
[2025.03.25-16.42.24:407][660]FUdpSocketBuilder: Failed to create and initialize socket UdpMessageMulticastSocket (last error: 0)
[2025.03.25-16.42.24:407][660]LogUdpMessaging: Warning: StartTransport failed to create multicast socket on 0.0.0.0:0, joined to 230.0.0.1:6666 with TTL 1
[2025.03.25-16.42.24:450][660]LogUdpMessaging: Warning: UDP messaging encountered an error. Auto repair routine started for reinitialization
[2025.03.25-16.42.26:473][672]FUdpSocketBuilder: Failed to subscribe UdpMessageMulticastSocket to multicast group 230.0.0.1 on interface 0.0.0.0
[2025.03.25-16.42.26:473][672]FUdpSocketBuilder: Failed to create and initialize socket UdpMessageMulticastSocket (last error: 0)
[2025.03.25-16.42.26:473][672]LogUdpMessaging: Warning: StartTransport failed to create multicast socket on 0.0.0.0:0, joined to 230.0.0.1:6666 with TTL 1
[2025.03.25-16.42.26:497][672]LogUdpMessaging: Warning: UDP messaging encountered an error. Auto repair routine started for reinitialization
[2025.03.25-16.42.26:544][674]LogShaderCompilers: Display: Worker (4/13): shaders left to compile 437
[2025.03.25-16.42.26:544][674]LogShaderCompilers: Display: Started 10 'Local' shader compile jobs with 'Normal' priority
[2025.03.25-16.42.28:777][687]FUdpSocketBuilder: Failed to subscribe UdpMessageMulticastSocket to multicast group 230.0.0.1 on interface 0.0.0.0
[2025.03.25-16.42.28:777][687]FUdpSocketBuilder: Failed to create and initialize socket UdpMessageMulticastSocket (last error: 0)
[2025.03.25-16.42.28:777][687]LogUdpMessaging: Warning: StartTransport failed to create multicast socket on 0.0.0.0:0, joined to 230.0.0.1:6666 with TTL 1
[2025.03.25-16.42.28:804][687]LogUdpMessaging: Warning: UDP messaging encountered an error. Auto repair routine started for reinitialization
[2025.03.25-16.42.30:136][694]FUdpSocketBuilder: Failed to subscribe UdpMessageMulticastSocket to multicast group 230.0.0.1 on interface 0.0.0.0
[2025.03.25-16.42.30:137][694]FUdpSocketBuilder: Failed to create and initialize socket UdpMessageMulticastSocket (last error: 0)
[2025.03.25-16.42.30:137][694]LogUdpMessaging: Warning: StartTransport failed to create multicast socket on 0.0.0.0:0, joined to 230.0.0.1:6666 with TTL 1
[2025.03.25-16.42.30:173][694]LogUdpMessaging: Warning: UDP messaging encountered an error. Auto repair routine started for reinitialization
[2025.03.25-16.42.31:950][705]FUdpSocketBuilder: Failed to subscribe UdpMessageMulticastSocket to multicast group 230.0.0.1 on interface 0.0.0.0
[2025.03.25-16.42.31:950][705]FUdpSocketBuilder: Failed to create and initialize socket UdpMessageMulticastSocket (last error: 0)
[2025.03.25-16.42.31:951][705]LogUdpMessaging: Warning: StartTransport failed to create multicast socket on 0.0.0.0:0, joined to 230.0.0.1:6666 with TTL 1
[2025.03.25-16.42.31:980][705]LogUdpMessaging: Warning: UDP messaging encountered an error. Auto repair routine started for reinitialization
[2025.03.25-16.42.34:253][717]FUdpSocketBuilder: Failed to subscribe UdpMessageMulticastSocket to multicast group 230.0.0.1 on interface 0.0.0.0
[2025.03.25-16.42.34:253][717]FUdpSocketBuilder: Failed to create and initialize socket UdpMessageMulticastSocket (last error: 0)
[2025.03.25-16.42.34:254][717]LogUdpMessaging: Warning: StartTransport failed to create multicast socket on 0.0.0.0:0, joined to 230.0.0.1:6666 with TTL 1
[2025.03.25-16.42.34:286][717]LogUdpMessaging: Warning: UDP messaging encountered an error. Auto repair routine started for reinitialization
[2025.03.25-16.42.34:782][722]LogShaderCompilers: Display: Worker (12/13): shaders left to compile 427
[2025.03.25-16.42.34:784][722]LogShaderCompilers: Display: Started 10 'Local' shader compile jobs with 'Normal' priority
[2025.03.25-16.42.35:658][724]FUdpSocketBuilder: Failed to subscribe UdpMessageMulticastSocket to multicast group 230.0.0.1 on interface 0.0.0.0
[2025.03.25-16.42.35:658][724]FUdpSocketBuilder: Failed to create and initialize socket UdpMessageMulticastSocket (last error: 0)
[2025.03.25-16.42.35:658][724]LogUdpMessaging: Warning: StartTransport failed to create multicast socket on 0.0.0.0:0, joined to 230.0.0.1:6666 with TTL 1
[2025.03.25-16.42.35:704][724]LogUdpMessaging: Warning: UDP messaging encountered an error. Auto repair routine started for reinitialization
[2025.03.25-16.42.37:761][739]FUdpSocketBuilder: Failed to subscribe UdpMessageMulticastSocket to multicast group 230.0.0.1 on interface 0.0.0.0
[2025.03.25-16.42.37:761][739]FUdpSocketBuilder: Failed to create and initialize socket UdpMessageMulticastSocket (last error: 0)
[2025.03.25-16.42.37:761][739]LogUdpMessaging: Warning: StartTransport failed to create multicast socket on 0.0.0.0:0, joined to 230.0.0.1:6666 with TTL 1
[2025.03.25-16.42.37:810][739]LogUdpMessaging: Warning: UDP messaging encountered an error. Auto repair routine started for reinitialization
[2025.03.25-16.42.39:952][755]FUdpSocketBuilder: Failed to subscribe UdpMessageMulticastSocket to multicast group 230.0.0.1 on interface 0.0.0.0
[2025.03.25-16.42.39:953][755]FUdpSocketBuilder: Failed to create and initialize socket UdpMessageMulticastSocket (last error: 0)
[2025.03.25-16.42.39:958][755]LogUdpMessaging: Warning: StartTransport failed to create multicast socket on 0.0.0.0:0, joined to 230.0.0.1:6666 with TTL 1
[2025.03.25-16.42.39:988][755]LogUdpMessaging: Warning: UDP messaging encountered an error. Auto repair routine started for reinitialization
[2025.03.25-16.42.40:088][757]LogShaderCompilers: Display: Worker (9/13): shaders left to compile 417
[2025.03.25-16.42.40:088][757]LogShaderCompilers: Display: Started 10 'Local' shader compile jobs with 'Normal' priority
[2025.03.25-16.42.44:779][762]FUdpSocketBuilder: Failed to subscribe UdpMessageMulticastSocket to multicast group 230.0.0.1 on interface 0.0.0.0
[2025.03.25-16.42.44:779][762]FUdpSocketBuilder: Failed to create and initialize socket UdpMessageMulticastSocket (last error: 0)
[2025.03.25-16.42.44:779][762]LogUdpMessaging: Warning: StartTransport failed to create multicast socket on 0.0.0.0:0, joined to 230.0.0.1:6666 with TTL 1
[2025.03.25-16.42.44:808][762]LogUdpMessaging: Warning: UDP messaging encountered an error. Auto repair routine started for reinitialization
[2025.03.25-16.42.46:113][769]FUdpSocketBuilder: Failed to subscribe UdpMessageMulticastSocket to multicast group 230.0.0.1 on interface 0.0.0.0
[2025.03.25-16.42.46:113][769]FUdpSocketBuilder: Failed to create and initialize socket UdpMessageMulticastSocket (last error: 0)
[2025.03.25-16.42.46:113][769]LogUdpMessaging: Warning: StartTransport failed to create multicast socket on 0.0.0.0:0, joined to 230.0.0.1:6666 with TTL 1
[2025.03.25-16.42.46:142][769]LogUdpMessaging: Warning: UDP messaging encountered an error. Auto repair routine started for reinitialization
[2025.03.25-16.42.48:615][786]FUdpSocketBuilder: Failed to subscribe UdpMessageMulticastSocket to multicast group 230.0.0.1 on interface 0.0.0.0
[2025.03.25-16.42.48:615][786]FUdpSocketBuilder: Failed to create and initialize socket UdpMessageMulticastSocket (last error: 0)
[2025.03.25-16.42.48:616][786]LogUdpMessaging: Warning: StartTransport failed to create multicast socket on 0.0.0.0:0, joined to 230.0.0.1:6666 with TTL 1
[2025.03.25-16.42.48:646][786]LogUdpMessaging: Warning: UDP messaging encountered an error. Auto repair routine started for reinitialization
[2025.03.25-16.42.49:193][792]LogShaderCompilers: Display: Worker (11/13): shaders left to compile 407
[2025.03.25-16.42.49:193][792]LogShaderCompilers: Display: Started 10 'Local' shader compile jobs with 'Normal' priority
[2025.03.25-16.42.50:724][799]FUdpSocketBuilder: Failed to subscribe UdpMessageMulticastSocket to multicast group 230.0.0.1 on interface 0.0.0.0
[2025.03.25-16.42.50:724][799]FUdpSocketBuilder: Failed to create and initialize socket UdpMessageMulticastSocket (last error: 0)
[2025.03.25-16.42.50:726][799]LogUdpMessaging: Warning: StartTransport failed to create multicast socket on 0.0.0.0:0, joined to 230.0.0.1:6666 with TTL 1
[2025.03.25-16.42.50:755][799]LogUdpMessaging: Warning: UDP messaging encountered an error. Auto repair routine started for reinitialization
[2025.03.25-16.42.53:449][810]FUdpSocketBuilder: Failed to subscribe UdpMessageMulticastSocket to multicast group 230.0.0.1 on interface 0.0.0.0
[2025.03.25-16.42.53:450][810]FUdpSocketBuilder: Failed to create and initialize socket UdpMessageMulticastSocket (last error: 0)
[2025.03.25-16.42.53:450][810]LogUdpMessaging: Warning: StartTransport failed to create multicast socket on 0.0.0.0:0, joined to 230.0.0.1:6666 with TTL 1
[2025.03.25-16.42.53:494][810]LogUdpMessaging: Warning: UDP messaging encountered an error. Auto repair routine started for reinitialization
[2025.03.25-16.42.55:491][823]FUdpSocketBuilder: Failed to subscribe UdpMessageMulticastSocket to multicast group 230.0.0.1 on interface 0.0.0.0
[2025.03.25-16.42.55:491][823]FUdpSocketBuilder: Failed to create and initialize socket UdpMessageMulticastSocket (last error: 0)
[2025.03.25-16.42.55:491][823]LogUdpMessaging: Warning: StartTransport failed to create multicast socket on 0.0.0.0:0, joined to 230.0.0.1:6666 with TTL 1
[2025.03.25-16.42.55:528][823]LogUdpMessaging: Warning: UDP messaging encountered an error. Auto repair routine started for reinitialization
[2025.03.25-16.42.56:248][829]LogShaderCompilers: Display: Worker (10/13): shaders left to compile 397
[2025.03.25-16.42.56:248][829]LogShaderCompilers: Display: Started 10 'Local' shader compile jobs with 'Normal' priority
[2025.03.25-16.42.57:582][836]FUdpSocketBuilder: Failed to subscribe UdpMessageMulticastSocket to multicast group 230.0.0.1 on interface 0.0.0.0
[2025.03.25-16.42.57:582][836]FUdpSocketBuilder: Failed to create and initialize socket UdpMessageMulticastSocket (last error: 0)
[2025.03.25-16.42.57:582][836]LogUdpMessaging: Warning: StartTransport failed to create multicast socket on 0.0.0.0:0, joined to 230.0.0.1:6666 with TTL 1
[2025.03.25-16.42.57:612][836]LogUdpMessaging: Warning: UDP messaging encountered an error. Auto repair routine started for reinitialization
[2025.03.25-16.42.58:947][840]FUdpSocketBuilder: Failed to subscribe UdpMessageMulticastSocket to multicast group 230.0.0.1 on interface 0.0.0.0
[2025.03.25-16.42.58:947][840]FUdpSocketBuilder: Failed to create and initialize socket UdpMessageMulticastSocket (last error: 0)
[2025.03.25-16.42.58:948][840]LogUdpMessaging: Warning: StartTransport failed to create multicast socket on 0.0.0.0:0, joined to 230.0.0.1:6666 with TTL 1
[2025.03.25-16.42.58:981][840]LogUdpMessaging: Warning: UDP messaging encountered an error. Auto repair routine started for reinitialization
[2025.03.25-16.43.01:131][854]FUdpSocketBuilder: Failed to subscribe UdpMessageMulticastSocket to multicast group 230.0.0.1 on interface 0.0.0.0
[2025.03.25-16.43.01:131][854]FUdpSocketBuilder: Failed to create and initialize socket UdpMessageMulticastSocket (last error: 0)
[2025.03.25-16.43.01:132][854]LogUdpMessaging: Warning: StartTransport failed to create multicast socket on 0.0.0.0:0, joined to 230.0.0.1:6666 with TTL 1
[2025.03.25-16.43.01:163][854]LogUdpMessaging: Warning: UDP messaging encountered an error. Auto repair routine started for reinitialization
[2025.03.25-16.43.03:104][869]FUdpSocketBuilder: Failed to subscribe UdpMessageMulticastSocket to multicast group 230.0.0.1 on interface 0.0.0.0
[2025.03.25-16.43.03:104][869]FUdpSocketBuilder: Failed to create and initialize socket UdpMessageMulticastSocket (last error: 0)
[2025.03.25-16.43.03:104][869]LogUdpMessaging: Warning: StartTransport failed to create multicast socket on 0.0.0.0:0, joined to 230.0.0.1:6666 with TTL 1
[2025.03.25-16.43.03:134][869]LogUdpMessaging: Warning: UDP messaging encountered an error. Auto repair routine started for reinitialization
[2025.03.25-16.43.04:531][874]FUdpSocketBuilder: Failed to subscribe UdpMessageMulticastSocket to multicast group 230.0.0.1 on interface 0.0.0.0
[2025.03.25-16.43.04:531][874]FUdpSocketBuilder: Failed to create and initialize socket UdpMessageMulticastSocket (last error: 0)
[2025.03.25-16.43.04:531][874]LogUdpMessaging: Warning: StartTransport failed to create multicast socket on 0.0.0.0:0, joined to 230.0.0.1:6666 with TTL 1
[2025.03.25-16.43.04:561][874]LogUdpMessaging: Warning: UDP messaging encountered an error. Auto repair routine started for reinitialization
[2025.03.25-16.43.06:629][886]FUdpSocketBuilder: Failed to subscribe UdpMessageMulticastSocket to multicast group 230.0.0.1 on interface 0.0.0.0
[2025.03.25-16.43.06:629][886]FUdpSocketBuilder: Failed to create and initialize socket UdpMessageMulticastSocket (last error: 0)
[2025.03.25-16.43.06:629][886]LogUdpMessaging: Warning: StartTransport failed to create multicast socket on 0.0.0.0:0, joined to 230.0.0.1:6666 with TTL 1
[2025.03.25-16.43.06:653][886]LogUdpMessaging: Warning: UDP messaging encountered an error. Auto repair routine started for reinitialization
[2025.03.25-16.43.08:826][899]FUdpSocketBuilder: Failed to subscribe UdpMessageMulticastSocket to multicast group 230.0.0.1 on interface 0.0.0.0
[2025.03.25-16.43.08:827][899]FUdpSocketBuilder: Failed to create and initialize socket UdpMessageMulticastSocket (last error: 0)
[2025.03.25-16.43.08:827][899]LogUdpMessaging: Warning: StartTransport failed to create multicast socket on 0.0.0.0:0, joined to 230.0.0.1:6666 with TTL 1
[2025.03.25-16.43.08:857][899]LogUdpMessaging: Warning: UDP messaging encountered an error. Auto repair routine started for reinitialization
[2025.03.25-16.43.08:971][901]LogHttp: Warning: 00000135EE434800: invalid HTTP response code received. URL: https://datarouter.ol.epicgames.com/datarouter/api/v1/public/data?SessionID=%7BAC57BD79-4736-AD5C-2A4F-79A2FF4A8D07%7D&AppID=UEEditor.Rocket.Release&AppVersion=4.27.2-18319896%2B%2B%2BUE4%2BRelease-4.27&UserID=f5edb87a4dc0f99c13cd37a4f0d6d538%7C71f5ffb38c3f40679d77fb94a2928a28%7C05fba853-d5f3-4c05-a360-9d4811eb48c5&AppEnvironment=datacollector-binary&UploadType=eteventstream, HTTP code: 0, content length: 0, actual payload size: 0
[2025.03.25-16.43.08:971][901]LogHttp: Warning: 00000135EE434800: request failed, libcurl error: 6 (Couldn't resolve host name)
[2025.03.25-16.43.08:971][901]LogHttp: Warning: 00000135EE434800: libcurl info message cache 0 (Could not resolve host: datarouter.ol.epicgames.com)
[2025.03.25-16.43.08:972][901]LogHttp: Warning: 00000135EE434800: libcurl info message cache 1 (Closing connection 12)
[2025.03.25-16.43.09:005][902]LogHttp: Warning: Retry exhausted on https://datarouter.ol.epicgames.com/datarouter/api/v1/public/data?SessionID=%7BAC57BD79-4736-AD5C-2A4F-79A2FF4A8D07%7D&AppID=UEEditor.Rocket.Release&AppVersion=4.27.2-18319896%2B%2B%2BUE4%2BRelease-4.27&UserID=f5edb87a4dc0f99c13cd37a4f0d6d538%7C71f5ffb38c3f40679d77fb94a2928a28%7C05fba853-d5f3-4c05-a360-9d4811eb48c5&AppEnvironment=datacollector-binary&UploadType=eteventstream
[2025.03.25-16.43.10:976][910]FUdpSocketBuilder: Failed to subscribe UdpMessageMulticastSocket to multicast group 230.0.0.1 on interface 0.0.0.0
[2025.03.25-16.43.10:976][910]FUdpSocketBuilder: Failed to create and initialize socket UdpMessageMulticastSocket (last error: 0)
[2025.03.25-16.43.10:977][910]LogUdpMessaging: Warning: StartTransport failed to create multicast socket on 0.0.0.0:0, joined to 230.0.0.1:6666 with TTL 1
[2025.03.25-16.43.11:007][910]LogUdpMessaging: Warning: UDP messaging encountered an error. Auto repair routine started for reinitialization
[2025.03.25-16.43.12:420][923]LogShaderCompilers: Display: Worker (2/13): shaders left to compile 387
[2025.03.25-16.43.12:421][923]LogShaderCompilers: Display: Started 10 'Local' shader compile jobs with 'Normal' priority
[2025.03.25-16.43.13:246][925]FUdpSocketBuilder: Failed to subscribe UdpMessageMulticastSocket to multicast group 230.0.0.1 on interface 0.0.0.0
[2025.03.25-16.43.13:246][925]FUdpSocketBuilder: Failed to create and initialize socket UdpMessageMulticastSocket (last error: 0)
[2025.03.25-16.43.13:246][925]LogUdpMessaging: Warning: StartTransport failed to create multicast socket on 0.0.0.0:0, joined to 230.0.0.1:6666 with TTL 1
[2025.03.25-16.43.13:287][925]LogUdpMessaging: Warning: UDP messaging encountered an error. Auto repair routine started for reinitialization
[2025.03.25-16.43.15:290][933]FUdpSocketBuilder: Failed to subscribe UdpMessageMulticastSocket to multicast group 230.0.0.1 on interface 0.0.0.0
[2025.03.25-16.43.15:296][933]FUdpSocketBuilder: Failed to create and initialize socket UdpMessageMulticastSocket (last error: 0)
[2025.03.25-16.43.15:296][933]LogUdpMessaging: Warning: StartTransport failed to create multicast socket on 0.0.0.0:0, joined to 230.0.0.1:6666 with TTL 1
[2025.03.25-16.43.15:332][933]LogUdpMessaging: Warning: UDP messaging encountered an error. Auto repair routine started for reinitialization
[2025.03.25-16.43.16:942][941]FUdpSocketBuilder: Failed to subscribe UdpMessageMulticastSocket to multicast group 230.0.0.1 on interface 0.0.0.0
[2025.03.25-16.43.16:943][941]FUdpSocketBuilder: Failed to create and initialize socket UdpMessageMulticastSocket (last error: 0)
[2025.03.25-16.43.16:943][941]LogUdpMessaging: Warning: StartTransport failed to create multicast socket on 0.0.0.0:0, joined to 230.0.0.1:6666 with TTL 1
[2025.03.25-16.43.16:964][941]LogUdpMessaging: Warning: UDP messaging encountered an error. Auto repair routine started for reinitialization
[2025.03.25-16.43.19:018][953]FUdpSocketBuilder: Failed to subscribe UdpMessageMulticastSocket to multicast group 230.0.0.1 on interface 0.0.0.0
[2025.03.25-16.43.19:018][953]FUdpSocketBuilder: Failed to create and initialize socket UdpMessageMulticastSocket (last error: 0)
[2025.03.25-16.43.19:018][953]LogUdpMessaging: Warning: StartTransport failed to create multicast socket on 0.0.0.0:0, joined to 230.0.0.1:6666 with TTL 1
[2025.03.25-16.43.19:043][953]LogUdpMessaging: Warning: UDP messaging encountered an error. Auto repair routine started for reinitialization
[2025.03.25-16.43.21:295][965]FUdpSocketBuilder: Failed to subscribe UdpMessageMulticastSocket to multicast group 230.0.0.1 on interface 0.0.0.0
[2025.03.25-16.43.21:295][965]FUdpSocketBuilder: Failed to create and initialize socket UdpMessageMulticastSocket (last error: 0)
[2025.03.25-16.43.21:295][965]LogUdpMessaging: Warning: StartTransport failed to create multicast socket on 0.0.0.0:0, joined to 230.0.0.1:6666 with TTL 1
[2025.03.25-16.43.21:328][965]LogUdpMessaging: Warning: UDP messaging encountered an error. Auto repair routine started for reinitialization
[2025.03.25-16.43.23:315][978]FUdpSocketBuilder: Failed to subscribe UdpMessageMulticastSocket to multicast group 230.0.0.1 on interface 0.0.0.0
[2025.03.25-16.43.23:317][978]FUdpSocketBuilder: Failed to create and initialize socket UdpMessageMulticastSocket (last error: 0)
[2025.03.25-16.43.23:317][978]LogUdpMessaging: Warning: StartTransport failed to create multicast socket on 0.0.0.0:0, joined to 230.0.0.1:6666 with TTL 1
[2025.03.25-16.43.23:360][978]LogUdpMessaging: Warning: UDP messaging encountered an error. Auto repair routine started for reinitialization
[2025.03.25-16.43.24:897][990]LogShaderCompilers: Display: Worker (8/13): shaders left to compile 377
[2025.03.25-16.43.24:897][990]LogShaderCompilers: Display: Started 10 'Local' shader compile jobs with 'Normal' priority
[2025.03.25-16.43.25:263][991]FUdpSocketBuilder: Failed to subscribe UdpMessageMulticastSocket to multicast group 230.0.0.1 on interface 0.0.0.0
[2025.03.25-16.43.25:263][991]FUdpSocketBuilder: Failed to create and initialize socket UdpMessageMulticastSocket (last error: 0)
[2025.03.25-16.43.25:263][991]LogUdpMessaging: Warning: StartTransport failed to create multicast socket on 0.0.0.0:0, joined to 230.0.0.1:6666 with TTL 1
[2025.03.25-16.43.25:291][991]LogUdpMessaging: Warning: UDP messaging encountered an error. Auto repair routine started for reinitialization
[2025.03.25-16.43.26:538][997]FUdpSocketBuilder: Failed to subscribe UdpMessageMulticastSocket to multicast group 230.0.0.1 on interface 0.0.0.0
[2025.03.25-16.43.26:538][997]FUdpSocketBuilder: Failed to create and initialize socket UdpMessageMulticastSocket (last error: 0)
[2025.03.25-16.43.26:539][997]LogUdpMessaging: Warning: StartTransport failed to create multicast socket on 0.0.0.0:0, joined to 230.0.0.1:6666 with TTL 1
[2025.03.25-16.43.26:772][997]LogUdpMessaging: Warning: UDP messaging encountered an error. Auto repair routine started for reinitialization
[2025.03.25-16.43.28:903][  9]FUdpSocketBuilder: Failed to subscribe UdpMessageMulticastSocket to multicast group 230.0.0.1 on interface 0.0.0.0
[2025.03.25-16.43.28:904][  9]FUdpSocketBuilder: Failed to create and initialize socket UdpMessageMulticastSocket (last error: 0)
[2025.03.25-16.43.28:904][  9]LogUdpMessaging: Warning: StartTransport failed to create multicast socket on 0.0.0.0:0, joined to 230.0.0.1:6666 with TTL 1
[2025.03.25-16.43.28:932][  9]LogUdpMessaging: Warning: UDP messaging encountered an error. Auto repair routine started for reinitialization
[2025.03.25-16.43.30:767][ 21]FUdpSocketBuilder: Failed to subscribe UdpMessageMulticastSocket to multicast group 230.0.0.1 on interface 0.0.0.0
[2025.03.25-16.43.30:767][ 21]FUdpSocketBuilder: Failed to create and initialize socket UdpMessageMulticastSocket (last error: 0)
[2025.03.25-16.43.30:767][ 21]LogUdpMessaging: Warning: StartTransport failed to create multicast socket on 0.0.0.0:0, joined to 230.0.0.1:6666 with TTL 1
[2025.03.25-16.43.30:798][ 21]LogUdpMessaging: Warning: UDP messaging encountered an error. Auto repair routine started for reinitialization
[2025.03.25-16.43.33:002][ 39]FUdpSocketBuilder: Failed to subscribe UdpMessageMulticastSocket to multicast group 230.0.0.1 on interface 0.0.0.0
[2025.03.25-16.43.33:003][ 39]FUdpSocketBuilder: Failed to create and initialize socket UdpMessageMulticastSocket (last error: 0)
[2025.03.25-16.43.33:004][ 39]LogUdpMessaging: Warning: StartTransport failed to create multicast socket on 0.0.0.0:0, joined to 230.0.0.1:6666 with TTL 1
[2025.03.25-16.43.33:034][ 39]LogUdpMessaging: Warning: UDP messaging encountered an error. Auto repair routine started for reinitialization
[2025.03.25-16.43.34:165][ 47]LogShaderCompilers: Display: Worker (6/13): shaders left to compile 367
[2025.03.25-16.43.34:165][ 47]LogShaderCompilers: Display: Started 10 'Local' shader compile jobs with 'Normal' priority
[2025.03.25-16.43.34:978][ 48]FUdpSocketBuilder: Failed to subscribe UdpMessageMulticastSocket to multicast group 230.0.0.1 on interface 0.0.0.0
[2025.03.25-16.43.34:979][ 48]FUdpSocketBuilder: Failed to create and initialize socket UdpMessageMulticastSocket (last error: 0)
[2025.03.25-16.43.34:979][ 48]LogUdpMessaging: Warning: StartTransport failed to create multicast socket on 0.0.0.0:0, joined to 230.0.0.1:6666 with TTL 1
[2025.03.25-16.43.35:008][ 48]LogUdpMessaging: Warning: UDP messaging encountered an error. Auto repair routine started for reinitialization
[2025.03.25-16.43.35:666][ 52]LogShaderCompilers: Display: Worker (1/13): shaders left to compile 357
[2025.03.25-16.43.35:666][ 52]LogShaderCompilers: Display: Started 10 'Local' shader compile jobs with 'Normal' priority
[2025.03.25-16.43.36:933][ 56]FUdpSocketBuilder: Failed to subscribe UdpMessageMulticastSocket to multicast group 230.0.0.1 on interface 0.0.0.0
[2025.03.25-16.43.36:935][ 56]FUdpSocketBuilder: Failed to create and initialize socket UdpMessageMulticastSocket (last error: 0)
[2025.03.25-16.43.36:935][ 56]LogUdpMessaging: Warning: StartTransport failed to create multicast socket on 0.0.0.0:0, joined to 230.0.0.1:6666 with TTL 1
[2025.03.25-16.43.36:979][ 56]LogUdpMessaging: Warning: UDP messaging encountered an error. Auto repair routine started for reinitialization
[2025.03.25-16.43.39:221][ 70]FUdpSocketBuilder: Failed to subscribe UdpMessageMulticastSocket to multicast group 230.0.0.1 on interface 0.0.0.0
[2025.03.25-16.43.39:221][ 70]FUdpSocketBuilder: Failed to create and initialize socket UdpMessageMulticastSocket (last error: 0)
[2025.03.25-16.43.39:221][ 70]LogUdpMessaging: Warning: StartTransport failed to create multicast socket on 0.0.0.0:0, joined to 230.0.0.1:6666 with TTL 1
[2025.03.25-16.43.39:261][ 70]LogUdpMessaging: Warning: UDP messaging encountered an error. Auto repair routine started for reinitialization
[2025.03.25-16.43.41:366][ 84]FUdpSocketBuilder: Failed to subscribe UdpMessageMulticastSocket to multicast group 230.0.0.1 on interface 0.0.0.0
[2025.03.25-16.43.41:367][ 84]FUdpSocketBuilder: Failed to create and initialize socket UdpMessageMulticastSocket (last error: 0)
[2025.03.25-16.43.41:367][ 84]LogUdpMessaging: Warning: StartTransport failed to create multicast socket on 0.0.0.0:0, joined to 230.0.0.1:6666 with TTL 1
[2025.03.25-16.43.41:400][ 85]LogUdpMessaging: Warning: UDP messaging encountered an error. Auto repair routine started for reinitialization
[2025.03.25-16.43.43:585][ 99]FUdpSocketBuilder: Failed to subscribe UdpMessageMulticastSocket to multicast group 230.0.0.1 on interface 0.0.0.0
[2025.03.25-16.43.43:586][ 99]FUdpSocketBuilder: Failed to create and initialize socket UdpMessageMulticastSocket (last error: 0)
[2025.03.25-16.43.43:586][ 99]LogUdpMessaging: Warning: StartTransport failed to create multicast socket on 0.0.0.0:0, joined to 230.0.0.1:6666 with TTL 1
[2025.03.25-16.43.43:674][ 99]LogUdpMessaging: Warning: UDP messaging encountered an error. Auto repair routine started for reinitialization
[2025.03.25-16.43.46:822][114]FUdpSocketBuilder: Failed to subscribe UdpMessageMulticastSocket to multicast group 230.0.0.1 on interface 0.0.0.0
[2025.03.25-16.43.46:822][114]FUdpSocketBuilder: Failed to create and initialize socket UdpMessageMulticastSocket (last error: 0)
[2025.03.25-16.43.46:822][114]LogUdpMessaging: Warning: StartTransport failed to create multicast socket on 0.0.0.0:0, joined to 230.0.0.1:6666 with TTL 1
[2025.03.25-16.43.46:856][114]LogUdpMessaging: Warning: UDP messaging encountered an error. Auto repair routine started for reinitialization
[2025.03.25-16.43.48:535][125]FUdpSocketBuilder: Failed to subscribe UdpMessageMulticastSocket to multicast group 230.0.0.1 on interface 0.0.0.0
[2025.03.25-16.43.48:535][125]FUdpSocketBuilder: Failed to create and initialize socket UdpMessageMulticastSocket (last error: 0)
[2025.03.25-16.43.48:535][125]LogUdpMessaging: Warning: StartTransport failed to create multicast socket on 0.0.0.0:0, joined to 230.0.0.1:6666 with TTL 1
[2025.03.25-16.43.48:560][125]LogUdpMessaging: Warning: UDP messaging encountered an error. Auto repair routine started for reinitialization
[2025.03.25-16.43.50:629][140]FUdpSocketBuilder: Failed to subscribe UdpMessageMulticastSocket to multicast group 230.0.0.1 on interface 0.0.0.0
[2025.03.25-16.43.50:630][140]FUdpSocketBuilder: Failed to create and initialize socket UdpMessageMulticastSocket (last error: 0)
[2025.03.25-16.43.50:630][140]LogUdpMessaging: Warning: StartTransport failed to create multicast socket on 0.0.0.0:0, joined to 230.0.0.1:6666 with TTL 1
[2025.03.25-16.43.50:658][140]LogUdpMessaging: Warning: UDP messaging encountered an error. Auto repair routine started for reinitialization
[2025.03.25-16.43.52:363][151]LogShaderCompilers: Display: Worker (7/13): shaders left to compile 347
[2025.03.25-16.43.52:363][151]LogShaderCompilers: Display: Started 10 'Local' shader compile jobs with 'Normal' priority
[2025.03.25-16.43.52:489][151]LogShaderCompilers: Display: === FShaderJobCache stats ===
[2025.03.25-16.43.52:489][151]LogShaderCompilers: Display: Total job queries 2297, among them cache hits 54 (2.35%)
[2025.03.25-16.43.52:489][151]LogShaderCompilers: Display: Tracking 1786 distinct input hashes that result in 995 distinct outputs (55.71%)
[2025.03.25-16.43.52:489][151]LogShaderCompilers: Display: RAM used: 9.97 MB (0.01 GB) of 819.20 MB (0.80 GB) budget. Usage: 1.22%
[2025.03.25-16.43.52:489][151]LogShaderCompilers: Display: ================================================
[2025.03.25-16.43.52:809][152]FUdpSocketBuilder: Failed to subscribe UdpMessageMulticastSocket to multicast group 230.0.0.1 on interface 0.0.0.0
[2025.03.25-16.43.52:809][152]FUdpSocketBuilder: Failed to create and initialize socket UdpMessageMulticastSocket (last error: 0)
[2025.03.25-16.43.52:809][152]LogUdpMessaging: Warning: StartTransport failed to create multicast socket on 0.0.0.0:0, joined to 230.0.0.1:6666 with TTL 1
[2025.03.25-16.43.52:837][152]LogUdpMessaging: Warning: UDP messaging encountered an error. Auto repair routine started for reinitialization
[2025.03.25-16.43.54:159][155]FUdpSocketBuilder: Failed to subscribe UdpMessageMulticastSocket to multicast group 230.0.0.1 on interface 0.0.0.0
[2025.03.25-16.43.54:159][155]FUdpSocketBuilder: Failed to create and initialize socket UdpMessageMulticastSocket (last error: 0)
[2025.03.25-16.43.54:159][155]LogUdpMessaging: Warning: StartTransport failed to create multicast socket on 0.0.0.0:0, joined to 230.0.0.1:6666 with TTL 1
[2025.03.25-16.43.54:187][155]LogUdpMessaging: Warning: UDP messaging encountered an error. Auto repair routine started for reinitialization
[2025.03.25-16.43.56:115][165]FUdpSocketBuilder: Failed to subscribe UdpMessageMulticastSocket to multicast group 230.0.0.1 on interface 0.0.0.0
[2025.03.25-16.43.56:115][165]FUdpSocketBuilder: Failed to create and initialize socket UdpMessageMulticastSocket (last error: 0)
[2025.03.25-16.43.56:116][165]LogUdpMessaging: Warning: StartTransport failed to create multicast socket on 0.0.0.0:0, joined to 230.0.0.1:6666 with TTL 1
[2025.03.25-16.43.56:159][165]LogUdpMessaging: Warning: UDP messaging encountered an error. Auto repair routine started for reinitialization
[2025.03.25-16.43.58:220][180]FUdpSocketBuilder: Failed to subscribe UdpMessageMulticastSocket to multicast group 230.0.0.1 on interface 0.0.0.0
[2025.03.25-16.43.58:220][180]FUdpSocketBuilder: Failed to create and initialize socket UdpMessageMulticastSocket (last error: 0)
[2025.03.25-16.43.58:220][180]LogUdpMessaging: Warning: StartTransport failed to create multicast socket on 0.0.0.0:0, joined to 230.0.0.1:6666 with TTL 1
[2025.03.25-16.43.58:256][180]LogUdpMessaging: Warning: UDP messaging encountered an error. Auto repair routine started for reinitialization
[2025.03.25-16.44.00:209][192]FUdpSocketBuilder: Failed to subscribe UdpMessageMulticastSocket to multicast group 230.0.0.1 on interface 0.0.0.0
[2025.03.25-16.44.00:209][192]FUdpSocketBuilder: Failed to create and initialize socket UdpMessageMulticastSocket (last error: 0)
[2025.03.25-16.44.00:209][192]LogUdpMessaging: Warning: StartTransport failed to create multicast socket on 0.0.0.0:0, joined to 230.0.0.1:6666 with TTL 1
[2025.03.25-16.44.00:239][192]LogUdpMessaging: Warning: UDP messaging encountered an error. Auto repair routine started for reinitialization
[2025.03.25-16.44.02:253][203]FUdpSocketBuilder: Failed to subscribe UdpMessageMulticastSocket to multicast group 230.0.0.1 on interface 0.0.0.0
[2025.03.25-16.44.02:255][203]FUdpSocketBuilder: Failed to create and initialize socket UdpMessageMulticastSocket (last error: 0)
[2025.03.25-16.44.02:255][203]LogUdpMessaging: Warning: StartTransport failed to create multicast socket on 0.0.0.0:0, joined to 230.0.0.1:6666 with TTL 1
[2025.03.25-16.44.02:290][203]LogUdpMessaging: Warning: UDP messaging encountered an error. Auto repair routine started for reinitialization
[2025.03.25-16.44.04:491][217]FUdpSocketBuilder: Failed to subscribe UdpMessageMulticastSocket to multicast group 230.0.0.1 on interface 0.0.0.0
[2025.03.25-16.44.04:492][217]FUdpSocketBuilder: Failed to create and initialize socket UdpMessageMulticastSocket (last error: 0)
[2025.03.25-16.44.04:492][217]LogUdpMessaging: Warning: StartTransport failed to create multicast socket on 0.0.0.0:0, joined to 230.0.0.1:6666 with TTL 1
[2025.03.25-16.44.04:521][217]LogUdpMessaging: Warning: UDP messaging encountered an error. Auto repair routine started for reinitialization
[2025.03.25-16.44.06:846][233]FUdpSocketBuilder: Failed to subscribe UdpMessageMulticastSocket to multicast group 230.0.0.1 on interface 0.0.0.0
[2025.03.25-16.44.06:846][233]FUdpSocketBuilder: Failed to create and initialize socket UdpMessageMulticastSocket (last error: 0)
[2025.03.25-16.44.06:846][233]LogUdpMessaging: Warning: StartTransport failed to create multicast socket on 0.0.0.0:0, joined to 230.0.0.1:6666 with TTL 1
[2025.03.25-16.44.06:887][233]LogUdpMessaging: Warning: UDP messaging encountered an error. Auto repair routine started for reinitialization
[2025.03.25-16.44.08:707][249]LogHttp: Warning: 00000135EE713900: invalid HTTP response code received. URL: https://datarouter.ol.epicgames.com/datarouter/api/v1/public/data?SessionID=%7BAC57BD79-4736-AD5C-2A4F-79A2FF4A8D07%7D&AppID=UEEditor.Rocket.Release&AppVersion=4.27.2-18319896%2B%2B%2BUE4%2BRelease-4.27&UserID=f5edb87a4dc0f99c13cd37a4f0d6d538%7C71f5ffb38c3f40679d77fb94a2928a28%7C05fba853-d5f3-4c05-a360-9d4811eb48c5&AppEnvironment=datacollector-binary&UploadType=eteventstream, HTTP code: 0, content length: 0, actual payload size: 0
[2025.03.25-16.44.08:707][249]LogHttp: Warning: 00000135EE713900: request failed, libcurl error: 6 (Couldn't resolve host name)
[2025.03.25-16.44.08:707][249]LogHttp: Warning: 00000135EE713900: libcurl info message cache 0 (Could not resolve host: datarouter.ol.epicgames.com)
[2025.03.25-16.44.08:707][249]LogHttp: Warning: 00000135EE713900: libcurl info message cache 1 (Closing connection 13)
[2025.03.25-16.44.09:129][250]FUdpSocketBuilder: Failed to subscribe UdpMessageMulticastSocket to multicast group 230.0.0.1 on interface 0.0.0.0
[2025.03.25-16.44.09:129][250]FUdpSocketBuilder: Failed to create and initialize socket UdpMessageMulticastSocket (last error: 0)
[2025.03.25-16.44.09:129][250]LogUdpMessaging: Warning: StartTransport failed to create multicast socket on 0.0.0.0:0, joined to 230.0.0.1:6666 with TTL 1
[2025.03.25-16.44.09:151][250]LogHttp: Warning: Retry exhausted on https://datarouter.ol.epicgames.com/datarouter/api/v1/public/data?SessionID=%7BAC57BD79-4736-AD5C-2A4F-79A2FF4A8D07%7D&AppID=UEEditor.Rocket.Release&AppVersion=4.27.2-18319896%2B%2B%2BUE4%2BRelease-4.27&UserID=f5edb87a4dc0f99c13cd37a4f0d6d538%7C71f5ffb38c3f40679d77fb94a2928a28%7C05fba853-d5f3-4c05-a360-9d4811eb48c5&AppEnvironment=datacollector-binary&UploadType=eteventstream
[2025.03.25-16.44.09:160][250]LogUdpMessaging: Warning: UDP messaging encountered an error. Auto repair routine started for reinitialization
[2025.03.25-16.44.11:285][266]FUdpSocketBuilder: Failed to subscribe UdpMessageMulticastSocket to multicast group 230.0.0.1 on interface 0.0.0.0
[2025.03.25-16.44.11:285][266]FUdpSocketBuilder: Failed to create and initialize socket UdpMessageMulticastSocket (last error: 0)
[2025.03.25-16.44.11:285][266]LogUdpMessaging: Warning: StartTransport failed to create multicast socket on 0.0.0.0:0, joined to 230.0.0.1:6666 with TTL 1
[2025.03.25-16.44.11:330][266]LogUdpMessaging: Warning: UDP messaging encountered an error. Auto repair routine started for reinitialization
[2025.03.25-16.44.13:573][284]FUdpSocketBuilder: Failed to subscribe UdpMessageMulticastSocket to multicast group 230.0.0.1 on interface 0.0.0.0
[2025.03.25-16.44.13:573][284]FUdpSocketBuilder: Failed to create and initialize socket UdpMessageMulticastSocket (last error: 0)
[2025.03.25-16.44.13:573][284]LogUdpMessaging: Warning: StartTransport failed to create multicast socket on 0.0.0.0:0, joined to 230.0.0.1:6666 with TTL 1
[2025.03.25-16.44.13:603][284]LogUdpMessaging: Warning: UDP messaging encountered an error. Auto repair routine started for reinitialization
[2025.03.25-16.44.16:288][298]FUdpSocketBuilder: Failed to subscribe UdpMessageMulticastSocket to multicast group 230.0.0.1 on interface 0.0.0.0
[2025.03.25-16.44.16:289][298]FUdpSocketBuilder: Failed to create and initialize socket UdpMessageMulticastSocket (last error: 0)
[2025.03.25-16.44.16:289][298]LogUdpMessaging: Warning: StartTransport failed to create multicast socket on 0.0.0.0:0, joined to 230.0.0.1:6666 with TTL 1
[2025.03.25-16.44.16:320][298]LogUdpMessaging: Warning: UDP messaging encountered an error. Auto repair routine started for reinitialization
[2025.03.25-16.44.18:389][313]FUdpSocketBuilder: Failed to subscribe UdpMessageMulticastSocket to multicast group 230.0.0.1 on interface 0.0.0.0
[2025.03.25-16.44.18:389][313]FUdpSocketBuilder: Failed to create and initialize socket UdpMessageMulticastSocket (last error: 0)
[2025.03.25-16.44.18:389][313]LogUdpMessaging: Warning: StartTransport failed to create multicast socket on 0.0.0.0:0, joined to 230.0.0.1:6666 with TTL 1
[2025.03.25-16.44.18:413][313]LogShaderCompilers: Display: Worker (6/13): shaders left to compile 337
[2025.03.25-16.44.18:413][313]LogShaderCompilers: Display: Started 10 'Local' shader compile jobs with 'Normal' priority
[2025.03.25-16.44.18:420][313]LogUdpMessaging: Warning: UDP messaging encountered an error. Auto repair routine started for reinitialization
[2025.03.25-16.44.20:429][325]FUdpSocketBuilder: Failed to subscribe UdpMessageMulticastSocket to multicast group 230.0.0.1 on interface 0.0.0.0
[2025.03.25-16.44.20:430][325]FUdpSocketBuilder: Failed to create and initialize socket UdpMessageMulticastSocket (last error: 0)
[2025.03.25-16.44.20:430][325]LogUdpMessaging: Warning: StartTransport failed to create multicast socket on 0.0.0.0:0, joined to 230.0.0.1:6666 with TTL 1
[2025.03.25-16.44.20:454][325]LogUdpMessaging: Warning: UDP messaging encountered an error. Auto repair routine started for reinitialization
[2025.03.25-16.44.21:836][335]FUdpSocketBuilder: Failed to subscribe UdpMessageMulticastSocket to multicast group 230.0.0.1 on interface 0.0.0.0
[2025.03.25-16.44.21:836][335]FUdpSocketBuilder: Failed to create and initialize socket UdpMessageMulticastSocket (last error: 0)
[2025.03.25-16.44.21:836][335]LogUdpMessaging: Warning: StartTransport failed to create multicast socket on 0.0.0.0:0, joined to 230.0.0.1:6666 with TTL 1
[2025.03.25-16.44.21:880][335]LogUdpMessaging: Warning: UDP messaging encountered an error. Auto repair routine started for reinitialization
[2025.03.25-16.44.23:931][348]FUdpSocketBuilder: Failed to subscribe UdpMessageMulticastSocket to multicast group 230.0.0.1 on interface 0.0.0.0
[2025.03.25-16.44.23:931][348]FUdpSocketBuilder: Failed to create and initialize socket UdpMessageMulticastSocket (last error: 0)
[2025.03.25-16.44.23:931][348]LogUdpMessaging: Warning: StartTransport failed to create multicast socket on 0.0.0.0:0, joined to 230.0.0.1:6666 with TTL 1
[2025.03.25-16.44.23:955][348]LogUdpMessaging: Warning: UDP messaging encountered an error. Auto repair routine started for reinitialization
[2025.03.25-16.44.26:404][361]FUdpSocketBuilder: Failed to subscribe UdpMessageMulticastSocket to multicast group 230.0.0.1 on interface 0.0.0.0
[2025.03.25-16.44.26:404][361]FUdpSocketBuilder: Failed to create and initialize socket UdpMessageMulticastSocket (last error: 0)
[2025.03.25-16.44.26:404][361]LogUdpMessaging: Warning: StartTransport failed to create multicast socket on 0.0.0.0:0, joined to 230.0.0.1:6666 with TTL 1
[2025.03.25-16.44.26:437][361]LogUdpMessaging: Warning: UDP messaging encountered an error. Auto repair routine started for reinitialization
[2025.03.25-16.44.28:071][371]FUdpSocketBuilder: Failed to subscribe UdpMessageMulticastSocket to multicast group 230.0.0.1 on interface 0.0.0.0
[2025.03.25-16.44.28:071][371]FUdpSocketBuilder: Failed to create and initialize socket UdpMessageMulticastSocket (last error: 0)
[2025.03.25-16.44.28:071][371]LogUdpMessaging: Warning: StartTransport failed to create multicast socket on 0.0.0.0:0, joined to 230.0.0.1:6666 with TTL 1
[2025.03.25-16.44.28:123][371]LogUdpMessaging: Warning: UDP messaging encountered an error. Auto repair routine started for reinitialization
[2025.03.25-16.44.30:221][386]FUdpSocketBuilder: Failed to subscribe UdpMessageMulticastSocket to multicast group 230.0.0.1 on interface 0.0.0.0
[2025.03.25-16.44.30:221][386]FUdpSocketBuilder: Failed to create and initialize socket UdpMessageMulticastSocket (last error: 0)
[2025.03.25-16.44.30:221][386]LogUdpMessaging: Warning: StartTransport failed to create multicast socket on 0.0.0.0:0, joined to 230.0.0.1:6666 with TTL 1
[2025.03.25-16.44.30:250][386]LogUdpMessaging: Warning: UDP messaging encountered an error. Auto repair routine started for reinitialization
[2025.03.25-16.44.31:607][394]FUdpSocketBuilder: Failed to subscribe UdpMessageMulticastSocket to multicast group 230.0.0.1 on interface 0.0.0.0
[2025.03.25-16.44.31:607][394]FUdpSocketBuilder: Failed to create and initialize socket UdpMessageMulticastSocket (last error: 0)
[2025.03.25-16.44.31:607][394]LogUdpMessaging: Warning: StartTransport failed to create multicast socket on 0.0.0.0:0, joined to 230.0.0.1:6666 with TTL 1
[2025.03.25-16.44.31:651][394]LogUdpMessaging: Warning: UDP messaging encountered an error. Auto repair routine started for reinitialization
[2025.03.25-16.44.32:728][401]LogShaderCompilers: Display: Worker (1/13): shaders left to compile 327
[2025.03.25-16.44.32:728][401]LogShaderCompilers: Display: Started 10 'Local' shader compile jobs with 'Normal' priority
[2025.03.25-16.44.33:675][407]FUdpSocketBuilder: Failed to subscribe UdpMessageMulticastSocket to multicast group 230.0.0.1 on interface 0.0.0.0
[2025.03.25-16.44.33:675][407]FUdpSocketBuilder: Failed to create and initialize socket UdpMessageMulticastSocket (last error: 0)
[2025.03.25-16.44.33:675][407]LogUdpMessaging: Warning: StartTransport failed to create multicast socket on 0.0.0.0:0, joined to 230.0.0.1:6666 with TTL 1
[2025.03.25-16.44.33:727][407]LogUdpMessaging: Warning: UDP messaging encountered an error. Auto repair routine started for reinitialization
[2025.03.25-16.44.35:649][426]FUdpSocketBuilder: Failed to subscribe UdpMessageMulticastSocket to multicast group 230.0.0.1 on interface 0.0.0.0
[2025.03.25-16.44.35:651][426]FUdpSocketBuilder: Failed to create and initialize socket UdpMessageMulticastSocket (last error: 0)
[2025.03.25-16.44.35:651][426]LogUdpMessaging: Warning: StartTransport failed to create multicast socket on 0.0.0.0:0, joined to 230.0.0.1:6666 with TTL 1
[2025.03.25-16.44.35:680][426]LogUdpMessaging: Warning: UDP messaging encountered an error. Auto repair routine started for reinitialization
[2025.03.25-16.44.38:093][440]FUdpSocketBuilder: Failed to subscribe UdpMessageMulticastSocket to multicast group 230.0.0.1 on interface 0.0.0.0
[2025.03.25-16.44.38:093][440]FUdpSocketBuilder: Failed to create and initialize socket UdpMessageMulticastSocket (last error: 0)
[2025.03.25-16.44.38:093][440]LogUdpMessaging: Warning: StartTransport failed to create multicast socket on 0.0.0.0:0, joined to 230.0.0.1:6666 with TTL 1
[2025.03.25-16.44.38:119][440]LogUdpMessaging: Warning: UDP messaging encountered an error. Auto repair routine started for reinitialization
[2025.03.25-16.44.38:137][441]LogShaderCompilers: Display: Worker (7/13): shaders left to compile 317
[2025.03.25-16.44.38:137][441]LogShaderCompilers: Display: Started 10 'Local' shader compile jobs with 'Normal' priority
[2025.03.25-16.44.40:478][452]FUdpSocketBuilder: Failed to subscribe UdpMessageMulticastSocket to multicast group 230.0.0.1 on interface 0.0.0.0
[2025.03.25-16.44.40:478][452]FUdpSocketBuilder: Failed to create and initialize socket UdpMessageMulticastSocket (last error: 0)
[2025.03.25-16.44.40:479][452]LogUdpMessaging: Warning: StartTransport failed to create multicast socket on 0.0.0.0:0, joined to 230.0.0.1:6666 with TTL 1
[2025.03.25-16.44.40:503][452]LogUdpMessaging: Warning: UDP messaging encountered an error. Auto repair routine started for reinitialization
[2025.03.25-16.44.42:428][461]FUdpSocketBuilder: Failed to subscribe UdpMessageMulticastSocket to multicast group 230.0.0.1 on interface 0.0.0.0
[2025.03.25-16.44.42:429][461]FUdpSocketBuilder: Failed to create and initialize socket UdpMessageMulticastSocket (last error: 0)
[2025.03.25-16.44.42:430][461]LogUdpMessaging: Warning: StartTransport failed to create multicast socket on 0.0.0.0:0, joined to 230.0.0.1:6666 with TTL 1
[2025.03.25-16.44.42:473][461]LogUdpMessaging: Warning: UDP messaging encountered an error. Auto repair routine started for reinitialization
[2025.03.25-16.44.44:728][471]FUdpSocketBuilder: Failed to subscribe UdpMessageMulticastSocket to multicast group 230.0.0.1 on interface 0.0.0.0
[2025.03.25-16.44.44:728][471]FUdpSocketBuilder: Failed to create and initialize socket UdpMessageMulticastSocket (last error: 0)
[2025.03.25-16.44.44:729][471]LogUdpMessaging: Warning: StartTransport failed to create multicast socket on 0.0.0.0:0, joined to 230.0.0.1:6666 with TTL 1
[2025.03.25-16.44.44:762][471]LogUdpMessaging: Warning: UDP messaging encountered an error. Auto repair routine started for reinitialization
[2025.03.25-16.44.46:016][482]LogShaderCompilers: Display: Worker (8/13): shaders left to compile 307
[2025.03.25-16.44.46:017][482]LogShaderCompilers: Display: Started 10 'Local' shader compile jobs with 'Normal' priority
[2025.03.25-16.44.46:662][487]FUdpSocketBuilder: Failed to subscribe UdpMessageMulticastSocket to multicast group 230.0.0.1 on interface 0.0.0.0
[2025.03.25-16.44.46:662][487]FUdpSocketBuilder: Failed to create and initialize socket UdpMessageMulticastSocket (last error: 0)
[2025.03.25-16.44.46:663][487]LogUdpMessaging: Warning: StartTransport failed to create multicast socket on 0.0.0.0:0, joined to 230.0.0.1:6666 with TTL 1
[2025.03.25-16.44.46:701][487]LogUdpMessaging: Warning: UDP messaging encountered an error. Auto repair routine started for reinitialization
[2025.03.25-16.44.48:003][493]FUdpSocketBuilder: Failed to subscribe UdpMessageMulticastSocket to multicast group 230.0.0.1 on interface 0.0.0.0
[2025.03.25-16.44.48:003][493]FUdpSocketBuilder: Failed to create and initialize socket UdpMessageMulticastSocket (last error: 0)
[2025.03.25-16.44.48:003][493]LogUdpMessaging: Warning: StartTransport failed to create multicast socket on 0.0.0.0:0, joined to 230.0.0.1:6666 with TTL 1
[2025.03.25-16.44.48:050][493]LogUdpMessaging: Warning: UDP messaging encountered an error. Auto repair routine started for reinitialization
[2025.03.25-16.44.48:278][496]LogShaderCompilers: Display: Worker (3/13): shaders left to compile 297
[2025.03.25-16.44.48:279][496]LogShaderCompilers: Display: Started 10 'Local' shader compile jobs with 'Normal' priority
[2025.03.25-16.44.50:135][506]FUdpSocketBuilder: Failed to subscribe UdpMessageMulticastSocket to multicast group 230.0.0.1 on interface 0.0.0.0
[2025.03.25-16.44.50:139][506]FUdpSocketBuilder: Failed to create and initialize socket UdpMessageMulticastSocket (last error: 0)
[2025.03.25-16.44.50:139][506]LogUdpMessaging: Warning: StartTransport failed to create multicast socket on 0.0.0.0:0, joined to 230.0.0.1:6666 with TTL 1
[2025.03.25-16.44.50:167][506]LogUdpMessaging: Warning: UDP messaging encountered an error. Auto repair routine started for reinitialization
[2025.03.25-16.44.52:333][522]FUdpSocketBuilder: Failed to subscribe UdpMessageMulticastSocket to multicast group 230.0.0.1 on interface 0.0.0.0
[2025.03.25-16.44.52:333][522]FUdpSocketBuilder: Failed to create and initialize socket UdpMessageMulticastSocket (last error: 0)
[2025.03.25-16.44.52:333][522]LogUdpMessaging: Warning: StartTransport failed to create multicast socket on 0.0.0.0:0, joined to 230.0.0.1:6666 with TTL 1
[2025.03.25-16.44.52:372][522]LogUdpMessaging: Warning: UDP messaging encountered an error. Auto repair routine started for reinitialization
[2025.03.25-16.44.53:523][530]LogShaderCompilers: Display: Worker (11/13): shaders left to compile 287
[2025.03.25-16.44.53:524][530]LogShaderCompilers: Display: Started 10 'Local' shader compile jobs with 'Normal' priority
[2025.03.25-16.44.54:541][534]FUdpSocketBuilder: Failed to subscribe UdpMessageMulticastSocket to multicast group 230.0.0.1 on interface 0.0.0.0
[2025.03.25-16.44.54:541][534]FUdpSocketBuilder: Failed to create and initialize socket UdpMessageMulticastSocket (last error: 0)
[2025.03.25-16.44.54:541][534]LogUdpMessaging: Warning: StartTransport failed to create multicast socket on 0.0.0.0:0, joined to 230.0.0.1:6666 with TTL 1
[2025.03.25-16.44.54:566][534]LogUdpMessaging: Warning: UDP messaging encountered an error. Auto repair routine started for reinitialization
[2025.03.25-16.44.56:267][547]LogShaderCompilers: Display: Worker (12/13): shaders left to compile 277
[2025.03.25-16.44.56:267][547]LogShaderCompilers: Display: Started 10 'Local' shader compile jobs with 'Normal' priority
[2025.03.25-16.44.56:868][548]FUdpSocketBuilder: Failed to subscribe UdpMessageMulticastSocket to multicast group 230.0.0.1 on interface 0.0.0.0
[2025.03.25-16.44.56:868][548]FUdpSocketBuilder: Failed to create and initialize socket UdpMessageMulticastSocket (last error: 0)
[2025.03.25-16.44.56:868][548]LogUdpMessaging: Warning: StartTransport failed to create multicast socket on 0.0.0.0:0, joined to 230.0.0.1:6666 with TTL 1
[2025.03.25-16.44.56:895][548]LogUdpMessaging: Warning: UDP messaging encountered an error. Auto repair routine started for reinitialization
[2025.03.25-16.44.58:738][564]FUdpSocketBuilder: Failed to subscribe UdpMessageMulticastSocket to multicast group 230.0.0.1 on interface 0.0.0.0
[2025.03.25-16.44.58:738][564]FUdpSocketBuilder: Failed to create and initialize socket UdpMessageMulticastSocket (last error: 0)
[2025.03.25-16.44.58:739][564]LogUdpMessaging: Warning: StartTransport failed to create multicast socket on 0.0.0.0:0, joined to 230.0.0.1:6666 with TTL 1
[2025.03.25-16.44.58:780][565]LogUdpMessaging: Warning: UDP messaging encountered an error. Auto repair routine started for reinitialization
[2025.03.25-16.45.01:382][580]FUdpSocketBuilder: Failed to subscribe UdpMessageMulticastSocket to multicast group 230.0.0.1 on interface 0.0.0.0
[2025.03.25-16.45.01:383][580]FUdpSocketBuilder: Failed to create and initialize socket UdpMessageMulticastSocket (last error: 0)
[2025.03.25-16.45.01:383][580]LogUdpMessaging: Warning: StartTransport failed to create multicast socket on 0.0.0.0:0, joined to 230.0.0.1:6666 with TTL 1
[2025.03.25-16.45.01:424][580]LogUdpMessaging: Warning: UDP messaging encountered an error. Auto repair routine started for reinitialization
[2025.03.25-16.45.03:386][593]FUdpSocketBuilder: Failed to subscribe UdpMessageMulticastSocket to multicast group 230.0.0.1 on interface 0.0.0.0
[2025.03.25-16.45.03:386][593]FUdpSocketBuilder: Failed to create and initialize socket UdpMessageMulticastSocket (last error: 0)
[2025.03.25-16.45.03:386][593]LogUdpMessaging: Warning: StartTransport failed to create multicast socket on 0.0.0.0:0, joined to 230.0.0.1:6666 with TTL 1
[2025.03.25-16.45.03:432][593]LogUdpMessaging: Warning: UDP messaging encountered an error. Auto repair routine started for reinitialization
[2025.03.25-16.45.05:345][604]FUdpSocketBuilder: Failed to subscribe UdpMessageMulticastSocket to multicast group 230.0.0.1 on interface 0.0.0.0
[2025.03.25-16.45.05:345][604]FUdpSocketBuilder: Failed to create and initialize socket UdpMessageMulticastSocket (last error: 0)
[2025.03.25-16.45.05:345][604]LogUdpMessaging: Warning: StartTransport failed to create multicast socket on 0.0.0.0:0, joined to 230.0.0.1:6666 with TTL 1
[2025.03.25-16.45.05:380][604]LogUdpMessaging: Warning: UDP messaging encountered an error. Auto repair routine started for reinitialization
[2025.03.25-16.45.07:166][611]FUdpSocketBuilder: Failed to subscribe UdpMessageMulticastSocket to multicast group 230.0.0.1 on interface 0.0.0.0
[2025.03.25-16.45.07:166][611]FUdpSocketBuilder: Failed to create and initialize socket UdpMessageMulticastSocket (last error: 0)
[2025.03.25-16.45.07:167][611]LogUdpMessaging: Warning: StartTransport failed to create multicast socket on 0.0.0.0:0, joined to 230.0.0.1:6666 with TTL 1
[2025.03.25-16.45.07:199][611]LogUdpMessaging: Warning: UDP messaging encountered an error. Auto repair routine started for reinitialization
[2025.03.25-16.45.09:089][620]FUdpSocketBuilder: Failed to subscribe UdpMessageMulticastSocket to multicast group 230.0.0.1 on interface 0.0.0.0
[2025.03.25-16.45.09:089][620]FUdpSocketBuilder: Failed to create and initialize socket UdpMessageMulticastSocket (last error: 0)
[2025.03.25-16.45.09:090][620]LogUdpMessaging: Warning: StartTransport failed to create multicast socket on 0.0.0.0:0, joined to 230.0.0.1:6666 with TTL 1
[2025.03.25-16.45.09:111][620]LogHttp: Warning: 000001360ED60F00: invalid HTTP response code received. URL: https://datarouter.ol.epicgames.com/datarouter/api/v1/public/data?SessionID=%7BAC57BD79-4736-AD5C-2A4F-79A2FF4A8D07%7D&AppID=UEEditor.Rocket.Release&AppVersion=4.27.2-18319896%2B%2B%2BUE4%2BRelease-4.27&UserID=f5edb87a4dc0f99c13cd37a4f0d6d538%7C71f5ffb38c3f40679d77fb94a2928a28%7C05fba853-d5f3-4c05-a360-9d4811eb48c5&AppEnvironment=datacollector-binary&UploadType=eteventstream, HTTP code: 0, content length: 0, actual payload size: 0
[2025.03.25-16.45.09:112][620]LogHttp: Warning: 000001360ED60F00: request failed, libcurl error: 6 (Couldn't resolve host name)
[2025.03.25-16.45.09:112][620]LogHttp: Warning: 000001360ED60F00: libcurl info message cache 0 (Could not resolve host: datarouter.ol.epicgames.com)
[2025.03.25-16.45.09:112][620]LogHttp: Warning: 000001360ED60F00: libcurl info message cache 1 (Closing connection 14)
[2025.03.25-16.45.09:112][620]LogHttp: Warning: Retry exhausted on https://datarouter.ol.epicgames.com/datarouter/api/v1/public/data?SessionID=%7BAC57BD79-4736-AD5C-2A4F-79A2FF4A8D07%7D&AppID=UEEditor.Rocket.Release&AppVersion=4.27.2-18319896%2B%2B%2BUE4%2BRelease-4.27&UserID=f5edb87a4dc0f99c13cd37a4f0d6d538%7C71f5ffb38c3f40679d77fb94a2928a28%7C05fba853-d5f3-4c05-a360-9d4811eb48c5&AppEnvironment=datacollector-binary&UploadType=eteventstream
[2025.03.25-16.45.09:119][620]LogUdpMessaging: Warning: UDP messaging encountered an error. Auto repair routine started for reinitialization
[2025.03.25-16.45.11:237][632]FUdpSocketBuilder: Failed to subscribe UdpMessageMulticastSocket to multicast group 230.0.0.1 on interface 0.0.0.0
[2025.03.25-16.45.11:238][632]FUdpSocketBuilder: Failed to create and initialize socket UdpMessageMulticastSocket (last error: 0)
[2025.03.25-16.45.11:238][632]LogUdpMessaging: Warning: StartTransport failed to create multicast socket on 0.0.0.0:0, joined to 230.0.0.1:6666 with TTL 1
[2025.03.25-16.45.11:284][632]LogUdpMessaging: Warning: UDP messaging encountered an error. Auto repair routine started for reinitialization
[2025.03.25-16.45.13:208][644]FUdpSocketBuilder: Failed to subscribe UdpMessageMulticastSocket to multicast group 230.0.0.1 on interface 0.0.0.0
[2025.03.25-16.45.13:208][644]FUdpSocketBuilder: Failed to create and initialize socket UdpMessageMulticastSocket (last error: 0)
[2025.03.25-16.45.13:208][644]LogUdpMessaging: Warning: StartTransport failed to create multicast socket on 0.0.0.0:0, joined to 230.0.0.1:6666 with TTL 1
[2025.03.25-16.45.13:234][644]LogUdpMessaging: Warning: UDP messaging encountered an error. Auto repair routine started for reinitialization
[2025.03.25-16.45.13:648][647]LogShaderCompilers: Display: Worker (2/13): shaders left to compile 267
[2025.03.25-16.45.13:648][647]LogShaderCompilers: Display: Started 10 'Local' shader compile jobs with 'Normal' priority
[2025.03.25-16.45.14:071][649]LogShaderCompilers: Display: Worker (5/13): shaders left to compile 257
[2025.03.25-16.45.14:071][649]LogShaderCompilers: Display: Started 10 'Local' shader compile jobs with 'Normal' priority
[2025.03.25-16.45.15:372][654]FUdpSocketBuilder: Failed to subscribe UdpMessageMulticastSocket to multicast group 230.0.0.1 on interface 0.0.0.0
[2025.03.25-16.45.15:372][654]FUdpSocketBuilder: Failed to create and initialize socket UdpMessageMulticastSocket (last error: 0)
[2025.03.25-16.45.15:372][654]LogUdpMessaging: Warning: StartTransport failed to create multicast socket on 0.0.0.0:0, joined to 230.0.0.1:6666 with TTL 1
[2025.03.25-16.45.15:398][654]LogUdpMessaging: Warning: UDP messaging encountered an error. Auto repair routine started for reinitialization
[2025.03.25-16.45.16:482][659]LogShaderCompilers: Display: Worker (9/13): shaders left to compile 247
[2025.03.25-16.45.16:482][659]LogShaderCompilers: Display: Started 10 'Local' shader compile jobs with 'Normal' priority
[2025.03.25-16.45.16:938][660]FUdpSocketBuilder: Failed to subscribe UdpMessageMulticastSocket to multicast group 230.0.0.1 on interface 0.0.0.0
[2025.03.25-16.45.16:938][660]FUdpSocketBuilder: Failed to create and initialize socket UdpMessageMulticastSocket (last error: 0)
[2025.03.25-16.45.16:939][660]LogUdpMessaging: Warning: StartTransport failed to create multicast socket on 0.0.0.0:0, joined to 230.0.0.1:6666 with TTL 1
[2025.03.25-16.45.16:965][660]LogUdpMessaging: Warning: UDP messaging encountered an error. Auto repair routine started for reinitialization
[2025.03.25-16.45.18:900][673]FUdpSocketBuilder: Failed to subscribe UdpMessageMulticastSocket to multicast group 230.0.0.1 on interface 0.0.0.0
[2025.03.25-16.45.18:900][673]FUdpSocketBuilder: Failed to create and initialize socket UdpMessageMulticastSocket (last error: 0)
[2025.03.25-16.45.18:900][673]LogUdpMessaging: Warning: StartTransport failed to create multicast socket on 0.0.0.0:0, joined to 230.0.0.1:6666 with TTL 1
[2025.03.25-16.45.18:939][673]LogUdpMessaging: Warning: UDP messaging encountered an error. Auto repair routine started for reinitialization
[2025.03.25-16.45.20:883][687]FUdpSocketBuilder: Failed to subscribe UdpMessageMulticastSocket to multicast group 230.0.0.1 on interface 0.0.0.0
[2025.03.25-16.45.20:883][687]FUdpSocketBuilder: Failed to create and initialize socket UdpMessageMulticastSocket (last error: 0)
[2025.03.25-16.45.20:883][687]LogUdpMessaging: Warning: StartTransport failed to create multicast socket on 0.0.0.0:0, joined to 230.0.0.1:6666 with TTL 1
[2025.03.25-16.45.20:917][687]LogUdpMessaging: Warning: UDP messaging encountered an error. Auto repair routine started for reinitialization
[2025.03.25-16.45.22:380][700]LogShaderCompilers: Display: Worker (1/13): shaders left to compile 237
[2025.03.25-16.45.22:380][700]LogShaderCompilers: Display: Started 10 'Local' shader compile jobs with 'Normal' priority
[2025.03.25-16.45.22:989][703]FUdpSocketBuilder: Failed to subscribe UdpMessageMulticastSocket to multicast group 230.0.0.1 on interface 0.0.0.0
[2025.03.25-16.45.22:989][703]FUdpSocketBuilder: Failed to create and initialize socket UdpMessageMulticastSocket (last error: 0)
[2025.03.25-16.45.22:989][703]LogUdpMessaging: Warning: StartTransport failed to create multicast socket on 0.0.0.0:0, joined to 230.0.0.1:6666 with TTL 1
[2025.03.25-16.45.23:018][703]LogShaderCompilers: Display: Worker (6/13): shaders left to compile 227
[2025.03.25-16.45.23:018][703]LogShaderCompilers: Display: Started 10 'Local' shader compile jobs with 'Normal' priority
[2025.03.25-16.45.23:033][703]LogUdpMessaging: Warning: UDP messaging encountered an error. Auto repair routine started for reinitialization
[2025.03.25-16.45.25:506][713]FUdpSocketBuilder: Failed to subscribe UdpMessageMulticastSocket to multicast group 230.0.0.1 on interface 0.0.0.0
[2025.03.25-16.45.25:506][713]FUdpSocketBuilder: Failed to create and initialize socket UdpMessageMulticastSocket (last error: 0)
[2025.03.25-16.45.25:507][713]LogUdpMessaging: Warning: StartTransport failed to create multicast socket on 0.0.0.0:0, joined to 230.0.0.1:6666 with TTL 1
[2025.03.25-16.45.25:541][713]LogUdpMessaging: Warning: UDP messaging encountered an error. Auto repair routine started for reinitialization
[2025.03.25-16.45.27:458][724]FUdpSocketBuilder: Failed to subscribe UdpMessageMulticastSocket to multicast group 230.0.0.1 on interface 0.0.0.0
[2025.03.25-16.45.27:458][724]FUdpSocketBuilder: Failed to create and initialize socket UdpMessageMulticastSocket (last error: 0)
[2025.03.25-16.45.27:458][724]LogUdpMessaging: Warning: StartTransport failed to create multicast socket on 0.0.0.0:0, joined to 230.0.0.1:6666 with TTL 1
[2025.03.25-16.45.27:496][724]LogUdpMessaging: Warning: UDP messaging encountered an error. Auto repair routine started for reinitialization
[2025.03.25-16.45.29:611][738]FUdpSocketBuilder: Failed to subscribe UdpMessageMulticastSocket to multicast group 230.0.0.1 on interface 0.0.0.0
[2025.03.25-16.45.29:611][738]FUdpSocketBuilder: Failed to create and initialize socket UdpMessageMulticastSocket (last error: 0)
[2025.03.25-16.45.29:611][738]LogUdpMessaging: Warning: StartTransport failed to create multicast socket on 0.0.0.0:0, joined to 230.0.0.1:6666 with TTL 1
[2025.03.25-16.45.29:639][738]LogUdpMessaging: Warning: UDP messaging encountered an error. Auto repair routine started for reinitialization
[2025.03.25-16.45.30:905][745]FUdpSocketBuilder: Failed to subscribe UdpMessageMulticastSocket to multicast group 230.0.0.1 on interface 0.0.0.0
[2025.03.25-16.45.30:905][745]FUdpSocketBuilder: Failed to create and initialize socket UdpMessageMulticastSocket (last error: 0)
[2025.03.25-16.45.30:906][745]LogUdpMessaging: Warning: StartTransport failed to create multicast socket on 0.0.0.0:0, joined to 230.0.0.1:6666 with TTL 1
[2025.03.25-16.45.30:938][745]LogUdpMessaging: Warning: UDP messaging encountered an error. Auto repair routine started for reinitialization
[2025.03.25-16.45.32:921][760]LogShaderCompilers: Display: Worker (11/13): shaders left to compile 217
[2025.03.25-16.45.32:921][760]LogShaderCompilers: Display: Started 10 'Local' shader compile jobs with 'Normal' priority
[2025.03.25-16.45.32:921][760]FUdpSocketBuilder: Failed to subscribe UdpMessageMulticastSocket to multicast group 230.0.0.1 on interface 0.0.0.0
[2025.03.25-16.45.32:921][760]FUdpSocketBuilder: Failed to create and initialize socket UdpMessageMulticastSocket (last error: 0)
[2025.03.25-16.45.32:922][760]LogUdpMessaging: Warning: StartTransport failed to create multicast socket on 0.0.0.0:0, joined to 230.0.0.1:6666 with TTL 1
[2025.03.25-16.45.32:951][760]LogUdpMessaging: Warning: UDP messaging encountered an error. Auto repair routine started for reinitialization
[2025.03.25-16.45.35:384][773]FUdpSocketBuilder: Failed to subscribe UdpMessageMulticastSocket to multicast group 230.0.0.1 on interface 0.0.0.0
[2025.03.25-16.45.35:384][773]FUdpSocketBuilder: Failed to create and initialize socket UdpMessageMulticastSocket (last error: 0)
[2025.03.25-16.45.35:384][773]LogUdpMessaging: Warning: StartTransport failed to create multicast socket on 0.0.0.0:0, joined to 230.0.0.1:6666 with TTL 1
[2025.03.25-16.45.35:412][773]LogUdpMessaging: Warning: UDP messaging encountered an error. Auto repair routine started for reinitialization
[2025.03.25-16.45.37:299][786]FUdpSocketBuilder: Failed to subscribe UdpMessageMulticastSocket to multicast group 230.0.0.1 on interface 0.0.0.0
[2025.03.25-16.45.37:299][786]FUdpSocketBuilder: Failed to create and initialize socket UdpMessageMulticastSocket (last error: 0)
[2025.03.25-16.45.37:299][786]LogUdpMessaging: Warning: StartTransport failed to create multicast socket on 0.0.0.0:0, joined to 230.0.0.1:6666 with TTL 1
[2025.03.25-16.45.37:330][786]LogUdpMessaging: Warning: UDP messaging encountered an error. Auto repair routine started for reinitialization
[2025.03.25-16.45.39:293][798]FUdpSocketBuilder: Failed to subscribe UdpMessageMulticastSocket to multicast group 230.0.0.1 on interface 0.0.0.0
[2025.03.25-16.45.39:293][798]FUdpSocketBuilder: Failed to create and initialize socket UdpMessageMulticastSocket (last error: 0)
[2025.03.25-16.45.39:293][798]LogUdpMessaging: Warning: StartTransport failed to create multicast socket on 0.0.0.0:0, joined to 230.0.0.1:6666 with TTL 1
[2025.03.25-16.45.39:322][798]LogUdpMessaging: Warning: UDP messaging encountered an error. Auto repair routine started for reinitialization
[2025.03.25-16.45.40:546][804]FUdpSocketBuilder: Failed to subscribe UdpMessageMulticastSocket to multicast group 230.0.0.1 on interface 0.0.0.0
[2025.03.25-16.45.40:546][804]FUdpSocketBuilder: Failed to create and initialize socket UdpMessageMulticastSocket (last error: 0)
[2025.03.25-16.45.40:546][804]LogUdpMessaging: Warning: StartTransport failed to create multicast socket on 0.0.0.0:0, joined to 230.0.0.1:6666 with TTL 1
[2025.03.25-16.45.40:572][804]LogUdpMessaging: Warning: UDP messaging encountered an error. Auto repair routine started for reinitialization
[2025.03.25-16.45.41:885][808]FUdpSocketBuilder: Failed to subscribe UdpMessageMulticastSocket to multicast group 230.0.0.1 on interface 0.0.0.0
[2025.03.25-16.45.41:885][808]FUdpSocketBuilder: Failed to create and initialize socket UdpMessageMulticastSocket (last error: 0)
[2025.03.25-16.45.41:885][808]LogUdpMessaging: Warning: StartTransport failed to create multicast socket on 0.0.0.0:0, joined to 230.0.0.1:6666 with TTL 1
[2025.03.25-16.45.41:935][809]LogUdpMessaging: Warning: UDP messaging encountered an error. Auto repair routine started for reinitialization
[2025.03.25-16.45.42:327][811]LogShaderCompilers: Display: Worker (8/13): shaders left to compile 207
[2025.03.25-16.45.42:327][811]LogShaderCompilers: Display: Started 10 'Local' shader compile jobs with 'Normal' priority
[2025.03.25-16.45.42:901][813]LogShaderCompilers: Display: Worker (7/13): shaders left to compile 197
[2025.03.25-16.45.42:901][813]LogShaderCompilers: Display: Started 10 'Local' shader compile jobs with 'Normal' priority
[2025.03.25-16.45.43:836][816]FUdpSocketBuilder: Failed to subscribe UdpMessageMulticastSocket to multicast group 230.0.0.1 on interface 0.0.0.0
[2025.03.25-16.45.43:836][816]FUdpSocketBuilder: Failed to create and initialize socket UdpMessageMulticastSocket (last error: 0)
[2025.03.25-16.45.43:836][816]LogUdpMessaging: Warning: StartTransport failed to create multicast socket on 0.0.0.0:0, joined to 230.0.0.1:6666 with TTL 1
[2025.03.25-16.45.43:865][816]LogUdpMessaging: Warning: UDP messaging encountered an error. Auto repair routine started for reinitialization
[2025.03.25-16.45.45:095][824]FUdpSocketBuilder: Failed to subscribe UdpMessageMulticastSocket to multicast group 230.0.0.1 on interface 0.0.0.0
[2025.03.25-16.45.45:095][824]FUdpSocketBuilder: Failed to create and initialize socket UdpMessageMulticastSocket (last error: 0)
[2025.03.25-16.45.45:096][824]LogUdpMessaging: Warning: StartTransport failed to create multicast socket on 0.0.0.0:0, joined to 230.0.0.1:6666 with TTL 1
[2025.03.25-16.45.45:117][824]LogUdpMessaging: Warning: UDP messaging encountered an error. Auto repair routine started for reinitialization
[2025.03.25-16.45.47:018][838]FUdpSocketBuilder: Failed to subscribe UdpMessageMulticastSocket to multicast group 230.0.0.1 on interface 0.0.0.0
[2025.03.25-16.45.47:018][838]FUdpSocketBuilder: Failed to create and initialize socket UdpMessageMulticastSocket (last error: 0)
[2025.03.25-16.45.47:018][838]LogUdpMessaging: Warning: StartTransport failed to create multicast socket on 0.0.0.0:0, joined to 230.0.0.1:6666 with TTL 1
[2025.03.25-16.45.47:046][838]LogUdpMessaging: Warning: UDP messaging encountered an error. Auto repair routine started for reinitialization
[2025.03.25-16.45.47:491][842]LogShaderCompilers: Display: Worker (10/13): shaders left to compile 187
[2025.03.25-16.45.47:492][842]LogShaderCompilers: Display: Started 10 'Local' shader compile jobs with 'Normal' priority
[2025.03.25-16.45.48:962][850]FUdpSocketBuilder: Failed to subscribe UdpMessageMulticastSocket to multicast group 230.0.0.1 on interface 0.0.0.0
[2025.03.25-16.45.48:962][850]FUdpSocketBuilder: Failed to create and initialize socket UdpMessageMulticastSocket (last error: 0)
[2025.03.25-16.45.48:963][850]LogUdpMessaging: Warning: StartTransport failed to create multicast socket on 0.0.0.0:0, joined to 230.0.0.1:6666 with TTL 1
[2025.03.25-16.45.48:997][850]LogUdpMessaging: Warning: UDP messaging encountered an error. Auto repair routine started for reinitialization
[2025.03.25-16.45.50:853][863]LogShaderCompilers: Display: Worker (12/13): shaders left to compile 177
[2025.03.25-16.45.50:853][863]LogShaderCompilers: Display: Started 10 'Local' shader compile jobs with 'Normal' priority
[2025.03.25-16.45.51:219][864]FUdpSocketBuilder: Failed to subscribe UdpMessageMulticastSocket to multicast group 230.0.0.1 on interface 0.0.0.0
[2025.03.25-16.45.51:220][864]FUdpSocketBuilder: Failed to create and initialize socket UdpMessageMulticastSocket (last error: 0)
[2025.03.25-16.45.51:220][864]LogUdpMessaging: Warning: StartTransport failed to create multicast socket on 0.0.0.0:0, joined to 230.0.0.1:6666 with TTL 1
[2025.03.25-16.45.51:249][864]LogUdpMessaging: Warning: UDP messaging encountered an error. Auto repair routine started for reinitialization
[2025.03.25-16.45.53:358][878]FUdpSocketBuilder: Failed to subscribe UdpMessageMulticastSocket to multicast group 230.0.0.1 on interface 0.0.0.0
[2025.03.25-16.45.53:358][878]FUdpSocketBuilder: Failed to create and initialize socket UdpMessageMulticastSocket (last error: 0)
[2025.03.25-16.45.53:358][878]LogUdpMessaging: Warning: StartTransport failed to create multicast socket on 0.0.0.0:0, joined to 230.0.0.1:6666 with TTL 1
[2025.03.25-16.45.53:393][878]LogUdpMessaging: Warning: UDP messaging encountered an error. Auto repair routine started for reinitialization
[2025.03.25-16.45.55:520][891]FUdpSocketBuilder: Failed to subscribe UdpMessageMulticastSocket to multicast group 230.0.0.1 on interface 0.0.0.0
[2025.03.25-16.45.55:520][891]FUdpSocketBuilder: Failed to create and initialize socket UdpMessageMulticastSocket (last error: 0)
[2025.03.25-16.45.55:520][891]LogUdpMessaging: Warning: StartTransport failed to create multicast socket on 0.0.0.0:0, joined to 230.0.0.1:6666 with TTL 1
[2025.03.25-16.45.55:556][891]LogUdpMessaging: Warning: UDP messaging encountered an error. Auto repair routine started for reinitialization
[2025.03.25-16.45.56:053][896]LogShaderCompilers: Display: Worker (3/13): shaders left to compile 167
[2025.03.25-16.45.56:053][896]LogShaderCompilers: Display: Started 10 'Local' shader compile jobs with 'Normal' priority
[2025.03.25-16.45.58:045][905]FUdpSocketBuilder: Failed to subscribe UdpMessageMulticastSocket to multicast group 230.0.0.1 on interface 0.0.0.0
[2025.03.25-16.45.58:045][905]FUdpSocketBuilder: Failed to create and initialize socket UdpMessageMulticastSocket (last error: 0)
[2025.03.25-16.45.58:045][905]LogUdpMessaging: Warning: StartTransport failed to create multicast socket on 0.0.0.0:0, joined to 230.0.0.1:6666 with TTL 1
[2025.03.25-16.45.58:069][905]LogUdpMessaging: Warning: UDP messaging encountered an error. Auto repair routine started for reinitialization
[2025.03.25-16.46.00:219][918]FUdpSocketBuilder: Failed to subscribe UdpMessageMulticastSocket to multicast group 230.0.0.1 on interface 0.0.0.0
[2025.03.25-16.46.00:219][918]FUdpSocketBuilder: Failed to create and initialize socket UdpMessageMulticastSocket (last error: 0)
[2025.03.25-16.46.00:220][918]LogUdpMessaging: Warning: StartTransport failed to create multicast socket on 0.0.0.0:0, joined to 230.0.0.1:6666 with TTL 1
[2025.03.25-16.46.00:243][918]LogUdpMessaging: Warning: UDP messaging encountered an error. Auto repair routine started for reinitialization
[2025.03.25-16.46.02:332][935]FUdpSocketBuilder: Failed to subscribe UdpMessageMulticastSocket to multicast group 230.0.0.1 on interface 0.0.0.0
[2025.03.25-16.46.02:332][935]FUdpSocketBuilder: Failed to create and initialize socket UdpMessageMulticastSocket (last error: 0)
[2025.03.25-16.46.02:334][935]LogUdpMessaging: Warning: StartTransport failed to create multicast socket on 0.0.0.0:0, joined to 230.0.0.1:6666 with TTL 1
[2025.03.25-16.46.02:367][935]LogUdpMessaging: Warning: UDP messaging encountered an error. Auto repair routine started for reinitialization
[2025.03.25-16.46.04:683][949]LogShaderCompilers: Display: Worker (5/13): shaders left to compile 157
[2025.03.25-16.46.04:683][949]LogShaderCompilers: Display: Started 10 'Local' shader compile jobs with 'Normal' priority
[2025.03.25-16.46.04:683][949]FUdpSocketBuilder: Failed to subscribe UdpMessageMulticastSocket to multicast group 230.0.0.1 on interface 0.0.0.0
[2025.03.25-16.46.04:683][949]FUdpSocketBuilder: Failed to create and initialize socket UdpMessageMulticastSocket (last error: 0)
[2025.03.25-16.46.04:685][949]LogUdpMessaging: Warning: StartTransport failed to create multicast socket on 0.0.0.0:0, joined to 230.0.0.1:6666 with TTL 1
[2025.03.25-16.46.04:720][949]LogUdpMessaging: Warning: UDP messaging encountered an error. Auto repair routine started for reinitialization
[2025.03.25-16.46.05:586][954]LogShaderCompilers: Display: Worker (1/13): shaders left to compile 147
[2025.03.25-16.46.05:587][954]LogShaderCompilers: Display: Started 10 'Local' shader compile jobs with 'Normal' priority
[2025.03.25-16.46.06:549][961]LogShaderCompilers: Display: Worker (2/13): shaders left to compile 137
[2025.03.25-16.46.06:549][961]LogShaderCompilers: Display: Started 10 'Local' shader compile jobs with 'Normal' priority
[2025.03.25-16.46.06:549][961]FUdpSocketBuilder: Failed to subscribe UdpMessageMulticastSocket to multicast group 230.0.0.1 on interface 0.0.0.0
[2025.03.25-16.46.06:549][961]FUdpSocketBuilder: Failed to create and initialize socket UdpMessageMulticastSocket (last error: 0)
[2025.03.25-16.46.06:550][961]LogUdpMessaging: Warning: StartTransport failed to create multicast socket on 0.0.0.0:0, joined to 230.0.0.1:6666 with TTL 1
[2025.03.25-16.46.06:597][961]LogUdpMessaging: Warning: UDP messaging encountered an error. Auto repair routine started for reinitialization
[2025.03.25-16.46.07:235][967]LogShaderCompilers: Display: Worker (9/13): shaders left to compile 127
[2025.03.25-16.46.07:236][967]LogShaderCompilers: Display: Started 10 'Local' shader compile jobs with 'Normal' priority
[2025.03.25-16.46.08:193][969]FUdpSocketBuilder: Failed to subscribe UdpMessageMulticastSocket to multicast group 230.0.0.1 on interface 0.0.0.0
[2025.03.25-16.46.08:193][969]FUdpSocketBuilder: Failed to create and initialize socket UdpMessageMulticastSocket (last error: 0)
[2025.03.25-16.46.08:193][969]LogUdpMessaging: Warning: StartTransport failed to create multicast socket on 0.0.0.0:0, joined to 230.0.0.1:6666 with TTL 1
[2025.03.25-16.46.08:221][969]LogUdpMessaging: Warning: UDP messaging encountered an error. Auto repair routine started for reinitialization
[2025.03.25-16.46.09:653][972]FUdpSocketBuilder: Failed to subscribe UdpMessageMulticastSocket to multicast group 230.0.0.1 on interface 0.0.0.0
[2025.03.25-16.46.09:654][972]FUdpSocketBuilder: Failed to create and initialize socket UdpMessageMulticastSocket (last error: 0)
[2025.03.25-16.46.09:654][972]LogUdpMessaging: Warning: StartTransport failed to create multicast socket on 0.0.0.0:0, joined to 230.0.0.1:6666 with TTL 1
[2025.03.25-16.46.09:679][972]LogUdpMessaging: Warning: UDP messaging encountered an error. Auto repair routine started for reinitialization
[2025.03.25-16.46.09:805][974]LogHttp: Warning: 00000135CF654100: invalid HTTP response code received. URL: https://datarouter.ol.epicgames.com/datarouter/api/v1/public/data?SessionID=%7BAC57BD79-4736-AD5C-2A4F-79A2FF4A8D07%7D&AppID=UEEditor.Rocket.Release&AppVersion=4.27.2-18319896%2B%2B%2BUE4%2BRelease-4.27&UserID=f5edb87a4dc0f99c13cd37a4f0d6d538%7C71f5ffb38c3f40679d77fb94a2928a28%7C05fba853-d5f3-4c05-a360-9d4811eb48c5&AppEnvironment=datacollector-binary&UploadType=eteventstream, HTTP code: 0, content length: 0, actual payload size: 0
[2025.03.25-16.46.09:805][974]LogHttp: Warning: 00000135CF654100: request failed, libcurl error: 6 (Couldn't resolve host name)
[2025.03.25-16.46.09:805][974]LogHttp: Warning: 00000135CF654100: libcurl info message cache 0 (Could not resolve host: datarouter.ol.epicgames.com)
[2025.03.25-16.46.09:805][974]LogHttp: Warning: 00000135CF654100: libcurl info message cache 1 (Closing connection 15)
[2025.03.25-16.46.09:805][974]LogHttp: Warning: Retry exhausted on https://datarouter.ol.epicgames.com/datarouter/api/v1/public/data?SessionID=%7BAC57BD79-4736-AD5C-2A4F-79A2FF4A8D07%7D&AppID=UEEditor.Rocket.Release&AppVersion=4.27.2-18319896%2B%2B%2BUE4%2BRelease-4.27&UserID=f5edb87a4dc0f99c13cd37a4f0d6d538%7C71f5ffb38c3f40679d77fb94a2928a28%7C05fba853-d5f3-4c05-a360-9d4811eb48c5&AppEnvironment=datacollector-binary&UploadType=eteventstream
[2025.03.25-16.46.11:292][982]FUdpSocketBuilder: Failed to subscribe UdpMessageMulticastSocket to multicast group 230.0.0.1 on interface 0.0.0.0
[2025.03.25-16.46.11:292][982]FUdpSocketBuilder: Failed to create and initialize socket UdpMessageMulticastSocket (last error: 0)
[2025.03.25-16.46.11:292][982]LogUdpMessaging: Warning: StartTransport failed to create multicast socket on 0.0.0.0:0, joined to 230.0.0.1:6666 with TTL 1
[2025.03.25-16.46.11:323][982]LogUdpMessaging: Warning: UDP messaging encountered an error. Auto repair routine started for reinitialization
[2025.03.25-16.46.12:723][987]FUdpSocketBuilder: Failed to subscribe UdpMessageMulticastSocket to multicast group 230.0.0.1 on interface 0.0.0.0
[2025.03.25-16.46.12:723][987]FUdpSocketBuilder: Failed to create and initialize socket UdpMessageMulticastSocket (last error: 0)
[2025.03.25-16.46.12:723][987]LogUdpMessaging: Warning: StartTransport failed to create multicast socket on 0.0.0.0:0, joined to 230.0.0.1:6666 with TTL 1
[2025.03.25-16.46.12:754][988]LogUdpMessaging: Warning: UDP messaging encountered an error. Auto repair routine started for reinitialization
[2025.03.25-16.46.14:794][  4]FUdpSocketBuilder: Failed to subscribe UdpMessageMulticastSocket to multicast group 230.0.0.1 on interface 0.0.0.0
[2025.03.25-16.46.14:795][  4]FUdpSocketBuilder: Failed to create and initialize socket UdpMessageMulticastSocket (last error: 0)
[2025.03.25-16.46.14:796][  4]LogUdpMessaging: Warning: StartTransport failed to create multicast socket on 0.0.0.0:0, joined to 230.0.0.1:6666 with TTL 1
[2025.03.25-16.46.14:837][  4]LogUdpMessaging: Warning: UDP messaging encountered an error. Auto repair routine started for reinitialization
[2025.03.25-16.46.17:158][ 18]FUdpSocketBuilder: Failed to subscribe UdpMessageMulticastSocket to multicast group 230.0.0.1 on interface 0.0.0.0
[2025.03.25-16.46.17:159][ 18]FUdpSocketBuilder: Failed to create and initialize socket UdpMessageMulticastSocket (last error: 0)
[2025.03.25-16.46.17:159][ 18]LogUdpMessaging: Warning: StartTransport failed to create multicast socket on 0.0.0.0:0, joined to 230.0.0.1:6666 with TTL 1
[2025.03.25-16.46.17:193][ 18]LogUdpMessaging: Warning: UDP messaging encountered an error. Auto repair routine started for reinitialization
[2025.03.25-16.46.17:763][ 22]LogShaderCompilers: Display: Worker (4/13): shaders left to compile 117
[2025.03.25-16.46.17:763][ 22]LogShaderCompilers: Display: Started 10 'Local' shader compile jobs with 'Normal' priority
[2025.03.25-16.46.18:966][ 24]FUdpSocketBuilder: Failed to subscribe UdpMessageMulticastSocket to multicast group 230.0.0.1 on interface 0.0.0.0
[2025.03.25-16.46.18:966][ 24]FUdpSocketBuilder: Failed to create and initialize socket UdpMessageMulticastSocket (last error: 0)
[2025.03.25-16.46.18:966][ 24]LogUdpMessaging: Warning: StartTransport failed to create multicast socket on 0.0.0.0:0, joined to 230.0.0.1:6666 with TTL 1
[2025.03.25-16.46.18:997][ 24]LogUdpMessaging: Warning: UDP messaging encountered an error. Auto repair routine started for reinitialization
[2025.03.25-16.46.20:351][ 33]FUdpSocketBuilder: Failed to subscribe UdpMessageMulticastSocket to multicast group 230.0.0.1 on interface 0.0.0.0
[2025.03.25-16.46.20:351][ 33]FUdpSocketBuilder: Failed to create and initialize socket UdpMessageMulticastSocket (last error: 0)
[2025.03.25-16.46.20:352][ 33]LogUdpMessaging: Warning: StartTransport failed to create multicast socket on 0.0.0.0:0, joined to 230.0.0.1:6666 with TTL 1
[2025.03.25-16.46.20:381][ 33]LogUdpMessaging: Warning: UDP messaging encountered an error. Auto repair routine started for reinitialization
[2025.03.25-16.46.22:730][ 49]FUdpSocketBuilder: Failed to subscribe UdpMessageMulticastSocket to multicast group 230.0.0.1 on interface 0.0.0.0
[2025.03.25-16.46.22:730][ 49]FUdpSocketBuilder: Failed to create and initialize socket UdpMessageMulticastSocket (last error: 0)
[2025.03.25-16.46.22:730][ 49]LogUdpMessaging: Warning: StartTransport failed to create multicast socket on 0.0.0.0:0, joined to 230.0.0.1:6666 with TTL 1
[2025.03.25-16.46.22:765][ 49]LogUdpMessaging: Warning: UDP messaging encountered an error. Auto repair routine started for reinitialization
[2025.03.25-16.46.24:049][ 58]FUdpSocketBuilder: Failed to subscribe UdpMessageMulticastSocket to multicast group 230.0.0.1 on interface 0.0.0.0
[2025.03.25-16.46.24:049][ 58]FUdpSocketBuilder: Failed to create and initialize socket UdpMessageMulticastSocket (last error: 0)
[2025.03.25-16.46.24:049][ 58]LogUdpMessaging: Warning: StartTransport failed to create multicast socket on 0.0.0.0:0, joined to 230.0.0.1:6666 with TTL 1
[2025.03.25-16.46.24:072][ 58]LogUdpMessaging: Warning: UDP messaging encountered an error. Auto repair routine started for reinitialization
[2025.03.25-16.46.26:017][ 71]LogShaderCompilers: Display: Worker (6/13): shaders left to compile 107
[2025.03.25-16.46.26:017][ 71]LogShaderCompilers: Display: Started 9 'Local' shader compile jobs with 'Normal' priority
[2025.03.25-16.46.26:436][ 72]FUdpSocketBuilder: Failed to subscribe UdpMessageMulticastSocket to multicast group 230.0.0.1 on interface 0.0.0.0
[2025.03.25-16.46.26:436][ 72]FUdpSocketBuilder: Failed to create and initialize socket UdpMessageMulticastSocket (last error: 0)
[2025.03.25-16.46.26:436][ 72]LogUdpMessaging: Warning: StartTransport failed to create multicast socket on 0.0.0.0:0, joined to 230.0.0.1:6666 with TTL 1
[2025.03.25-16.46.26:470][ 72]LogUdpMessaging: Warning: UDP messaging encountered an error. Auto repair routine started for reinitialization
[2025.03.25-16.46.28:616][ 84]FUdpSocketBuilder: Failed to subscribe UdpMessageMulticastSocket to multicast group 230.0.0.1 on interface 0.0.0.0
[2025.03.25-16.46.28:617][ 84]FUdpSocketBuilder: Failed to create and initialize socket UdpMessageMulticastSocket (last error: 0)
[2025.03.25-16.46.28:618][ 84]LogUdpMessaging: Warning: StartTransport failed to create multicast socket on 0.0.0.0:0, joined to 230.0.0.1:6666 with TTL 1
[2025.03.25-16.46.28:646][ 84]LogUdpMessaging: Warning: UDP messaging encountered an error. Auto repair routine started for reinitialization
[2025.03.25-16.46.30:233][ 92]FUdpSocketBuilder: Failed to subscribe UdpMessageMulticastSocket to multicast group 230.0.0.1 on interface 0.0.0.0
[2025.03.25-16.46.30:233][ 92]FUdpSocketBuilder: Failed to create and initialize socket UdpMessageMulticastSocket (last error: 0)
[2025.03.25-16.46.30:233][ 92]LogUdpMessaging: Warning: StartTransport failed to create multicast socket on 0.0.0.0:0, joined to 230.0.0.1:6666 with TTL 1
[2025.03.25-16.46.30:260][ 92]LogUdpMessaging: Warning: UDP messaging encountered an error. Auto repair routine started for reinitialization
[2025.03.25-16.46.31:980][100]FUdpSocketBuilder: Failed to subscribe UdpMessageMulticastSocket to multicast group 230.0.0.1 on interface 0.0.0.0
[2025.03.25-16.46.31:981][100]FUdpSocketBuilder: Failed to create and initialize socket UdpMessageMulticastSocket (last error: 0)
[2025.03.25-16.46.31:981][100]LogUdpMessaging: Warning: StartTransport failed to create multicast socket on 0.0.0.0:0, joined to 230.0.0.1:6666 with TTL 1
[2025.03.25-16.46.32:012][100]LogUdpMessaging: Warning: UDP messaging encountered an error. Auto repair routine started for reinitialization
[2025.03.25-16.46.32:825][105]LogShaderCompilers: Display: Worker (8/13): shaders left to compile 98
[2025.03.25-16.46.32:825][105]LogShaderCompilers: Display: Started 9 'Local' shader compile jobs with 'Normal' priority
[2025.03.25-16.46.33:931][111]FUdpSocketBuilder: Failed to subscribe UdpMessageMulticastSocket to multicast group 230.0.0.1 on interface 0.0.0.0
[2025.03.25-16.46.33:931][111]FUdpSocketBuilder: Failed to create and initialize socket UdpMessageMulticastSocket (last error: 0)
[2025.03.25-16.46.33:931][111]LogUdpMessaging: Warning: StartTransport failed to create multicast socket on 0.0.0.0:0, joined to 230.0.0.1:6666 with TTL 1
[2025.03.25-16.46.33:970][111]LogUdpMessaging: Warning: UDP messaging encountered an error. Auto repair routine started for reinitialization
[2025.03.25-16.46.36:313][124]FUdpSocketBuilder: Failed to subscribe UdpMessageMulticastSocket to multicast group 230.0.0.1 on interface 0.0.0.0
[2025.03.25-16.46.36:314][124]FUdpSocketBuilder: Failed to create and initialize socket UdpMessageMulticastSocket (last error: 0)
[2025.03.25-16.46.36:314][124]LogUdpMessaging: Warning: StartTransport failed to create multicast socket on 0.0.0.0:0, joined to 230.0.0.1:6666 with TTL 1
[2025.03.25-16.46.36:336][124]LogUdpMessaging: Warning: UDP messaging encountered an error. Auto repair routine started for reinitialization
[2025.03.25-16.46.37:182][133]LogShaderCompilers: Display: Worker (3/13): shaders left to compile 89
[2025.03.25-16.46.37:182][133]LogShaderCompilers: Display: Started 8 'Local' shader compile jobs with 'Normal' priority
[2025.03.25-16.46.38:579][141]FUdpSocketBuilder: Failed to subscribe UdpMessageMulticastSocket to multicast group 230.0.0.1 on interface 0.0.0.0
[2025.03.25-16.46.38:579][141]FUdpSocketBuilder: Failed to create and initialize socket UdpMessageMulticastSocket (last error: 0)
[2025.03.25-16.46.38:580][141]LogUdpMessaging: Warning: StartTransport failed to create multicast socket on 0.0.0.0:0, joined to 230.0.0.1:6666 with TTL 1
[2025.03.25-16.46.38:708][141]LogUdpMessaging: Warning: UDP messaging encountered an error. Auto repair routine started for reinitialization
[2025.03.25-16.46.40:539][155]FUdpSocketBuilder: Failed to subscribe UdpMessageMulticastSocket to multicast group 230.0.0.1 on interface 0.0.0.0
[2025.03.25-16.46.40:539][155]FUdpSocketBuilder: Failed to create and initialize socket UdpMessageMulticastSocket (last error: 0)
[2025.03.25-16.46.40:540][155]LogUdpMessaging: Warning: StartTransport failed to create multicast socket on 0.0.0.0:0, joined to 230.0.0.1:6666 with TTL 1
[2025.03.25-16.46.40:568][155]LogUdpMessaging: Warning: UDP messaging encountered an error. Auto repair routine started for reinitialization
[2025.03.25-16.46.41:663][161]LogShaderCompilers: Display: Worker (11/13): shaders left to compile 81
[2025.03.25-16.46.41:663][161]LogShaderCompilers: Display: Started 7 'Local' shader compile jobs with 'Normal' priority
[2025.03.25-16.46.41:995][161]LogShaderCompilers: Display: Worker (10/13): shaders left to compile 74
[2025.03.25-16.46.41:995][161]LogShaderCompilers: Display: Started 7 'Local' shader compile jobs with 'Normal' priority
[2025.03.25-16.46.41:995][161]FUdpSocketBuilder: Failed to subscribe UdpMessageMulticastSocket to multicast group 230.0.0.1 on interface 0.0.0.0
[2025.03.25-16.46.41:995][161]FUdpSocketBuilder: Failed to create and initialize socket UdpMessageMulticastSocket (last error: 0)
[2025.03.25-16.46.41:995][161]LogUdpMessaging: Warning: StartTransport failed to create multicast socket on 0.0.0.0:0, joined to 230.0.0.1:6666 with TTL 1
[2025.03.25-16.46.42:041][161]LogUdpMessaging: Warning: UDP messaging encountered an error. Auto repair routine started for reinitialization
[2025.03.25-16.46.43:476][165]FUdpSocketBuilder: Failed to subscribe UdpMessageMulticastSocket to multicast group 230.0.0.1 on interface 0.0.0.0
[2025.03.25-16.46.43:476][165]FUdpSocketBuilder: Failed to create and initialize socket UdpMessageMulticastSocket (last error: 0)
[2025.03.25-16.46.43:476][165]LogUdpMessaging: Warning: StartTransport failed to create multicast socket on 0.0.0.0:0, joined to 230.0.0.1:6666 with TTL 1
[2025.03.25-16.46.43:512][165]LogUdpMessaging: Warning: UDP messaging encountered an error. Auto repair routine started for reinitialization
[2025.03.25-16.46.45:518][179]FUdpSocketBuilder: Failed to subscribe UdpMessageMulticastSocket to multicast group 230.0.0.1 on interface 0.0.0.0
[2025.03.25-16.46.45:518][179]FUdpSocketBuilder: Failed to create and initialize socket UdpMessageMulticastSocket (last error: 0)
[2025.03.25-16.46.45:518][179]LogUdpMessaging: Warning: StartTransport failed to create multicast socket on 0.0.0.0:0, joined to 230.0.0.1:6666 with TTL 1
[2025.03.25-16.46.45:543][179]LogUdpMessaging: Warning: UDP messaging encountered an error. Auto repair routine started for reinitialization
[2025.03.25-16.46.47:555][190]FUdpSocketBuilder: Failed to subscribe UdpMessageMulticastSocket to multicast group 230.0.0.1 on interface 0.0.0.0
[2025.03.25-16.46.47:556][190]FUdpSocketBuilder: Failed to create and initialize socket UdpMessageMulticastSocket (last error: 0)
[2025.03.25-16.46.47:559][190]LogUdpMessaging: Warning: StartTransport failed to create multicast socket on 0.0.0.0:0, joined to 230.0.0.1:6666 with TTL 1
[2025.03.25-16.46.47:586][190]LogUdpMessaging: Warning: UDP messaging encountered an error. Auto repair routine started for reinitialization
[2025.03.25-16.46.47:922][194]LogShaderCompilers: Display: Worker (12/13): shaders left to compile 67
[2025.03.25-16.46.47:922][194]LogShaderCompilers: Display: Started 6 'Local' shader compile jobs with 'Normal' priority
[2025.03.25-16.46.49:575][202]FUdpSocketBuilder: Failed to subscribe UdpMessageMulticastSocket to multicast group 230.0.0.1 on interface 0.0.0.0
[2025.03.25-16.46.49:575][202]FUdpSocketBuilder: Failed to create and initialize socket UdpMessageMulticastSocket (last error: 0)
[2025.03.25-16.46.49:575][202]LogUdpMessaging: Warning: StartTransport failed to create multicast socket on 0.0.0.0:0, joined to 230.0.0.1:6666 with TTL 1
[2025.03.25-16.46.49:606][202]LogUdpMessaging: Warning: UDP messaging encountered an error. Auto repair routine started for reinitialization
[2025.03.25-16.46.51:371][213]LogShaderCompilers: Display: Worker (5/13): shaders left to compile 61
[2025.03.25-16.46.51:371][213]LogShaderCompilers: Display: Started 6 'Local' shader compile jobs with 'Normal' priority
[2025.03.25-16.46.51:980][214]FUdpSocketBuilder: Failed to subscribe UdpMessageMulticastSocket to multicast group 230.0.0.1 on interface 0.0.0.0
[2025.03.25-16.46.51:980][214]FUdpSocketBuilder: Failed to create and initialize socket UdpMessageMulticastSocket (last error: 0)
[2025.03.25-16.46.51:980][214]LogUdpMessaging: Warning: StartTransport failed to create multicast socket on 0.0.0.0:0, joined to 230.0.0.1:6666 with TTL 1
[2025.03.25-16.46.52:008][214]LogUdpMessaging: Warning: UDP messaging encountered an error. Auto repair routine started for reinitialization
[2025.03.25-16.46.54:153][224]FUdpSocketBuilder: Failed to subscribe UdpMessageMulticastSocket to multicast group 230.0.0.1 on interface 0.0.0.0
[2025.03.25-16.46.54:153][224]FUdpSocketBuilder: Failed to create and initialize socket UdpMessageMulticastSocket (last error: 0)
[2025.03.25-16.46.54:156][224]LogUdpMessaging: Warning: StartTransport failed to create multicast socket on 0.0.0.0:0, joined to 230.0.0.1:6666 with TTL 1
[2025.03.25-16.46.54:186][224]LogUdpMessaging: Warning: UDP messaging encountered an error. Auto repair routine started for reinitialization
[2025.03.25-16.46.56:534][235]LogShaderCompilers: Display: Worker (7/13): shaders left to compile 55
[2025.03.25-16.46.56:534][235]LogShaderCompilers: Display: Started 5 'Local' shader compile jobs with 'Normal' priority
[2025.03.25-16.46.56:587][235]FUdpSocketBuilder: Failed to subscribe UdpMessageMulticastSocket to multicast group 230.0.0.1 on interface 0.0.0.0
[2025.03.25-16.46.56:587][235]FUdpSocketBuilder: Failed to create and initialize socket UdpMessageMulticastSocket (last error: 0)
[2025.03.25-16.46.56:588][235]LogUdpMessaging: Warning: StartTransport failed to create multicast socket on 0.0.0.0:0, joined to 230.0.0.1:6666 with TTL 1
[2025.03.25-16.46.56:641][235]LogUdpMessaging: Warning: UDP messaging encountered an error. Auto repair routine started for reinitialization
[2025.03.25-16.46.56:713][235]LogShaderCompilers: Display: === FShaderJobCache stats ===
[2025.03.25-16.46.56:713][235]LogShaderCompilers: Display: Total job queries 2297, among them cache hits 54 (2.35%)
[2025.03.25-16.46.56:713][235]LogShaderCompilers: Display: Tracking 2096 distinct input hashes that result in 1132 distinct outputs (54.01%)
[2025.03.25-16.46.56:713][235]LogShaderCompilers: Display: RAM used: 11.07 MB (0.01 GB) of 819.20 MB (0.80 GB) budget. Usage: 1.35%
[2025.03.25-16.46.56:713][235]LogShaderCompilers: Display: ================================================
[2025.03.25-16.46.58:520][238]FUdpSocketBuilder: Failed to subscribe UdpMessageMulticastSocket to multicast group 230.0.0.1 on interface 0.0.0.0
[2025.03.25-16.46.58:521][238]FUdpSocketBuilder: Failed to create and initialize socket UdpMessageMulticastSocket (last error: 0)
[2025.03.25-16.46.58:521][238]LogUdpMessaging: Warning: StartTransport failed to create multicast socket on 0.0.0.0:0, joined to 230.0.0.1:6666 with TTL 1
[2025.03.25-16.46.58:721][238]LogUdpMessaging: Warning: UDP messaging encountered an error. Auto repair routine started for reinitialization
[2025.03.25-16.47.01:659][241]FUdpSocketBuilder: Failed to subscribe UdpMessageMulticastSocket to multicast group 230.0.0.1 on interface 0.0.0.0
[2025.03.25-16.47.01:659][241]FUdpSocketBuilder: Failed to create and initialize socket UdpMessageMulticastSocket (last error: 0)
[2025.03.25-16.47.01:659][241]LogUdpMessaging: Warning: StartTransport failed to create multicast socket on 0.0.0.0:0, joined to 230.0.0.1:6666 with TTL 1
[2025.03.25-16.47.01:688][241]LogUdpMessaging: Warning: UDP messaging encountered an error. Auto repair routine started for reinitialization
[2025.03.25-16.47.03:641][246]LogShaderCompilers: Display: Worker (2/13): shaders left to compile 50
[2025.03.25-16.47.03:642][246]LogShaderCompilers: Display: Started 5 'Local' shader compile jobs with 'Normal' priority
[2025.03.25-16.47.03:642][246]FUdpSocketBuilder: Failed to subscribe UdpMessageMulticastSocket to multicast group 230.0.0.1 on interface 0.0.0.0
[2025.03.25-16.47.03:642][246]FUdpSocketBuilder: Failed to create and initialize socket UdpMessageMulticastSocket (last error: 0)
[2025.03.25-16.47.03:642][246]LogUdpMessaging: Warning: StartTransport failed to create multicast socket on 0.0.0.0:0, joined to 230.0.0.1:6666 with TTL 1
[2025.03.25-16.47.03:687][246]LogUdpMessaging: Warning: UDP messaging encountered an error. Auto repair routine started for reinitialization
[2025.03.25-16.47.05:928][254]FUdpSocketBuilder: Failed to subscribe UdpMessageMulticastSocket to multicast group 230.0.0.1 on interface 0.0.0.0
[2025.03.25-16.47.05:929][254]FUdpSocketBuilder: Failed to create and initialize socket UdpMessageMulticastSocket (last error: 0)
[2025.03.25-16.47.05:929][254]LogUdpMessaging: Warning: StartTransport failed to create multicast socket on 0.0.0.0:0, joined to 230.0.0.1:6666 with TTL 1
[2025.03.25-16.47.06:004][254]LogUdpMessaging: Warning: UDP messaging encountered an error. Auto repair routine started for reinitialization
[2025.03.25-16.47.08:107][260]FUdpSocketBuilder: Failed to subscribe UdpMessageMulticastSocket to multicast group 230.0.0.1 on interface 0.0.0.0
[2025.03.25-16.47.08:108][260]FUdpSocketBuilder: Failed to create and initialize socket UdpMessageMulticastSocket (last error: 0)
[2025.03.25-16.47.08:108][260]LogUdpMessaging: Warning: StartTransport failed to create multicast socket on 0.0.0.0:0, joined to 230.0.0.1:6666 with TTL 1
[2025.03.25-16.47.08:155][260]LogUdpMessaging: Warning: UDP messaging encountered an error. Auto repair routine started for reinitialization
[2025.03.25-16.47.09:964][263]FUdpSocketBuilder: Failed to subscribe UdpMessageMulticastSocket to multicast group 230.0.0.1 on interface 0.0.0.0
[2025.03.25-16.47.09:964][263]FUdpSocketBuilder: Failed to create and initialize socket UdpMessageMulticastSocket (last error: 0)
[2025.03.25-16.47.09:965][263]LogUdpMessaging: Warning: StartTransport failed to create multicast socket on 0.0.0.0:0, joined to 230.0.0.1:6666 with TTL 1
[2025.03.25-16.47.09:993][263]LogUdpMessaging: Warning: UDP messaging encountered an error. Auto repair routine started for reinitialization
[2025.03.25-16.47.10:017][264]LogHttp: Warning: 00000135CECB3900: invalid HTTP response code received. URL: https://datarouter.ol.epicgames.com/datarouter/api/v1/public/data?SessionID=%7BAC57BD79-4736-AD5C-2A4F-79A2FF4A8D07%7D&AppID=UEEditor.Rocket.Release&AppVersion=4.27.2-18319896%2B%2B%2BUE4%2BRelease-4.27&UserID=f5edb87a4dc0f99c13cd37a4f0d6d538%7C71f5ffb38c3f40679d77fb94a2928a28%7C05fba853-d5f3-4c05-a360-9d4811eb48c5&AppEnvironment=datacollector-binary&UploadType=eteventstream, HTTP code: 0, content length: 0, actual payload size: 0
[2025.03.25-16.47.10:018][264]LogHttp: Warning: 00000135CECB3900: request failed, libcurl error: 6 (Couldn't resolve host name)
[2025.03.25-16.47.10:018][264]LogHttp: Warning: 00000135CECB3900: libcurl info message cache 0 (Could not resolve host: datarouter.ol.epicgames.com)
[2025.03.25-16.47.10:018][264]LogHttp: Warning: 00000135CECB3900: libcurl info message cache 1 (Closing connection 16)
[2025.03.25-16.47.10:019][264]LogHttp: Warning: Retry exhausted on https://datarouter.ol.epicgames.com/datarouter/api/v1/public/data?SessionID=%7BAC57BD79-4736-AD5C-2A4F-79A2FF4A8D07%7D&AppID=UEEditor.Rocket.Release&AppVersion=4.27.2-18319896%2B%2B%2BUE4%2BRelease-4.27&UserID=f5edb87a4dc0f99c13cd37a4f0d6d538%7C71f5ffb38c3f40679d77fb94a2928a28%7C05fba853-d5f3-4c05-a360-9d4811eb48c5&AppEnvironment=datacollector-binary&UploadType=eteventstream
[2025.03.25-16.47.13:384][275]FUdpSocketBuilder: Failed to subscribe UdpMessageMulticastSocket to multicast group 230.0.0.1 on interface 0.0.0.0
[2025.03.25-16.47.13:385][275]FUdpSocketBuilder: Failed to create and initialize socket UdpMessageMulticastSocket (last error: 0)
[2025.03.25-16.47.13:385][275]LogUdpMessaging: Warning: StartTransport failed to create multicast socket on 0.0.0.0:0, joined to 230.0.0.1:6666 with TTL 1
[2025.03.25-16.47.13:416][275]LogUdpMessaging: Warning: UDP messaging encountered an error. Auto repair routine started for reinitialization
[2025.03.25-16.47.15:183][282]FUdpSocketBuilder: Failed to subscribe UdpMessageMulticastSocket to multicast group 230.0.0.1 on interface 0.0.0.0
[2025.03.25-16.47.15:183][282]FUdpSocketBuilder: Failed to create and initialize socket UdpMessageMulticastSocket (last error: 0)
[2025.03.25-16.47.15:190][282]LogUdpMessaging: Warning: StartTransport failed to create multicast socket on 0.0.0.0:0, joined to 230.0.0.1:6666 with TTL 1
[2025.03.25-16.47.15:227][282]LogUdpMessaging: Warning: UDP messaging encountered an error. Auto repair routine started for reinitialization
[2025.03.25-16.47.17:863][292]FUdpSocketBuilder: Failed to subscribe UdpMessageMulticastSocket to multicast group 230.0.0.1 on interface 0.0.0.0
[2025.03.25-16.47.17:864][292]FUdpSocketBuilder: Failed to create and initialize socket UdpMessageMulticastSocket (last error: 0)
[2025.03.25-16.47.17:864][292]LogUdpMessaging: Warning: StartTransport failed to create multicast socket on 0.0.0.0:0, joined to 230.0.0.1:6666 with TTL 1
[2025.03.25-16.47.17:893][292]LogUdpMessaging: Warning: UDP messaging encountered an error. Auto repair routine started for reinitialization
[2025.03.25-16.47.19:773][299]FUdpSocketBuilder: Failed to subscribe UdpMessageMulticastSocket to multicast group 230.0.0.1 on interface 0.0.0.0
[2025.03.25-16.47.19:773][299]FUdpSocketBuilder: Failed to create and initialize socket UdpMessageMulticastSocket (last error: 0)
[2025.03.25-16.47.19:773][299]LogUdpMessaging: Warning: StartTransport failed to create multicast socket on 0.0.0.0:0, joined to 230.0.0.1:6666 with TTL 1
[2025.03.25-16.47.19:802][299]LogUdpMessaging: Warning: UDP messaging encountered an error. Auto repair routine started for reinitialization
[2025.03.25-16.47.21:340][304]FUdpSocketBuilder: Failed to subscribe UdpMessageMulticastSocket to multicast group 230.0.0.1 on interface 0.0.0.0
[2025.03.25-16.47.21:340][304]FUdpSocketBuilder: Failed to create and initialize socket UdpMessageMulticastSocket (last error: 0)
[2025.03.25-16.47.21:340][304]LogUdpMessaging: Warning: StartTransport failed to create multicast socket on 0.0.0.0:0, joined to 230.0.0.1:6666 with TTL 1
[2025.03.25-16.47.21:367][304]LogUdpMessaging: Warning: UDP messaging encountered an error. Auto repair routine started for reinitialization
[2025.03.25-16.47.23:639][313]FUdpSocketBuilder: Failed to subscribe UdpMessageMulticastSocket to multicast group 230.0.0.1 on interface 0.0.0.0
[2025.03.25-16.47.23:639][313]FUdpSocketBuilder: Failed to create and initialize socket UdpMessageMulticastSocket (last error: 0)
[2025.03.25-16.47.23:646][313]LogUdpMessaging: Warning: StartTransport failed to create multicast socket on 0.0.0.0:0, joined to 230.0.0.1:6666 with TTL 1
[2025.03.25-16.47.23:671][313]LogUdpMessaging: Warning: UDP messaging encountered an error. Auto repair routine started for reinitialization
[2025.03.25-16.47.26:247][327]FUdpSocketBuilder: Failed to subscribe UdpMessageMulticastSocket to multicast group 230.0.0.1 on interface 0.0.0.0
[2025.03.25-16.47.26:247][327]FUdpSocketBuilder: Failed to create and initialize socket UdpMessageMulticastSocket (last error: 0)
[2025.03.25-16.47.26:248][327]LogUdpMessaging: Warning: StartTransport failed to create multicast socket on 0.0.0.0:0, joined to 230.0.0.1:6666 with TTL 1
[2025.03.25-16.47.26:296][327]LogUdpMessaging: Warning: UDP messaging encountered an error. Auto repair routine started for reinitialization
[2025.03.25-16.47.28:278][336]FUdpSocketBuilder: Failed to subscribe UdpMessageMulticastSocket to multicast group 230.0.0.1 on interface 0.0.0.0
[2025.03.25-16.47.28:278][336]FUdpSocketBuilder: Failed to create and initialize socket UdpMessageMulticastSocket (last error: 0)
[2025.03.25-16.47.28:278][336]LogUdpMessaging: Warning: StartTransport failed to create multicast socket on 0.0.0.0:0, joined to 230.0.0.1:6666 with TTL 1
[2025.03.25-16.47.28:305][336]LogUdpMessaging: Warning: UDP messaging encountered an error. Auto repair routine started for reinitialization
[2025.03.25-16.47.29:366][344]LogShaderCompilers: Display: Worker (8/13): shaders left to compile 45
[2025.03.25-16.47.29:366][344]LogShaderCompilers: Display: Started 4 'Local' shader compile jobs with 'Normal' priority
[2025.03.25-16.47.30:452][345]LogShaderCompilers: Display: Worker (5/13): shaders left to compile 41
[2025.03.25-16.47.30:453][345]LogShaderCompilers: Display: Started 4 'Local' shader compile jobs with 'Normal' priority
[2025.03.25-16.47.31:028][346]FUdpSocketBuilder: Failed to subscribe UdpMessageMulticastSocket to multicast group 230.0.0.1 on interface 0.0.0.0
[2025.03.25-16.47.31:028][346]FUdpSocketBuilder: Failed to create and initialize socket UdpMessageMulticastSocket (last error: 0)
[2025.03.25-16.47.31:032][346]LogUdpMessaging: Warning: StartTransport failed to create multicast socket on 0.0.0.0:0, joined to 230.0.0.1:6666 with TTL 1
[2025.03.25-16.47.31:072][346]LogUdpMessaging: Warning: UDP messaging encountered an error. Auto repair routine started for reinitialization
[2025.03.25-16.47.33:692][355]FUdpSocketBuilder: Failed to subscribe UdpMessageMulticastSocket to multicast group 230.0.0.1 on interface 0.0.0.0
[2025.03.25-16.47.33:692][355]FUdpSocketBuilder: Failed to create and initialize socket UdpMessageMulticastSocket (last error: 0)
[2025.03.25-16.47.33:699][355]LogUdpMessaging: Warning: StartTransport failed to create multicast socket on 0.0.0.0:0, joined to 230.0.0.1:6666 with TTL 1
[2025.03.25-16.47.33:731][355]LogUdpMessaging: Warning: UDP messaging encountered an error. Auto repair routine started for reinitialization
[2025.03.25-16.47.35:831][367]FUdpSocketBuilder: Failed to subscribe UdpMessageMulticastSocket to multicast group 230.0.0.1 on interface 0.0.0.0
[2025.03.25-16.47.35:831][367]FUdpSocketBuilder: Failed to create and initialize socket UdpMessageMulticastSocket (last error: 0)
[2025.03.25-16.47.35:831][367]LogUdpMessaging: Warning: StartTransport failed to create multicast socket on 0.0.0.0:0, joined to 230.0.0.1:6666 with TTL 1
[2025.03.25-16.47.35:858][367]LogUdpMessaging: Warning: UDP messaging encountered an error. Auto repair routine started for reinitialization
[2025.03.25-16.47.37:077][373]FUdpSocketBuilder: Failed to subscribe UdpMessageMulticastSocket to multicast group 230.0.0.1 on interface 0.0.0.0
[2025.03.25-16.47.37:077][373]FUdpSocketBuilder: Failed to create and initialize socket UdpMessageMulticastSocket (last error: 0)
[2025.03.25-16.47.37:078][373]LogUdpMessaging: Warning: StartTransport failed to create multicast socket on 0.0.0.0:0, joined to 230.0.0.1:6666 with TTL 1
[2025.03.25-16.47.37:112][373]LogUdpMessaging: Warning: UDP messaging encountered an error. Auto repair routine started for reinitialization
[2025.03.25-16.47.38:874][382]FUdpSocketBuilder: Failed to subscribe UdpMessageMulticastSocket to multicast group 230.0.0.1 on interface 0.0.0.0
[2025.03.25-16.47.38:874][382]FUdpSocketBuilder: Failed to create and initialize socket UdpMessageMulticastSocket (last error: 0)
[2025.03.25-16.47.38:874][382]LogUdpMessaging: Warning: StartTransport failed to create multicast socket on 0.0.0.0:0, joined to 230.0.0.1:6666 with TTL 1
[2025.03.25-16.47.38:901][382]LogUdpMessaging: Warning: UDP messaging encountered an error. Auto repair routine started for reinitialization
[2025.03.25-16.47.40:647][388]FUdpSocketBuilder: Failed to subscribe UdpMessageMulticastSocket to multicast group 230.0.0.1 on interface 0.0.0.0
[2025.03.25-16.47.40:647][388]FUdpSocketBuilder: Failed to create and initialize socket UdpMessageMulticastSocket (last error: 0)
[2025.03.25-16.47.40:647][388]LogUdpMessaging: Warning: StartTransport failed to create multicast socket on 0.0.0.0:0, joined to 230.0.0.1:6666 with TTL 1
[2025.03.25-16.47.40:683][388]LogUdpMessaging: Warning: UDP messaging encountered an error. Auto repair routine started for reinitialization
[2025.03.25-16.47.42:272][398]FUdpSocketBuilder: Failed to subscribe UdpMessageMulticastSocket to multicast group 230.0.0.1 on interface 0.0.0.0
[2025.03.25-16.47.42:272][398]FUdpSocketBuilder: Failed to create and initialize socket UdpMessageMulticastSocket (last error: 0)
[2025.03.25-16.47.42:272][398]LogUdpMessaging: Warning: StartTransport failed to create multicast socket on 0.0.0.0:0, joined to 230.0.0.1:6666 with TTL 1
[2025.03.25-16.47.42:299][398]LogShaderCompilers: Display: Worker (12/13): shaders left to compile 37
[2025.03.25-16.47.42:300][398]LogShaderCompilers: Display: Started 4 'Local' shader compile jobs with 'Normal' priority
[2025.03.25-16.47.42:300][398]LogUdpMessaging: Warning: UDP messaging encountered an error. Auto repair routine started for reinitialization
[2025.03.25-16.47.44:672][408]LogShaderCompilers: Display: Worker (2/13): shaders left to compile 33
[2025.03.25-16.47.44:672][408]LogShaderCompilers: Display: Started 3 'Local' shader compile jobs with 'Normal' priority
[2025.03.25-16.47.44:672][408]FUdpSocketBuilder: Failed to subscribe UdpMessageMulticastSocket to multicast group 230.0.0.1 on interface 0.0.0.0
[2025.03.25-16.47.44:674][408]FUdpSocketBuilder: Failed to create and initialize socket UdpMessageMulticastSocket (last error: 0)
[2025.03.25-16.47.44:676][408]LogUdpMessaging: Warning: StartTransport failed to create multicast socket on 0.0.0.0:0, joined to 230.0.0.1:6666 with TTL 1
[2025.03.25-16.47.44:743][408]LogUdpMessaging: Warning: UDP messaging encountered an error. Auto repair routine started for reinitialization
[2025.03.25-16.47.45:683][413]LogShaderCompilers: Display: Worker (7/13): shaders left to compile 30
[2025.03.25-16.47.45:683][413]LogShaderCompilers: Display: Started 3 'Local' shader compile jobs with 'Normal' priority
[2025.03.25-16.47.47:090][421]LogShaderCompilers: Display: Worker (5/13): shaders left to compile 27
[2025.03.25-16.47.47:090][421]LogShaderCompilers: Display: Started 3 'Local' shader compile jobs with 'Normal' priority
[2025.03.25-16.47.47:096][421]FUdpSocketBuilder: Failed to subscribe UdpMessageMulticastSocket to multicast group 230.0.0.1 on interface 0.0.0.0
[2025.03.25-16.47.47:096][421]FUdpSocketBuilder: Failed to create and initialize socket UdpMessageMulticastSocket (last error: 0)
[2025.03.25-16.47.47:096][421]LogUdpMessaging: Warning: StartTransport failed to create multicast socket on 0.0.0.0:0, joined to 230.0.0.1:6666 with TTL 1
[2025.03.25-16.47.47:126][421]LogUdpMessaging: Warning: UDP messaging encountered an error. Auto repair routine started for reinitialization
[2025.03.25-16.47.49:272][433]FUdpSocketBuilder: Failed to subscribe UdpMessageMulticastSocket to multicast group 230.0.0.1 on interface 0.0.0.0
[2025.03.25-16.47.49:274][433]FUdpSocketBuilder: Failed to create and initialize socket UdpMessageMulticastSocket (last error: 0)
[2025.03.25-16.47.49:274][433]LogUdpMessaging: Warning: StartTransport failed to create multicast socket on 0.0.0.0:0, joined to 230.0.0.1:6666 with TTL 1
[2025.03.25-16.47.49:299][433]LogUdpMessaging: Warning: UDP messaging encountered an error. Auto repair routine started for reinitialization
[2025.03.25-16.47.51:386][444]LogShaderCompilers: Display: Worker (11/13): shaders left to compile 24
[2025.03.25-16.47.51:386][444]LogShaderCompilers: Display: Started 3 'Local' shader compile jobs with 'Normal' priority
[2025.03.25-16.47.51:664][444]FUdpSocketBuilder: Failed to subscribe UdpMessageMulticastSocket to multicast group 230.0.0.1 on interface 0.0.0.0
[2025.03.25-16.47.51:665][444]FUdpSocketBuilder: Failed to create and initialize socket UdpMessageMulticastSocket (last error: 0)
[2025.03.25-16.47.51:665][444]LogUdpMessaging: Warning: StartTransport failed to create multicast socket on 0.0.0.0:0, joined to 230.0.0.1:6666 with TTL 1
[2025.03.25-16.47.51:696][444]LogUdpMessaging: Warning: UDP messaging encountered an error. Auto repair routine started for reinitialization
[2025.03.25-16.47.53:825][452]LogShaderCompilers: Display: Worker (10/13): shaders left to compile 21
[2025.03.25-16.47.53:827][452]LogShaderCompilers: Display: Started 2 'Local' shader compile jobs with 'Normal' priority
[2025.03.25-16.47.53:827][452]FUdpSocketBuilder: Failed to subscribe UdpMessageMulticastSocket to multicast group 230.0.0.1 on interface 0.0.0.0
[2025.03.25-16.47.53:827][452]FUdpSocketBuilder: Failed to create and initialize socket UdpMessageMulticastSocket (last error: 0)
[2025.03.25-16.47.53:827][452]LogUdpMessaging: Warning: StartTransport failed to create multicast socket on 0.0.0.0:0, joined to 230.0.0.1:6666 with TTL 1
[2025.03.25-16.47.53:908][452]LogUdpMessaging: Warning: UDP messaging encountered an error. Auto repair routine started for reinitialization
[2025.03.25-16.47.56:190][462]FUdpSocketBuilder: Failed to subscribe UdpMessageMulticastSocket to multicast group 230.0.0.1 on interface 0.0.0.0
[2025.03.25-16.47.56:190][462]FUdpSocketBuilder: Failed to create and initialize socket UdpMessageMulticastSocket (last error: 0)
[2025.03.25-16.47.56:190][462]LogUdpMessaging: Warning: StartTransport failed to create multicast socket on 0.0.0.0:0, joined to 230.0.0.1:6666 with TTL 1
[2025.03.25-16.47.56:223][462]LogUdpMessaging: Warning: UDP messaging encountered an error. Auto repair routine started for reinitialization
[2025.03.25-16.47.58:100][471]FUdpSocketBuilder: Failed to subscribe UdpMessageMulticastSocket to multicast group 230.0.0.1 on interface 0.0.0.0
[2025.03.25-16.47.58:100][471]FUdpSocketBuilder: Failed to create and initialize socket UdpMessageMulticastSocket (last error: 0)
[2025.03.25-16.47.58:100][471]LogUdpMessaging: Warning: StartTransport failed to create multicast socket on 0.0.0.0:0, joined to 230.0.0.1:6666 with TTL 1
[2025.03.25-16.47.58:126][471]LogUdpMessaging: Warning: UDP messaging encountered an error. Auto repair routine started for reinitialization
[2025.03.25-16.47.59:713][477]LogShaderCompilers: Display: Worker (10/13): shaders left to compile 19
[2025.03.25-16.47.59:714][477]LogShaderCompilers: Display: Started 2 'Local' shader compile jobs with 'Normal' priority
[2025.03.25-16.48.00:051][478]FUdpSocketBuilder: Failed to subscribe UdpMessageMulticastSocket to multicast group 230.0.0.1 on interface 0.0.0.0
[2025.03.25-16.48.00:051][478]FUdpSocketBuilder: Failed to create and initialize socket UdpMessageMulticastSocket (last error: 0)
[2025.03.25-16.48.00:051][478]LogUdpMessaging: Warning: StartTransport failed to create multicast socket on 0.0.0.0:0, joined to 230.0.0.1:6666 with TTL 1
[2025.03.25-16.48.00:244][478]LogUdpMessaging: Warning: UDP messaging encountered an error. Auto repair routine started for reinitialization
[2025.03.25-16.48.02:250][488]FUdpSocketBuilder: Failed to subscribe UdpMessageMulticastSocket to multicast group 230.0.0.1 on interface 0.0.0.0
[2025.03.25-16.48.02:250][488]FUdpSocketBuilder: Failed to create and initialize socket UdpMessageMulticastSocket (last error: 0)
[2025.03.25-16.48.02:250][488]LogUdpMessaging: Warning: StartTransport failed to create multicast socket on 0.0.0.0:0, joined to 230.0.0.1:6666 with TTL 1
[2025.03.25-16.48.02:278][488]LogUdpMessaging: Warning: UDP messaging encountered an error. Auto repair routine started for reinitialization
[2025.03.25-16.48.02:875][493]LogShaderCompilers: Display: Worker (8/13): shaders left to compile 17
[2025.03.25-16.48.02:876][493]LogShaderCompilers: Display: Started 2 'Local' shader compile jobs with 'Normal' priority
[2025.03.25-16.48.04:365][498]LogShaderCompilers: Display: Worker (5/13): shaders left to compile 15
[2025.03.25-16.48.04:365][498]LogShaderCompilers: Display: Started 2 'Local' shader compile jobs with 'Normal' priority
[2025.03.25-16.48.04:753][499]FUdpSocketBuilder: Failed to subscribe UdpMessageMulticastSocket to multicast group 230.0.0.1 on interface 0.0.0.0
[2025.03.25-16.48.04:754][499]FUdpSocketBuilder: Failed to create and initialize socket UdpMessageMulticastSocket (last error: 0)
[2025.03.25-16.48.04:755][499]LogUdpMessaging: Warning: StartTransport failed to create multicast socket on 0.0.0.0:0, joined to 230.0.0.1:6666 with TTL 1
[2025.03.25-16.48.04:789][499]LogUdpMessaging: Warning: UDP messaging encountered an error. Auto repair routine started for reinitialization
[2025.03.25-16.48.05:385][503]LogShaderCompilers: Display: Worker (7/13): shaders left to compile 13
[2025.03.25-16.48.05:385][503]LogShaderCompilers: Display: Started 2 'Local' shader compile jobs with 'Normal' priority
[2025.03.25-16.48.05:847][507]LogShaderCompilers: Display: Worker (10/13): shaders left to compile 11
[2025.03.25-16.48.05:847][507]LogShaderCompilers: Display: Started 1 'Local' shader compile jobs with 'Normal' priority
[2025.03.25-16.48.07:596][511]LogShaderCompilers: Display: Worker (3/13): shaders left to compile 10
[2025.03.25-16.48.07:597][511]LogShaderCompilers: Display: Started 1 'Local' shader compile jobs with 'Normal' priority
[2025.03.25-16.48.07:597][511]FUdpSocketBuilder: Failed to subscribe UdpMessageMulticastSocket to multicast group 230.0.0.1 on interface 0.0.0.0
[2025.03.25-16.48.07:597][511]FUdpSocketBuilder: Failed to create and initialize socket UdpMessageMulticastSocket (last error: 0)
[2025.03.25-16.48.07:597][511]LogUdpMessaging: Warning: StartTransport failed to create multicast socket on 0.0.0.0:0, joined to 230.0.0.1:6666 with TTL 1
[2025.03.25-16.48.07:626][511]LogUdpMessaging: Warning: UDP messaging encountered an error. Auto repair routine started for reinitialization
[2025.03.25-16.48.08:544][517]LogHttp: Warning: 00000135CEF26B00: invalid HTTP response code received. URL: https://datarouter.ol.epicgames.com/datarouter/api/v1/public/data?SessionID=%7BAC57BD79-4736-AD5C-2A4F-79A2FF4A8D07%7D&AppID=UEEditor.Rocket.Release&AppVersion=4.27.2-18319896%2B%2B%2BUE4%2BRelease-4.27&UserID=f5edb87a4dc0f99c13cd37a4f0d6d538%7C71f5ffb38c3f40679d77fb94a2928a28%7C05fba853-d5f3-4c05-a360-9d4811eb48c5&AppEnvironment=datacollector-binary&UploadType=eteventstream, HTTP code: 0, content length: 0, actual payload size: 0
[2025.03.25-16.48.08:544][517]LogHttp: Warning: 00000135CEF26B00: request failed, libcurl error: 6 (Couldn't resolve host name)
[2025.03.25-16.48.08:544][517]LogHttp: Warning: 00000135CEF26B00: libcurl info message cache 0 (Could not resolve host: datarouter.ol.epicgames.com)
[2025.03.25-16.48.08:544][517]LogHttp: Warning: 00000135CEF26B00: libcurl info message cache 1 (Closing connection 17)
[2025.03.25-16.48.08:757][518]LogHttp: Warning: Retry exhausted on https://datarouter.ol.epicgames.com/datarouter/api/v1/public/data?SessionID=%7BAC57BD79-4736-AD5C-2A4F-79A2FF4A8D07%7D&AppID=UEEditor.Rocket.Release&AppVersion=4.27.2-18319896%2B%2B%2BUE4%2BRelease-4.27&UserID=f5edb87a4dc0f99c13cd37a4f0d6d538%7C71f5ffb38c3f40679d77fb94a2928a28%7C05fba853-d5f3-4c05-a360-9d4811eb48c5&AppEnvironment=datacollector-binary&UploadType=eteventstream
[2025.03.25-16.48.09:941][522]FUdpSocketBuilder: Failed to subscribe UdpMessageMulticastSocket to multicast group 230.0.0.1 on interface 0.0.0.0
[2025.03.25-16.48.09:942][522]FUdpSocketBuilder: Failed to create and initialize socket UdpMessageMulticastSocket (last error: 0)
[2025.03.25-16.48.09:942][522]LogUdpMessaging: Warning: StartTransport failed to create multicast socket on 0.0.0.0:0, joined to 230.0.0.1:6666 with TTL 1
[2025.03.25-16.48.09:964][522]LogUdpMessaging: Warning: UDP messaging encountered an error. Auto repair routine started for reinitialization
[2025.03.25-16.48.10:721][529]LogShaderCompilers: Display: Worker (12/13): shaders left to compile 9
[2025.03.25-16.48.10:721][529]LogShaderCompilers: Display: Started 1 'Local' shader compile jobs with 'Normal' priority
[2025.03.25-16.48.11:193][530]LogShaderCompilers: Display: Worker (10/13): shaders left to compile 8
[2025.03.25-16.48.11:193][530]LogShaderCompilers: Display: Started 1 'Local' shader compile jobs with 'Normal' priority
[2025.03.25-16.48.12:826][532]FUdpSocketBuilder: Failed to subscribe UdpMessageMulticastSocket to multicast group 230.0.0.1 on interface 0.0.0.0
[2025.03.25-16.48.12:826][532]FUdpSocketBuilder: Failed to create and initialize socket UdpMessageMulticastSocket (last error: 0)
[2025.03.25-16.48.12:827][532]LogUdpMessaging: Warning: StartTransport failed to create multicast socket on 0.0.0.0:0, joined to 230.0.0.1:6666 with TTL 1
[2025.03.25-16.48.12:859][532]LogUdpMessaging: Warning: UDP messaging encountered an error. Auto repair routine started for reinitialization
[2025.03.25-16.48.14:064][539]LogShaderCompilers: Display: Worker (5/13): shaders left to compile 7
[2025.03.25-16.48.14:064][539]LogShaderCompilers: Display: Started 1 'Local' shader compile jobs with 'Normal' priority
[2025.03.25-16.48.14:498][542]FUdpSocketBuilder: Failed to subscribe UdpMessageMulticastSocket to multicast group 230.0.0.1 on interface 0.0.0.0
[2025.03.25-16.48.14:498][542]FUdpSocketBuilder: Failed to create and initialize socket UdpMessageMulticastSocket (last error: 0)
[2025.03.25-16.48.14:498][542]LogUdpMessaging: Warning: StartTransport failed to create multicast socket on 0.0.0.0:0, joined to 230.0.0.1:6666 with TTL 1
[2025.03.25-16.48.14:524][542]LogUdpMessaging: Warning: UDP messaging encountered an error. Auto repair routine started for reinitialization
[2025.03.25-16.48.14:915][544]LogShaderCompilers: Display: Worker (11/13): shaders left to compile 6
[2025.03.25-16.48.14:915][544]LogShaderCompilers: Display: Started 1 'Local' shader compile jobs with 'Normal' priority
[2025.03.25-16.48.16:174][547]LogShaderCompilers: Display: Worker (10/13): shaders left to compile 5
[2025.03.25-16.48.16:174][547]LogShaderCompilers: Display: Started 1 'Local' shader compile jobs with 'Normal' priority
[2025.03.25-16.48.16:174][547]FUdpSocketBuilder: Failed to subscribe UdpMessageMulticastSocket to multicast group 230.0.0.1 on interface 0.0.0.0
[2025.03.25-16.48.16:174][547]FUdpSocketBuilder: Failed to create and initialize socket UdpMessageMulticastSocket (last error: 0)
[2025.03.25-16.48.16:177][547]LogUdpMessaging: Warning: StartTransport failed to create multicast socket on 0.0.0.0:0, joined to 230.0.0.1:6666 with TTL 1
[2025.03.25-16.48.16:212][547]LogUdpMessaging: Warning: UDP messaging encountered an error. Auto repair routine started for reinitialization
[2025.03.25-16.48.16:692][552]LogShaderCompilers: Display: Worker (2/13): shaders left to compile 4
[2025.03.25-16.48.16:692][552]LogShaderCompilers: Display: Started 1 'Local' shader compile jobs with 'Normal' priority
[2025.03.25-16.48.18:728][557]LogShaderCompilers: Display: Worker (9/13): shaders left to compile 3
[2025.03.25-16.48.18:729][557]LogShaderCompilers: Display: Started 1 'Local' shader compile jobs with 'Normal' priority
[2025.03.25-16.48.18:729][557]FUdpSocketBuilder: Failed to subscribe UdpMessageMulticastSocket to multicast group 230.0.0.1 on interface 0.0.0.0
[2025.03.25-16.48.18:729][557]FUdpSocketBuilder: Failed to create and initialize socket UdpMessageMulticastSocket (last error: 0)
[2025.03.25-16.48.18:729][557]LogUdpMessaging: Warning: StartTransport failed to create multicast socket on 0.0.0.0:0, joined to 230.0.0.1:6666 with TTL 1
[2025.03.25-16.48.18:762][557]LogUdpMessaging: Warning: UDP messaging encountered an error. Auto repair routine started for reinitialization
[2025.03.25-16.48.19:410][558]LogShaderCompilers: Display: Worker (5/13): shaders left to compile 2
[2025.03.25-16.48.19:410][558]LogShaderCompilers: Display: Started 1 'Local' shader compile jobs with 'Normal' priority
[2025.03.25-16.48.19:411][558]LogShaderCompilers: Display: Worker (12/13): shaders left to compile 1
[2025.03.25-16.48.19:411][558]LogShaderCompilers: Display: Started 1 'Local' shader compile jobs with 'Normal' priority
[2025.03.25-16.48.21:308][565]FUdpSocketBuilder: Failed to subscribe UdpMessageMulticastSocket to multicast group 230.0.0.1 on interface 0.0.0.0
[2025.03.25-16.48.21:308][565]FUdpSocketBuilder: Failed to create and initialize socket UdpMessageMulticastSocket (last error: 0)
[2025.03.25-16.48.21:308][565]LogUdpMessaging: Warning: StartTransport failed to create multicast socket on 0.0.0.0:0, joined to 230.0.0.1:6666 with TTL 1
[2025.03.25-16.48.21:338][565]LogUdpMessaging: Warning: UDP messaging encountered an error. Auto repair routine started for reinitialization
[2025.03.25-16.48.23:253][582]FUdpSocketBuilder: Failed to subscribe UdpMessageMulticastSocket to multicast group 230.0.0.1 on interface 0.0.0.0
[2025.03.25-16.48.23:253][582]FUdpSocketBuilder: Failed to create and initialize socket UdpMessageMulticastSocket (last error: 0)
[2025.03.25-16.48.23:253][582]LogUdpMessaging: Warning: StartTransport failed to create multicast socket on 0.0.0.0:0, joined to 230.0.0.1:6666 with TTL 1
[2025.03.25-16.48.23:323][582]LogUdpMessaging: Warning: UDP messaging encountered an error. Auto repair routine started for reinitialization
[2025.03.25-16.48.24:894][594]FUdpSocketBuilder: Failed to subscribe UdpMessageMulticastSocket to multicast group 230.0.0.1 on interface 0.0.0.0
[2025.03.25-16.48.24:894][594]FUdpSocketBuilder: Failed to create and initialize socket UdpMessageMulticastSocket (last error: 0)
[2025.03.25-16.48.24:894][594]LogUdpMessaging: Warning: StartTransport failed to create multicast socket on 0.0.0.0:0, joined to 230.0.0.1:6666 with TTL 1
[2025.03.25-16.48.24:914][594]LogUdpMessaging: Warning: UDP messaging encountered an error. Auto repair routine started for reinitialization
[2025.03.25-16.48.26:828][615]FUdpSocketBuilder: Failed to subscribe UdpMessageMulticastSocket to multicast group 230.0.0.1 on interface 0.0.0.0
[2025.03.25-16.48.26:829][615]FUdpSocketBuilder: Failed to create and initialize socket UdpMessageMulticastSocket (last error: 0)
[2025.03.25-16.48.26:832][615]LogUdpMessaging: Warning: StartTransport failed to create multicast socket on 0.0.0.0:0, joined to 230.0.0.1:6666 with TTL 1
[2025.03.25-16.48.26:872][616]LogUdpMessaging: Warning: UDP messaging encountered an error. Auto repair routine started for reinitialization
[2025.03.25-16.48.29:372][642]FUdpSocketBuilder: Failed to subscribe UdpMessageMulticastSocket to multicast group 230.0.0.1 on interface 0.0.0.0
[2025.03.25-16.48.29:372][642]FUdpSocketBuilder: Failed to create and initialize socket UdpMessageMulticastSocket (last error: 0)
[2025.03.25-16.48.29:372][642]LogUdpMessaging: Warning: StartTransport failed to create multicast socket on 0.0.0.0:0, joined to 230.0.0.1:6666 with TTL 1
[2025.03.25-16.48.29:401][642]LogUdpMessaging: Warning: UDP messaging encountered an error. Auto repair routine started for reinitialization
[2025.03.25-16.48.31:619][665]FUdpSocketBuilder: Failed to subscribe UdpMessageMulticastSocket to multicast group 230.0.0.1 on interface 0.0.0.0
[2025.03.25-16.48.31:619][665]FUdpSocketBuilder: Failed to create and initialize socket UdpMessageMulticastSocket (last error: 0)
[2025.03.25-16.48.31:619][665]LogUdpMessaging: Warning: StartTransport failed to create multicast socket on 0.0.0.0:0, joined to 230.0.0.1:6666 with TTL 1
[2025.03.25-16.48.31:650][665]LogUdpMessaging: Warning: UDP messaging encountered an error. Auto repair routine started for reinitialization
[2025.03.25-16.48.33:768][684]FUdpSocketBuilder: Failed to subscribe UdpMessageMulticastSocket to multicast group 230.0.0.1 on interface 0.0.0.0
[2025.03.25-16.48.33:768][684]FUdpSocketBuilder: Failed to create and initialize socket UdpMessageMulticastSocket (last error: 0)
[2025.03.25-16.48.33:768][684]LogUdpMessaging: Warning: StartTransport failed to create multicast socket on 0.0.0.0:0, joined to 230.0.0.1:6666 with TTL 1
[2025.03.25-16.48.33:799][684]LogUdpMessaging: Warning: UDP messaging encountered an error. Auto repair routine started for reinitialization
[2025.03.25-16.48.35:105][693]FUdpSocketBuilder: Failed to subscribe UdpMessageMulticastSocket to multicast group 230.0.0.1 on interface 0.0.0.0
[2025.03.25-16.48.35:105][693]FUdpSocketBuilder: Failed to create and initialize socket UdpMessageMulticastSocket (last error: 0)
[2025.03.25-16.48.35:105][693]LogUdpMessaging: Warning: StartTransport failed to create multicast socket on 0.0.0.0:0, joined to 230.0.0.1:6666 with TTL 1
[2025.03.25-16.48.35:134][693]LogUdpMessaging: Warning: UDP messaging encountered an error. Auto repair routine started for reinitialization
[2025.03.25-16.48.37:364][711]FUdpSocketBuilder: Failed to subscribe UdpMessageMulticastSocket to multicast group 230.0.0.1 on interface 0.0.0.0
[2025.03.25-16.48.37:364][711]FUdpSocketBuilder: Failed to create and initialize socket UdpMessageMulticastSocket (last error: 0)
[2025.03.25-16.48.37:365][711]LogUdpMessaging: Warning: StartTransport failed to create multicast socket on 0.0.0.0:0, joined to 230.0.0.1:6666 with TTL 1
[2025.03.25-16.48.37:403][711]LogUdpMessaging: Warning: UDP messaging encountered an error. Auto repair routine started for reinitialization
[2025.03.25-16.48.39:528][727]FUdpSocketBuilder: Failed to subscribe UdpMessageMulticastSocket to multicast group 230.0.0.1 on interface 0.0.0.0
[2025.03.25-16.48.39:529][727]FUdpSocketBuilder: Failed to create and initialize socket UdpMessageMulticastSocket (last error: 0)
[2025.03.25-16.48.39:531][727]LogUdpMessaging: Warning: StartTransport failed to create multicast socket on 0.0.0.0:0, joined to 230.0.0.1:6666 with TTL 1
[2025.03.25-16.48.39:555][727]LogUdpMessaging: Warning: UDP messaging encountered an error. Auto repair routine started for reinitialization
[2025.03.25-16.48.41:579][737]FUdpSocketBuilder: Failed to subscribe UdpMessageMulticastSocket to multicast group 230.0.0.1 on interface 0.0.0.0
[2025.03.25-16.48.41:579][737]FUdpSocketBuilder: Failed to create and initialize socket UdpMessageMulticastSocket (last error: 0)
[2025.03.25-16.48.41:579][737]LogUdpMessaging: Warning: StartTransport failed to create multicast socket on 0.0.0.0:0, joined to 230.0.0.1:6666 with TTL 1
[2025.03.25-16.48.41:611][737]LogUdpMessaging: Warning: UDP messaging encountered an error. Auto repair routine started for reinitialization
[2025.03.25-16.48.43:818][753]FUdpSocketBuilder: Failed to subscribe UdpMessageMulticastSocket to multicast group 230.0.0.1 on interface 0.0.0.0
[2025.03.25-16.48.43:818][753]FUdpSocketBuilder: Failed to create and initialize socket UdpMessageMulticastSocket (last error: 0)
[2025.03.25-16.48.43:818][753]LogUdpMessaging: Warning: StartTransport failed to create multicast socket on 0.0.0.0:0, joined to 230.0.0.1:6666 with TTL 1
[2025.03.25-16.48.43:846][753]LogUdpMessaging: Warning: UDP messaging encountered an error. Auto repair routine started for reinitialization
[2025.03.25-16.48.45:961][773]FUdpSocketBuilder: Failed to subscribe UdpMessageMulticastSocket to multicast group 230.0.0.1 on interface 0.0.0.0
[2025.03.25-16.48.45:961][773]FUdpSocketBuilder: Failed to create and initialize socket UdpMessageMulticastSocket (last error: 0)
[2025.03.25-16.48.45:961][773]LogUdpMessaging: Warning: StartTransport failed to create multicast socket on 0.0.0.0:0, joined to 230.0.0.1:6666 with TTL 1
[2025.03.25-16.48.45:985][773]LogUdpMessaging: Warning: UDP messaging encountered an error. Auto repair routine started for reinitialization
[2025.03.25-16.48.48:297][783]FUdpSocketBuilder: Failed to subscribe UdpMessageMulticastSocket to multicast group 230.0.0.1 on interface 0.0.0.0
[2025.03.25-16.48.48:297][783]FUdpSocketBuilder: Failed to create and initialize socket UdpMessageMulticastSocket (last error: 0)
[2025.03.25-16.48.48:297][783]LogUdpMessaging: Warning: StartTransport failed to create multicast socket on 0.0.0.0:0, joined to 230.0.0.1:6666 with TTL 1
[2025.03.25-16.48.48:319][783]LogUdpMessaging: Warning: UDP messaging encountered an error. Auto repair routine started for reinitialization
[2025.03.25-16.48.50:408][806]FUdpSocketBuilder: Failed to subscribe UdpMessageMulticastSocket to multicast group 230.0.0.1 on interface 0.0.0.0
[2025.03.25-16.48.50:408][806]FUdpSocketBuilder: Failed to create and initialize socket UdpMessageMulticastSocket (last error: 0)
[2025.03.25-16.48.50:408][806]LogUdpMessaging: Warning: StartTransport failed to create multicast socket on 0.0.0.0:0, joined to 230.0.0.1:6666 with TTL 1
[2025.03.25-16.48.50:447][806]LogUdpMessaging: Warning: UDP messaging encountered an error. Auto repair routine started for reinitialization
[2025.03.25-16.48.52:240][828]FUdpSocketBuilder: Failed to subscribe UdpMessageMulticastSocket to multicast group 230.0.0.1 on interface 0.0.0.0
[2025.03.25-16.48.52:240][828]FUdpSocketBuilder: Failed to create and initialize socket UdpMessageMulticastSocket (last error: 0)
[2025.03.25-16.48.52:241][828]LogUdpMessaging: Warning: StartTransport failed to create multicast socket on 0.0.0.0:0, joined to 230.0.0.1:6666 with TTL 1
[2025.03.25-16.48.52:300][828]LogUdpMessaging: Warning: UDP messaging encountered an error. Auto repair routine started for reinitialization
[2025.03.25-16.48.54:312][854]FUdpSocketBuilder: Failed to subscribe UdpMessageMulticastSocket to multicast group 230.0.0.1 on interface 0.0.0.0
[2025.03.25-16.48.54:312][854]FUdpSocketBuilder: Failed to create and initialize socket UdpMessageMulticastSocket (last error: 0)
[2025.03.25-16.48.54:313][854]LogUdpMessaging: Warning: StartTransport failed to create multicast socket on 0.0.0.0:0, joined to 230.0.0.1:6666 with TTL 1
[2025.03.25-16.48.54:352][854]LogUdpMessaging: Warning: UDP messaging encountered an error. Auto repair routine started for reinitialization
[2025.03.25-16.48.56:462][873]FUdpSocketBuilder: Failed to subscribe UdpMessageMulticastSocket to multicast group 230.0.0.1 on interface 0.0.0.0
[2025.03.25-16.48.56:462][873]FUdpSocketBuilder: Failed to create and initialize socket UdpMessageMulticastSocket (last error: 0)
[2025.03.25-16.48.56:462][873]LogUdpMessaging: Warning: StartTransport failed to create multicast socket on 0.0.0.0:0, joined to 230.0.0.1:6666 with TTL 1
[2025.03.25-16.48.56:498][873]LogUdpMessaging: Warning: UDP messaging encountered an error. Auto repair routine started for reinitialization
[2025.03.25-16.48.58:596][892]FUdpSocketBuilder: Failed to subscribe UdpMessageMulticastSocket to multicast group 230.0.0.1 on interface 0.0.0.0
[2025.03.25-16.48.58:596][892]FUdpSocketBuilder: Failed to create and initialize socket UdpMessageMulticastSocket (last error: 0)
[2025.03.25-16.48.58:596][892]LogUdpMessaging: Warning: StartTransport failed to create multicast socket on 0.0.0.0:0, joined to 230.0.0.1:6666 with TTL 1
[2025.03.25-16.48.58:627][893]LogUdpMessaging: Warning: UDP messaging encountered an error. Auto repair routine started for reinitialization
[2025.03.25-16.48.59:820][908]FUdpSocketBuilder: Failed to subscribe UdpMessageMulticastSocket to multicast group 230.0.0.1 on interface 0.0.0.0
[2025.03.25-16.48.59:820][908]FUdpSocketBuilder: Failed to create and initialize socket UdpMessageMulticastSocket (last error: 0)
[2025.03.25-16.48.59:820][908]LogUdpMessaging: Warning: StartTransport failed to create multicast socket on 0.0.0.0:0, joined to 230.0.0.1:6666 with TTL 1
[2025.03.25-16.48.59:854][909]LogUdpMessaging: Warning: UDP messaging encountered an error. Auto repair routine started for reinitialization
[2025.03.25-16.49.01:757][940]FUdpSocketBuilder: Failed to subscribe UdpMessageMulticastSocket to multicast group 230.0.0.1 on interface 0.0.0.0
[2025.03.25-16.49.01:758][940]FUdpSocketBuilder: Failed to create and initialize socket UdpMessageMulticastSocket (last error: 0)
[2025.03.25-16.49.01:758][940]LogUdpMessaging: Warning: StartTransport failed to create multicast socket on 0.0.0.0:0, joined to 230.0.0.1:6666 with TTL 1
[2025.03.25-16.49.01:782][940]LogUdpMessaging: Warning: UDP messaging encountered an error. Auto repair routine started for reinitialization
[2025.03.25-16.49.03:307][952]FUdpSocketBuilder: Failed to subscribe UdpMessageMulticastSocket to multicast group 230.0.0.1 on interface 0.0.0.0
[2025.03.25-16.49.03:307][952]FUdpSocketBuilder: Failed to create and initialize socket UdpMessageMulticastSocket (last error: 0)
[2025.03.25-16.49.03:307][952]LogUdpMessaging: Warning: StartTransport failed to create multicast socket on 0.0.0.0:0, joined to 230.0.0.1:6666 with TTL 1
[2025.03.25-16.49.03:346][952]LogUdpMessaging: Warning: UDP messaging encountered an error. Auto repair routine started for reinitialization
[2025.03.25-16.49.05:247][968]FUdpSocketBuilder: Failed to subscribe UdpMessageMulticastSocket to multicast group 230.0.0.1 on interface 0.0.0.0
[2025.03.25-16.49.05:247][968]FUdpSocketBuilder: Failed to create and initialize socket UdpMessageMulticastSocket (last error: 0)
[2025.03.25-16.49.05:247][968]LogUdpMessaging: Warning: StartTransport failed to create multicast socket on 0.0.0.0:0, joined to 230.0.0.1:6666 with TTL 1
[2025.03.25-16.49.05:270][968]LogUdpMessaging: Warning: UDP messaging encountered an error. Auto repair routine started for reinitialization
[2025.03.25-16.49.06:232][972]LogUObjectHash: Compacting FUObjectHashTables data took  10.65ms
[2025.03.25-16.49.06:311][972]LogSavePackage: Moving '../../../../../../Users/Ido Isaac/Desktop/Web Game Programming/Wk 1/COMP217GroupProject/DungeonDash/Saved/ThirdPersonExampleMap_Auto1DCB31E8C423CD959533305A6428BF5DE.tmp' to '../../../../../../Users/Ido Isaac/Desktop/Web Game Programming/Wk 1/COMP217GroupProject/DungeonDash/Saved/Autosaves/Game/ThirdPersonCPP/Maps/ThirdPersonExampleMap_Auto1.umap'
[2025.03.25-16.49.06:326][972]LogFileHelpers: Editor autosave (incl. external actors) for '/Game/ThirdPersonCPP/Maps/ThirdPersonExampleMap' took 0.175
[2025.03.25-16.49.06:326][972]LogFileHelpers: Editor autosave (incl. sublevels & external actors) for all levels took 0.175
[2025.03.25-16.49.06:329][972]OBJ SavePackage: Generating thumbnails for [1] asset(s) in package [/Game/ThirdPersonCPP/Blueprints/ThirdPersonCharacter] ([2] browsable assets)...
[2025.03.25-16.49.06:367][972]OBJ SavePackage:     Rendered thumbnail for [Blueprint /Game/ThirdPersonCPP/Blueprints/ThirdPersonCharacter.ThirdPersonCharacter]
[2025.03.25-16.49.06:368][972]OBJ SavePackage: Finished generating thumbnails for package [/Game/ThirdPersonCPP/Blueprints/ThirdPersonCharacter]
[2025.03.25-16.49.06:420][972]LogSavePackage: Moving '../../../../../../Users/Ido Isaac/Desktop/Web Game Programming/Wk 1/COMP217GroupProject/DungeonDash/Saved/ThirdPersonCharacter_Auto1B75A038A410C91C23E5BD8A6A560AF83.tmp' to '../../../../../../Users/Ido Isaac/Desktop/Web Game Programming/Wk 1/COMP217GroupProject/DungeonDash/Saved/Autosaves/Game/ThirdPersonCPP/Blueprints/ThirdPersonCharacter_Auto1.uasset'
[2025.03.25-16.49.06:431][972]LogFileHelpers: Auto-saving content packages took 0.104
[2025.03.25-16.49.06:668][973]FUdpSocketBuilder: Failed to subscribe UdpMessageMulticastSocket to multicast group 230.0.0.1 on interface 0.0.0.0
[2025.03.25-16.49.06:669][973]FUdpSocketBuilder: Failed to create and initialize socket UdpMessageMulticastSocket (last error: 0)
[2025.03.25-16.49.06:669][973]LogUdpMessaging: Warning: StartTransport failed to create multicast socket on 0.0.0.0:0, joined to 230.0.0.1:6666 with TTL 1
[2025.03.25-16.49.06:686][973]LogUdpMessaging: Warning: UDP messaging encountered an error. Auto repair routine started for reinitialization
[2025.03.25-16.49.08:501][979]FUdpSocketBuilder: Failed to subscribe UdpMessageMulticastSocket to multicast group 230.0.0.1 on interface 0.0.0.0
[2025.03.25-16.49.08:501][979]FUdpSocketBuilder: Failed to create and initialize socket UdpMessageMulticastSocket (last error: 0)
[2025.03.25-16.49.08:501][979]LogUdpMessaging: Warning: StartTransport failed to create multicast socket on 0.0.0.0:0, joined to 230.0.0.1:6666 with TTL 1
[2025.03.25-16.49.08:687][979]LogUdpMessaging: Warning: UDP messaging encountered an error. Auto repair routine started for reinitialization
[2025.03.25-16.49.08:702][980]LogHttp: Warning: 00000135B8994100: invalid HTTP response code received. URL: https://datarouter.ol.epicgames.com/datarouter/api/v1/public/data?SessionID=%7BAC57BD79-4736-AD5C-2A4F-79A2FF4A8D07%7D&AppID=UEEditor.Rocket.Release&AppVersion=4.27.2-18319896%2B%2B%2BUE4%2BRelease-4.27&UserID=f5edb87a4dc0f99c13cd37a4f0d6d538%7C71f5ffb38c3f40679d77fb94a2928a28%7C05fba853-d5f3-4c05-a360-9d4811eb48c5&AppEnvironment=datacollector-binary&UploadType=eteventstream, HTTP code: 0, content length: 0, actual payload size: 0
[2025.03.25-16.49.08:702][980]LogHttp: Warning: 00000135B8994100: request failed, libcurl error: 6 (Couldn't resolve host name)
[2025.03.25-16.49.08:702][980]LogHttp: Warning: 00000135B8994100: libcurl info message cache 0 (Could not resolve host: datarouter.ol.epicgames.com)
[2025.03.25-16.49.08:702][980]LogHttp: Warning: 00000135B8994100: libcurl info message cache 1 (Closing connection 18)
[2025.03.25-16.49.08:702][980]LogHttp: Warning: Retry exhausted on https://datarouter.ol.epicgames.com/datarouter/api/v1/public/data?SessionID=%7BAC57BD79-4736-AD5C-2A4F-79A2FF4A8D07%7D&AppID=UEEditor.Rocket.Release&AppVersion=4.27.2-18319896%2B%2B%2BUE4%2BRelease-4.27&UserID=f5edb87a4dc0f99c13cd37a4f0d6d538%7C71f5ffb38c3f40679d77fb94a2928a28%7C05fba853-d5f3-4c05-a360-9d4811eb48c5&AppEnvironment=datacollector-binary&UploadType=eteventstream
[2025.03.25-16.49.10:536][985]FUdpSocketBuilder: Failed to subscribe UdpMessageMulticastSocket to multicast group 230.0.0.1 on interface 0.0.0.0
[2025.03.25-16.49.10:536][985]FUdpSocketBuilder: Failed to create and initialize socket UdpMessageMulticastSocket (last error: 0)
[2025.03.25-16.49.10:536][985]LogUdpMessaging: Warning: StartTransport failed to create multicast socket on 0.0.0.0:0, joined to 230.0.0.1:6666 with TTL 1
[2025.03.25-16.49.10:699][985]LogUdpMessaging: Warning: UDP messaging encountered an error. Auto repair routine started for reinitialization
[2025.03.25-16.49.12:558][991]FUdpSocketBuilder: Failed to subscribe UdpMessageMulticastSocket to multicast group 230.0.0.1 on interface 0.0.0.0
[2025.03.25-16.49.12:559][991]FUdpSocketBuilder: Failed to create and initialize socket UdpMessageMulticastSocket (last error: 0)
[2025.03.25-16.49.12:559][991]LogUdpMessaging: Warning: StartTransport failed to create multicast socket on 0.0.0.0:0, joined to 230.0.0.1:6666 with TTL 1
[2025.03.25-16.49.12:715][991]LogUdpMessaging: Warning: UDP messaging encountered an error. Auto repair routine started for reinitialization
[2025.03.25-16.49.14:585][997]FUdpSocketBuilder: Failed to subscribe UdpMessageMulticastSocket to multicast group 230.0.0.1 on interface 0.0.0.0
[2025.03.25-16.49.14:585][997]FUdpSocketBuilder: Failed to create and initialize socket UdpMessageMulticastSocket (last error: 0)
[2025.03.25-16.49.14:585][997]LogUdpMessaging: Warning: StartTransport failed to create multicast socket on 0.0.0.0:0, joined to 230.0.0.1:6666 with TTL 1
[2025.03.25-16.49.14:736][997]LogUdpMessaging: Warning: UDP messaging encountered an error. Auto repair routine started for reinitialization
[2025.03.25-16.49.16:612][  3]FUdpSocketBuilder: Failed to subscribe UdpMessageMulticastSocket to multicast group 230.0.0.1 on interface 0.0.0.0
[2025.03.25-16.49.16:612][  3]FUdpSocketBuilder: Failed to create and initialize socket UdpMessageMulticastSocket (last error: 0)
[2025.03.25-16.49.16:612][  3]LogUdpMessaging: Warning: StartTransport failed to create multicast socket on 0.0.0.0:0, joined to 230.0.0.1:6666 with TTL 1
[2025.03.25-16.49.16:745][  3]LogUdpMessaging: Warning: UDP messaging encountered an error. Auto repair routine started for reinitialization
[2025.03.25-16.49.18:640][  9]FUdpSocketBuilder: Failed to subscribe UdpMessageMulticastSocket to multicast group 230.0.0.1 on interface 0.0.0.0
[2025.03.25-16.49.18:641][  9]FUdpSocketBuilder: Failed to create and initialize socket UdpMessageMulticastSocket (last error: 0)
[2025.03.25-16.49.18:641][  9]LogUdpMessaging: Warning: StartTransport failed to create multicast socket on 0.0.0.0:0, joined to 230.0.0.1:6666 with TTL 1
[2025.03.25-16.49.18:747][  9]LogUdpMessaging: Warning: UDP messaging encountered an error. Auto repair routine started for reinitialization
[2025.03.25-16.49.20:564][ 15]FUdpSocketBuilder: Failed to subscribe UdpMessageMulticastSocket to multicast group 230.0.0.1 on interface 0.0.0.0
[2025.03.25-16.49.20:564][ 15]FUdpSocketBuilder: Failed to create and initialize socket UdpMessageMulticastSocket (last error: 0)
[2025.03.25-16.49.20:564][ 15]LogUdpMessaging: Warning: StartTransport failed to create multicast socket on 0.0.0.0:0, joined to 230.0.0.1:6666 with TTL 1
[2025.03.25-16.49.20:768][ 15]LogUdpMessaging: Warning: UDP messaging encountered an error. Auto repair routine started for reinitialization
[2025.03.25-16.49.22:587][ 21]FUdpSocketBuilder: Failed to subscribe UdpMessageMulticastSocket to multicast group 230.0.0.1 on interface 0.0.0.0
[2025.03.25-16.49.22:587][ 21]FUdpSocketBuilder: Failed to create and initialize socket UdpMessageMulticastSocket (last error: 0)
[2025.03.25-16.49.22:587][ 21]LogUdpMessaging: Warning: StartTransport failed to create multicast socket on 0.0.0.0:0, joined to 230.0.0.1:6666 with TTL 1
[2025.03.25-16.49.22:786][ 21]LogUdpMessaging: Warning: UDP messaging encountered an error. Auto repair routine started for reinitialization
[2025.03.25-16.49.24:609][ 27]FUdpSocketBuilder: Failed to subscribe UdpMessageMulticastSocket to multicast group 230.0.0.1 on interface 0.0.0.0
[2025.03.25-16.49.24:609][ 27]FUdpSocketBuilder: Failed to create and initialize socket UdpMessageMulticastSocket (last error: 0)
[2025.03.25-16.49.24:609][ 27]LogUdpMessaging: Warning: StartTransport failed to create multicast socket on 0.0.0.0:0, joined to 230.0.0.1:6666 with TTL 1
[2025.03.25-16.49.24:794][ 27]LogUdpMessaging: Warning: UDP messaging encountered an error. Auto repair routine started for reinitialization
[2025.03.25-16.49.26:633][ 33]FUdpSocketBuilder: Failed to subscribe UdpMessageMulticastSocket to multicast group 230.0.0.1 on interface 0.0.0.0
[2025.03.25-16.49.26:633][ 33]FUdpSocketBuilder: Failed to create and initialize socket UdpMessageMulticastSocket (last error: 0)
[2025.03.25-16.49.26:633][ 33]LogUdpMessaging: Warning: StartTransport failed to create multicast socket on 0.0.0.0:0, joined to 230.0.0.1:6666 with TTL 1
[2025.03.25-16.49.26:812][ 33]LogUdpMessaging: Warning: UDP messaging encountered an error. Auto repair routine started for reinitialization
[2025.03.25-16.49.28:662][ 39]FUdpSocketBuilder: Failed to subscribe UdpMessageMulticastSocket to multicast group 230.0.0.1 on interface 0.0.0.0
[2025.03.25-16.49.28:662][ 39]FUdpSocketBuilder: Failed to create and initialize socket UdpMessageMulticastSocket (last error: 0)
[2025.03.25-16.49.28:662][ 39]LogUdpMessaging: Warning: StartTransport failed to create multicast socket on 0.0.0.0:0, joined to 230.0.0.1:6666 with TTL 1
[2025.03.25-16.49.28:821][ 39]LogUdpMessaging: Warning: UDP messaging encountered an error. Auto repair routine started for reinitialization
[2025.03.25-16.49.30:702][ 45]FUdpSocketBuilder: Failed to subscribe UdpMessageMulticastSocket to multicast group 230.0.0.1 on interface 0.0.0.0
[2025.03.25-16.49.30:702][ 45]FUdpSocketBuilder: Failed to create and initialize socket UdpMessageMulticastSocket (last error: 0)
[2025.03.25-16.49.30:702][ 45]LogUdpMessaging: Warning: StartTransport failed to create multicast socket on 0.0.0.0:0, joined to 230.0.0.1:6666 with TTL 1
[2025.03.25-16.49.30:834][ 45]LogUdpMessaging: Warning: UDP messaging encountered an error. Auto repair routine started for reinitialization
[2025.03.25-16.49.32:629][ 51]FUdpSocketBuilder: Failed to subscribe UdpMessageMulticastSocket to multicast group 230.0.0.1 on interface 0.0.0.0
[2025.03.25-16.49.32:629][ 51]FUdpSocketBuilder: Failed to create and initialize socket UdpMessageMulticastSocket (last error: 0)
[2025.03.25-16.49.32:629][ 51]LogUdpMessaging: Warning: StartTransport failed to create multicast socket on 0.0.0.0:0, joined to 230.0.0.1:6666 with TTL 1
[2025.03.25-16.49.32:847][ 51]LogUdpMessaging: Warning: UDP messaging encountered an error. Auto repair routine started for reinitialization
[2025.03.25-16.49.34:650][ 57]FUdpSocketBuilder: Failed to subscribe UdpMessageMulticastSocket to multicast group 230.0.0.1 on interface 0.0.0.0
[2025.03.25-16.49.34:650][ 57]FUdpSocketBuilder: Failed to create and initialize socket UdpMessageMulticastSocket (last error: 0)
[2025.03.25-16.49.34:651][ 57]LogUdpMessaging: Warning: StartTransport failed to create multicast socket on 0.0.0.0:0, joined to 230.0.0.1:6666 with TTL 1
[2025.03.25-16.49.34:860][ 57]LogUdpMessaging: Warning: UDP messaging encountered an error. Auto repair routine started for reinitialization
[2025.03.25-16.49.36:675][ 63]FUdpSocketBuilder: Failed to subscribe UdpMessageMulticastSocket to multicast group 230.0.0.1 on interface 0.0.0.0
[2025.03.25-16.49.36:675][ 63]FUdpSocketBuilder: Failed to create and initialize socket UdpMessageMulticastSocket (last error: 0)
[2025.03.25-16.49.36:675][ 63]LogUdpMessaging: Warning: StartTransport failed to create multicast socket on 0.0.0.0:0, joined to 230.0.0.1:6666 with TTL 1
[2025.03.25-16.49.36:870][ 63]LogUdpMessaging: Warning: UDP messaging encountered an error. Auto repair routine started for reinitialization
[2025.03.25-16.49.38:697][ 69]FUdpSocketBuilder: Failed to subscribe UdpMessageMulticastSocket to multicast group 230.0.0.1 on interface 0.0.0.0
[2025.03.25-16.49.38:697][ 69]FUdpSocketBuilder: Failed to create and initialize socket UdpMessageMulticastSocket (last error: 0)
[2025.03.25-16.49.38:697][ 69]LogUdpMessaging: Warning: StartTransport failed to create multicast socket on 0.0.0.0:0, joined to 230.0.0.1:6666 with TTL 1
[2025.03.25-16.49.38:882][ 69]LogUdpMessaging: Warning: UDP messaging encountered an error. Auto repair routine started for reinitialization
[2025.03.25-16.49.40:720][ 75]FUdpSocketBuilder: Failed to subscribe UdpMessageMulticastSocket to multicast group 230.0.0.1 on interface 0.0.0.0
[2025.03.25-16.49.40:720][ 75]FUdpSocketBuilder: Failed to create and initialize socket UdpMessageMulticastSocket (last error: 0)
[2025.03.25-16.49.40:720][ 75]LogUdpMessaging: Warning: StartTransport failed to create multicast socket on 0.0.0.0:0, joined to 230.0.0.1:6666 with TTL 1
[2025.03.25-16.49.40:890][ 75]LogUdpMessaging: Warning: UDP messaging encountered an error. Auto repair routine started for reinitialization
[2025.03.25-16.49.42:742][ 81]FUdpSocketBuilder: Failed to subscribe UdpMessageMulticastSocket to multicast group 230.0.0.1 on interface 0.0.0.0
[2025.03.25-16.49.42:742][ 81]FUdpSocketBuilder: Failed to create and initialize socket UdpMessageMulticastSocket (last error: 0)
[2025.03.25-16.49.42:742][ 81]LogUdpMessaging: Warning: StartTransport failed to create multicast socket on 0.0.0.0:0, joined to 230.0.0.1:6666 with TTL 1
[2025.03.25-16.49.42:897][ 81]LogUdpMessaging: Warning: UDP messaging encountered an error. Auto repair routine started for reinitialization
[2025.03.25-16.49.44:774][ 87]FUdpSocketBuilder: Failed to subscribe UdpMessageMulticastSocket to multicast group 230.0.0.1 on interface 0.0.0.0
[2025.03.25-16.49.44:774][ 87]FUdpSocketBuilder: Failed to create and initialize socket UdpMessageMulticastSocket (last error: 0)
[2025.03.25-16.49.44:774][ 87]LogUdpMessaging: Warning: StartTransport failed to create multicast socket on 0.0.0.0:0, joined to 230.0.0.1:6666 with TTL 1
[2025.03.25-16.49.44:914][ 87]LogUdpMessaging: Warning: UDP messaging encountered an error. Auto repair routine started for reinitialization
[2025.03.25-16.49.46:706][ 93]FUdpSocketBuilder: Failed to subscribe UdpMessageMulticastSocket to multicast group 230.0.0.1 on interface 0.0.0.0
[2025.03.25-16.49.46:706][ 93]FUdpSocketBuilder: Failed to create and initialize socket UdpMessageMulticastSocket (last error: 0)
[2025.03.25-16.49.46:706][ 93]LogUdpMessaging: Warning: StartTransport failed to create multicast socket on 0.0.0.0:0, joined to 230.0.0.1:6666 with TTL 1
[2025.03.25-16.49.46:917][ 93]LogUdpMessaging: Warning: UDP messaging encountered an error. Auto repair routine started for reinitialization
[2025.03.25-16.49.48:725][ 99]FUdpSocketBuilder: Failed to subscribe UdpMessageMulticastSocket to multicast group 230.0.0.1 on interface 0.0.0.0
[2025.03.25-16.49.48:725][ 99]FUdpSocketBuilder: Failed to create and initialize socket UdpMessageMulticastSocket (last error: 0)
[2025.03.25-16.49.48:725][ 99]LogUdpMessaging: Warning: StartTransport failed to create multicast socket on 0.0.0.0:0, joined to 230.0.0.1:6666 with TTL 1
[2025.03.25-16.49.48:933][ 99]LogUdpMessaging: Warning: UDP messaging encountered an error. Auto repair routine started for reinitialization
[2025.03.25-16.49.50:745][105]FUdpSocketBuilder: Failed to subscribe UdpMessageMulticastSocket to multicast group 230.0.0.1 on interface 0.0.0.0
[2025.03.25-16.49.50:745][105]FUdpSocketBuilder: Failed to create and initialize socket UdpMessageMulticastSocket (last error: 0)
[2025.03.25-16.49.50:745][105]LogUdpMessaging: Warning: StartTransport failed to create multicast socket on 0.0.0.0:0, joined to 230.0.0.1:6666 with TTL 1
[2025.03.25-16.49.50:948][105]LogUdpMessaging: Warning: UDP messaging encountered an error. Auto repair routine started for reinitialization
[2025.03.25-16.49.52:763][111]FUdpSocketBuilder: Failed to subscribe UdpMessageMulticastSocket to multicast group 230.0.0.1 on interface 0.0.0.0
[2025.03.25-16.49.52:763][111]FUdpSocketBuilder: Failed to create and initialize socket UdpMessageMulticastSocket (last error: 0)
[2025.03.25-16.49.52:763][111]LogUdpMessaging: Warning: StartTransport failed to create multicast socket on 0.0.0.0:0, joined to 230.0.0.1:6666 with TTL 1
[2025.03.25-16.49.52:953][111]LogUdpMessaging: Warning: UDP messaging encountered an error. Auto repair routine started for reinitialization
[2025.03.25-16.49.54:787][117]FUdpSocketBuilder: Failed to subscribe UdpMessageMulticastSocket to multicast group 230.0.0.1 on interface 0.0.0.0
[2025.03.25-16.49.54:787][117]FUdpSocketBuilder: Failed to create and initialize socket UdpMessageMulticastSocket (last error: 0)
[2025.03.25-16.49.54:787][117]LogUdpMessaging: Warning: StartTransport failed to create multicast socket on 0.0.0.0:0, joined to 230.0.0.1:6666 with TTL 1
[2025.03.25-16.49.54:964][117]LogUdpMessaging: Warning: UDP messaging encountered an error. Auto repair routine started for reinitialization
[2025.03.25-16.49.56:814][123]FUdpSocketBuilder: Failed to subscribe UdpMessageMulticastSocket to multicast group 230.0.0.1 on interface 0.0.0.0
[2025.03.25-16.49.56:814][123]FUdpSocketBuilder: Failed to create and initialize socket UdpMessageMulticastSocket (last error: 0)
[2025.03.25-16.49.56:814][123]LogUdpMessaging: Warning: StartTransport failed to create multicast socket on 0.0.0.0:0, joined to 230.0.0.1:6666 with TTL 1
[2025.03.25-16.49.56:972][123]LogUdpMessaging: Warning: UDP messaging encountered an error. Auto repair routine started for reinitialization
[2025.03.25-16.49.58:833][129]FUdpSocketBuilder: Failed to subscribe UdpMessageMulticastSocket to multicast group 230.0.0.1 on interface 0.0.0.0
[2025.03.25-16.49.58:833][129]FUdpSocketBuilder: Failed to create and initialize socket UdpMessageMulticastSocket (last error: 0)
[2025.03.25-16.49.58:833][129]LogUdpMessaging: Warning: StartTransport failed to create multicast socket on 0.0.0.0:0, joined to 230.0.0.1:6666 with TTL 1
[2025.03.25-16.49.58:986][129]LogUdpMessaging: Warning: UDP messaging encountered an error. Auto repair routine started for reinitialization
[2025.03.25-16.50.00:860][135]FUdpSocketBuilder: Failed to subscribe UdpMessageMulticastSocket to multicast group 230.0.0.1 on interface 0.0.0.0
[2025.03.25-16.50.00:860][135]FUdpSocketBuilder: Failed to create and initialize socket UdpMessageMulticastSocket (last error: 0)
[2025.03.25-16.50.00:860][135]LogUdpMessaging: Warning: StartTransport failed to create multicast socket on 0.0.0.0:0, joined to 230.0.0.1:6666 with TTL 1
[2025.03.25-16.50.00:994][135]LogUdpMessaging: Warning: UDP messaging encountered an error. Auto repair routine started for reinitialization
[2025.03.25-16.50.02:779][141]FUdpSocketBuilder: Failed to subscribe UdpMessageMulticastSocket to multicast group 230.0.0.1 on interface 0.0.0.0
[2025.03.25-16.50.02:779][141]FUdpSocketBuilder: Failed to create and initialize socket UdpMessageMulticastSocket (last error: 0)
[2025.03.25-16.50.02:779][141]LogUdpMessaging: Warning: StartTransport failed to create multicast socket on 0.0.0.0:0, joined to 230.0.0.1:6666 with TTL 1
[2025.03.25-16.50.02:992][141]LogUdpMessaging: Warning: UDP messaging encountered an error. Auto repair routine started for reinitialization
[2025.03.25-16.50.04:804][147]FUdpSocketBuilder: Failed to subscribe UdpMessageMulticastSocket to multicast group 230.0.0.1 on interface 0.0.0.0
[2025.03.25-16.50.04:805][147]FUdpSocketBuilder: Failed to create and initialize socket UdpMessageMulticastSocket (last error: 0)
[2025.03.25-16.50.04:805][147]LogUdpMessaging: Warning: StartTransport failed to create multicast socket on 0.0.0.0:0, joined to 230.0.0.1:6666 with TTL 1
[2025.03.25-16.50.04:998][147]LogUdpMessaging: Warning: UDP messaging encountered an error. Auto repair routine started for reinitialization
[2025.03.25-16.50.06:833][153]FUdpSocketBuilder: Failed to subscribe UdpMessageMulticastSocket to multicast group 230.0.0.1 on interface 0.0.0.0
[2025.03.25-16.50.06:833][153]FUdpSocketBuilder: Failed to create and initialize socket UdpMessageMulticastSocket (last error: 0)
[2025.03.25-16.50.06:833][153]LogUdpMessaging: Warning: StartTransport failed to create multicast socket on 0.0.0.0:0, joined to 230.0.0.1:6666 with TTL 1
[2025.03.25-16.50.07:012][153]LogUdpMessaging: Warning: UDP messaging encountered an error. Auto repair routine started for reinitialization
[2025.03.25-16.50.08:697][159]LogHttp: Warning: 00000135CF558F00: invalid HTTP response code received. URL: https://datarouter.ol.epicgames.com/datarouter/api/v1/public/data?SessionID=%7BAC57BD79-4736-AD5C-2A4F-79A2FF4A8D07%7D&AppID=UEEditor.Rocket.Release&AppVersion=4.27.2-18319896%2B%2B%2BUE4%2BRelease-4.27&UserID=f5edb87a4dc0f99c13cd37a4f0d6d538%7C71f5ffb38c3f40679d77fb94a2928a28%7C05fba853-d5f3-4c05-a360-9d4811eb48c5&AppEnvironment=datacollector-binary&UploadType=eteventstream, HTTP code: 0, content length: 0, actual payload size: 0
[2025.03.25-16.50.08:697][159]LogHttp: Warning: 00000135CF558F00: request failed, libcurl error: 6 (Couldn't resolve host name)
[2025.03.25-16.50.08:697][159]LogHttp: Warning: 00000135CF558F00: libcurl info message cache 0 (Could not resolve host: datarouter.ol.epicgames.com)
[2025.03.25-16.50.08:697][159]LogHttp: Warning: 00000135CF558F00: libcurl info message cache 1 (Closing connection 19)
[2025.03.25-16.50.08:857][159]FUdpSocketBuilder: Failed to subscribe UdpMessageMulticastSocket to multicast group 230.0.0.1 on interface 0.0.0.0
[2025.03.25-16.50.08:857][159]FUdpSocketBuilder: Failed to create and initialize socket UdpMessageMulticastSocket (last error: 0)
[2025.03.25-16.50.08:857][159]LogUdpMessaging: Warning: StartTransport failed to create multicast socket on 0.0.0.0:0, joined to 230.0.0.1:6666 with TTL 1
[2025.03.25-16.50.09:024][159]LogUdpMessaging: Warning: UDP messaging encountered an error. Auto repair routine started for reinitialization
[2025.03.25-16.50.09:033][160]LogHttp: Warning: Retry exhausted on https://datarouter.ol.epicgames.com/datarouter/api/v1/public/data?SessionID=%7BAC57BD79-4736-AD5C-2A4F-79A2FF4A8D07%7D&AppID=UEEditor.Rocket.Release&AppVersion=4.27.2-18319896%2B%2B%2BUE4%2BRelease-4.27&UserID=f5edb87a4dc0f99c13cd37a4f0d6d538%7C71f5ffb38c3f40679d77fb94a2928a28%7C05fba853-d5f3-4c05-a360-9d4811eb48c5&AppEnvironment=datacollector-binary&UploadType=eteventstream
[2025.03.25-16.50.10:885][165]FUdpSocketBuilder: Failed to subscribe UdpMessageMulticastSocket to multicast group 230.0.0.1 on interface 0.0.0.0
[2025.03.25-16.50.10:885][165]FUdpSocketBuilder: Failed to create and initialize socket UdpMessageMulticastSocket (last error: 0)
[2025.03.25-16.50.10:885][165]LogUdpMessaging: Warning: StartTransport failed to create multicast socket on 0.0.0.0:0, joined to 230.0.0.1:6666 with TTL 1
[2025.03.25-16.50.11:032][165]LogUdpMessaging: Warning: UDP messaging encountered an error. Auto repair routine started for reinitialization
[2025.03.25-16.50.12:912][171]FUdpSocketBuilder: Failed to subscribe UdpMessageMulticastSocket to multicast group 230.0.0.1 on interface 0.0.0.0
[2025.03.25-16.50.12:912][171]FUdpSocketBuilder: Failed to create and initialize socket UdpMessageMulticastSocket (last error: 0)
[2025.03.25-16.50.12:912][171]LogUdpMessaging: Warning: StartTransport failed to create multicast socket on 0.0.0.0:0, joined to 230.0.0.1:6666 with TTL 1
[2025.03.25-16.50.13:056][171]LogUdpMessaging: Warning: UDP messaging encountered an error. Auto repair routine started for reinitialization
[2025.03.25-16.50.14:939][177]FUdpSocketBuilder: Failed to subscribe UdpMessageMulticastSocket to multicast group 230.0.0.1 on interface 0.0.0.0
[2025.03.25-16.50.14:939][177]FUdpSocketBuilder: Failed to create and initialize socket UdpMessageMulticastSocket (last error: 0)
[2025.03.25-16.50.14:939][177]LogUdpMessaging: Warning: StartTransport failed to create multicast socket on 0.0.0.0:0, joined to 230.0.0.1:6666 with TTL 1
[2025.03.25-16.50.15:086][177]LogUdpMessaging: Warning: UDP messaging encountered an error. Auto repair routine started for reinitialization
[2025.03.25-16.50.16:960][183]FUdpSocketBuilder: Failed to subscribe UdpMessageMulticastSocket to multicast group 230.0.0.1 on interface 0.0.0.0
[2025.03.25-16.50.16:962][183]FUdpSocketBuilder: Failed to create and initialize socket UdpMessageMulticastSocket (last error: 0)
[2025.03.25-16.50.16:962][183]LogUdpMessaging: Warning: StartTransport failed to create multicast socket on 0.0.0.0:0, joined to 230.0.0.1:6666 with TTL 1
[2025.03.25-16.50.17:090][183]LogUdpMessaging: Warning: UDP messaging encountered an error. Auto repair routine started for reinitialization
[2025.03.25-16.50.18:882][189]FUdpSocketBuilder: Failed to subscribe UdpMessageMulticastSocket to multicast group 230.0.0.1 on interface 0.0.0.0
[2025.03.25-16.50.18:882][189]FUdpSocketBuilder: Failed to create and initialize socket UdpMessageMulticastSocket (last error: 0)
[2025.03.25-16.50.18:882][189]LogUdpMessaging: Warning: StartTransport failed to create multicast socket on 0.0.0.0:0, joined to 230.0.0.1:6666 with TTL 1
[2025.03.25-16.50.19:097][189]LogUdpMessaging: Warning: UDP messaging encountered an error. Auto repair routine started for reinitialization
[2025.03.25-16.50.20:910][195]FUdpSocketBuilder: Failed to subscribe UdpMessageMulticastSocket to multicast group 230.0.0.1 on interface 0.0.0.0
[2025.03.25-16.50.20:910][195]FUdpSocketBuilder: Failed to create and initialize socket UdpMessageMulticastSocket (last error: 0)
[2025.03.25-16.50.20:910][195]LogUdpMessaging: Warning: StartTransport failed to create multicast socket on 0.0.0.0:0, joined to 230.0.0.1:6666 with TTL 1
[2025.03.25-16.50.21:108][195]LogUdpMessaging: Warning: UDP messaging encountered an error. Auto repair routine started for reinitialization
[2025.03.25-16.50.22:937][201]FUdpSocketBuilder: Failed to subscribe UdpMessageMulticastSocket to multicast group 230.0.0.1 on interface 0.0.0.0
[2025.03.25-16.50.22:937][201]FUdpSocketBuilder: Failed to create and initialize socket UdpMessageMulticastSocket (last error: 0)
[2025.03.25-16.50.22:937][201]LogUdpMessaging: Warning: StartTransport failed to create multicast socket on 0.0.0.0:0, joined to 230.0.0.1:6666 with TTL 1
[2025.03.25-16.50.23:125][201]LogUdpMessaging: Warning: UDP messaging encountered an error. Auto repair routine started for reinitialization
[2025.03.25-16.50.24:962][207]FUdpSocketBuilder: Failed to subscribe UdpMessageMulticastSocket to multicast group 230.0.0.1 on interface 0.0.0.0
[2025.03.25-16.50.24:962][207]FUdpSocketBuilder: Failed to create and initialize socket UdpMessageMulticastSocket (last error: 0)
[2025.03.25-16.50.24:962][207]LogUdpMessaging: Warning: StartTransport failed to create multicast socket on 0.0.0.0:0, joined to 230.0.0.1:6666 with TTL 1
[2025.03.25-16.50.25:147][207]LogUdpMessaging: Warning: UDP messaging encountered an error. Auto repair routine started for reinitialization
[2025.03.25-16.50.26:987][213]FUdpSocketBuilder: Failed to subscribe UdpMessageMulticastSocket to multicast group 230.0.0.1 on interface 0.0.0.0
[2025.03.25-16.50.26:987][213]FUdpSocketBuilder: Failed to create and initialize socket UdpMessageMulticastSocket (last error: 0)
[2025.03.25-16.50.26:989][213]LogUdpMessaging: Warning: StartTransport failed to create multicast socket on 0.0.0.0:0, joined to 230.0.0.1:6666 with TTL 1
[2025.03.25-16.50.27:162][213]LogUdpMessaging: Warning: UDP messaging encountered an error. Auto repair routine started for reinitialization
[2025.03.25-16.50.29:007][219]FUdpSocketBuilder: Failed to subscribe UdpMessageMulticastSocket to multicast group 230.0.0.1 on interface 0.0.0.0
[2025.03.25-16.50.29:007][219]FUdpSocketBuilder: Failed to create and initialize socket UdpMessageMulticastSocket (last error: 0)
[2025.03.25-16.50.29:007][219]LogUdpMessaging: Warning: StartTransport failed to create multicast socket on 0.0.0.0:0, joined to 230.0.0.1:6666 with TTL 1
[2025.03.25-16.50.29:175][219]LogUdpMessaging: Warning: UDP messaging encountered an error. Auto repair routine started for reinitialization
[2025.03.25-16.50.31:044][225]FUdpSocketBuilder: Failed to subscribe UdpMessageMulticastSocket to multicast group 230.0.0.1 on interface 0.0.0.0
[2025.03.25-16.50.31:044][225]FUdpSocketBuilder: Failed to create and initialize socket UdpMessageMulticastSocket (last error: 0)
[2025.03.25-16.50.31:045][225]LogUdpMessaging: Warning: StartTransport failed to create multicast socket on 0.0.0.0:0, joined to 230.0.0.1:6666 with TTL 1
[2025.03.25-16.50.31:199][225]LogUdpMessaging: Warning: UDP messaging encountered an error. Auto repair routine started for reinitialization
[2025.03.25-16.50.33:077][231]FUdpSocketBuilder: Failed to subscribe UdpMessageMulticastSocket to multicast group 230.0.0.1 on interface 0.0.0.0
[2025.03.25-16.50.33:077][231]FUdpSocketBuilder: Failed to create and initialize socket UdpMessageMulticastSocket (last error: 0)
[2025.03.25-16.50.33:077][231]LogUdpMessaging: Warning: StartTransport failed to create multicast socket on 0.0.0.0:0, joined to 230.0.0.1:6666 with TTL 1
[2025.03.25-16.50.33:206][231]LogUdpMessaging: Warning: UDP messaging encountered an error. Auto repair routine started for reinitialization
[2025.03.25-16.50.35:101][237]FUdpSocketBuilder: Failed to subscribe UdpMessageMulticastSocket to multicast group 230.0.0.1 on interface 0.0.0.0
[2025.03.25-16.50.35:101][237]FUdpSocketBuilder: Failed to create and initialize socket UdpMessageMulticastSocket (last error: 0)
[2025.03.25-16.50.35:101][237]LogUdpMessaging: Warning: StartTransport failed to create multicast socket on 0.0.0.0:0, joined to 230.0.0.1:6666 with TTL 1
[2025.03.25-16.50.35:231][237]LogUdpMessaging: Warning: UDP messaging encountered an error. Auto repair routine started for reinitialization
[2025.03.25-16.50.37:120][243]FUdpSocketBuilder: Failed to subscribe UdpMessageMulticastSocket to multicast group 230.0.0.1 on interface 0.0.0.0
[2025.03.25-16.50.37:120][243]FUdpSocketBuilder: Failed to create and initialize socket UdpMessageMulticastSocket (last error: 0)
[2025.03.25-16.50.37:120][243]LogUdpMessaging: Warning: StartTransport failed to create multicast socket on 0.0.0.0:0, joined to 230.0.0.1:6666 with TTL 1
[2025.03.25-16.50.37:497][243]LogUdpMessaging: Warning: UDP messaging encountered an error. Auto repair routine started for reinitialization
[2025.03.25-16.50.39:142][325]FUdpSocketBuilder: Failed to subscribe UdpMessageMulticastSocket to multicast group 230.0.0.1 on interface 0.0.0.0
[2025.03.25-16.50.39:142][325]FUdpSocketBuilder: Failed to create and initialize socket UdpMessageMulticastSocket (last error: 0)
[2025.03.25-16.50.39:142][325]LogUdpMessaging: Warning: StartTransport failed to create multicast socket on 0.0.0.0:0, joined to 230.0.0.1:6666 with TTL 1
[2025.03.25-16.50.39:162][326]LogUdpMessaging: Warning: UDP messaging encountered an error. Auto repair routine started for reinitialization
[2025.03.25-16.50.40:049][372]LogUObjectHash: Compacting FUObjectHashTables data took   2.45ms
[2025.03.25-16.50.40:244][372]LogUObjectHash: Compacting FUObjectHashTables data took   2.18ms
[2025.03.25-16.50.40:312][372]LogSavePackage: Moving '../../../../../../Users/Ido Isaac/Desktop/Web Game Programming/Wk 1/COMP217GroupProject/DungeonDash/Saved/ThirdPersonExampleMapA65727764F6DEDD21A8BA8860D6C3522.tmp' to '../../../../../../Users/Ido Isaac/Desktop/Web Game Programming/Wk 1/COMP217GroupProject/DungeonDash/Content/ThirdPersonCPP/Maps/ThirdPersonExampleMap.umap'
[2025.03.25-16.50.40:340][372]LogFileHelpers: Saving map 'ThirdPersonExampleMap' took 0.167
[2025.03.25-16.50.40:371][372]LogSavePackage: Moving '../../../../../../Users/Ido Isaac/Desktop/Web Game Programming/Wk 1/COMP217GroupProject/DungeonDash/Saved/ThirdPersonCharacter4CB3830B4AD9FBBB712E52BCB7698A7E.tmp' to '../../../../../../Users/Ido Isaac/Desktop/Web Game Programming/Wk 1/COMP217GroupProject/DungeonDash/Content/ThirdPersonCPP/Blueprints/ThirdPersonCharacter.uasset'
[2025.03.25-16.50.40:648][372]AssetCheck: New page: Asset Save: multiple assets
[2025.03.25-16.50.40:649][372]LogContentValidation: Display: Validating Blueprint /Game/ThirdPersonCPP/Blueprints/ThirdPersonCharacter.ThirdPersonCharacter
[2025.03.25-16.50.40:649][372]LogContentValidation: Display: Validating World /Game/ThirdPersonCPP/Maps/ThirdPersonExampleMap.ThirdPersonExampleMap
[2025.03.25-16.50.40:862][374]FUdpSocketBuilder: Failed to subscribe UdpMessageMulticastSocket to multicast group 230.0.0.1 on interface 0.0.0.0
[2025.03.25-16.50.40:863][374]FUdpSocketBuilder: Failed to create and initialize socket UdpMessageMulticastSocket (last error: 0)
[2025.03.25-16.50.40:863][374]LogUdpMessaging: Warning: StartTransport failed to create multicast socket on 0.0.0.0:0, joined to 230.0.0.1:6666 with TTL 1
[2025.03.25-16.50.40:883][375]LogUdpMessaging: Warning: UDP messaging encountered an error. Auto repair routine started for reinitialization
[2025.03.25-16.50.42:882][453]FUdpSocketBuilder: Failed to subscribe UdpMessageMulticastSocket to multicast group 230.0.0.1 on interface 0.0.0.0
[2025.03.25-16.50.42:882][453]FUdpSocketBuilder: Failed to create and initialize socket UdpMessageMulticastSocket (last error: 0)
[2025.03.25-16.50.42:882][453]LogUdpMessaging: Warning: StartTransport failed to create multicast socket on 0.0.0.0:0, joined to 230.0.0.1:6666 with TTL 1
[2025.03.25-16.50.42:902][454]LogUdpMessaging: Warning: UDP messaging encountered an error. Auto repair routine started for reinitialization
[2025.03.25-16.50.44:505][510]LogHttp: Warning: 00000135C4E26B00: invalid HTTP response code received. URL: https://datarouter.ol.epicgames.com/datarouter/api/v1/public/data?SessionID=%7BAC57BD79-4736-AD5C-2A4F-79A2FF4A8D07%7D&AppID=UEEditor.Rocket.Release&AppVersion=4.27.2-18319896%2B%2B%2BUE4%2BRelease-4.27&UserID=f5edb87a4dc0f99c13cd37a4f0d6d538%7C71f5ffb38c3f40679d77fb94a2928a28%7C05fba853-d5f3-4c05-a360-9d4811eb48c5&AppEnvironment=datacollector-binary&UploadType=eteventstream, HTTP code: 0, content length: 0, actual payload size: 0
[2025.03.25-16.50.44:505][510]LogHttp: Warning: 00000135C4E26B00: request failed, libcurl error: 6 (Couldn't resolve host name)
[2025.03.25-16.50.44:506][510]LogHttp: Warning: 00000135C4E26B00: libcurl info message cache 0 (Could not resolve host: datarouter.ol.epicgames.com)
[2025.03.25-16.50.44:506][510]LogHttp: Warning: 00000135C4E26B00: libcurl info message cache 1 (Closing connection 20)
[2025.03.25-16.50.44:506][510]LogHttp: Warning: Retry exhausted on https://datarouter.ol.epicgames.com/datarouter/api/v1/public/data?SessionID=%7BAC57BD79-4736-AD5C-2A4F-79A2FF4A8D07%7D&AppID=UEEditor.Rocket.Release&AppVersion=4.27.2-18319896%2B%2B%2BUE4%2BRelease-4.27&UserID=f5edb87a4dc0f99c13cd37a4f0d6d538%7C71f5ffb38c3f40679d77fb94a2928a28%7C05fba853-d5f3-4c05-a360-9d4811eb48c5&AppEnvironment=datacollector-binary&UploadType=eteventstream
[2025.03.25-16.50.44:998][520]FUdpSocketBuilder: Failed to subscribe UdpMessageMulticastSocket to multicast group 230.0.0.1 on interface 0.0.0.0
[2025.03.25-16.50.44:998][520]FUdpSocketBuilder: Failed to create and initialize socket UdpMessageMulticastSocket (last error: 0)
[2025.03.25-16.50.44:998][520]LogUdpMessaging: Warning: StartTransport failed to create multicast socket on 0.0.0.0:0, joined to 230.0.0.1:6666 with TTL 1
[2025.03.25-16.50.45:017][521]LogUdpMessaging: Warning: UDP messaging encountered an error. Auto repair routine started for reinitialization
[2025.03.25-16.50.45:587][539]LogTemp: Repeating last play command: Selected Viewport
[2025.03.25-16.50.45:617][539]LogPlayLevel: PlayLevel: No blueprints needed recompiling
[2025.03.25-16.50.45:618][539]PIE: New page: PIE session: ThirdPersonExampleMap (Mar. 25, 2025, 8:50:45 a.m.)
[2025.03.25-16.50.45:619][539]LogPlayLevel: Creating play world package: /Game/ThirdPersonCPP/Maps/UEDPIE_0_ThirdPersonExampleMap
[2025.03.25-16.50.45:668][539]LogPlayLevel: PIE: StaticDuplicateObject took: (0.048735s)
[2025.03.25-16.50.45:672][539]LogAIModule: Creating AISystem for world ThirdPersonExampleMap
[2025.03.25-16.50.45:674][539]LogPlayLevel: PIE: World Init took: (0.005934s)
[2025.03.25-16.50.45:674][539]LogPlayLevel: PIE: Created PIE world by copying editor world from /Game/ThirdPersonCPP/Maps/ThirdPersonExampleMap.ThirdPersonExampleMap to /Game/ThirdPersonCPP/Maps/UEDPIE_0_ThirdPersonExampleMap.ThirdPersonExampleMap (0.055428s)
[2025.03.25-16.50.45:775][539]LogUObjectHash: Compacting FUObjectHashTables data took  12.64ms
[2025.03.25-16.50.45:780][539]LogAudio: Display: Creating Audio Device:                 Id: 6, Scope: Unique, Realtime: True
[2025.03.25-16.50.45:780][539]LogAudioMixer: Display: Audio Mixer Platform Settings:
[2025.03.25-16.50.45:780][539]LogAudioMixer: Display: 	Sample Rate:						  48000
[2025.03.25-16.50.45:780][539]LogAudioMixer: Display: 	Callback Buffer Frame Size Requested: 1024
[2025.03.25-16.50.45:780][539]LogAudioMixer: Display: 	Callback Buffer Frame Size To Use:	  1024
[2025.03.25-16.50.45:780][539]LogAudioMixer: Display: 	Number of buffers to queue:			  2
[2025.03.25-16.50.45:780][539]LogAudioMixer: Display: 	Max Channels (voices):				  32
[2025.03.25-16.50.45:780][539]LogAudioMixer: Display: 	Number of Async Source Workers:		  0
[2025.03.25-16.50.45:781][539]LogAudio: Display: AudioDevice MaxSources: 32
[2025.03.25-16.50.45:782][539]LogAudio: Display: Audio Spatialization Plugin: None (built-in).
[2025.03.25-16.50.45:783][539]LogAudio: Display: Audio Reverb Plugin: None (built-in).
[2025.03.25-16.50.45:783][539]LogAudio: Display: Audio Occlusion Plugin: None (built-in).
[2025.03.25-16.50.45:783][539]LogAudioMixer: Display: Initializing audio mixer.
[2025.03.25-16.50.45:830][539]LogAudioMixer: Display: 0: FrontLeft
[2025.03.25-16.50.45:830][539]LogAudioMixer: Display: 1: FrontRight
[2025.03.25-16.50.46:151][539]LogAudioMixer: Display: Using Audio Device Speakers (Realtek(R) Audio)
[2025.03.25-16.50.46:152][539]LogAudioMixer: Display: Initializing Sound Submixes...
[2025.03.25-16.50.46:152][539]LogAudioMixer: Display: Creating Master Submix 'MasterSubmixDefault'
[2025.03.25-16.50.46:152][539]LogAudioMixer: Display: Creating Master Submix 'MasterReverbSubmixDefault'
[2025.03.25-16.50.46:156][539]LogAudioMixer: Display: Creating Master Submix 'MasterEQSubmixDefault'
[2025.03.25-16.50.46:156][539]LogAudioMixer: FMixerPlatformXAudio2::StartAudioStream() called
[2025.03.25-16.50.46:156][539]LogAudioMixer: Display: Output buffers initialized: Frames=1024, Channels=2, Samples=2048
[2025.03.25-16.50.46:158][539]LogAudioMixer: Display: Starting AudioMixerPlatformInterface::RunInternal()
[2025.03.25-16.50.46:158][539]LogAudioMixer: Display: FMixerPlatformXAudio2::SubmitBuffer() called for the first time
[2025.03.25-16.50.46:158][539]LogInit: FAudioDevice initialized.
[2025.03.25-16.50.46:158][539]LogAudio: Display: Audio Device (ID: 6) registered with world 'ThirdPersonExampleMap'.
[2025.03.25-16.50.46:177][539]LogLoad: Game class is 'DungeonDashGameMode'
[2025.03.25-16.50.46:183][539]LogScript: Warning: Script Msg: Divide by zero detected: 0.000000 / 0
Script call stack:
	Function /Game/ParagonGreystone/Characters/Heroes/Greystone/Greystone_AnimBlueprint.Greystone_AnimBlueprint_C:BlueprintUpdateAnimation
	Function /Game/ParagonGreystone/Characters/Heroes/Greystone/Greystone_AnimBlueprint.Greystone_AnimBlueprint_C:ExecuteUbergraph_Greystone_AnimBlueprint

[2025.03.25-16.50.46:185][539]LogWorld: Bringing World /Game/ThirdPersonCPP/Maps/UEDPIE_0_ThirdPersonExampleMap.ThirdPersonExampleMap up for play (max tick rate 60) at 2025.03.25-12.50.46
[2025.03.25-16.50.46:185][539]LogWorld: Bringing up level for play took: 0.005324
[2025.03.25-16.50.46:186][539]LogOnline: OSS: Creating online subsystem instance for: :Context_13
[2025.03.25-16.50.46:192][539]PIE: Server logged in
[2025.03.25-16.50.46:193][539]PIE: Play in editor total start time 0.578 seconds.
[2025.03.25-16.50.46:525][541]FUdpSocketBuilder: Failed to subscribe UdpMessageMulticastSocket to multicast group 230.0.0.1 on interface 0.0.0.0
[2025.03.25-16.50.46:526][541]FUdpSocketBuilder: Failed to create and initialize socket UdpMessageMulticastSocket (last error: 0)
[2025.03.25-16.50.46:526][541]LogUdpMessaging: Warning: StartTransport failed to create multicast socket on 0.0.0.0:0, joined to 230.0.0.1:6666 with TTL 1
[2025.03.25-16.50.46:570][542]LogUdpMessaging: Warning: UDP messaging encountered an error. Auto repair routine started for reinitialization
[2025.03.25-16.50.48:202][634]LogParticles: Warning: Particle Notify: Particle system is null for particle notify 'PlayParticleEffect' in anim: '/Game/ParagonGreystone/Characters/Heroes/Greystone/Animations/LevelStart_Montage.LevelStart_Montage'
[2025.03.25-16.50.48:452][638]FUdpSocketBuilder: Failed to subscribe UdpMessageMulticastSocket to multicast group 230.0.0.1 on interface 0.0.0.0
[2025.03.25-16.50.48:452][638]FUdpSocketBuilder: Failed to create and initialize socket UdpMessageMulticastSocket (last error: 0)
[2025.03.25-16.50.48:452][638]LogUdpMessaging: Warning: StartTransport failed to create multicast socket on 0.0.0.0:0, joined to 230.0.0.1:6666 with TTL 1
[2025.03.25-16.50.48:471][639]LogUdpMessaging: Warning: UDP messaging encountered an error. Auto repair routine started for reinitialization
[2025.03.25-16.50.50:477][737]FUdpSocketBuilder: Failed to subscribe UdpMessageMulticastSocket to multicast group 230.0.0.1 on interface 0.0.0.0
[2025.03.25-16.50.50:477][737]FUdpSocketBuilder: Failed to create and initialize socket UdpMessageMulticastSocket (last error: 0)
[2025.03.25-16.50.50:477][737]LogUdpMessaging: Warning: StartTransport failed to create multicast socket on 0.0.0.0:0, joined to 230.0.0.1:6666 with TTL 1
[2025.03.25-16.50.50:502][738]LogUdpMessaging: Warning: UDP messaging encountered an error. Auto repair routine started for reinitialization
[2025.03.25-16.50.52:502][833]FUdpSocketBuilder: Failed to subscribe UdpMessageMulticastSocket to multicast group 230.0.0.1 on interface 0.0.0.0
[2025.03.25-16.50.52:502][833]FUdpSocketBuilder: Failed to create and initialize socket UdpMessageMulticastSocket (last error: 0)
[2025.03.25-16.50.52:502][833]LogUdpMessaging: Warning: StartTransport failed to create multicast socket on 0.0.0.0:0, joined to 230.0.0.1:6666 with TTL 1
[2025.03.25-16.50.52:522][834]LogUdpMessaging: Warning: UDP messaging encountered an error. Auto repair routine started for reinitialization
[2025.03.25-16.50.54:526][930]FUdpSocketBuilder: Failed to subscribe UdpMessageMulticastSocket to multicast group 230.0.0.1 on interface 0.0.0.0
[2025.03.25-16.50.54:526][930]FUdpSocketBuilder: Failed to create and initialize socket UdpMessageMulticastSocket (last error: 0)
[2025.03.25-16.50.54:527][930]LogUdpMessaging: Warning: StartTransport failed to create multicast socket on 0.0.0.0:0, joined to 230.0.0.1:6666 with TTL 1
[2025.03.25-16.50.54:550][931]LogUdpMessaging: Warning: UDP messaging encountered an error. Auto repair routine started for reinitialization
[2025.03.25-16.50.56:546][ 25]FUdpSocketBuilder: Failed to subscribe UdpMessageMulticastSocket to multicast group 230.0.0.1 on interface 0.0.0.0
[2025.03.25-16.50.56:546][ 25]FUdpSocketBuilder: Failed to create and initialize socket UdpMessageMulticastSocket (last error: 0)
[2025.03.25-16.50.56:546][ 25]LogUdpMessaging: Warning: StartTransport failed to create multicast socket on 0.0.0.0:0, joined to 230.0.0.1:6666 with TTL 1
[2025.03.25-16.50.56:569][ 26]LogUdpMessaging: Warning: UDP messaging encountered an error. Auto repair routine started for reinitialization
[2025.03.25-16.50.58:570][121]FUdpSocketBuilder: Failed to subscribe UdpMessageMulticastSocket to multicast group 230.0.0.1 on interface 0.0.0.0
[2025.03.25-16.50.58:570][121]FUdpSocketBuilder: Failed to create and initialize socket UdpMessageMulticastSocket (last error: 0)
[2025.03.25-16.50.58:570][121]LogUdpMessaging: Warning: StartTransport failed to create multicast socket on 0.0.0.0:0, joined to 230.0.0.1:6666 with TTL 1
[2025.03.25-16.50.58:600][122]LogUdpMessaging: Warning: UDP messaging encountered an error. Auto repair routine started for reinitialization
[2025.03.25-16.51.00:592][209]FUdpSocketBuilder: Failed to subscribe UdpMessageMulticastSocket to multicast group 230.0.0.1 on interface 0.0.0.0
[2025.03.25-16.51.00:592][209]FUdpSocketBuilder: Failed to create and initialize socket UdpMessageMulticastSocket (last error: 0)
[2025.03.25-16.51.00:593][209]LogUdpMessaging: Warning: StartTransport failed to create multicast socket on 0.0.0.0:0, joined to 230.0.0.1:6666 with TTL 1
[2025.03.25-16.51.00:614][210]LogUdpMessaging: Warning: UDP messaging encountered an error. Auto repair routine started for reinitialization
[2025.03.25-16.51.02:617][301]FUdpSocketBuilder: Failed to subscribe UdpMessageMulticastSocket to multicast group 230.0.0.1 on interface 0.0.0.0
[2025.03.25-16.51.02:618][301]FUdpSocketBuilder: Failed to create and initialize socket UdpMessageMulticastSocket (last error: 0)
[2025.03.25-16.51.02:618][301]LogUdpMessaging: Warning: StartTransport failed to create multicast socket on 0.0.0.0:0, joined to 230.0.0.1:6666 with TTL 1
[2025.03.25-16.51.02:637][302]LogUdpMessaging: Warning: UDP messaging encountered an error. Auto repair routine started for reinitialization
[2025.03.25-16.51.04:642][391]FUdpSocketBuilder: Failed to subscribe UdpMessageMulticastSocket to multicast group 230.0.0.1 on interface 0.0.0.0
[2025.03.25-16.51.04:643][391]FUdpSocketBuilder: Failed to create and initialize socket UdpMessageMulticastSocket (last error: 0)
[2025.03.25-16.51.04:643][391]LogUdpMessaging: Warning: StartTransport failed to create multicast socket on 0.0.0.0:0, joined to 230.0.0.1:6666 with TTL 1
[2025.03.25-16.51.04:670][392]LogUdpMessaging: Warning: UDP messaging encountered an error. Auto repair routine started for reinitialization
[2025.03.25-16.51.06:570][480]FUdpSocketBuilder: Failed to subscribe UdpMessageMulticastSocket to multicast group 230.0.0.1 on interface 0.0.0.0
[2025.03.25-16.51.06:570][480]FUdpSocketBuilder: Failed to create and initialize socket UdpMessageMulticastSocket (last error: 0)
[2025.03.25-16.51.06:570][480]LogUdpMessaging: Warning: StartTransport failed to create multicast socket on 0.0.0.0:0, joined to 230.0.0.1:6666 with TTL 1
[2025.03.25-16.51.06:599][481]LogUdpMessaging: Warning: UDP messaging encountered an error. Auto repair routine started for reinitialization
[2025.03.25-16.51.08:597][574]FUdpSocketBuilder: Failed to subscribe UdpMessageMulticastSocket to multicast group 230.0.0.1 on interface 0.0.0.0
[2025.03.25-16.51.08:597][574]FUdpSocketBuilder: Failed to create and initialize socket UdpMessageMulticastSocket (last error: 0)
[2025.03.25-16.51.08:597][574]LogUdpMessaging: Warning: StartTransport failed to create multicast socket on 0.0.0.0:0, joined to 230.0.0.1:6666 with TTL 1
[2025.03.25-16.51.08:617][574]LogUdpMessaging: Warning: UDP messaging encountered an error. Auto repair routine started for reinitialization
[2025.03.25-16.51.10:624][667]FUdpSocketBuilder: Failed to subscribe UdpMessageMulticastSocket to multicast group 230.0.0.1 on interface 0.0.0.0
[2025.03.25-16.51.10:624][667]FUdpSocketBuilder: Failed to create and initialize socket UdpMessageMulticastSocket (last error: 0)
[2025.03.25-16.51.10:624][667]LogUdpMessaging: Warning: StartTransport failed to create multicast socket on 0.0.0.0:0, joined to 230.0.0.1:6666 with TTL 1
[2025.03.25-16.51.10:642][668]LogUdpMessaging: Warning: UDP messaging encountered an error. Auto repair routine started for reinitialization
[2025.03.25-16.51.12:650][763]FUdpSocketBuilder: Failed to subscribe UdpMessageMulticastSocket to multicast group 230.0.0.1 on interface 0.0.0.0
[2025.03.25-16.51.12:650][763]FUdpSocketBuilder: Failed to create and initialize socket UdpMessageMulticastSocket (last error: 0)
[2025.03.25-16.51.12:651][763]LogUdpMessaging: Warning: StartTransport failed to create multicast socket on 0.0.0.0:0, joined to 230.0.0.1:6666 with TTL 1
[2025.03.25-16.51.12:673][764]LogUdpMessaging: Warning: UDP messaging encountered an error. Auto repair routine started for reinitialization
[2025.03.25-16.51.14:683][856]FUdpSocketBuilder: Failed to subscribe UdpMessageMulticastSocket to multicast group 230.0.0.1 on interface 0.0.0.0
[2025.03.25-16.51.14:683][856]FUdpSocketBuilder: Failed to create and initialize socket UdpMessageMulticastSocket (last error: 0)
[2025.03.25-16.51.14:684][856]LogUdpMessaging: Warning: StartTransport failed to create multicast socket on 0.0.0.0:0, joined to 230.0.0.1:6666 with TTL 1
[2025.03.25-16.51.14:705][856]LogUdpMessaging: Warning: UDP messaging encountered an error. Auto repair routine started for reinitialization
[2025.03.25-16.51.15:350][889]LogBlueprintUserMessages: [ThirdPersonCharacter_2] Damage Taken
[2025.03.25-16.51.16:713][945]FUdpSocketBuilder: Failed to subscribe UdpMessageMulticastSocket to multicast group 230.0.0.1 on interface 0.0.0.0
[2025.03.25-16.51.16:713][945]FUdpSocketBuilder: Failed to create and initialize socket UdpMessageMulticastSocket (last error: 0)
[2025.03.25-16.51.16:713][945]LogUdpMessaging: Warning: StartTransport failed to create multicast socket on 0.0.0.0:0, joined to 230.0.0.1:6666 with TTL 1
[2025.03.25-16.51.16:745][946]LogUdpMessaging: Warning: UDP messaging encountered an error. Auto repair routine started for reinitialization
[2025.03.25-16.51.18:738][ 34]FUdpSocketBuilder: Failed to subscribe UdpMessageMulticastSocket to multicast group 230.0.0.1 on interface 0.0.0.0
[2025.03.25-16.51.18:738][ 34]FUdpSocketBuilder: Failed to create and initialize socket UdpMessageMulticastSocket (last error: 0)
[2025.03.25-16.51.18:738][ 34]LogUdpMessaging: Warning: StartTransport failed to create multicast socket on 0.0.0.0:0, joined to 230.0.0.1:6666 with TTL 1
[2025.03.25-16.51.18:765][ 35]LogUdpMessaging: Warning: UDP messaging encountered an error. Auto repair routine started for reinitialization
[2025.03.25-16.51.20:760][121]FUdpSocketBuilder: Failed to subscribe UdpMessageMulticastSocket to multicast group 230.0.0.1 on interface 0.0.0.0
[2025.03.25-16.51.20:760][121]FUdpSocketBuilder: Failed to create and initialize socket UdpMessageMulticastSocket (last error: 0)
[2025.03.25-16.51.20:760][121]LogUdpMessaging: Warning: StartTransport failed to create multicast socket on 0.0.0.0:0, joined to 230.0.0.1:6666 with TTL 1
[2025.03.25-16.51.20:793][121]LogUdpMessaging: Warning: UDP messaging encountered an error. Auto repair routine started for reinitialization
[2025.03.25-16.51.22:789][206]FUdpSocketBuilder: Failed to subscribe UdpMessageMulticastSocket to multicast group 230.0.0.1 on interface 0.0.0.0
[2025.03.25-16.51.22:790][206]FUdpSocketBuilder: Failed to create and initialize socket UdpMessageMulticastSocket (last error: 0)
[2025.03.25-16.51.22:790][206]LogUdpMessaging: Warning: StartTransport failed to create multicast socket on 0.0.0.0:0, joined to 230.0.0.1:6666 with TTL 1
[2025.03.25-16.51.22:823][207]LogUdpMessaging: Warning: UDP messaging encountered an error. Auto repair routine started for reinitialization
[2025.03.25-16.51.24:719][302]FUdpSocketBuilder: Failed to subscribe UdpMessageMulticastSocket to multicast group 230.0.0.1 on interface 0.0.0.0
[2025.03.25-16.51.24:719][302]FUdpSocketBuilder: Failed to create and initialize socket UdpMessageMulticastSocket (last error: 0)
[2025.03.25-16.51.24:719][302]LogUdpMessaging: Warning: StartTransport failed to create multicast socket on 0.0.0.0:0, joined to 230.0.0.1:6666 with TTL 1
[2025.03.25-16.51.24:750][303]LogUdpMessaging: Warning: UDP messaging encountered an error. Auto repair routine started for reinitialization
[2025.03.25-16.51.26:456][392]LogSlate: Updating window title bar state: overlay mode, drag disabled, window buttons hidden, title bar hidden
[2025.03.25-16.51.26:456][392]LogWorld: BeginTearingDown for /Game/ThirdPersonCPP/Maps/UEDPIE_0_ThirdPersonExampleMap
[2025.03.25-16.51.26:456][392]LogWorld: UWorld::CleanupWorld for ThirdPersonExampleMap, bSessionEnded=true, bCleanupResources=true
[2025.03.25-16.51.26:457][392]LogSlate: InvalidateAllWidgets triggered.  All widgets were invalidated
[2025.03.25-16.51.26:478][392]LogPlayLevel: Display: Shutting down PIE online subsystems
[2025.03.25-16.51.26:489][392]LogSlate: InvalidateAllWidgets triggered.  All widgets were invalidated
[2025.03.25-16.51.26:568][392]LogSlate: Updating window title bar state: overlay mode, drag disabled, window buttons hidden, title bar hidden
[2025.03.25-16.51.26:568][392]LogAudioMixer: FMixerPlatformXAudio2::StopAudioStream() called
[2025.03.25-16.51.26:572][392]LogAudioMixer: FMixerPlatformXAudio2::StopAudioStream() called
[2025.03.25-16.51.26:590][392]LogUObjectHash: Compacting FUObjectHashTables data took   7.46ms
[2025.03.25-16.51.26:660][393]LogPlayLevel: Display: Destroying online subsystem :Context_13
[2025.03.25-16.51.26:948][394]FUdpSocketBuilder: Failed to subscribe UdpMessageMulticastSocket to multicast group 230.0.0.1 on interface 0.0.0.0
[2025.03.25-16.51.26:948][394]FUdpSocketBuilder: Failed to create and initialize socket UdpMessageMulticastSocket (last error: 0)
[2025.03.25-16.51.26:949][394]LogUdpMessaging: Warning: StartTransport failed to create multicast socket on 0.0.0.0:0, joined to 230.0.0.1:6666 with TTL 1
[2025.03.25-16.51.26:973][395]LogUdpMessaging: Warning: UDP messaging encountered an error. Auto repair routine started for reinitialization
[2025.03.25-16.51.28:877][490]FUdpSocketBuilder: Failed to subscribe UdpMessageMulticastSocket to multicast group 230.0.0.1 on interface 0.0.0.0
[2025.03.25-16.51.28:877][490]FUdpSocketBuilder: Failed to create and initialize socket UdpMessageMulticastSocket (last error: 0)
[2025.03.25-16.51.28:877][490]LogUdpMessaging: Warning: StartTransport failed to create multicast socket on 0.0.0.0:0, joined to 230.0.0.1:6666 with TTL 1
[2025.03.25-16.51.28:909][491]LogUdpMessaging: Warning: UDP messaging encountered an error. Auto repair routine started for reinitialization
[2025.03.25-16.51.30:907][592]FUdpSocketBuilder: Failed to subscribe UdpMessageMulticastSocket to multicast group 230.0.0.1 on interface 0.0.0.0
[2025.03.25-16.51.30:908][592]FUdpSocketBuilder: Failed to create and initialize socket UdpMessageMulticastSocket (last error: 0)
[2025.03.25-16.51.30:908][592]LogUdpMessaging: Warning: StartTransport failed to create multicast socket on 0.0.0.0:0, joined to 230.0.0.1:6666 with TTL 1
[2025.03.25-16.51.30:940][593]LogUdpMessaging: Warning: UDP messaging encountered an error. Auto repair routine started for reinitialization
[2025.03.25-16.51.32:935][689]FUdpSocketBuilder: Failed to subscribe UdpMessageMulticastSocket to multicast group 230.0.0.1 on interface 0.0.0.0
[2025.03.25-16.51.32:935][689]FUdpSocketBuilder: Failed to create and initialize socket UdpMessageMulticastSocket (last error: 0)
[2025.03.25-16.51.32:936][689]LogUdpMessaging: Warning: StartTransport failed to create multicast socket on 0.0.0.0:0, joined to 230.0.0.1:6666 with TTL 1
[2025.03.25-16.51.32:965][690]LogUdpMessaging: Warning: UDP messaging encountered an error. Auto repair routine started for reinitialization
[2025.03.25-16.51.34:965][791]FUdpSocketBuilder: Failed to subscribe UdpMessageMulticastSocket to multicast group 230.0.0.1 on interface 0.0.0.0
[2025.03.25-16.51.34:965][791]FUdpSocketBuilder: Failed to create and initialize socket UdpMessageMulticastSocket (last error: 0)
[2025.03.25-16.51.34:965][791]LogUdpMessaging: Warning: StartTransport failed to create multicast socket on 0.0.0.0:0, joined to 230.0.0.1:6666 with TTL 1
[2025.03.25-16.51.34:998][792]LogUdpMessaging: Warning: UDP messaging encountered an error. Auto repair routine started for reinitialization
[2025.03.25-16.51.36:997][871]FUdpSocketBuilder: Failed to subscribe UdpMessageMulticastSocket to multicast group 230.0.0.1 on interface 0.0.0.0
[2025.03.25-16.51.36:997][871]FUdpSocketBuilder: Failed to create and initialize socket UdpMessageMulticastSocket (last error: 0)
[2025.03.25-16.51.36:997][871]LogUdpMessaging: Warning: StartTransport failed to create multicast socket on 0.0.0.0:0, joined to 230.0.0.1:6666 with TTL 1
[2025.03.25-16.51.37:029][872]LogUdpMessaging: Warning: UDP messaging encountered an error. Auto repair routine started for reinitialization
[2025.03.25-16.51.38:783][966]LogUObjectHash: Compacting FUObjectHashTables data took   8.02ms
[2025.03.25-16.51.38:895][966]LogWorld: UWorld::CleanupWorld for World_3, bSessionEnded=true, bCleanupResources=true
[2025.03.25-16.51.38:895][966]LogSlate: InvalidateAllWidgets triggered.  All widgets were invalidated
[2025.03.25-16.51.39:350][966]LogActorComponent: UnregisterComponent: (/Engine/Transient.EditorFloorComp) Not registered. Aborting.
[2025.03.25-16.51.39:350][966]LogWorld: UWorld::CleanupWorld for World_4, bSessionEnded=true, bCleanupResources=true
[2025.03.25-16.51.39:350][966]LogSlate: InvalidateAllWidgets triggered.  All widgets were invalidated
[2025.03.25-16.51.39:744][966]LogSlate: Window 'DungeonDash - Unreal Editor' being destroyed
[2025.03.25-16.51.40:326][967]Cmd: QUIT_EDITOR
[2025.03.25-16.51.40:326][967]LogCore: Engine exit requested (reason: UUnrealEdEngine::CloseEditor())
[2025.03.25-16.51.40:343][967]LogCore: Engine exit requested (reason: EngineExit() was called; note: exit was already requested)
[2025.03.25-16.51.40:936][967]LogAudio: Display: Beginning Audio Device Manager Shutdown (Module: AudioMixerXAudio2)...
[2025.03.25-16.51.40:936][967]LogAudio: Display: Destroying 1 Remaining Audio Device(s)...
[2025.03.25-16.51.40:936][967]LogAudio: Display: Audio Device unregistered from world 'ThirdPersonExampleMap'.
[2025.03.25-16.51.40:936][967]LogAudioMixer: FMixerPlatformXAudio2::StopAudioStream() called
[2025.03.25-16.51.40:943][967]LogAudioMixer: FMixerPlatformXAudio2::StopAudioStream() called
[2025.03.25-16.51.41:073][967]LogAudio: Display: Audio Device Manager Shutdown
[2025.03.25-16.51.41:075][967]LogWindowsTextInputMethodSystem: Display: IME system deactivated.
[2025.03.25-16.51.41:105][967]LogExit: Preparing to exit.
[2025.03.25-16.51.41:481][967]LogUObjectHash: Compacting FUObjectHashTables data took  12.37ms
[2025.03.25-16.51.42:017][967]LogWorld: UWorld::CleanupWorld for World_5, bSessionEnded=true, bCleanupResources=true
[2025.03.25-16.51.42:028][967]LogWorld: UWorld::CleanupWorld for World_0, bSessionEnded=true, bCleanupResources=true
[2025.03.25-16.51.42:036][967]LogWorld: UWorld::CleanupWorld for World_6, bSessionEnded=true, bCleanupResources=true
[2025.03.25-16.51.42:047][967]LogWorld: UWorld::CleanupWorld for World_2, bSessionEnded=true, bCleanupResources=true
[2025.03.25-16.51.42:075][967]LogWorld: UWorld::CleanupWorld for World_1, bSessionEnded=true, bCleanupResources=true
[2025.03.25-16.51.42:084][967]LogWorld: UWorld::CleanupWorld for World_7, bSessionEnded=true, bCleanupResources=true
[2025.03.25-16.51.42:499][967]LogDemo: Cleaned up 0 splitscreen connections with owner deletion
[2025.03.25-16.51.42:602][967]LogWorld: UWorld::CleanupWorld for None, bSessionEnded=true, bCleanupResources=true
[2025.03.25-16.51.42:605][967]LogExit: Editor shut down
[2025.03.25-16.51.42:613][967]LogExit: Transaction tracking system shut down
[2025.03.25-16.51.44:869][967]LogExit: Object subsystem successfully closed.
[2025.03.25-16.51.45:012][967]LogShaderCompilers: Display: === FShaderJobCache stats ===
[2025.03.25-16.51.45:012][967]LogShaderCompilers: Display: Total job queries 2297, among them cache hits 54 (2.35%)
[2025.03.25-16.51.45:012][967]LogShaderCompilers: Display: Tracking 2243 distinct input hashes that result in 1211 distinct outputs (53.99%)
[2025.03.25-16.51.45:013][967]LogShaderCompilers: Display: RAM used: 11.83 MB (0.01 GB) of 819.20 MB (0.80 GB) budget. Usage: 1.44%
[2025.03.25-16.51.45:013][967]LogShaderCompilers: Display: ================================================
[2025.03.25-16.51.45:106][967]LogShaderCompilers: Display: Shaders left to compile 0
[2025.03.25-16.51.46:236][967]LogModuleManager: Shutting down and abandoning module MovieSceneCapture (878)
[2025.03.25-16.51.46:236][967]LogModuleManager: Shutting down and abandoning module Voice (876)
[2025.03.25-16.51.46:238][967]LogModuleManager: Shutting down and abandoning module BlueprintGraph (874)
[2025.03.25-16.51.46:238][967]LogModuleManager: Shutting down and abandoning module HierarchicalLODOutliner (872)
[2025.03.25-16.51.46:238][967]LogModuleManager: Shutting down and abandoning module SceneOutliner (870)
[2025.03.25-16.51.46:238][967]LogModuleManager: Shutting down and abandoning module AddContentDialog (868)
[2025.03.25-16.51.46:249][967]LogModuleManager: Shutting down and abandoning module WidgetCarousel (867)
[2025.03.25-16.51.46:249][967]LogModuleManager: Shutting down and abandoning module EditorWidgets (864)
[2025.03.25-16.51.46:250][967]LogModuleManager: Shutting down and abandoning module StatsViewer (862)
[2025.03.25-16.51.46:251][967]LogModuleManager: Shutting down and abandoning module PIEPreviewDeviceProfileSelector (860)
[2025.03.25-16.51.46:252][967]LogModuleManager: Shutting down and abandoning module SequenceRecorderSections (858)
[2025.03.25-16.51.46:252][967]LogModuleManager: Shutting down and abandoning module AutomationWorker (856)
[2025.03.25-16.51.46:253][967]LogModuleManager: Shutting down and abandoning module SteamVREditor (854)
[2025.03.25-16.51.46:253][967]LogModuleManager: Shutting down and abandoning module OculusMR (852)
[2025.03.25-16.51.46:253][967]LogModuleManager: Shutting down and abandoning module TakeRecorderSources (850)
[2025.03.25-16.51.46:257][967]LogModuleManager: Shutting down and abandoning module TakeRecorder (849)
[2025.03.25-16.51.46:261][967]LogModuleManager: Shutting down and abandoning module TakeTrackRecorders (846)
[2025.03.25-16.51.46:262][967]LogModuleManager: Shutting down and abandoning module TakesCore (844)
[2025.03.25-16.51.46:262][967]LogModuleManager: Shutting down and abandoning module OpenXRInput (842)
[2025.03.25-16.51.46:263][967]LogModuleManager: Shutting down and abandoning module PlanarCut (840)
[2025.03.25-16.51.46:265][967]LogModuleManager: Shutting down and abandoning module GooglePADEditor (838)
[2025.03.25-16.51.46:265][967]LogModuleManager: Shutting down and abandoning module AudioCaptureEditor (836)
[2025.03.25-16.51.46:265][967]LogModuleManager: Shutting down and abandoning module CharacterAI (834)
[2025.03.25-16.51.46:265][967]LogModuleManager: Shutting down and abandoning module MatineeToLevelSequence (832)
[2025.03.25-16.51.46:266][967]LogModuleManager: Shutting down and abandoning module LevelSequenceEditor (830)
[2025.03.25-16.51.46:272][967]LogModuleManager: Shutting down and abandoning module TemplateSequenceEditor (828)
[2025.03.25-16.51.46:276][967]LogModuleManager: Shutting down and abandoning module ActorSequenceEditor (826)
[2025.03.25-16.51.46:277][967]LogModuleManager: Shutting down and abandoning module WmfMediaFactory (824)
[2025.03.25-16.51.46:277][967]LogModuleManager: Shutting down and abandoning module WmfMediaEditor (822)
[2025.03.25-16.51.46:277][967]LogModuleManager: Shutting down and abandoning module WebMMediaFactory (820)
[2025.03.25-16.51.46:277][967]LogModuleManager: Shutting down and abandoning module WebMMediaEditor (818)
[2025.03.25-16.51.46:277][967]LogModuleManager: Shutting down and abandoning module WebMMedia (816)
[2025.03.25-16.51.46:277][967]LogModuleManager: Shutting down and abandoning module MediaPlayerEditor (814)
[2025.03.25-16.51.46:279][967]LogModuleManager: Shutting down and abandoning module MediaCompositingEditor (812)
[2025.03.25-16.51.46:283][967]LogModuleManager: Shutting down and abandoning module SequenceRecorder (811)
[2025.03.25-16.51.46:283][967]LogModuleManager: Shutting down and abandoning module OpenExrWrapper (808)
[2025.03.25-16.51.46:283][967]LogModuleManager: Shutting down and abandoning module ImgMediaFactory (806)
[2025.03.25-16.51.46:284][967]LogModuleManager: Shutting down and abandoning module ImgMediaEditor (804)
[2025.03.25-16.51.46:284][967]LogModuleManager: Shutting down and abandoning module AvfMediaFactory (802)
[2025.03.25-16.51.46:284][967]LogModuleManager: Shutting down and abandoning module AvfMediaEditor (800)
[2025.03.25-16.51.46:284][967]LogModuleManager: Shutting down and abandoning module AndroidMediaFactory (798)
[2025.03.25-16.51.46:284][967]LogModuleManager: Shutting down and abandoning module AndroidMediaEditor (796)
[2025.03.25-16.51.46:284][967]LogModuleManager: Shutting down and abandoning module MagicLeapMediaCodecFactory (794)
[2025.03.25-16.51.46:284][967]LogModuleManager: Shutting down and abandoning module MagicLeapMediaFactory (792)
[2025.03.25-16.51.46:284][967]LogModuleManager: Shutting down and abandoning module MagicLeapMediaEditor (790)
[2025.03.25-16.51.46:284][967]LogModuleManager: Shutting down and abandoning module TextureAlignMode (788)
[2025.03.25-16.51.46:284][967]LogModuleManager: Shutting down and abandoning module BspMode (786)
[2025.03.25-16.51.46:286][967]LogModuleManager: Shutting down and abandoning module GeometryMode (784)
[2025.03.25-16.51.46:286][967]LogModuleManager: Shutting down and abandoning module CameraShakePreviewer (782)
[2025.03.25-16.51.46:288][967]LogModuleManager: Shutting down and abandoning module SmartSnapping (780)
[2025.03.25-16.51.46:288][967]LogModuleManager: Shutting down and abandoning module SessionServices (778)
[2025.03.25-16.51.46:289][967]LogModuleManager: Shutting down and abandoning module MeshPaint (776)
[2025.03.25-16.51.46:291][967]LogModuleManager: Shutting down and abandoning module VirtualTexturingEditor (774)
[2025.03.25-16.51.46:291][967]LogModuleManager: Shutting down and abandoning module FoliageEdit (772)
[2025.03.25-16.51.46:292][967]LogModuleManager: Shutting down and abandoning module LandscapeEditor (770)
[2025.03.25-16.51.46:297][967]LogModuleManager: Shutting down and abandoning module MeshPaintMode (768)
[2025.03.25-16.51.46:297][967]LogModuleManager: Shutting down and abandoning module SceneDepthPickerMode (766)
[2025.03.25-16.51.46:297][967]LogModuleManager: Shutting down and abandoning module ActorPickerMode (764)
[2025.03.25-16.51.46:297][967]LogModuleManager: Shutting down and abandoning module PlacementMode (762)
[2025.03.25-16.51.46:297][967]LogModuleManager: Shutting down and abandoning module ViewportSnapping (760)
[2025.03.25-16.51.46:298][967]LogModuleManager: Shutting down and abandoning module ViewportInteraction (758)
[2025.03.25-16.51.46:298][967]LogModuleManager: Shutting down and abandoning module ClothPainter (756)
[2025.03.25-16.51.46:301][967]LogModuleManager: Shutting down and abandoning module SkeletalMeshEditor (755)
[2025.03.25-16.51.46:301][967]LogModuleManager: Shutting down and abandoning module LogVisualizer (752)
[2025.03.25-16.51.46:304][967]LogModuleManager: Shutting down and abandoning module IntroTutorials (750)
[2025.03.25-16.51.46:304][967]LogModuleManager: Shutting down and abandoning module GameProjectGeneration (749)
[2025.03.25-16.51.46:306][967]LogModuleManager: Shutting down and abandoning module LuminPlatformEditor (746)
[2025.03.25-16.51.46:306][967]LogModuleManager: Shutting down and abandoning module IOSPlatformEditor (744)
[2025.03.25-16.51.46:308][967]LogModuleManager: Shutting down and abandoning module AndroidPlatformEditor (742)
[2025.03.25-16.51.46:308][967]LogModuleManager: Shutting down and abandoning module AndroidDeviceDetection (741)
[2025.03.25-16.51.47:219][967]LogModuleManager: Shutting down and abandoning module WindowsPlatformEditor (738)
[2025.03.25-16.51.47:219][967]LogModuleManager: Shutting down and abandoning module LuminRuntimeSettings (736)
[2025.03.25-16.51.47:219][967]LogModuleManager: Shutting down and abandoning module IOSRuntimeSettings (734)
[2025.03.25-16.51.47:219][967]LogModuleManager: Shutting down and abandoning module AndroidRuntimeSettings (732)
[2025.03.25-16.51.47:219][967]LogModuleManager: Shutting down and abandoning module TraceInsights (730)
[2025.03.25-16.51.47:226][967]MemoryProfiler: Shutdown
[2025.03.25-16.51.47:226][967]NetworkingProfiler: Shutdown
[2025.03.25-16.51.47:227][967]LoadingProfiler: Shutdown
[2025.03.25-16.51.47:228][967]TimingProfiler: Shutdown
[2025.03.25-16.51.47:233][967]LogModuleManager: Shutting down and abandoning module TraceServices (729)
[2025.03.25-16.51.47:235][967]LogModuleManager: Shutting down and abandoning module EditorInteractiveToolsFramework (726)
[2025.03.25-16.51.47:235][967]LogModuleManager: Shutting down and abandoning module TimeManagementEditor (724)
[2025.03.25-16.51.47:236][967]LogModuleManager: Shutting down and abandoning module InputBindingEditor (722)
[2025.03.25-16.51.47:238][967]LogModuleManager: Shutting down and abandoning module MergeActors (720)
[2025.03.25-16.51.47:241][967]LogModuleManager: Shutting down and abandoning module LocalizationDashboard (718)
[2025.03.25-16.51.47:242][967]LogModuleManager: Shutting down and abandoning module LocalizationService (717)
[2025.03.25-16.51.47:243][967]LogModuleManager: Shutting down and abandoning module HardwareTargeting (714)
[2025.03.25-16.51.47:243][967]LogModuleManager: Shutting down and abandoning module DeviceProfileEditor (712)
[2025.03.25-16.51.47:244][967]LogModuleManager: Shutting down and abandoning module UndoHistory (710)
[2025.03.25-16.51.47:245][967]LogModuleManager: Shutting down and abandoning module XmlParser (708)
[2025.03.25-16.51.47:246][967]LogModuleManager: Shutting down and abandoning module Blutility (706)
[2025.03.25-16.51.47:246][967]LogModuleManager: Shutting down and abandoning module ProjectSettingsViewer (704)
[2025.03.25-16.51.47:246][967]LogModuleManager: Shutting down and abandoning module ProjectTargetPlatformEditor (703)
[2025.03.25-16.51.47:248][967]LogModuleManager: Shutting down and abandoning module EditorSettingsViewer (700)
[2025.03.25-16.51.47:248][967]LogModuleManager: Shutting down and abandoning module InternationalizationSettings (699)
[2025.03.25-16.51.47:249][967]LogModuleManager: Shutting down and abandoning module SettingsEditor (696)
[2025.03.25-16.51.47:250][967]LogModuleManager: Shutting down and abandoning module ProjectLauncher (694)
[2025.03.25-16.51.47:251][967]LogModuleManager: Shutting down and abandoning module SessionFrontend (692)
[2025.03.25-16.51.47:252][967]LogModuleManager: Shutting down and abandoning module ProfilerClient (690)
[2025.03.25-16.51.47:252][967]LogModuleManager: Shutting down and abandoning module DeviceManager (688)
[2025.03.25-16.51.47:253][967]LogModuleManager: Shutting down and abandoning module TargetDeviceServices (687)
[2025.03.25-16.51.47:287][967]LogModuleManager: Shutting down and abandoning module AutomationController (684)
[2025.03.25-16.51.47:288][967]LogModuleManager: Shutting down and abandoning module AutomationWindow (682)
[2025.03.25-16.51.47:289][967]LogModuleManager: Shutting down and abandoning module Layers (680)
[2025.03.25-16.51.47:293][967]LogModuleManager: Shutting down and abandoning module ComponentVisualizers (678)
[2025.03.25-16.51.47:293][967]LogModuleManager: Shutting down and abandoning module DetailCustomizations (676)
[2025.03.25-16.51.47:293][967]LogModuleManager: Shutting down and abandoning module PackagesDialog (674)
[2025.03.25-16.51.47:294][967]LogModuleManager: Shutting down and abandoning module AnimationBlueprintEditor (672)
[2025.03.25-16.51.47:297][967]LogModuleManager: Shutting down and abandoning module Persona (670)
[2025.03.25-16.51.47:300][967]LogModuleManager: Shutting down and abandoning module AdvancedPreviewScene (669)
[2025.03.25-16.51.47:300][967]LogModuleManager: Shutting down and abandoning module Kismet (666)
[2025.03.25-16.51.47:344][967]LogModuleManager: Shutting down and abandoning module KismetWidgets (665)
[2025.03.25-16.51.47:344][967]LogModuleManager: Shutting down and abandoning module GraphEditor (662)
[2025.03.25-16.51.47:346][967]LogModuleManager: Shutting down and abandoning module StructViewer (660)
[2025.03.25-16.51.47:346][967]LogModuleManager: Shutting down and abandoning module ClassViewer (658)
[2025.03.25-16.51.47:352][967]LogModuleManager: Shutting down and abandoning module Toolbox (656)
[2025.03.25-16.51.47:353][967]LogModuleManager: Shutting down and abandoning module ModuleUI (654)
[2025.03.25-16.51.47:353][967]LogModuleManager: Shutting down and abandoning module OutputLog (652)
[2025.03.25-16.51.47:357][967]LogModuleManager: Shutting down and abandoning module GammaUI (650)
[2025.03.25-16.51.47:357][967]LogModuleManager: Shutting down and abandoning module Documentation (648)
[2025.03.25-16.51.47:358][967]LogModuleManager: Shutting down and abandoning module LiveCoding (646)
[2025.03.25-16.51.47:361][967]LogModuleManager: Shutting down and abandoning module LevelSequence (644)
[2025.03.25-16.51.47:361][967]LogModuleManager: Shutting down and abandoning module MovieSceneTracks (642)
[2025.03.25-16.51.47:363][967]LogModuleManager: Shutting down and abandoning module MovieScene (640)
[2025.03.25-16.51.47:364][967]LogModuleManager: Shutting down and abandoning module StreamingPauseRendering (638)
[2025.03.25-16.51.47:366][967]LogModuleManager: Shutting down and abandoning module LauncherPlatform (636)
[2025.03.25-16.51.47:366][967]LogModuleManager: Shutting down and abandoning module AnalyticsET (634)
[2025.03.25-16.51.47:366][967]LogModuleManager: Shutting down and abandoning module PortalServices (632)
[2025.03.25-16.51.47:366][967]LogModuleManager: Shutting down and abandoning module PortalRpc (630)
[2025.03.25-16.51.47:366][967]LogModuleManager: Shutting down and abandoning module MessagingRpc (628)
[2025.03.25-16.51.47:366][967]LogModuleManager: Shutting down and abandoning module AudioMixerXAudio2 (626)
[2025.03.25-16.51.47:366][967]LogModuleManager: Shutting down and abandoning module AudioMixerCore (625)
[2025.03.25-16.51.47:366][967]LogModuleManager: Shutting down and abandoning module AIModule (622)
[2025.03.25-16.51.47:366][967]LogModuleManager: Shutting down and abandoning module GameplayDebugger (621)
[2025.03.25-16.51.47:366][967]LogModuleManager: Shutting down and abandoning module AITestSuite (619)
[2025.03.25-16.51.47:368][967]LogModuleManager: Shutting down and abandoning module NavigationSystem (617)
[2025.03.25-16.51.47:368][967]LogModuleManager: Shutting down and abandoning module ImageWriteQueue (614)
[2025.03.25-16.51.47:409][967]LogModuleManager: Shutting down and abandoning module ProfilerService (612)
[2025.03.25-16.51.47:607][967]LogModuleManager: Shutting down and abandoning module TaskGraph (610)
[2025.03.25-16.51.47:622][967]LogModuleManager: Shutting down and abandoning module AudioSynesthesiaEditor (608)
[2025.03.25-16.51.47:622][967]LogModuleManager: Shutting down and abandoning module OculusEditor (606)
[2025.03.25-16.51.47:635][967]LogModuleManager: Shutting down and abandoning module OculusInput (604)
[2025.03.25-16.51.47:635][967]LogModuleManager: Shutting down and abandoning module ContentBrowserFileDataSource (602)
[2025.03.25-16.51.47:635][967]LogModuleManager: Shutting down and abandoning module ContentBrowserAssetDataSource (600)
[2025.03.25-16.51.47:636][967]LogModuleManager: Shutting down and abandoning module ContentBrowserClassDataSource (598)
[2025.03.25-16.51.47:636][967]LogModuleManager: Shutting down and abandoning module CollectionManager (597)
[2025.03.25-16.51.47:637][967]LogModuleManager: Shutting down and abandoning module ScreenshotTools (594)
[2025.03.25-16.51.47:637][967]LogModuleManager: Shutting down and abandoning module TakeSequencer (592)
[2025.03.25-16.51.47:638][967]LogModuleManager: Shutting down and abandoning module TakeMovieScene (590)
[2025.03.25-16.51.47:638][967]LogModuleManager: Shutting down and abandoning module SynthesisEditor (588)
[2025.03.25-16.51.47:638][967]LogModuleManager: Shutting down and abandoning module Synthesis (586)
[2025.03.25-16.51.47:640][967]LogModuleManager: Shutting down and abandoning module ProceduralMeshComponentEditor (584)
[2025.03.25-16.51.47:640][967]LogModuleManager: Shutting down and abandoning module ProceduralMeshComponent (582)
[2025.03.25-16.51.47:640][967]LogModuleManager: Shutting down and abandoning module OpenXREditor (580)
[2025.03.25-16.51.47:643][967]LogModuleManager: Shutting down and abandoning module MobilePatchingUtils (578)
[2025.03.25-16.51.47:643][967]LogModuleManager: Shutting down and abandoning module OpenImageDenoise (576)
[2025.03.25-16.51.47:644][967]LogOpenImageDenoise: OIDN shutting down
[2025.03.25-16.51.47:644][967]LogModuleManager: Shutting down and abandoning module MotoSynthEditor (574)
[2025.03.25-16.51.47:644][967]LogModuleManager: Shutting down and abandoning module MotoSynth (572)
[2025.03.25-16.51.47:644][967]LogModuleManager: Shutting down and abandoning module MeshConversion (570)
[2025.03.25-16.51.47:645][967]LogModuleManager: Shutting down and abandoning module DynamicMesh (568)
[2025.03.25-16.51.47:647][967]LogModuleManager: Shutting down and abandoning module GeometryAlgorithms (566)
[2025.03.25-16.51.47:649][967]LogModuleManager: Shutting down and abandoning module GeometricObjects (564)
[2025.03.25-16.51.47:650][967]LogModuleManager: Shutting down and abandoning module GooglePAD (562)
[2025.03.25-16.51.47:650][967]LogModuleManager: Shutting down and abandoning module CustomMeshComponent (560)
[2025.03.25-16.51.47:651][967]LogModuleManager: Shutting down and abandoning module EditableMesh (558)
[2025.03.25-16.51.47:651][967]LogModuleManager: Shutting down and abandoning module AudioCapture (556)
[2025.03.25-16.51.47:652][967]LogModuleManager: Shutting down and abandoning module AudioCaptureRtAudio (555)
[2025.03.25-16.51.47:652][967]LogModuleManager: Shutting down and abandoning module CableComponent (552)
[2025.03.25-16.51.47:652][967]LogModuleManager: Shutting down and abandoning module AppleImageUtilsBlueprintSupport (550)
[2025.03.25-16.51.47:652][967]LogModuleManager: Shutting down and abandoning module AppleImageUtils (548)
[2025.03.25-16.51.47:652][967]LogModuleManager: Shutting down and abandoning module AssetTags (546)
[2025.03.25-16.51.47:652][967]LogModuleManager: Shutting down and abandoning module ArchVisCharacter (544)
[2025.03.25-16.51.47:652][967]LogModuleManager: Shutting down and abandoning module AndroidPermission (542)
[2025.03.25-16.51.47:652][967]LogModuleManager: Shutting down and abandoning module ActorLayerUtilitiesEditor (540)
[2025.03.25-16.51.47:653][967]LogModuleManager: Shutting down and abandoning module ActorLayerUtilities (538)
[2025.03.25-16.51.47:653][967]LogModuleManager: Shutting down and abandoning module GeometryCollectionTracks (536)
[2025.03.25-16.51.47:653][967]LogModuleManager: Shutting down and abandoning module GeometryCollectionSequencer (535)
[2025.03.25-16.51.47:653][967]LogModuleManager: Shutting down and abandoning module GeometryCollectionEditor (532)
[2025.03.25-16.51.47:653][967]LogModuleManager: Shutting down and abandoning module GeometryCacheTracks (530)
[2025.03.25-16.51.47:653][967]LogModuleManager: Shutting down and abandoning module GeometryCacheStreamer (528)
[2025.03.25-16.51.47:653][967]LogModuleManager: Shutting down and abandoning module GeometryCacheSequencer (526)
[2025.03.25-16.51.47:653][967]LogModuleManager: Shutting down and abandoning module ChaosNiagara (524)
[2025.03.25-16.51.47:654][967]LogModuleManager: Shutting down and abandoning module ChaosSolverEditor (522)
[2025.03.25-16.51.47:654][967]LogModuleManager: Shutting down and abandoning module FractureEditor (520)
[2025.03.25-16.51.47:654][967]LogModuleManager: Shutting down and abandoning module FieldSystemEngine (519)
[2025.03.25-16.51.47:655][967]LogModuleManager: Shutting down and abandoning module ChaosClothEditor (516)
[2025.03.25-16.51.47:658][967]LogModuleManager: Shutting down and abandoning module BackChannel (514)
[2025.03.25-16.51.47:658][967]LogModuleManager: Shutting down and abandoning module AutomationUtilsEditor (512)
[2025.03.25-16.51.47:658][967]LogModuleManager: Shutting down and abandoning module AutomationUtils (510)
[2025.03.25-16.51.47:658][967]LogModuleManager: Shutting down and abandoning module AlembicImporter (508)
[2025.03.25-16.51.47:658][967]LogModuleManager: Shutting down and abandoning module AlembicLibrary (507)
[2025.03.25-16.51.47:658][967]LogModuleManager: Shutting down and abandoning module GeometryCache (506)
[2025.03.25-16.51.47:658][967]LogModuleManager: Shutting down and abandoning module GeometryCacheEd (505)
[2025.03.25-16.51.47:658][967]LogModuleManager: Shutting down and abandoning module TemplateSequence (500)
[2025.03.25-16.51.47:658][967]LogModuleManager: Shutting down and abandoning module MediaCompositing (498)
[2025.03.25-16.51.47:658][967]LogModuleManager: Shutting down and abandoning module ImgMedia (496)
[2025.03.25-16.51.47:658][967]LogModuleManager: Shutting down and abandoning module MagicLeapSharedWorld (494)
[2025.03.25-16.51.47:658][967]LogModuleManager: Shutting down and abandoning module MagicLeapLightEstimation (492)
[2025.03.25-16.51.47:658][967]LogModuleManager: Shutting down and abandoning module MagicLeapHelperVulkan (490)
[2025.03.25-16.51.47:659][967]LogModuleManager: Shutting down and abandoning module MagicLeapHelperOpenGL (488)
[2025.03.25-16.51.47:659][967]LogModuleManager: Shutting down and abandoning module MagicLeapAudio (486)
[2025.03.25-16.51.47:659][967]LogModuleManager: Shutting down and abandoning module NiagaraEditorWidgets (484)
[2025.03.25-16.51.47:669][967]LogModuleManager: Shutting down and abandoning module VariantManagerContentEditor (482)
[2025.03.25-16.51.47:669][967]LogModuleManager: Shutting down and abandoning module VisualStudioCodeSourceCodeAccess (480)
[2025.03.25-16.51.47:669][967]LogModuleManager: Shutting down and abandoning module VisualStudioSourceCodeAccess (478)
[2025.03.25-16.51.47:670][967]LogModuleManager: Shutting down and abandoning module DatasmithContentEditor (476)
[2025.03.25-16.51.47:674][967]LogModuleManager: Shutting down and abandoning module PluginBrowser (474)
[2025.03.25-16.51.47:677][967]LogModuleManager: Shutting down and abandoning module UObjectPlugin (472)
[2025.03.25-16.51.47:677][967]LogModuleManager: Shutting down and abandoning module PluginUtils (470)
[2025.03.25-16.51.47:678][967]LogModuleManager: Shutting down and abandoning module SubversionSourceControl (468)
[2025.03.25-16.51.47:679][967]LogModuleManager: Shutting down and abandoning module RiderSourceCodeAccess (466)
[2025.03.25-16.51.47:681][967]LogModuleManager: Shutting down and abandoning module SpeedTreeImporter (464)
[2025.03.25-16.51.47:682][967]LogModuleManager: Shutting down and abandoning module PerforceSourceControl (462)
[2025.03.25-16.51.47:689][967]LogModuleManager: Shutting down and abandoning module PlasticSourceControl (460)
[2025.03.25-16.51.47:701][967]LogModuleManager: Shutting down and abandoning module MobileLauncherProfileWizard (458)
[2025.03.25-16.51.47:706][967]LogModuleManager: Shutting down and abandoning module MaterialAnalyzer (456)
[2025.03.25-16.51.47:707][967]LogModuleManager: Shutting down and abandoning module GitSourceControl (454)
[2025.03.25-16.51.47:713][967]LogModuleManager: Shutting down and abandoning module SourceControl (453)
[2025.03.25-16.51.47:713][967]LogModuleManager: Shutting down and abandoning module CryptoKeysOpenSSL (450)
[2025.03.25-16.51.47:713][967]LogModuleManager: Shutting down and abandoning module CryptoKeys (448)
[2025.03.25-16.51.47:713][967]LogModuleManager: Shutting down and abandoning module CurveEditorTools (446)
[2025.03.25-16.51.47:716][967]LogModuleManager: Shutting down and abandoning module CLionSourceCodeAccess (444)
[2025.03.25-16.51.47:716][967]LogModuleManager: Shutting down and abandoning module AnimationSharingEd (442)
[2025.03.25-16.51.47:717][967]LogModuleManager: Shutting down and abandoning module OodleNetworkHandlerComponent (440)
[2025.03.25-16.51.47:717][967]LogModuleManager: Shutting down and abandoning module LiveLinkSequencer (438)
[2025.03.25-16.51.47:717][967]LogModuleManager: Shutting down and abandoning module LiveLinkMovieScene (436)
[2025.03.25-16.51.47:717][967]LogModuleManager: Shutting down and abandoning module LiveLinkGraphNode (434)
[2025.03.25-16.51.47:717][967]LogModuleManager: Shutting down and abandoning module LiveLinkEditor (432)
[2025.03.25-16.51.47:719][967]LogModuleManager: Shutting down and abandoning module LiveLinkComponents (430)
[2025.03.25-16.51.47:719][967]LogModuleManager: Shutting down and abandoning module LiveLink (428)
[2025.03.25-16.51.48:707][967]LogModuleManager: Shutting down and abandoning module LightPropagationVolumeEditor (426)
[2025.03.25-16.51.48:708][967]LogModuleManager: Shutting down and abandoning module PaperTiledImporter (424)
[2025.03.25-16.51.48:709][967]LogModuleManager: Shutting down and abandoning module PaperSpriteSheetImporter (422)
[2025.03.25-16.51.48:709][967]LogModuleManager: Shutting down and abandoning module Paper2DEditor (420)
[2025.03.25-16.51.48:711][967]LogModuleManager: Shutting down and abandoning module MeshPaintingToolset (418)
[2025.03.25-16.51.48:712][967]LogModuleManager: Shutting down and abandoning module MeshPaintEditorMode (416)
[2025.03.25-16.51.48:714][967]LogModuleManager: Shutting down and abandoning module DungeonDash (414)
[2025.03.25-16.51.48:714][967]LogModuleManager: Shutting down and abandoning module AnimGraph (413)
[2025.03.25-16.51.48:715][967]LogModuleManager: Shutting down and abandoning module RuntimePhysXCooking (410)
[2025.03.25-16.51.48:715][967]LogModuleManager: Shutting down and abandoning module SoundFields (408)
[2025.03.25-16.51.48:715][967]LogModuleManager: Shutting down and abandoning module SignificanceManager (406)
[2025.03.25-16.51.48:715][967]LogModuleManager: Shutting down and abandoning module PropertyAccessEditor (404)
[2025.03.25-16.51.48:715][967]LogModuleManager: Shutting down and abandoning module PhysXVehiclesEditor (402)
[2025.03.25-16.51.48:715][967]LogModuleManager: Shutting down and abandoning module LocationServicesBPLibrary (398)
[2025.03.25-16.51.48:715][967]LogModuleManager: Shutting down and abandoning module PythonScriptPlugin (396)
[2025.03.25-16.51.48:715][967]LogModuleManager: Shutting down and abandoning module AudioSynesthesia (394)
[2025.03.25-16.51.48:715][967]LogModuleManager: Shutting down and abandoning module AudioSynesthesiaCore (392)
[2025.03.25-16.51.48:716][967]LogModuleManager: Shutting down and abandoning module UdpMessaging (390)
[2025.03.25-16.51.48:933][967]LogModuleManager: Shutting down and abandoning module TcpMessaging (388)
[2025.03.25-16.51.49:037][967]LogModuleManager: Shutting down and abandoning module ActorSequence (386)
[2025.03.25-16.51.49:037][967]LogModuleManager: Shutting down and abandoning module ImgMediaEngine (384)
[2025.03.25-16.51.49:037][967]LogModuleManager: Shutting down and abandoning module MagicLeapARPin (382)
[2025.03.25-16.51.49:037][967]LogModuleManager: Shutting down and abandoning module MagicLeapHandMeshing (380)
[2025.03.25-16.51.49:037][967]LogModuleManager: Shutting down and abandoning module MagicLeapSecureStorage (378)
[2025.03.25-16.51.49:037][967]LogModuleManager: Shutting down and abandoning module MagicLeapPrivileges (376)
[2025.03.25-16.51.49:038][967]LogModuleManager: Shutting down and abandoning module MagicLeapPlanes (374)
[2025.03.25-16.51.49:038][967]LogMagicLeapPlanes: Planes tracker already destroyed.
[2025.03.25-16.51.49:038][967]LogModuleManager: Shutting down and abandoning module MagicLeapImageTracker (372)
[2025.03.25-16.51.49:039][967]LogModuleManager: Shutting down and abandoning module MagicLeapIdentity (370)
[2025.03.25-16.51.49:039][967]LogModuleManager: Shutting down and abandoning module MagicLeapHandTracking (368)
[2025.03.25-16.51.49:040][967]LogModuleManager: Shutting down and abandoning module MagicLeapEyeTracker (366)
[2025.03.25-16.51.49:042][967]LogModuleManager: Shutting down and abandoning module MagicLeapController (364)
[2025.03.25-16.51.49:042][967]LogModuleManager: Shutting down and abandoning module MagicLeapARPinImpl (362)
[2025.03.25-16.51.49:043][967]LogModuleManager: Shutting down and abandoning module MagicLeapAR (360)
[2025.03.25-16.51.49:052][967]LogModuleManager: Shutting down and abandoning module NiagaraAnimNotifies (358)
[2025.03.25-16.51.49:052][967]LogModuleManager: Shutting down and abandoning module Niagara (356)
[2025.03.25-16.51.49:084][967]LogModuleManager: Shutting down and abandoning module SignalProcessing (355)
[2025.03.25-16.51.49:085][967]LogModuleManager: Shutting down and abandoning module NiagaraEditor (353)
[2025.03.25-16.51.49:385][967]LogModuleManager: Shutting down and abandoning module NiagaraCore (350)
[2025.03.25-16.51.49:385][967]LogModuleManager: Shutting down and abandoning module PropertyAccessNode (348)
[2025.03.25-16.51.49:385][967]LogModuleManager: Shutting down and abandoning module GameplayTagsEditor (346)
[2025.03.25-16.51.49:386][967]LogModuleManager: Shutting down and abandoning module FacialAnimationEditor (344)
[2025.03.25-16.51.49:386][967]LogModuleManager: Shutting down and abandoning module FacialAnimation (342)
[2025.03.25-16.51.49:386][967]LogModuleManager: Shutting down and abandoning module DataValidation (340)
[2025.03.25-16.51.49:386][967]LogModuleManager: Shutting down and abandoning module AnimationSharing (338)
[2025.03.25-16.51.49:386][967]LogModuleManager: Shutting down and abandoning module AssetManagerEditor (336)
[2025.03.25-16.51.49:390][967]LogModuleManager: Shutting down and abandoning module LevelEditor (335)
[2025.03.25-16.51.49:404][967]LogModuleManager: Shutting down and abandoning module PixelInspectorModule (334)
[2025.03.25-16.51.49:407][967]LogModuleManager: Shutting down and abandoning module CommonMenuExtensions (332)
[2025.03.25-16.51.49:410][967]LogModuleManager: Shutting down and abandoning module MainFrame (330)
[2025.03.25-16.51.49:410][967]LogModuleManager: Shutting down and abandoning module HotReload (329)
[2025.03.25-16.51.49:413][967]LogModuleManager: Shutting down and abandoning module ToolMenus (325)
[2025.03.25-16.51.49:413][967]LogModuleManager: Shutting down and abandoning module ContentBrowser (323)
[2025.03.25-16.51.49:413][967]LogModuleManager: Shutting down and abandoning module ContentBrowserData (322)
[2025.03.25-16.51.49:413][967]LogModuleManager: Shutting down and abandoning module TreeMap (319)
[2025.03.25-16.51.49:414][967]LogModuleManager: Shutting down and abandoning module GameplayCameras (316)
[2025.03.25-16.51.49:414][967]LogModuleManager: Shutting down and abandoning module EnvironmentQueryEditor (314)
[2025.03.25-16.51.49:416][967]LogModuleManager: Shutting down and abandoning module LightPropagationVolumeRuntime (312)
[2025.03.25-16.51.49:416][967]LogModuleManager: Shutting down and abandoning module Paper2D (310)
[2025.03.25-16.51.49:416][967]LogModuleManager: Shutting down and abandoning module WindowsMoviePlayer (308)
[2025.03.25-16.51.51:056][967]LogModuleManager: Shutting down and abandoning module WebMMoviePlayer (306)
[2025.03.25-16.51.51:056][967]LogModuleManager: Shutting down and abandoning module NetworkReplayStreaming (304)
[2025.03.25-16.51.51:056][967]LogModuleManager: Shutting down and abandoning module PacketHandler (302)
[2025.03.25-16.51.51:056][967]LogModuleManager: Shutting down and abandoning module ClothingSystemEditor (300)
[2025.03.25-16.51.51:056][967]LogModuleManager: Shutting down and abandoning module ClothingSystemRuntimeNv (298)
[2025.03.25-16.51.51:060][967]LogModuleManager: Shutting down and abandoning module MediaAssets (296)
[2025.03.25-16.51.51:060][967]LogModuleManager: Shutting down and abandoning module Overlay (294)
[2025.03.25-16.51.51:060][967]LogModuleManager: Shutting down and abandoning module OverlayEditor (293)
[2025.03.25-16.51.51:060][967]LogModuleManager: Shutting down and abandoning module VREditor (290)
[2025.03.25-16.51.51:061][967]LogModuleManager: Shutting down and abandoning module StringTableEditor (288)
[2025.03.25-16.51.51:062][967]LogModuleManager: Shutting down and abandoning module GameplayTasksEditor (286)
[2025.03.25-16.51.51:062][967]LogModuleManager: Shutting down and abandoning module BehaviorTreeEditor (284)
[2025.03.25-16.51.51:064][967]LogModuleManager: Shutting down and abandoning module FunctionalTesting (282)
[2025.03.25-16.51.51:065][967]LogModuleManager: Shutting down and abandoning module CollisionAnalyzer (280)
[2025.03.25-16.51.51:081][967]LogModuleManager: Shutting down and abandoning module WorkspaceMenuStructure (279)
[2025.03.25-16.51.51:089][967]LogModuleManager: Shutting down and abandoning module UMG (276)
[2025.03.25-16.51.51:090][967]LogModuleManager: Shutting down and abandoning module UMGEditor (275)
[2025.03.25-16.51.51:093][967]LogModuleManager: Shutting down and abandoning module MessageLog (273)
[2025.03.25-16.51.51:093][967]LogModuleManager: Shutting down and abandoning module SlateReflector (268)
[2025.03.25-16.51.51:108][967]LogModuleManager: Shutting down and abandoning module Slate (266)
[2025.03.25-16.51.51:108][967]LogModuleManager: Shutting down and abandoning module SlateCore (264)
[2025.03.25-16.51.51:112][967]LogModuleManager: Shutting down and abandoning module LandscapeEditorUtilities (262)
[2025.03.25-16.51.51:112][967]LogModuleManager: Shutting down and abandoning module UnrealEd (260)
[2025.03.25-16.51.51:112][967]LogModuleManager: Shutting down and abandoning module MRMesh (258)
[2025.03.25-16.51.51:112][967]LogModuleManager: Shutting down and abandoning module SourceCodeAccess (256)
[2025.03.25-16.51.51:112][967]LogModuleManager: Shutting down and abandoning module HeadMountedDisplay (254)
[2025.03.25-16.51.51:113][967]LogModuleManager: Shutting down and abandoning module XAudio2 (252)
[2025.03.25-16.51.51:113][967]LogModuleManager: Shutting down and abandoning module Networking (250)
[2025.03.25-16.51.51:113][967]LogModuleManager: Shutting down and abandoning module Core (248)
[2025.03.25-16.51.51:113][967]LogModuleManager: Shutting down and abandoning module MaterialEditor (246)
[2025.03.25-16.51.51:121][967]LogModuleManager: Shutting down and abandoning module MovieSceneTools (244)
[2025.03.25-16.51.51:141][967]LogModuleManager: Shutting down and abandoning module CurveEditor (243)
[2025.03.25-16.51.51:155][967]LogModuleManager: Shutting down and abandoning module Sequencer (241)
[2025.03.25-16.51.51:159][967]LogModuleManager: Shutting down and abandoning module EditorStyle (240)
[2025.03.25-16.51.51:186][967]LogModuleManager: Shutting down and abandoning module KismetCompiler (236)
[2025.03.25-16.51.51:187][967]LogModuleManager: Shutting down and abandoning module MeshBuilder (234)
[2025.03.25-16.51.51:188][967]LogModuleManager: Shutting down and abandoning module MeshUtilities (232)
[2025.03.25-16.51.51:189][967]LogModuleManager: Shutting down and abandoning module MeshMergeUtilities (231)
[2025.03.25-16.51.51:192][967]LogModuleManager: Shutting down and abandoning module MeshReductionInterface (230)
[2025.03.25-16.51.51:192][967]LogModuleManager: Shutting down and abandoning module MeshBoneReduction (229)
[2025.03.25-16.51.51:192][967]LogModuleManager: Shutting down and abandoning module SkeletalMeshReduction (227)
[2025.03.25-16.51.51:193][967]LogModuleManager: Shutting down and abandoning module ProxyLODMeshReduction (225)
[2025.03.25-16.51.51:209][967]LogModuleManager: Shutting down and abandoning module QuadricMeshReduction (223)
[2025.03.25-16.51.51:212][967]LogModuleManager: Shutting down and abandoning module MaterialBaking (219)
[2025.03.25-16.51.51:213][967]LogModuleManager: Shutting down and abandoning module NullInstallBundleManager (214)
[2025.03.25-16.51.51:213][967]LogModuleManager: Shutting down and abandoning module DerivedDataCache (212)
[2025.03.25-16.51.51:214][967]LogModuleManager: Shutting down and abandoning module TargetPlatform (210)
[2025.03.25-16.51.51:216][967]LogModuleManager: Shutting down and abandoning module VulkanShaderFormat (209)
[2025.03.25-16.51.51:221][967]LogModuleManager: Shutting down and abandoning module ShaderFormatVectorVM (207)
[2025.03.25-16.51.51:222][967]LogModuleManager: Shutting down and abandoning module ShaderFormatOpenGL (205)
[2025.03.25-16.51.51:223][967]LogModuleManager: Shutting down and abandoning module ShaderFormatD3D (203)
[2025.03.25-16.51.51:224][967]LogModuleManager: Shutting down and abandoning module MetalShaderFormat (201)
[2025.03.25-16.51.51:231][967]LogModuleManager: Shutting down and abandoning module TextureFormatOodle (199)
[2025.03.25-16.51.51:232][967]LogModuleManager: Shutting down and abandoning module TextureFormatUncompressed (197)
[2025.03.25-16.51.51:232][967]LogModuleManager: Shutting down and abandoning module TextureFormatPVR (195)
[2025.03.25-16.51.51:233][967]LogModuleManager: Shutting down and abandoning module TextureFormatETC2 (193)
[2025.03.25-16.51.51:234][967]LogModuleManager: Shutting down and abandoning module TextureFormatDXT (191)
[2025.03.25-16.51.51:234][967]LogModuleManager: Shutting down and abandoning module TextureFormatIntelISPCTexComp (189)
[2025.03.25-16.51.51:239][967]LogModuleManager: Shutting down and abandoning module TextureFormatASTC (187)
[2025.03.25-16.51.51:240][967]LogModuleManager: Shutting down and abandoning module ImageWrapper (186)
[2025.03.25-16.51.51:240][967]LogModuleManager: Shutting down and abandoning module AudioFormatOpus (183)
[2025.03.25-16.51.51:241][967]LogModuleManager: Shutting down and abandoning module AudioFormatOgg (181)
[2025.03.25-16.51.51:241][967]LogModuleManager: Shutting down and abandoning module AudioFormatADPCM (179)
[2025.03.25-16.51.51:242][967]LogModuleManager: Shutting down and abandoning module WindowsServerTargetPlatform (177)
[2025.03.25-16.51.51:243][967]LogModuleManager: Shutting down and abandoning module WindowsClientTargetPlatform (175)
[2025.03.25-16.51.51:243][967]LogModuleManager: Shutting down and abandoning module WindowsTargetPlatform (173)
[2025.03.25-16.51.51:243][967]LogModuleManager: Shutting down and abandoning module WindowsNoEditorTargetPlatform (171)
[2025.03.25-16.51.51:243][967]LogModuleManager: Shutting down and abandoning module TVOSTargetPlatform (169)
[2025.03.25-16.51.51:382][967]LogModuleManager: Shutting down and abandoning module MacServerTargetPlatform (167)
[2025.03.25-16.51.51:383][967]LogModuleManager: Shutting down and abandoning module MacClientTargetPlatform (165)
[2025.03.25-16.51.51:383][967]LogModuleManager: Shutting down and abandoning module MacTargetPlatform (163)
[2025.03.25-16.51.51:383][967]LogModuleManager: Shutting down and abandoning module MacNoEditorTargetPlatform (161)
[2025.03.25-16.51.51:384][967]LogModuleManager: Shutting down and abandoning module LuminTargetPlatform (159)
[2025.03.25-16.51.51:427][967]LogModuleManager: Shutting down and abandoning module LinuxAArch64ServerTargetPlatform (157)
[2025.03.25-16.51.51:428][967]LogModuleManager: Shutting down and abandoning module LinuxAArch64ClientTargetPlatform (155)
[2025.03.25-16.51.51:429][967]LogModuleManager: Shutting down and abandoning module LinuxAArch64NoEditorTargetPlatform (153)
[2025.03.25-16.51.51:429][967]LogModuleManager: Shutting down and abandoning module LinuxServerTargetPlatform (151)
[2025.03.25-16.51.51:429][967]LogModuleManager: Shutting down and abandoning module LinuxClientTargetPlatform (149)
[2025.03.25-16.51.51:429][967]LogModuleManager: Shutting down and abandoning module LinuxNoEditorTargetPlatform (147)
[2025.03.25-16.51.51:429][967]LogModuleManager: Shutting down and abandoning module LinuxTargetPlatform (145)
[2025.03.25-16.51.51:430][967]LogModuleManager: Shutting down and abandoning module Messaging (143)
[2025.03.25-16.51.51:430][967]LogModuleManager: Shutting down and abandoning module IOSTargetPlatform (141)
[2025.03.25-16.51.51:462][967]LogModuleManager: Shutting down and abandoning module AndroidTargetPlatform (139)
[2025.03.25-16.51.51:573][967]LogModuleManager: Shutting down and abandoning module AllDesktopTargetPlatform (137)
[2025.03.25-16.51.51:574][967]LogModuleManager: Shutting down and abandoning module D3D11RHI (134)
[2025.03.25-16.51.51:574][967]LogModuleManager: Shutting down and abandoning module InputCore (132)
[2025.03.25-16.51.51:581][967]LogModuleManager: Shutting down and abandoning module Settings (130)
[2025.03.25-16.51.51:582][967]LogModuleManager: Shutting down and abandoning module DirectoryWatcher (128)
[2025.03.25-16.51.51:609][967]LogModuleManager: Shutting down and abandoning module PhysXCooking (126)
[2025.03.25-16.51.51:611][967]LogModuleManager: Shutting down and abandoning module Chaos (124)
[2025.03.25-16.51.51:611][967]LogModuleManager: Shutting down and abandoning module WindowsPlatformFeatures (122)
[2025.03.25-16.51.51:612][967]LogModuleManager: Shutting down and abandoning module GameplayMediaEncoder (121)
[2025.03.25-16.51.51:613][967]LogModuleManager: Shutting down and abandoning module AVEncoder (120)
[2025.03.25-16.51.51:619][967]LogModuleManager: Shutting down and abandoning module SteamVRInputDevice (116)
[2025.03.25-16.51.51:622][967]LogModuleManager: Shutting down and abandoning module SteamVRInput (114)
[2025.03.25-16.51.51:622][967]LogModuleManager: Shutting down and abandoning module SteamVR (112)
[2025.03.25-16.51.51:624][967]LogHMD: Freeing OpenVRDLLHandle.
[2025.03.25-16.51.51:624][967]LogModuleManager: Shutting down and abandoning module OculusHMD (110)
[2025.03.25-16.51.51:625][967]LogModuleManager: Shutting down and abandoning module OpenXRHandTracking (108)
[2025.03.25-16.51.51:626][967]LogSlate: Slate User Destroyed.  User Index 0, Is Virtual User: 0
[2025.03.25-16.51.51:631][967]LogModuleManager: Shutting down and abandoning module OpenXREyeTracker (106)
[2025.03.25-16.51.51:713][967]LogModuleManager: Shutting down and abandoning module OpenXRAR (104)
[2025.03.25-16.51.51:713][967]LogModuleManager: Shutting down and abandoning module AugmentedReality (103)
[2025.03.25-16.51.51:713][967]LogModuleManager: Shutting down and abandoning module OpenXRHMD (100)
[2025.03.25-16.51.51:797][967]LogModuleManager: Shutting down and abandoning module ExampleDeviceProfileSelector (98)
[2025.03.25-16.51.51:797][967]LogModuleManager: Shutting down and abandoning module ChunkDownloader (96)
[2025.03.25-16.51.51:808][967]LogModuleManager: Shutting down and abandoning module ChaosCloth (94)
[2025.03.25-16.51.51:833][967]LogModuleManager: Shutting down and abandoning module LauncherChunkInstaller (92)
[2025.03.25-16.51.51:834][967]LogModuleManager: Shutting down and abandoning module OnlineBlueprintSupport (90)
[2025.03.25-16.51.51:834][967]LogModuleManager: Shutting down and abandoning module OnlineSubsystem (86)
[2025.03.25-16.51.51:873][967]LogModuleManager: Shutting down and abandoning module XMPP (81)
[2025.03.25-16.51.52:011][967]LogModuleManager: Shutting down and abandoning module WebSockets (80)
[2025.03.25-16.51.52:180][967]LogModuleManager: Shutting down and abandoning module HTTP (77)
[2025.03.25-16.51.52:181][967]LogHttp: Display: Http module shutting down, but needs to wait on 1 outstanding Http requests:
[2025.03.25-16.51.52:181][967]LogHttp: Display: 	verb=[POST] url=[https://datarouter.ol.epicgames.com/datarouter/api/v1/public/data?SessionID=%7BAC57BD79-4736-AD5C-2A4F-79A2FF4A8D07%7D&AppID=UEEditor.Rocket.Release&AppVersion=4.27.2-18319896%2B%2B%2BUE4%2BRelease-4.27&UserID=f5edb87a4dc0f99c13cd37a4f0d6d538%7C71f5ffb38c3f40679d77fb94a2928a28%7C05fba853-d5f3-4c05-a360-9d4811eb48c5&AppEnvironment=datacollector-binary&UploadType=eteventstream] refs=[1] status=Processing
[2025.03.25-16.51.52:181][967]LogHttp: Display: cleaning up 1 outstanding Http requests.
[2025.03.25-16.51.52:181][967]LogHttp: Warning: 000001358897B200: invalid HTTP response code received. URL: https://datarouter.ol.epicgames.com/datarouter/api/v1/public/data?SessionID=%7BAC57BD79-4736-AD5C-2A4F-79A2FF4A8D07%7D&AppID=UEEditor.Rocket.Release&AppVersion=4.27.2-18319896%2B%2B%2BUE4%2BRelease-4.27&UserID=f5edb87a4dc0f99c13cd37a4f0d6d538%7C71f5ffb38c3f40679d77fb94a2928a28%7C05fba853-d5f3-4c05-a360-9d4811eb48c5&AppEnvironment=datacollector-binary&UploadType=eteventstream, HTTP code: 0, content length: 0, actual payload size: 0
[2025.03.25-16.51.52:181][967]LogHttp: Warning: 000001358897B200: request failed, libcurl error: 6 (Couldn't resolve host name)
[2025.03.25-16.51.52:181][967]LogHttp: Warning: 000001358897B200: libcurl info message cache 0 (Could not resolve host: datarouter.ol.epicgames.com)
[2025.03.25-16.51.52:181][967]LogHttp: Warning: 000001358897B200: libcurl info message cache 1 (Closing connection 21)
[2025.03.25-16.51.52:248][967]LogModuleManager: Shutting down and abandoning module SSL (76)
[2025.03.25-16.51.52:294][967]LogModuleManager: Shutting down and abandoning module WmfMedia (72)
[2025.03.25-16.51.52:310][967]LogModuleManager: Shutting down and abandoning module Media (71)
[2025.03.25-16.51.52:333][967]LogModuleManager: Shutting down and abandoning module MediaInfo (70)
[2025.03.25-16.51.52:333][967]LogModuleManager: Shutting down and abandoning module ExrReaderGpu (66)
[2025.03.25-16.51.52:333][967]LogModuleManager: Shutting down and abandoning module MLSDK (64)
[2025.03.25-16.51.52:338][967]LogModuleManager: Shutting down and abandoning module MagicLeap (62)
[2025.03.25-16.51.52:338][967]LogModuleManager: Shutting down and abandoning module NiagaraVertexFactories (60)
[2025.03.25-16.51.52:338][967]LogModuleManager: Shutting down and abandoning module NiagaraShader (58)
[2025.03.25-16.51.52:338][967]LogModuleManager: Shutting down and abandoning module VariantManagerContent (56)
[2025.03.25-16.51.52:338][967]LogModuleManager: Shutting down and abandoning module DatasmithContent (54)
[2025.03.25-16.51.52:338][967]LogModuleManager: Shutting down and abandoning module PixWinPlugin (52)
[2025.03.25-16.51.52:339][967]LogModuleManager: Shutting down and abandoning module AISupportModule (50)
[2025.03.25-16.51.52:339][967]LogModuleManager: Shutting down and abandoning module DesktopPlatform (48)
[2025.03.25-16.51.52:342][967]LogModuleManager: Shutting down and abandoning module PythonScriptPluginPreload (46)
[2025.03.25-16.51.52:344][967]LogModuleManager: Shutting down and abandoning module PlatformCryptoOpenSSL (44)
[2025.03.25-16.51.52:345][967]LogModuleManager: Shutting down and abandoning module PlatformCryptoTypes (42)
[2025.03.25-16.51.52:347][967]LogModuleManager: Shutting down and abandoning module PlatformCrypto (40)
[2025.03.25-16.51.52:347][967]LogModuleManager: Shutting down and abandoning module OodleDataCompressionFormat (38)
[2025.03.25-16.51.52:349][967]LogModuleManager: Shutting down and abandoning module XGEController (36)
[2025.03.25-16.51.52:349][967]LogXGEController: Cleaning working directory: C:/Users/Ido Isaac/AppData/Local/Temp/UnrealXGEWorkingDir/
[2025.03.25-16.51.52:350][967]LogModuleManager: Shutting down and abandoning module AnimationModifiers (34)
[2025.03.25-16.51.52:350][967]LogModuleManager: Shutting down and abandoning module AudioEditor (32)
[2025.03.25-16.51.52:358][967]LogModuleManager: Shutting down and abandoning module PropertyEditor (31)
[2025.03.25-16.51.52:360][967]LogModuleManager: Shutting down and abandoning module TextureCompressor (28)
[2025.03.25-16.51.52:369][967]LogModuleManager: Shutting down and abandoning module RenderCore (26)
[2025.03.25-16.51.52:369][967]LogModuleManager: Shutting down and abandoning module Landscape (24)
[2025.03.25-16.51.52:369][967]LogModuleManager: Shutting down and abandoning module SlateRHIRenderer (22)
[2025.03.25-16.51.52:503][967]LogModuleManager: Shutting down and abandoning module AnimGraphRuntime (20)
[2025.03.25-16.51.52:503][967]LogModuleManager: Shutting down and abandoning module Renderer (18)
[2025.03.25-16.51.52:503][967]LogModuleManager: Shutting down and abandoning module Engine (16)
[2025.03.25-16.51.52:503][967]LogModuleManager: Shutting down and abandoning module CoreUObject (14)
[2025.03.25-16.51.52:503][967]LogModuleManager: Shutting down and abandoning module NetworkFile (12)
[2025.03.25-16.51.52:517][967]LogModuleManager: Shutting down and abandoning module CookedIterativeFile (10)
[2025.03.25-16.51.52:517][967]LogModuleManager: Shutting down and abandoning module StreamingFile (8)
[2025.03.25-16.51.52:528][967]LogModuleManager: Shutting down and abandoning module SandboxFile (6)
[2025.03.25-16.51.52:533][967]LogModuleManager: Shutting down and abandoning module PakFile (4)
[2025.03.25-16.51.52:578][967]LogModuleManager: Shutting down and abandoning module RSA (3)
[2025.03.25-16.51.52:579][967]LogContentStreaming: Display: There are 1 unreleased StreamingManagers
[2025.03.25-16.51.54:428][967]LogD3D11RHI: Shutdown
[2025.03.25-16.51.54:428][967]LogD3D11RHI: CleanupD3DDevice
[2025.03.25-16.51.54:533][967]LogExit: Exiting.
[2025.03.25-16.51.54:660][967]Log file closed, 03/25/25 12:51:54
