Log file open, 03/19/25 12:13:57
LogWindows: Failed to load 'aqProf.dll' (GetLastError=126)
LogWindows: File 'aqProf.dll' does not exist
LogWindows: Failed to load 'VtuneApi.dll' (GetLastError=126)
LogWindows: File 'VtuneApi.dll' does not exist
LogWindows: Failed to load 'VtuneApi32e.dll' (GetLastError=126)
LogWindows: File 'VtuneApi32e.dll' does not exist
LogConsoleResponse: Display: Failed to find resolution value strings in scalability ini. Falling back to default.
LogConsoleResponse: Display: Failed to find resolution value strings in scalability ini. Falling back to default.
LogInit: Display: Running engine for game: DungeonDash
LogPlatformFile: Not using cached read wrapper
LogTaskGraph: Started task graph with 5 named threads and 59 total threads with 3 sets of task threads.
LogStats: Stats thread started at 0.586580
LogICUInternationalization: ICU TimeZone Detection - Raw Offset: -5:00, Platform Override: ''
LogInit: Display: Loading text-based GConfig....
LogPluginManager: Mounting plugin MeshPainting
LogPluginManager: Mounting plugin XGEController
LogPluginManager: Mounting plugin LightPropagationVolume
LogPluginManager: Mounting plugin AISupport
LogPluginManager: Mounting plugin OodleData
LogPluginManager: Mounting plugin Paper2D
LogPluginManager: Mounting plugin CameraShakePreviewer
LogPluginManager: Mounting plugin GameplayCameras
LogPluginManager: Mounting plugin EnvironmentQueryEditor
LogPluginManager: Mounting plugin OodleNetwork
LogPluginManager: Mounting plugin LiveLink
LogPluginManager: Mounting plugin AnimationSharing
LogPluginManager: Mounting plugin CodeLiteSourceCodeAccess
LogPluginManager: Mounting plugin CLionSourceCodeAccess
LogPluginManager: Mounting plugin Niagara
LogPluginManager: Mounting plugin KDevelopSourceCodeAccess
LogPluginManager: Mounting plugin NullSourceCodeAccess
LogPluginManager: Mounting plugin PropertyAccessNode
LogPluginManager: Mounting plugin PixWinPlugin
LogPluginManager: Mounting plugin PerforceSourceControl
LogPluginManager: Mounting plugin SubversionSourceControl
LogPluginManager: Mounting plugin PluginUtils
LogPluginManager: Mounting plugin PlasticSourceControl
LogPluginManager: Mounting plugin LuminPlatformFeatures
LogPluginManager: Mounting plugin TextureFormatOodle
LogPluginManager: Mounting plugin GitSourceControl
LogPluginManager: Mounting plugin VisualStudioCodeSourceCodeAccess
LogPluginManager: Mounting plugin UObjectPlugin
LogPluginManager: Mounting plugin XCodeSourceCodeAccess
LogPluginManager: Mounting plugin RiderSourceCodeAccess
LogPluginManager: Mounting plugin VisualStudioSourceCodeAccess
LogPluginManager: Mounting plugin TcpMessaging
LogPluginManager: Mounting plugin UdpMessaging
LogPluginManager: Mounting plugin MagicLeap
LogPluginManager: Mounting plugin MLSDK
LogPluginManager: Mounting plugin MagicLeapMedia
LogPluginManager: Mounting plugin MagicLeapLightEstimation
LogPluginManager: Mounting plugin MagicLeapPassableWorld
LogPluginManager: Mounting plugin AndroidMedia
LogPluginManager: Mounting plugin AvfMedia
LogPluginManager: Mounting plugin MediaCompositing
LogPluginManager: Mounting plugin AssetManagerEditor
LogPluginManager: Mounting plugin MediaPlayerEditor
LogPluginManager: Mounting plugin WebMMedia
LogPluginManager: Mounting plugin ImgMedia
LogPluginManager: Mounting plugin WmfMedia
LogPluginManager: Mounting plugin CurveEditorTools
LogPluginManager: Mounting plugin GameplayTagsEditor
LogPluginManager: Mounting plugin GeometryMode
LogPluginManager: Mounting plugin DataValidation
LogPluginManager: Mounting plugin CryptoKeys
LogPluginManager: Mounting plugin MaterialAnalyzer
LogPluginManager: Mounting plugin MobileLauncherProfileWizard
LogPluginManager: Mounting plugin MacGraphicsSwitching
LogPluginManager: Mounting plugin SpeedTreeImporter
LogPluginManager: Mounting plugin LauncherChunkInstaller
LogPluginManager: Mounting plugin FacialAnimation
LogPluginManager: Mounting plugin PluginBrowser
LogPluginManager: Mounting plugin DatasmithContent
LogPluginManager: Mounting plugin VariantManagerContent
LogPluginManager: Mounting plugin Takes
LogPluginManager: Mounting plugin AlembicImporter
LogPluginManager: Mounting plugin BackChannel
LogPluginManager: Mounting plugin AutomationUtils
LogPluginManager: Mounting plugin ChaosClothEditor
LogPluginManager: Mounting plugin ChaosEditor
LogPluginManager: Mounting plugin ChaosSolverPlugin
LogPluginManager: Mounting plugin ChaosCloth
LogPluginManager: Mounting plugin CharacterAI
LogPluginManager: Mounting plugin ChaosNiagara
LogPluginManager: Mounting plugin GeometryCache
LogPluginManager: Mounting plugin LevelSequenceEditor
LogPluginManager: Mounting plugin GeometryCollectionPlugin
LogPluginManager: Mounting plugin ScreenshotTools
LogPluginManager: Mounting plugin TemplateSequence
LogPluginManager: Mounting plugin ActorSequence
LogPluginManager: Mounting plugin MatineeToLevelSequence
LogPluginManager: Mounting plugin GeometryProcessing
LogPluginManager: Mounting plugin OpenImageDenoise
LogPluginManager: Mounting plugin ProxyLODPlugin
LogPluginManager: Mounting plugin PlatformCrypto
LogPluginManager: Mounting plugin MotoSynth
LogPluginManager: Mounting plugin PlanarCut
LogPluginManager: Mounting plugin ActorLayerUtilities
LogPluginManager: Mounting plugin SkeletalReduction
LogPluginManager: Mounting plugin PythonScriptPlugin
LogPluginManager: Mounting plugin AndroidDeviceProfileSelector
LogPluginManager: Mounting plugin AndroidPermission
LogPluginManager: Mounting plugin AndroidMoviePlayer
LogPluginManager: Mounting plugin AppleImageUtils
LogPluginManager: Mounting plugin ArchVisCharacter
LogPluginManager: Mounting plugin ChunkDownloader
LogPluginManager: Mounting plugin AppleMoviePlayer
LogPluginManager: Mounting plugin CableComponent
LogPluginManager: Mounting plugin CustomMeshComponent
LogPluginManager: Mounting plugin EditableMesh
LogPluginManager: Mounting plugin AudioSynesthesia
LogPluginManager: Mounting plugin AssetTags
LogPluginManager: Mounting plugin ExampleDeviceProfileSelector
LogPluginManager: Mounting plugin AudioCapture
LogPluginManager: Mounting plugin GoogleCloudMessaging
LogPluginManager: Mounting plugin GooglePAD
LogPluginManager: Mounting plugin OnlineSubsystemNull
LogPluginManager: Mounting plugin OnlineSubsystem
LogPluginManager: Mounting plugin OnlineSubsystemUtils
LogPluginManager: Mounting plugin IOSDeviceProfileSelector
LogPluginManager: Mounting plugin LinuxDeviceProfileSelector
LogPluginManager: Mounting plugin LocationServicesBPLibrary
LogPluginManager: Mounting plugin MobilePatchingUtils
LogPluginManager: Mounting plugin OpenXR
LogPluginManager: Mounting plugin OpenXREyeTracker
LogPluginManager: Mounting plugin OpenXRHandTracking
LogPluginManager: Mounting plugin PostSplashScreen
LogPluginManager: Mounting plugin ProceduralMeshComponent
LogPluginManager: Mounting plugin RuntimePhysXCooking
LogPluginManager: Mounting plugin PropertyAccessEditor
LogPluginManager: Mounting plugin PhysXVehicles
LogPluginManager: Mounting plugin SignificanceManager
LogPluginManager: Mounting plugin SoundFields
LogPluginManager: Mounting plugin WebMMoviePlayer
LogPluginManager: Mounting plugin Synthesis
LogPluginManager: Mounting plugin WindowsMoviePlayer
LogPluginManager: Mounting plugin ContentBrowserAssetDataSource
LogPluginManager: Mounting plugin ContentBrowserClassDataSource
LogPluginManager: Mounting plugin ContentBrowserFileDataSource
LogPluginManager: Mounting plugin OnlineSubsystemGooglePlay
LogPluginManager: Mounting plugin OnlineSubsystemIOS
LogPluginManager: Mounting plugin OculusVR
LogPluginManager: Mounting plugin SteamVR
PixWinPlugin: PIX capture plugin failed to initialize! Check that the process is launched from PIX.
LogInit: Using libcurl 7.55.1-DEV
LogInit:  - built for x86_64-pc-win32
LogInit:  - supports SSL with OpenSSL/1.1.1
LogInit:  - supports HTTP deflate (compression) using libz 1.2.8
LogInit:  - other features:
LogInit:      CURL_VERSION_SSL
LogInit:      CURL_VERSION_LIBZ
LogInit:      CURL_VERSION_IPV6
LogInit:      CURL_VERSION_ASYNCHDNS
LogInit:      CURL_VERSION_LARGEFILE
LogInit:      CURL_VERSION_IDN
LogInit:  CurlRequestOptions (configurable via config and command line):
LogInit:  - bVerifyPeer = true  - Libcurl will verify peer certificate
LogInit:  - bUseHttpProxy = false  - Libcurl will NOT use HTTP proxy
LogInit:  - bDontReuseConnections = false  - Libcurl will reuse connections
LogInit:  - MaxHostConnections = 16  - Libcurl will limit the number of connections to a host
LogInit:  - LocalHostAddr = Default
LogInit:  - BufferSize = 65536
LogOnline: OSS: Creating online subsystem instance for: NULL
LogInit: WinSock: version 1.1 (2.2), MaxSocks=32767, MaxUdp=65467
LogOnline: OSS: TryLoadSubsystemAndSetDefault: Loaded subsystem for module [NULL]
LogOculusPluginWrapper: OculusPlugin initialized successfully
LogHMD: Failed initializing OVRPlugin 1.59.0
LogInit: Build: ++UE4+Release-4.27-CL-18319896
LogInit: Engine Version: 4.27.2-18319896+++UE4+Release-4.27
LogInit: Compatible Engine Version: 4.27.0-17155196+++UE4+Release-4.27
LogInit: Net CL: 17155196
LogInit: OS: Windows 10 (Release 2009) (), CPU: 13th Gen Intel(R) Core(TM) i9-13900H, GPU: Intel(R) Iris(R) Xe Graphics
LogInit: Compiled (64-bit): Nov 30 2021 07:12:08
LogInit: Compiled with Visual C++: 19.24.28315.00
LogInit: Build Configuration: Development
LogInit: Branch Name: ++UE4+Release-4.27
LogInit: Command Line: 
LogInit: Base Directory: D:/EpicGame/UnrealEngine/UE_4.27/Engine/Binaries/Win64/
LogInit: Allocator: TBB
LogInit: Installed Engine Build: 1
LogDevObjectVersion: Number of dev versions registered: 29
LogDevObjectVersion:   Dev-Blueprints (B0D832E4-1F89-4F0D-ACCF-7EB736FD4AA2): 10
LogDevObjectVersion:   Dev-Build (E1C64328-A22C-4D53-A36C-8E866417BD8C): 0
LogDevObjectVersion:   Dev-Core (375EC13C-06E4-48FB-B500-84F0262A717E): 4
LogDevObjectVersion:   Dev-Editor (E4B068ED-F494-42E9-A231-DA0B2E46BB41): 40
LogDevObjectVersion:   Dev-Framework (CFFC743F-43B0-4480-9391-14DF171D2073): 37
LogDevObjectVersion:   Dev-Mobile (B02B49B5-BB20-44E9-A304-32B752E40360): 3
LogDevObjectVersion:   Dev-Networking (A4E4105C-59A1-49B5-A7C5-40C4547EDFEE): 0
LogDevObjectVersion:   Dev-Online (39C831C9-5AE6-47DC-9A44-9C173E1C8E7C): 0
LogDevObjectVersion:   Dev-Physics (78F01B33-EBEA-4F98-B9B4-84EACCB95AA2): 14
LogDevObjectVersion:   Dev-Platform (6631380F-2D4D-43E0-8009-CF276956A95A): 0
LogDevObjectVersion:   Dev-Rendering (12F88B9F-8875-4AFC-A67C-D90C383ABD29): 45
LogDevObjectVersion:   Dev-Sequencer (7B5AE74C-D270-4C10-A958-57980B212A5A): 13
LogDevObjectVersion:   Dev-VR (D7296918-1DD6-4BDD-9DE2-64A83CC13884): 3
LogDevObjectVersion:   Dev-LoadTimes (C2A15278-BFE7-4AFE-6C17-90FF531DF755): 1
LogDevObjectVersion:   Private-Geometry (6EACA3D4-40EC-4CC1-B786-8BED09428FC5): 3
LogDevObjectVersion:   Dev-AnimPhys (29E575DD-E0A3-4627-9D10-D276232CDCEA): 17
LogDevObjectVersion:   Dev-Anim (AF43A65D-7FD3-4947-9873-3E8ED9C1BB05): 15
LogDevObjectVersion:   Dev-ReflectionCapture (6B266CEC-1EC7-4B8F-A30B-E4D90942FC07): 1
LogDevObjectVersion:   Dev-Automation (0DF73D61-A23F-47EA-B727-89E90C41499A): 1
LogDevObjectVersion:   FortniteMain (601D1886-AC64-4F84-AA16-D3DE0DEAC7D6): 47
LogDevObjectVersion:   FortniteRelease (E7086368-6B23-4C58-8439-1B7016265E91): 1
LogDevObjectVersion:   Dev-Enterprise (9DFFBCD6-494F-0158-E221-12823C92A888): 10
LogDevObjectVersion:   Dev-Niagara (F2AED0AC-9AFE-416F-8664-AA7FFA26D6FC): 1
LogDevObjectVersion:   Dev-Destruction (174F1F0B-B4C6-45A5-B13F-2EE8D0FB917D): 10
LogDevObjectVersion:   Dev-Physics-Ext (35F94A83-E258-406C-A318-09F59610247C): 41
LogDevObjectVersion:   Dev-PhysicsMaterial-Chaos (B68FC16E-8B1B-42E2-B453-215C058844FE): 1
LogDevObjectVersion:   Dev-CineCamera (B2E18506-4273-CFC2-A54E-F4BB758BBA07): 1
LogDevObjectVersion:   Dev-VirtualProduction (64F58936-FD1B-42BA-BA96-7289D5D0FA4E): 1
LogDevObjectVersion:   Dev-MediaFramework (6F0ED827-A609-4895-9C91-998D90180EA4): 2
LogInit: Presizing for max 25165824 objects, including 0 objects not considered by GC, pre-allocating 0 bytes for permanent pool.
LogConfig: Applying CVar settings from Section [/Script/Engine.StreamingSettings] File [D:/UnrealProjects/COMP217GroupProject/DungeonDash/Saved/Config/Windows/Engine.ini]
LogConfig: Setting CVar [[s.MinBulkDataSizeForAsyncLoading:131072]]
LogConfig: Setting CVar [[s.AsyncLoadingThreadEnabled:0]]
LogConfig: Setting CVar [[s.EventDrivenLoaderEnabled:1]]
LogConfig: Setting CVar [[s.WarnIfTimeLimitExceeded:0]]
LogConfig: Setting CVar [[s.TimeLimitExceededMultiplier:1.5]]
LogConfig: Setting CVar [[s.TimeLimitExceededMinTime:0.005]]
LogConfig: Setting CVar [[s.UseBackgroundLevelStreaming:1]]
LogConfig: Setting CVar [[s.PriorityAsyncLoadingExtraTime:15.0]]
LogConfig: Setting CVar [[s.LevelStreamingActorsUpdateTimeLimit:5.0]]
LogConfig: Setting CVar [[s.PriorityLevelStreamingActorsUpdateExtraTime:5.0]]
LogConfig: Setting CVar [[s.LevelStreamingComponentsRegistrationGranularity:10]]
LogConfig: Setting CVar [[s.UnregisterComponentsTimeLimit:1.0]]
LogConfig: Setting CVar [[s.LevelStreamingComponentsUnregistrationGranularity:5]]
LogConfig: Setting CVar [[s.FlushStreamingOnExit:1]]
LogInit: Object subsystem initialized
LogConfig: Setting CVar [[con.DebugEarlyDefault:1]]
LogConfig: Setting CVar [[r.setres:1280x720]]
[2025.03.19-16.13.59:573][  0]LogConfig: Setting CVar [[r.VSync:0]]
[2025.03.19-16.13.59:573][  0]LogConfig: Setting CVar [[r.RHICmdBypass:0]]
[2025.03.19-16.13.59:573][  0]LogConfig: Applying CVar settings from Section [/Script/Engine.RendererSettings] File [D:/UnrealProjects/COMP217GroupProject/DungeonDash/Saved/Config/Windows/Engine.ini]
[2025.03.19-16.13.59:573][  0]LogConfig: Setting CVar [[r.GPUCrashDebugging:0]]
[2025.03.19-16.13.59:573][  0]LogConfig: Applying CVar settings from Section [/Script/Engine.RendererOverrideSettings] File [D:/UnrealProjects/COMP217GroupProject/DungeonDash/Saved/Config/Windows/Engine.ini]
[2025.03.19-16.13.59:573][  0]LogConfig: Applying CVar settings from Section [/Script/Engine.StreamingSettings] File [D:/UnrealProjects/COMP217GroupProject/DungeonDash/Saved/Config/Windows/Engine.ini]
[2025.03.19-16.13.59:573][  0]LogConfig: Setting CVar [[s.MinBulkDataSizeForAsyncLoading:131072]]
[2025.03.19-16.13.59:573][  0]LogConfig: Setting CVar [[s.AsyncLoadingThreadEnabled:0]]
[2025.03.19-16.13.59:573][  0]LogConfig: Setting CVar [[s.EventDrivenLoaderEnabled:1]]
[2025.03.19-16.13.59:573][  0]LogConfig: Setting CVar [[s.WarnIfTimeLimitExceeded:0]]
[2025.03.19-16.13.59:573][  0]LogConfig: Setting CVar [[s.TimeLimitExceededMultiplier:1.5]]
[2025.03.19-16.13.59:573][  0]LogConfig: Setting CVar [[s.TimeLimitExceededMinTime:0.005]]
[2025.03.19-16.13.59:573][  0]LogConfig: Setting CVar [[s.UseBackgroundLevelStreaming:1]]
[2025.03.19-16.13.59:573][  0]LogConfig: Setting CVar [[s.PriorityAsyncLoadingExtraTime:15.0]]
[2025.03.19-16.13.59:573][  0]LogConfig: Setting CVar [[s.LevelStreamingActorsUpdateTimeLimit:5.0]]
[2025.03.19-16.13.59:573][  0]LogConfig: Setting CVar [[s.PriorityLevelStreamingActorsUpdateExtraTime:5.0]]
[2025.03.19-16.13.59:573][  0]LogConfig: Setting CVar [[s.LevelStreamingComponentsRegistrationGranularity:10]]
[2025.03.19-16.13.59:573][  0]LogConfig: Setting CVar [[s.UnregisterComponentsTimeLimit:1.0]]
[2025.03.19-16.13.59:573][  0]LogConfig: Setting CVar [[s.LevelStreamingComponentsUnregistrationGranularity:5]]
[2025.03.19-16.13.59:573][  0]LogConfig: Setting CVar [[s.FlushStreamingOnExit:1]]
[2025.03.19-16.13.59:573][  0]LogConfig: Applying CVar settings from Section [/Script/Engine.GarbageCollectionSettings] File [D:/UnrealProjects/COMP217GroupProject/DungeonDash/Saved/Config/Windows/Engine.ini]
[2025.03.19-16.13.59:573][  0]LogConfig: Setting CVar [[gc.MaxObjectsNotConsideredByGC:1]]
[2025.03.19-16.13.59:573][  0]LogConfig: Setting CVar [[gc.SizeOfPermanentObjectPool:0]]
[2025.03.19-16.13.59:573][  0]LogConfig: Setting CVar [[gc.FlushStreamingOnGC:0]]
[2025.03.19-16.13.59:573][  0]LogConfig: Setting CVar [[gc.NumRetriesBeforeForcingGC:10]]
[2025.03.19-16.13.59:573][  0]LogConfig: Setting CVar [[gc.AllowParallelGC:1]]
[2025.03.19-16.13.59:573][  0]LogConfig: Setting CVar [[gc.TimeBetweenPurgingPendingKillObjects:61.1]]
[2025.03.19-16.13.59:573][  0]LogConfig: Setting CVar [[gc.MaxObjectsInEditor:25165824]]
[2025.03.19-16.13.59:573][  0]LogConfig: Setting CVar [[gc.IncrementalBeginDestroyEnabled:1]]
[2025.03.19-16.13.59:573][  0]LogConfig: Setting CVar [[gc.CreateGCClusters:1]]
[2025.03.19-16.13.59:573][  0]LogConfig: Setting CVar [[gc.MinGCClusterSize:5]]
[2025.03.19-16.13.59:573][  0]LogConfig: Setting CVar [[gc.ActorClusteringEnabled:0]]
[2025.03.19-16.13.59:573][  0]LogConfig: Setting CVar [[gc.BlueprintClusteringEnabled:0]]
[2025.03.19-16.13.59:573][  0]LogConfig: Setting CVar [[gc.UseDisregardForGCOnDedicatedServers:0]]
[2025.03.19-16.13.59:573][  0]LogConfig: Setting CVar [[gc.MultithreadedDestructionEnabled:1]]
[2025.03.19-16.13.59:573][  0]LogConfig: Applying CVar settings from Section [/Script/Engine.NetworkSettings] File [D:/UnrealProjects/COMP217GroupProject/DungeonDash/Saved/Config/Windows/Engine.ini]
[2025.03.19-16.13.59:573][  0]LogConfig: Applying CVar settings from Section [/Script/UnrealEd.CookerSettings] File [D:/UnrealProjects/COMP217GroupProject/DungeonDash/Saved/Config/Windows/Engine.ini]
[2025.03.19-16.13.59:578][  0]LogConfig: Applying CVar settings from Section [ViewDistanceQuality@3] File [D:/UnrealProjects/COMP217GroupProject/DungeonDash/Saved/Config/Windows/Scalability.ini]
[2025.03.19-16.13.59:578][  0]LogConfig: Setting CVar [[r.SkeletalMeshLODBias:0]]
[2025.03.19-16.13.59:578][  0]LogConfig: Setting CVar [[r.ViewDistanceScale:1.0]]
[2025.03.19-16.13.59:578][  0]LogConfig: Applying CVar settings from Section [AntiAliasingQuality@3] File [D:/UnrealProjects/COMP217GroupProject/DungeonDash/Saved/Config/Windows/Scalability.ini]
[2025.03.19-16.13.59:578][  0]LogConfig: Setting CVar [[r.PostProcessAAQuality:4]]
[2025.03.19-16.13.59:578][  0]LogConfig: Applying CVar settings from Section [ShadowQuality@3] File [D:/UnrealProjects/COMP217GroupProject/DungeonDash/Saved/Config/Windows/Scalability.ini]
[2025.03.19-16.13.59:578][  0]LogConfig: Setting CVar [[r.LightFunctionQuality:1]]
[2025.03.19-16.13.59:578][  0]LogConfig: Setting CVar [[r.ShadowQuality:5]]
[2025.03.19-16.13.59:578][  0]LogConfig: Setting CVar [[r.Shadow.CSM.MaxCascades:10]]
[2025.03.19-16.13.59:578][  0]LogConfig: Setting CVar [[r.Shadow.MaxResolution:2048]]
[2025.03.19-16.13.59:578][  0]LogConfig: Setting CVar [[r.Shadow.MaxCSMResolution:2048]]
[2025.03.19-16.13.59:578][  0]LogConfig: Setting CVar [[r.Shadow.RadiusThreshold:0.01]]
[2025.03.19-16.13.59:578][  0]LogConfig: Setting CVar [[r.Shadow.DistanceScale:1.0]]
[2025.03.19-16.13.59:578][  0]LogConfig: Setting CVar [[r.Shadow.CSM.TransitionScale:1.0]]
[2025.03.19-16.13.59:578][  0]LogConfig: Setting CVar [[r.Shadow.PreShadowResolutionFactor:1.0]]
[2025.03.19-16.13.59:578][  0]LogConfig: Setting CVar [[r.DistanceFieldShadowing:1]]
[2025.03.19-16.13.59:578][  0]LogConfig: Setting CVar [[r.DistanceFieldAO:1]]
[2025.03.19-16.13.59:578][  0]LogConfig: Setting CVar [[r.AOQuality:2]]
[2025.03.19-16.13.59:578][  0]LogConfig: Setting CVar [[r.VolumetricFog:1]]
[2025.03.19-16.13.59:578][  0]LogConfig: Setting CVar [[r.VolumetricFog.GridPixelSize:8]]
[2025.03.19-16.13.59:578][  0]LogConfig: Setting CVar [[r.VolumetricFog.GridSizeZ:128]]
[2025.03.19-16.13.59:578][  0]LogConfig: Setting CVar [[r.VolumetricFog.HistoryMissSupersampleCount:4]]
[2025.03.19-16.13.59:578][  0]LogConfig: Setting CVar [[r.LightMaxDrawDistanceScale:1]]
[2025.03.19-16.13.59:578][  0]LogConfig: Setting CVar [[r.CapsuleShadows:1]]
[2025.03.19-16.13.59:578][  0]LogConfig: Applying CVar settings from Section [PostProcessQuality@3] File [D:/UnrealProjects/COMP217GroupProject/DungeonDash/Saved/Config/Windows/Scalability.ini]
[2025.03.19-16.13.59:578][  0]LogConfig: Setting CVar [[r.MotionBlurQuality:4]]
[2025.03.19-16.13.59:578][  0]LogConfig: Setting CVar [[r.AmbientOcclusionMipLevelFactor:0.4]]
[2025.03.19-16.13.59:578][  0]LogConfig: Setting CVar [[r.AmbientOcclusionMaxQuality:100]]
[2025.03.19-16.13.59:578][  0]LogConfig: Setting CVar [[r.AmbientOcclusionLevels:-1]]
[2025.03.19-16.13.59:578][  0]LogConfig: Setting CVar [[r.AmbientOcclusionRadiusScale:1.0]]
[2025.03.19-16.13.59:578][  0]LogConfig: Setting CVar [[r.DepthOfFieldQuality:2]]
[2025.03.19-16.13.59:578][  0]LogConfig: Setting CVar [[r.RenderTargetPoolMin:400]]
[2025.03.19-16.13.59:578][  0]LogConfig: Setting CVar [[r.LensFlareQuality:2]]
[2025.03.19-16.13.59:578][  0]LogConfig: Setting CVar [[r.SceneColorFringeQuality:1]]
[2025.03.19-16.13.59:578][  0]LogConfig: Setting CVar [[r.EyeAdaptationQuality:2]]
[2025.03.19-16.13.59:578][  0]LogConfig: Setting CVar [[r.BloomQuality:5]]
[2025.03.19-16.13.59:578][  0]LogConfig: Setting CVar [[r.FastBlurThreshold:100]]
[2025.03.19-16.13.59:578][  0]LogConfig: Setting CVar [[r.Upscale.Quality:3]]
[2025.03.19-16.13.59:578][  0]LogConfig: Setting CVar [[r.Tonemapper.GrainQuantization:1]]
[2025.03.19-16.13.59:578][  0]LogConfig: Setting CVar [[r.LightShaftQuality:1]]
[2025.03.19-16.13.59:578][  0]LogConfig: Setting CVar [[r.Filter.SizeScale:1]]
[2025.03.19-16.13.59:578][  0]LogConfig: Setting CVar [[r.Tonemapper.Quality:5]]
[2025.03.19-16.13.59:578][  0]LogConfig: Setting CVar [[r.DOF.Gather.AccumulatorQuality:1        ; higher gathering accumulator quality]]
[2025.03.19-16.13.59:578][  0]LogConfig: Setting CVar [[r.DOF.Gather.PostfilterMethod:1          ; Median3x3 postfilering method]]
[2025.03.19-16.13.59:578][  0]LogConfig: Setting CVar [[r.DOF.Gather.EnableBokehSettings:0       ; no bokeh simulation when gathering]]
[2025.03.19-16.13.59:578][  0]LogConfig: Setting CVar [[r.DOF.Gather.RingCount:4                 ; medium number of samples when gathering]]
[2025.03.19-16.13.59:578][  0]LogConfig: Setting CVar [[r.DOF.Scatter.ForegroundCompositing:1    ; additive foreground scattering]]
[2025.03.19-16.13.59:578][  0]LogConfig: Setting CVar [[r.DOF.Scatter.BackgroundCompositing:2    ; additive background scattering]]
[2025.03.19-16.13.59:578][  0]LogConfig: Setting CVar [[r.DOF.Scatter.EnableBokehSettings:1      ; bokeh simulation when scattering]]
[2025.03.19-16.13.59:578][  0]LogConfig: Setting CVar [[r.DOF.Scatter.MaxSpriteRatio:0.1         ; only a maximum of 10% of scattered bokeh]]
[2025.03.19-16.13.59:578][  0]LogConfig: Setting CVar [[r.DOF.Recombine.Quality:1                ; cheap slight out of focus]]
[2025.03.19-16.13.59:578][  0]LogConfig: Setting CVar [[r.DOF.Recombine.EnableBokehSettings:0    ; no bokeh simulation on slight out of focus]]
[2025.03.19-16.13.59:578][  0]LogConfig: Setting CVar [[r.DOF.TemporalAAQuality:1                ; more stable temporal accumulation]]
[2025.03.19-16.13.59:578][  0]LogConfig: Setting CVar [[r.DOF.Kernel.MaxForegroundRadius:0.025]]
[2025.03.19-16.13.59:578][  0]LogConfig: Setting CVar [[r.DOF.Kernel.MaxBackgroundRadius:0.025]]
[2025.03.19-16.13.59:578][  0]LogConfig: Applying CVar settings from Section [TextureQuality@3] File [D:/UnrealProjects/COMP217GroupProject/DungeonDash/Saved/Config/Windows/Scalability.ini]
[2025.03.19-16.13.59:578][  0]LogConfig: Setting CVar [[r.Streaming.MipBias:0]]
[2025.03.19-16.13.59:578][  0]LogConfig: Setting CVar [[r.Streaming.AmortizeCPUToGPUCopy:0]]
[2025.03.19-16.13.59:578][  0]LogConfig: Setting CVar [[r.Streaming.MaxNumTexturesToStreamPerFrame:0]]
[2025.03.19-16.13.59:578][  0]LogConfig: Setting CVar [[r.Streaming.Boost:1]]
[2025.03.19-16.13.59:578][  0]LogConfig: Setting CVar [[r.MaxAnisotropy:8]]
[2025.03.19-16.13.59:578][  0]LogConfig: Setting CVar [[r.VT.MaxAnisotropy:8]]
[2025.03.19-16.13.59:578][  0]LogConfig: Setting CVar [[r.Streaming.LimitPoolSizeToVRAM:0]]
[2025.03.19-16.13.59:578][  0]LogConfig: Setting CVar [[r.Streaming.PoolSize:1000]]
[2025.03.19-16.13.59:578][  0]LogConfig: Setting CVar [[r.Streaming.MaxEffectiveScreenSize:0]]
[2025.03.19-16.13.59:578][  0]LogConfig: Applying CVar settings from Section [EffectsQuality@3] File [D:/UnrealProjects/COMP217GroupProject/DungeonDash/Saved/Config/Windows/Scalability.ini]
[2025.03.19-16.13.59:578][  0]LogConfig: Setting CVar [[r.TranslucencyLightingVolumeDim:64]]
[2025.03.19-16.13.59:578][  0]LogConfig: Setting CVar [[r.RefractionQuality:2]]
[2025.03.19-16.13.59:578][  0]LogConfig: Setting CVar [[r.SSR.Quality:3]]
[2025.03.19-16.13.59:578][  0]LogConfig: Setting CVar [[r.SSR.HalfResSceneColor:0]]
[2025.03.19-16.13.59:578][  0]LogConfig: Setting CVar [[r.SceneColorFormat:4]]
[2025.03.19-16.13.59:578][  0]LogConfig: Setting CVar [[r.DetailMode:2]]
[2025.03.19-16.13.59:578][  0]LogConfig: Setting CVar [[r.TranslucencyVolumeBlur:1]]
[2025.03.19-16.13.59:578][  0]LogConfig: Setting CVar [[r.MaterialQualityLevel:1 ; High quality]]
[2025.03.19-16.13.59:578][  0]LogConfig: Setting CVar [[r.AnisotropicMaterials:1]]
[2025.03.19-16.13.59:578][  0]LogConfig: Setting CVar [[r.SSS.Scale:1]]
[2025.03.19-16.13.59:578][  0]LogConfig: Setting CVar [[r.SSS.SampleSet:2]]
[2025.03.19-16.13.59:578][  0]LogConfig: Setting CVar [[r.SSS.Quality:1]]
[2025.03.19-16.13.59:578][  0]LogConfig: Setting CVar [[r.SSS.HalfRes:0]]
[2025.03.19-16.13.59:578][  0]LogConfig: Setting CVar [[r.SSGI.Quality:3]]
[2025.03.19-16.13.59:578][  0]LogConfig: Setting CVar [[r.EmitterSpawnRateScale:1.0]]
[2025.03.19-16.13.59:578][  0]LogConfig: Setting CVar [[r.ParticleLightQuality:2]]
[2025.03.19-16.13.59:578][  0]LogConfig: Setting CVar [[r.SkyAtmosphere.AerialPerspectiveLUT.FastApplyOnOpaque:1 ; Always have FastSkyLUT 1 in this case to avoid wrong sky]]
[2025.03.19-16.13.59:578][  0]LogConfig: Setting CVar [[r.SkyAtmosphere.AerialPerspectiveLUT.SampleCountMaxPerSlice:4]]
[2025.03.19-16.13.59:578][  0]LogConfig: Setting CVar [[r.SkyAtmosphere.AerialPerspectiveLUT.DepthResolution:16.0]]
[2025.03.19-16.13.59:578][  0]LogConfig: Setting CVar [[r.SkyAtmosphere.FastSkyLUT:1]]
[2025.03.19-16.13.59:578][  0]LogConfig: Setting CVar [[r.SkyAtmosphere.FastSkyLUT.SampleCountMin:4.0]]
[2025.03.19-16.13.59:578][  0]LogConfig: Setting CVar [[r.SkyAtmosphere.FastSkyLUT.SampleCountMax:128.0]]
[2025.03.19-16.13.59:578][  0]LogConfig: Setting CVar [[r.SkyAtmosphere.SampleCountMin:4.0]]
[2025.03.19-16.13.59:578][  0]LogConfig: Setting CVar [[r.SkyAtmosphere.SampleCountMax:128.0]]
[2025.03.19-16.13.59:578][  0]LogConfig: Setting CVar [[r.SkyAtmosphere.TransmittanceLUT.UseSmallFormat:0]]
[2025.03.19-16.13.59:578][  0]LogConfig: Setting CVar [[r.SkyAtmosphere.TransmittanceLUT.SampleCount:10.0]]
[2025.03.19-16.13.59:578][  0]LogConfig: Setting CVar [[r.SkyAtmosphere.MultiScatteringLUT.SampleCount:15.0]]
[2025.03.19-16.13.59:578][  0]LogConfig: Setting CVar [[r.SkyLight.RealTimeReflectionCapture:1]]
[2025.03.19-16.13.59:578][  0]LogConfig: Applying CVar settings from Section [FoliageQuality@3] File [D:/UnrealProjects/COMP217GroupProject/DungeonDash/Saved/Config/Windows/Scalability.ini]
[2025.03.19-16.13.59:578][  0]LogConfig: Setting CVar [[foliage.DensityScale:1.0]]
[2025.03.19-16.13.59:578][  0]LogConfig: Setting CVar [[grass.DensityScale:1.0]]
[2025.03.19-16.13.59:578][  0]LogConfig: Applying CVar settings from Section [ShadingQuality@3] File [D:/UnrealProjects/COMP217GroupProject/DungeonDash/Saved/Config/Windows/Scalability.ini]
[2025.03.19-16.13.59:578][  0]LogConfig: Setting CVar [[r.HairStrands.SkyLighting.IntegrationType:2]]
[2025.03.19-16.13.59:578][  0]LogConfig: Setting CVar [[r.HairStrands.SkyAO.SampleCount:4]]
[2025.03.19-16.13.59:578][  0]LogConfig: Setting CVar [[r.HairStrands.Visibility.MSAA.SamplePerPixel:4]]
[2025.03.19-16.13.59:579][  0]LogInit: Selected Device Profile: [Windows]
[2025.03.19-16.13.59:579][  0]LogInit: Applying CVar settings loaded from the selected device profile: [Windows]
[2025.03.19-16.13.59:579][  0]LogHAL: Display: Platform has ~ 32 GB [33960488960 / 34359738368 / 32], which maps to Largest [LargestMinGB=32, LargerMinGB=12, DefaultMinGB=8, SmallerMinGB=6, SmallestMinGB=0)
[2025.03.19-16.13.59:579][  0]LogInit: Going up to parent DeviceProfile []
[2025.03.19-16.13.59:579][  0]LogConfig: Applying CVar settings from Section [ViewDistanceQuality@3] File [D:/UnrealProjects/COMP217GroupProject/DungeonDash/Saved/Config/Windows/Scalability.ini]
[2025.03.19-16.13.59:579][  0]LogConfig: Setting CVar [[r.SkeletalMeshLODBias:0]]
[2025.03.19-16.13.59:579][  0]LogConfig: Setting CVar [[r.ViewDistanceScale:1.0]]
[2025.03.19-16.13.59:579][  0]LogConfig: Applying CVar settings from Section [AntiAliasingQuality@3] File [D:/UnrealProjects/COMP217GroupProject/DungeonDash/Saved/Config/Windows/Scalability.ini]
[2025.03.19-16.13.59:579][  0]LogConfig: Setting CVar [[r.PostProcessAAQuality:4]]
[2025.03.19-16.13.59:579][  0]LogConfig: Applying CVar settings from Section [ShadowQuality@3] File [D:/UnrealProjects/COMP217GroupProject/DungeonDash/Saved/Config/Windows/Scalability.ini]
[2025.03.19-16.13.59:579][  0]LogConfig: Setting CVar [[r.LightFunctionQuality:1]]
[2025.03.19-16.13.59:579][  0]LogConfig: Setting CVar [[r.ShadowQuality:5]]
[2025.03.19-16.13.59:579][  0]LogConfig: Setting CVar [[r.Shadow.CSM.MaxCascades:10]]
[2025.03.19-16.13.59:579][  0]LogConfig: Setting CVar [[r.Shadow.MaxResolution:2048]]
[2025.03.19-16.13.59:579][  0]LogConfig: Setting CVar [[r.Shadow.MaxCSMResolution:2048]]
[2025.03.19-16.13.59:579][  0]LogConfig: Setting CVar [[r.Shadow.RadiusThreshold:0.01]]
[2025.03.19-16.13.59:579][  0]LogConfig: Setting CVar [[r.Shadow.DistanceScale:1.0]]
[2025.03.19-16.13.59:579][  0]LogConfig: Setting CVar [[r.Shadow.CSM.TransitionScale:1.0]]
[2025.03.19-16.13.59:579][  0]LogConfig: Setting CVar [[r.Shadow.PreShadowResolutionFactor:1.0]]
[2025.03.19-16.13.59:579][  0]LogConfig: Setting CVar [[r.DistanceFieldShadowing:1]]
[2025.03.19-16.13.59:579][  0]LogConfig: Setting CVar [[r.DistanceFieldAO:1]]
[2025.03.19-16.13.59:579][  0]LogConfig: Setting CVar [[r.AOQuality:2]]
[2025.03.19-16.13.59:579][  0]LogConfig: Setting CVar [[r.VolumetricFog:1]]
[2025.03.19-16.13.59:579][  0]LogConfig: Setting CVar [[r.VolumetricFog.GridPixelSize:8]]
[2025.03.19-16.13.59:579][  0]LogConfig: Setting CVar [[r.VolumetricFog.GridSizeZ:128]]
[2025.03.19-16.13.59:579][  0]LogConfig: Setting CVar [[r.VolumetricFog.HistoryMissSupersampleCount:4]]
[2025.03.19-16.13.59:579][  0]LogConfig: Setting CVar [[r.LightMaxDrawDistanceScale:1]]
[2025.03.19-16.13.59:579][  0]LogConfig: Setting CVar [[r.CapsuleShadows:1]]
[2025.03.19-16.13.59:579][  0]LogConfig: Applying CVar settings from Section [PostProcessQuality@3] File [D:/UnrealProjects/COMP217GroupProject/DungeonDash/Saved/Config/Windows/Scalability.ini]
[2025.03.19-16.13.59:579][  0]LogConfig: Setting CVar [[r.MotionBlurQuality:4]]
[2025.03.19-16.13.59:579][  0]LogConfig: Setting CVar [[r.AmbientOcclusionMipLevelFactor:0.4]]
[2025.03.19-16.13.59:579][  0]LogConfig: Setting CVar [[r.AmbientOcclusionMaxQuality:100]]
[2025.03.19-16.13.59:579][  0]LogConfig: Setting CVar [[r.AmbientOcclusionLevels:-1]]
[2025.03.19-16.13.59:579][  0]LogConfig: Setting CVar [[r.AmbientOcclusionRadiusScale:1.0]]
[2025.03.19-16.13.59:579][  0]LogConfig: Setting CVar [[r.DepthOfFieldQuality:2]]
[2025.03.19-16.13.59:579][  0]LogConfig: Setting CVar [[r.RenderTargetPoolMin:400]]
[2025.03.19-16.13.59:579][  0]LogConfig: Setting CVar [[r.LensFlareQuality:2]]
[2025.03.19-16.13.59:580][  0]LogConfig: Setting CVar [[r.SceneColorFringeQuality:1]]
[2025.03.19-16.13.59:580][  0]LogConfig: Setting CVar [[r.EyeAdaptationQuality:2]]
[2025.03.19-16.13.59:580][  0]LogConfig: Setting CVar [[r.BloomQuality:5]]
[2025.03.19-16.13.59:580][  0]LogConfig: Setting CVar [[r.FastBlurThreshold:100]]
[2025.03.19-16.13.59:580][  0]LogConfig: Setting CVar [[r.Upscale.Quality:3]]
[2025.03.19-16.13.59:580][  0]LogConfig: Setting CVar [[r.Tonemapper.GrainQuantization:1]]
[2025.03.19-16.13.59:580][  0]LogConfig: Setting CVar [[r.LightShaftQuality:1]]
[2025.03.19-16.13.59:580][  0]LogConfig: Setting CVar [[r.Filter.SizeScale:1]]
[2025.03.19-16.13.59:580][  0]LogConfig: Setting CVar [[r.Tonemapper.Quality:5]]
[2025.03.19-16.13.59:580][  0]LogConfig: Setting CVar [[r.DOF.Gather.AccumulatorQuality:1        ; higher gathering accumulator quality]]
[2025.03.19-16.13.59:580][  0]LogConfig: Setting CVar [[r.DOF.Gather.PostfilterMethod:1          ; Median3x3 postfilering method]]
[2025.03.19-16.13.59:580][  0]LogConfig: Setting CVar [[r.DOF.Gather.EnableBokehSettings:0       ; no bokeh simulation when gathering]]
[2025.03.19-16.13.59:580][  0]LogConfig: Setting CVar [[r.DOF.Gather.RingCount:4                 ; medium number of samples when gathering]]
[2025.03.19-16.13.59:580][  0]LogConfig: Setting CVar [[r.DOF.Scatter.ForegroundCompositing:1    ; additive foreground scattering]]
[2025.03.19-16.13.59:580][  0]LogConfig: Setting CVar [[r.DOF.Scatter.BackgroundCompositing:2    ; additive background scattering]]
[2025.03.19-16.13.59:580][  0]LogConfig: Setting CVar [[r.DOF.Scatter.EnableBokehSettings:1      ; bokeh simulation when scattering]]
[2025.03.19-16.13.59:580][  0]LogConfig: Setting CVar [[r.DOF.Scatter.MaxSpriteRatio:0.1         ; only a maximum of 10% of scattered bokeh]]
[2025.03.19-16.13.59:580][  0]LogConfig: Setting CVar [[r.DOF.Recombine.Quality:1                ; cheap slight out of focus]]
[2025.03.19-16.13.59:580][  0]LogConfig: Setting CVar [[r.DOF.Recombine.EnableBokehSettings:0    ; no bokeh simulation on slight out of focus]]
[2025.03.19-16.13.59:580][  0]LogConfig: Setting CVar [[r.DOF.TemporalAAQuality:1                ; more stable temporal accumulation]]
[2025.03.19-16.13.59:580][  0]LogConfig: Setting CVar [[r.DOF.Kernel.MaxForegroundRadius:0.025]]
[2025.03.19-16.13.59:580][  0]LogConfig: Setting CVar [[r.DOF.Kernel.MaxBackgroundRadius:0.025]]
[2025.03.19-16.13.59:580][  0]LogConfig: Applying CVar settings from Section [TextureQuality@3] File [D:/UnrealProjects/COMP217GroupProject/DungeonDash/Saved/Config/Windows/Scalability.ini]
[2025.03.19-16.13.59:580][  0]LogConfig: Setting CVar [[r.Streaming.MipBias:0]]
[2025.03.19-16.13.59:580][  0]LogConfig: Setting CVar [[r.Streaming.AmortizeCPUToGPUCopy:0]]
[2025.03.19-16.13.59:580][  0]LogConfig: Setting CVar [[r.Streaming.MaxNumTexturesToStreamPerFrame:0]]
[2025.03.19-16.13.59:580][  0]LogConfig: Setting CVar [[r.Streaming.Boost:1]]
[2025.03.19-16.13.59:580][  0]LogConfig: Setting CVar [[r.MaxAnisotropy:8]]
[2025.03.19-16.13.59:580][  0]LogConfig: Setting CVar [[r.VT.MaxAnisotropy:8]]
[2025.03.19-16.13.59:580][  0]LogConfig: Setting CVar [[r.Streaming.LimitPoolSizeToVRAM:0]]
[2025.03.19-16.13.59:580][  0]LogConfig: Setting CVar [[r.Streaming.PoolSize:1000]]
[2025.03.19-16.13.59:580][  0]LogConfig: Setting CVar [[r.Streaming.MaxEffectiveScreenSize:0]]
[2025.03.19-16.13.59:580][  0]LogConfig: Applying CVar settings from Section [EffectsQuality@3] File [D:/UnrealProjects/COMP217GroupProject/DungeonDash/Saved/Config/Windows/Scalability.ini]
[2025.03.19-16.13.59:580][  0]LogConfig: Setting CVar [[r.TranslucencyLightingVolumeDim:64]]
[2025.03.19-16.13.59:580][  0]LogConfig: Setting CVar [[r.RefractionQuality:2]]
[2025.03.19-16.13.59:580][  0]LogConfig: Setting CVar [[r.SSR.Quality:3]]
[2025.03.19-16.13.59:580][  0]LogConfig: Setting CVar [[r.SSR.HalfResSceneColor:0]]
[2025.03.19-16.13.59:580][  0]LogConfig: Setting CVar [[r.SceneColorFormat:4]]
[2025.03.19-16.13.59:580][  0]LogConfig: Setting CVar [[r.DetailMode:2]]
[2025.03.19-16.13.59:580][  0]LogConfig: Setting CVar [[r.TranslucencyVolumeBlur:1]]
[2025.03.19-16.13.59:580][  0]LogConfig: Setting CVar [[r.MaterialQualityLevel:1 ; High quality]]
[2025.03.19-16.13.59:580][  0]LogConfig: Setting CVar [[r.AnisotropicMaterials:1]]
[2025.03.19-16.13.59:580][  0]LogConfig: Setting CVar [[r.SSS.Scale:1]]
[2025.03.19-16.13.59:580][  0]LogConfig: Setting CVar [[r.SSS.SampleSet:2]]
[2025.03.19-16.13.59:580][  0]LogConfig: Setting CVar [[r.SSS.Quality:1]]
[2025.03.19-16.13.59:580][  0]LogConfig: Setting CVar [[r.SSS.HalfRes:0]]
[2025.03.19-16.13.59:580][  0]LogConfig: Setting CVar [[r.SSGI.Quality:3]]
[2025.03.19-16.13.59:580][  0]LogConfig: Setting CVar [[r.EmitterSpawnRateScale:1.0]]
[2025.03.19-16.13.59:580][  0]LogConfig: Setting CVar [[r.ParticleLightQuality:2]]
[2025.03.19-16.13.59:580][  0]LogConfig: Setting CVar [[r.SkyAtmosphere.AerialPerspectiveLUT.FastApplyOnOpaque:1 ; Always have FastSkyLUT 1 in this case to avoid wrong sky]]
[2025.03.19-16.13.59:580][  0]LogConfig: Setting CVar [[r.SkyAtmosphere.AerialPerspectiveLUT.SampleCountMaxPerSlice:4]]
[2025.03.19-16.13.59:580][  0]LogConfig: Setting CVar [[r.SkyAtmosphere.AerialPerspectiveLUT.DepthResolution:16.0]]
[2025.03.19-16.13.59:580][  0]LogConfig: Setting CVar [[r.SkyAtmosphere.FastSkyLUT:1]]
[2025.03.19-16.13.59:580][  0]LogConfig: Setting CVar [[r.SkyAtmosphere.FastSkyLUT.SampleCountMin:4.0]]
[2025.03.19-16.13.59:580][  0]LogConfig: Setting CVar [[r.SkyAtmosphere.FastSkyLUT.SampleCountMax:128.0]]
[2025.03.19-16.13.59:580][  0]LogConfig: Setting CVar [[r.SkyAtmosphere.SampleCountMin:4.0]]
[2025.03.19-16.13.59:580][  0]LogConfig: Setting CVar [[r.SkyAtmosphere.SampleCountMax:128.0]]
[2025.03.19-16.13.59:580][  0]LogConfig: Setting CVar [[r.SkyAtmosphere.TransmittanceLUT.UseSmallFormat:0]]
[2025.03.19-16.13.59:580][  0]LogConfig: Setting CVar [[r.SkyAtmosphere.TransmittanceLUT.SampleCount:10.0]]
[2025.03.19-16.13.59:580][  0]LogConfig: Setting CVar [[r.SkyAtmosphere.MultiScatteringLUT.SampleCount:15.0]]
[2025.03.19-16.13.59:580][  0]LogConfig: Setting CVar [[r.SkyLight.RealTimeReflectionCapture:1]]
[2025.03.19-16.13.59:580][  0]LogConfig: Applying CVar settings from Section [FoliageQuality@3] File [D:/UnrealProjects/COMP217GroupProject/DungeonDash/Saved/Config/Windows/Scalability.ini]
[2025.03.19-16.13.59:580][  0]LogConfig: Setting CVar [[foliage.DensityScale:1.0]]
[2025.03.19-16.13.59:580][  0]LogConfig: Setting CVar [[grass.DensityScale:1.0]]
[2025.03.19-16.13.59:580][  0]LogConfig: Applying CVar settings from Section [ShadingQuality@3] File [D:/UnrealProjects/COMP217GroupProject/DungeonDash/Saved/Config/Windows/Scalability.ini]
[2025.03.19-16.13.59:580][  0]LogConfig: Setting CVar [[r.HairStrands.SkyLighting.IntegrationType:2]]
[2025.03.19-16.13.59:580][  0]LogConfig: Setting CVar [[r.HairStrands.SkyAO.SampleCount:4]]
[2025.03.19-16.13.59:580][  0]LogConfig: Setting CVar [[r.HairStrands.Visibility.MSAA.SamplePerPixel:4]]
[2025.03.19-16.13.59:580][  0]LogConfig: Applying CVar settings from Section [Startup] File [../../../Engine/Config/ConsoleVariables.ini]
[2025.03.19-16.13.59:587][  0]LogConfig: Setting CVar [[net.UseAdaptiveNetUpdateFrequency:0]]
[2025.03.19-16.13.59:587][  0]LogConfig: Setting CVar [[p.chaos.AllowCreatePhysxBodies:1]]
[2025.03.19-16.13.59:587][  0]LogConfig: Setting CVar [[fx.SkipVectorVMBackendOptimizations:1]]
[2025.03.19-16.13.59:587][  0]LogConfig: Applying CVar settings from Section [ConsoleVariables] File [D:/UnrealProjects/COMP217GroupProject/DungeonDash/Saved/Config/Windows/Engine.ini]
[2025.03.19-16.13.59:587][  0]LogConfig: Applying CVar settings from Section [ConsoleVariables] File [D:/UnrealProjects/COMP217GroupProject/DungeonDash/Saved/Config/Windows/Editor.ini]
[2025.03.19-16.13.59:587][  0]LogInit: Computer: PRTS
[2025.03.19-16.13.59:587][  0]LogInit: User: zibin
[2025.03.19-16.13.59:587][  0]LogInit: CPU Page size=4096, Cores=14
[2025.03.19-16.13.59:587][  0]LogInit: High frequency timer resolution =10.000000 MHz
[2025.03.19-16.13.59:587][  0]LogMemory: Memory total: Physical=31.6GB (32GB approx)
[2025.03.19-16.13.59:587][  0]LogMemory: Platform Memory Stats for Windows
[2025.03.19-16.13.59:587][  0]LogMemory: Process Physical Memory: 151.62 MB used, 151.62 MB peak
[2025.03.19-16.13.59:587][  0]LogMemory: Process Virtual Memory: 128.18 MB used, 128.18 MB peak
[2025.03.19-16.13.59:587][  0]LogMemory: Physical Memory: 12017.71 MB used,  20369.54 MB free, 32387.25 MB total
[2025.03.19-16.13.59:587][  0]LogMemory: Virtual Memory: 134194192.00 MB used,  23539.32 MB free, 134217728.00 MB total
[2025.03.19-16.13.59:593][  0]LogWindows: WindowsPlatformFeatures enabled
[2025.03.19-16.13.59:886][  0]LogInit: Physics initialised using underlying interface: PhysX
[2025.03.19-16.13.59:887][  0]LogInit: Overriding language with editor language configuration option (en).
[2025.03.19-16.13.59:887][  0]LogInit: Overriding language with editor locale configuration option (en).
[2025.03.19-16.14.00:117][  0]LogInit: Setting process to per monitor DPI aware
[2025.03.19-16.14.00:144][  0]LogWindowsTextInputMethodSystem: Display: IME system deactivated.
[2025.03.19-16.14.00:202][  0]LogSlate: New Slate User Created.  User Index 0, Is Virtual User: 0
[2025.03.19-16.14.00:202][  0]LogSlate: Slate User Registered.  User Index 0, Is Virtual User: 0
[2025.03.19-16.14.02:794][  0]LogD3D11RHI: Loaded GFSDK_Aftermath_Lib.x64.dll
[2025.03.19-16.14.02:834][  0]LogHMD: Failed to initialize OpenVR with code 110
[2025.03.19-16.14.02:834][  0]LogD3D11RHI: D3D11 min allowed feature level: 11_0
[2025.03.19-16.14.02:834][  0]LogD3D11RHI: D3D11 max allowed feature level: 11_0
[2025.03.19-16.14.02:834][  0]LogD3D11RHI: D3D11 adapters:
[2025.03.19-16.14.03:006][  0]LogD3D11RHI:    0. 'NVIDIA GeForce RTX 4070 Laptop GPU' (Feature Level 11_0)
[2025.03.19-16.14.03:007][  0]LogD3D11RHI:       7948/0/16193 MB DedicatedVideo/DedicatedSystem/SharedSystem, Outputs:1, VendorId:0x10de
[2025.03.19-16.14.03:047][  0]LogD3D11RHI:    1. 'Intel(R) Iris(R) Xe Graphics' (Feature Level 11_0)
[2025.03.19-16.14.03:047][  0]LogD3D11RHI:       128/0/16193 MB DedicatedVideo/DedicatedSystem/SharedSystem, Outputs:0, VendorId:0x8086
[2025.03.19-16.14.03:050][  0]LogD3D11RHI:    2. 'Microsoft Basic Render Driver' (Feature Level 11_0)
[2025.03.19-16.14.03:050][  0]LogD3D11RHI:       0/0/16193 MB DedicatedVideo/DedicatedSystem/SharedSystem, Outputs:0, VendorId:0x1414
[2025.03.19-16.14.03:050][  0]LogD3D11RHI: Chosen D3D11 Adapter:
[2025.03.19-16.14.03:050][  0]LogD3D11RHI:     Description : NVIDIA GeForce RTX 4070 Laptop GPU
[2025.03.19-16.14.03:050][  0]LogD3D11RHI:     VendorId    : 10de
[2025.03.19-16.14.03:050][  0]LogD3D11RHI:     DeviceId    : 2860
[2025.03.19-16.14.03:050][  0]LogD3D11RHI:     SubSysId    : 14731043
[2025.03.19-16.14.03:050][  0]LogD3D11RHI:     Revision    : 00a1
[2025.03.19-16.14.03:050][  0]LogD3D11RHI:     DedicatedVideoMemory : 8334082048 bytes
[2025.03.19-16.14.03:050][  0]LogD3D11RHI:     DedicatedSystemMemory : 0 bytes
[2025.03.19-16.14.03:050][  0]LogD3D11RHI:     SharedSystemMemory : 16980244480 bytes
[2025.03.19-16.14.03:050][  0]LogD3D11RHI:     AdapterLuid : 0 73455
[2025.03.19-16.14.03:059][  0]LogD3D11RHI: Creating new Direct3DDevice
[2025.03.19-16.14.03:059][  0]LogD3D11RHI:     GPU DeviceId: 0x2860 (for the marketing name, search the web for "GPU Device Id")
[2025.03.19-16.14.03:059][  0]LogWindows: EnumDisplayDevices:
[2025.03.19-16.14.03:060][  0]LogWindows:    0. 'Intel(R) Iris(R) Xe Graphics' (P:1 D:1)
[2025.03.19-16.14.03:060][  0]LogWindows:    1. 'Intel(R) Iris(R) Xe Graphics' (P:0 D:0)
[2025.03.19-16.14.03:060][  0]LogWindows:    2. 'Intel(R) Iris(R) Xe Graphics' (P:0 D:0)
[2025.03.19-16.14.03:060][  0]LogWindows:    3. 'Intel(R) Iris(R) Xe Graphics' (P:0 D:0)
[2025.03.19-16.14.03:060][  0]LogWindows:    4. 'NVIDIA GeForce RTX 4070 Laptop GPU' (P:0 D:0)
[2025.03.19-16.14.03:060][  0]LogWindows:    5. 'NVIDIA GeForce RTX 4070 Laptop GPU' (P:0 D:0)
[2025.03.19-16.14.03:060][  0]LogWindows:    6. 'NVIDIA GeForce RTX 4070 Laptop GPU' (P:0 D:0)
[2025.03.19-16.14.03:060][  0]LogWindows:    7. 'NVIDIA GeForce RTX 4070 Laptop GPU' (P:0 D:0)
[2025.03.19-16.14.03:060][  0]LogWindows: DebugString: PrimaryIsNotTheChoosenAdapter PrimaryIsNotTheChoosenAdapter PrimaryIsNotTheChoosenAdapter PrimaryIsNotTheChoosenAdapter FoundDriverCount:4 
[2025.03.19-16.14.03:060][  0]LogD3D11RHI:     Adapter Name: NVIDIA GeForce RTX 4070 Laptop GPU
[2025.03.19-16.14.03:060][  0]LogD3D11RHI:   Driver Version: 572.60 (internal:32.0.15.7260, unified:572.60)
[2025.03.19-16.14.03:060][  0]LogD3D11RHI:      Driver Date: 2-25-2025
[2025.03.19-16.14.03:060][  0]LogRHI: Texture pool is 5563 MB (70% of 7948 MB)
[2025.03.19-16.14.03:061][  0]LogD3D11RHI: Creating D3DDevice using adapter:
[2025.03.19-16.14.03:061][  0]LogD3D11RHI:     Description : NVIDIA GeForce RTX 4070 Laptop GPU
[2025.03.19-16.14.03:061][  0]LogD3D11RHI:     VendorId    : 10de
[2025.03.19-16.14.03:061][  0]LogD3D11RHI:     DeviceId    : 2860
[2025.03.19-16.14.03:061][  0]LogD3D11RHI:     SubSysId    : 14731043
[2025.03.19-16.14.03:061][  0]LogD3D11RHI:     Revision    : 00a1
[2025.03.19-16.14.03:061][  0]LogD3D11RHI:     DedicatedVideoMemory : 8334082048 bytes
[2025.03.19-16.14.03:061][  0]LogD3D11RHI:     DedicatedSystemMemory : 0 bytes
[2025.03.19-16.14.03:061][  0]LogD3D11RHI:     SharedSystemMemory : 16980244480 bytes
[2025.03.19-16.14.03:061][  0]LogD3D11RHI:     AdapterLuid : 0 73455
[2025.03.19-16.14.03:163][  0]LogD3D11RHI: RHI has support for 64 bit atomics
[2025.03.19-16.14.03:164][  0]LogD3D11RHI: Async texture creation enabled
[2025.03.19-16.14.03:164][  0]LogD3D11RHI: Array index from any shader is supported
[2025.03.19-16.14.03:187][  0]LogD3D11RHI: GPU Timing Frequency: 1000.000000 (Debug: 2 2)
[2025.03.19-16.14.03:270][  0]LogRHI: GeForceNow SDK initialized: 1
[2025.03.19-16.14.03:997][  0]LogTargetPlatformManager: Display: Loaded TargetPlatform 'AllDesktop'
[2025.03.19-16.14.04:032][  0]LogTargetPlatformManager: Display: Loaded TargetPlatform 'Android'
[2025.03.19-16.14.04:032][  0]LogTargetPlatformManager: Display: Loaded TargetPlatform 'Android_ASTC'
[2025.03.19-16.14.04:032][  0]LogTargetPlatformManager: Display: Loaded TargetPlatform 'Android_DXT'
[2025.03.19-16.14.04:032][  0]LogTargetPlatformManager: Display: Loaded TargetPlatform 'Android_ETC2'
[2025.03.19-16.14.04:032][  0]LogTargetPlatformManager: Display: Loaded TargetPlatform 'AndroidClient'
[2025.03.19-16.14.04:032][  0]LogTargetPlatformManager: Display: Loaded TargetPlatform 'Android_ASTCClient'
[2025.03.19-16.14.04:032][  0]LogTargetPlatformManager: Display: Loaded TargetPlatform 'Android_DXTClient'
[2025.03.19-16.14.04:032][  0]LogTargetPlatformManager: Display: Loaded TargetPlatform 'Android_ETC2Client'
[2025.03.19-16.14.04:032][  0]LogTargetPlatformManager: Display: Loaded TargetPlatform 'Android_Multi'
[2025.03.19-16.14.04:032][  0]LogTargetPlatformManager: Display: Loaded TargetPlatform 'Android_MultiClient'
[2025.03.19-16.14.04:111][  0]LogTargetPlatformManager: Display: Loaded TargetPlatform 'IOSClient'
[2025.03.19-16.14.04:111][  0]LogTargetPlatformManager: Display: Loaded TargetPlatform 'IOS'
[2025.03.19-16.14.04:147][  0]LogTargetPlatformManager: Display: Loaded TargetPlatform 'Linux'
[2025.03.19-16.14.04:170][  0]LogTargetPlatformManager: Display: Loaded TargetPlatform 'LinuxNoEditor'
[2025.03.19-16.14.04:192][  0]LogTargetPlatformManager: Display: Loaded TargetPlatform 'LinuxClient'
[2025.03.19-16.14.04:216][  0]LogTargetPlatformManager: Display: Loaded TargetPlatform 'LinuxServer'
[2025.03.19-16.14.04:250][  0]LogTargetPlatformManager: Display: Loaded TargetPlatform 'LinuxAArch64NoEditor'
[2025.03.19-16.14.04:275][  0]LogTargetPlatformManager: Display: Loaded TargetPlatform 'LinuxAArch64Client'
[2025.03.19-16.14.04:298][  0]LogTargetPlatformManager: Display: Loaded TargetPlatform 'LinuxAArch64Server'
[2025.03.19-16.14.04:337][  0]LogTargetPlatformManager: Display: Loaded TargetPlatform 'Lumin'
[2025.03.19-16.14.04:337][  0]LogTargetPlatformManager: Display: Loaded TargetPlatform 'LuminClient'
[2025.03.19-16.14.04:372][  0]LogTargetPlatformManager: Display: Loaded TargetPlatform 'MacNoEditor'
[2025.03.19-16.14.04:394][  0]LogTargetPlatformManager: Display: Loaded TargetPlatform 'Mac'
[2025.03.19-16.14.04:416][  0]LogTargetPlatformManager: Display: Loaded TargetPlatform 'MacClient'
[2025.03.19-16.14.04:441][  0]LogTargetPlatformManager: Display: Loaded TargetPlatform 'MacServer'
[2025.03.19-16.14.04:465][  0]LogTargetPlatformManager: Display: Loaded TargetPlatform 'TVOSClient'
[2025.03.19-16.14.04:465][  0]LogTargetPlatformManager: Display: Loaded TargetPlatform 'TVOS'
[2025.03.19-16.14.04:492][  0]LogTargetPlatformManager: Display: Loaded TargetPlatform 'WindowsNoEditor'
[2025.03.19-16.14.04:517][  0]LogTargetPlatformManager: Display: Loaded TargetPlatform 'Windows'
[2025.03.19-16.14.04:544][  0]LogTargetPlatformManager: Display: Loaded TargetPlatform 'WindowsClient'
[2025.03.19-16.14.04:568][  0]LogTargetPlatformManager: Display: Loaded TargetPlatform 'WindowsServer'
[2025.03.19-16.14.04:568][  0]LogTargetPlatformManager: Display: Building Assets For Windows
[2025.03.19-16.14.04:668][  0]LogAudioDebug: Display: Lib vorbis DLL was dynamically loaded.
[2025.03.19-16.14.04:945][  0]LogTextureFormatOodle: Display: Oodle Texture 2.9.0 init RDO Off
[2025.03.19-16.14.05:249][  0]LogRendererCore: Ray tracing is disabled. Reason: r.RayTracing=0.
[2025.03.19-16.14.05:250][  0]LogShaderCompilers: Guid format shader working directory is -19 characters bigger than the processId version (../../../../../../UnrealProjects/COMP217GroupProject/DungeonDash/Intermediate/Shaders/WorkingDirectory/30468/).
[2025.03.19-16.14.05:250][  0]LogShaderCompilers: Cleaned the shader compiler working directory 'C:/Users/zibin/AppData/Local/Temp/UnrealShaderWorkingDir/0CC530C944823D0A776D32A97FD946BA/'.
[2025.03.19-16.14.05:250][  0]LogXGEController: Cannot use XGE Controller as Incredibuild is not installed on this machine.
[2025.03.19-16.14.05:250][  0]LogShaderCompilers: Cannot use XGE Shader Compiler as Incredibuild is not installed on this machine.
[2025.03.19-16.14.05:250][  0]LogShaderCompilers: Display: Using Local Shader Compiler.
[2025.03.19-16.14.08:571][  0]LogDerivedDataCache: Display: Max Cache Size: 512 MB
[2025.03.19-16.14.08:656][  0]LogDerivedDataCache: Loaded boot cache 0.08s 94MB C:/Users/zibin/AppData/Local/UnrealEngine/4.27/DerivedDataCache/Boot.ddc.
[2025.03.19-16.14.08:656][  0]LogDerivedDataCache: Display: Loaded Boot cache: C:/Users/zibin/AppData/Local/UnrealEngine/4.27/DerivedDataCache/Boot.ddc
[2025.03.19-16.14.08:656][  0]LogDerivedDataCache: FDerivedDataBackendGraph:  Pak pak cache file ../../../../../../UnrealProjects/COMP217GroupProject/DungeonDash/DerivedDataCache/DDC.ddp not found, will not use a pak cache.
[2025.03.19-16.14.08:656][  0]LogDerivedDataCache: Unable to find inner node Pak for hierarchical cache Hierarchy.
[2025.03.19-16.14.08:656][  0]LogDerivedDataCache: FDerivedDataBackendGraph:  CompressedPak pak cache file ../../../../../../UnrealProjects/COMP217GroupProject/DungeonDash/DerivedDataCache/Compressed.ddp not found, will not use a pak cache.
[2025.03.19-16.14.08:656][  0]LogDerivedDataCache: Unable to find inner node CompressedPak for hierarchical cache Hierarchy.
[2025.03.19-16.14.08:879][  0]LogDerivedDataCache: Display: Pak cache opened for reading ../../../Engine/DerivedDataCache/Compressed.ddp.
[2025.03.19-16.14.08:879][  0]LogDerivedDataCache: FDerivedDataBackendGraph:  EnterprisePak pak cache file ../../../Enterprise/DerivedDataCache/Compressed.ddp not found, will not use a pak cache.
[2025.03.19-16.14.08:879][  0]LogDerivedDataCache: Unable to find inner node EnterprisePak for hierarchical cache Hierarchy.
[2025.03.19-16.14.08:933][  0]LogDerivedDataCache: Speed tests for C:/Users/zibin/AppData/Local/UnrealEngine/Common/DerivedDataCache took 0.05 seconds
[2025.03.19-16.14.08:933][  0]LogDerivedDataCache: Display: Performance to C:/Users/zibin/AppData/Local/UnrealEngine/Common/DerivedDataCache: Latency=0.23ms. RandomReadSpeed=20.12MBs, RandomWriteSpeed=174.69MBs. Assigned SpeedClass 'Local'
[2025.03.19-16.14.08:934][  0]LogDerivedDataCache: Using Local data cache path C:/Users/zibin/AppData/Local/UnrealEngine/Common/DerivedDataCache: Writable
[2025.03.19-16.14.08:934][  0]LogDerivedDataCache: Shared data cache path not found in *engine.ini, will not use an Shared cache.
[2025.03.19-16.14.08:934][  0]LogDerivedDataCache: Unable to find inner node Shared for hierarchical cache Hierarchy.
[2025.03.19-16.14.08:972][  0]LogSlate: Using FreeType 2.10.0
[2025.03.19-16.14.08:979][  0]LogSlate: SlateFontServices - WITH_FREETYPE: 1, WITH_HARFBUZZ: 1
[2025.03.19-16.14.09:066][  0]LogAssetRegistry: FAssetRegistry took 0.0029 seconds to start up
[2025.03.19-16.14.09:276][  0]LogInit: Selected Device Profile: [Windows]
[2025.03.19-16.14.09:276][  0]LogInit: Active device profile: [00000151947D0700][0000015193A1C6C0 49] Windows
[2025.03.19-16.14.09:276][  0]LogInit: Profiles: [00000151947D0700][0000015193A1C6C0 49] Windows, [000001519479B700][000001518B8C8800 49] WindowsNoEditor, [00000151947D3300][000001518B8CC940 49] WindowsServer, [0000015194798F00][0000015194A34AC0 49] WindowsClient, [00000151947D3500][0000015194A38C40 49] IOS, [000001519476FF00][0000015194A3CDC0 49] iPadAir, [000001519479BB00][0000015194A40F40 49] iPadAir2, [000001519472C500][0000015194A49200 49] IPadPro, [000001519472C600][0000015194A45240 49] iPadAir3, [000001519476C100][0000015194A4D3C0 49] iPadAir4, [000001519472EC00][0000015194A51540 49] iPadMini2, [000001519476E500][0000015194A556C0 49] iPadMini3, [000001519472F400][0000015194A59840 49] iPadMini4, [000001519476CF00][0000015194A5D9C0 49] iPadMini5, [000001519472BE00][0000015194A64100 49] iPhone6, [000001519472BF00][0000015194A60140 49] iPodTouch6, [00000151947D3900][0000015194A6C400 49] iPhone7, [00000151947D2100][0000015194A68440 49] iPodTouch7, [0000015194728400][0000015194A705C0 49] iPhone5S, [000001519472FD00][0000015194A74740 49] iPhone6Plus, [00000151947D3400][0000015194A30880 49] iPhone6S, [000001519472E000][0000015194A789C0 49] iPhone6SPlus, [00000151947D0900][0000015194A7CB00 49] iPhone7Plus, [000001519472CE00][0000015194A84C80 49] iPhoneSE, [00000151947D0200][0000015194A88E00 49] iPhone8, [000001519472E400][0000015194A8CF80 49] iPhone8Plus, [00000151947D1E00][0000015194A91100 49] iPhoneX, [000001519472FE00][0000015194A95280 49] iPhoneXS, [00000151947D1600][0000015194A99400 49] iPhoneXSMax, [000001519472E500][0000015194A9D580 49] iPhoneXR, [00000151947D2A00][0000015194AA1700 49] iPhone11, [000001519472FA00][0000015194AA5880 49] iPhone11Pro, [00000151947D0F00][0000015194AA9A00 49] iPhone11ProMax, [000001519472E300][0000015194AADB80 49] iPhoneSE2, [00000151947D2700][0000015194AB0180 49] iPhone12Mini, [000001519472C700][0000015194AB4300 49] iPhone12, [00000151947D3100][0000015194AB8480 49] iPhone12Pro, [000001519472F500][0000015194ABC600 49] iPhone12ProMax, [00000151947D0800][0000015194AC0780 49] iPadPro105, [000001519472DC00][0000015194AC4900 49] iPadPro129, [00000151947D0300][0000015194A80A40 49] iPadPro97, [000001519472DD00][0000015194AC8B80 49] iPadPro2_129, [00000151947D0C00][0000015194ACCCC0 49] iPad5, [000001519472F000][0000015194AD4E40 49] iPad6, [00000151947D2C00][0000015194AD8FC0 49] iPad7, [000001519472EE00][0000015194ADD140 49] iPad8, [00000151947D1800][0000015194AE12C0 49] iPadPro11, [000001519472DB00][0000015194AE5440 49] iPadPro2_11, [00000151947D1500][0000015194AE95C0 49] iPadPro3_129, [000001519472E700][0000015194AED740 49] iPadPro4_129, [00000151947D0100][0000015194AF18C0 49] AppleTV, [000001519472EB00][0000015194AF5A40 49] AppleTV4K, [00000151947D1B00][0000015194AF9BC0 49] TVOS, [000001519472C900][0000015194AFC1C0 49] Mac, [00000151947D1700][0000015194B00340 49] MacClient, [000001519472EF00][0000015194B044C0 49] MacNoEditor, [00000151947D0D00][0000015194B08640 49] MacServer, [000001519472C300][0000015194B0C7C0 49] Linux, [00000151947D2E00][0000015194B10940 49] LinuxAArch64, [000001519472D500][0000015194B14AC0 49] LinuxNoEditor, [00000151947D2400][0000015194AD0C00 49] LinuxAArch64NoEditor, [000001519472C200][0000015194B18D40 49] LinuxClient, [00000151947D2D00][0000015194B1CE80 49] LinuxAArch64Client, [000001519472CC00][0000015194B20FC0 49] LinuxServer, [00000151947D0400][0000015194B29140 49] LinuxAArch64Server, [000001519472D000][0000015194B2D2C0 49] Android, [000001519476F900][0000015194B31440 49] Android_Low, [0000015194729B00][0000015194B355C0 49] Android_Mid, [000001519476F000][0000015194B39740 49] Android_High, [000001519472A300][0000015194B3D8C0 49] Android_Default, [000001519476E000][0000015194B41A40 49] Android_Adreno4xx, [0000015194728100][0000015194B45BC0 49] Android_Adreno5xx_Low, [000001519476CB00][0000015194B481C0 49] Android_Adreno5xx, [0000015194729800][0000015194B4C340 49] Android_Adreno6xx, [000001519476D100][0000015194B504C0 49] Android_Adreno6xx_Vulkan, [0000015194728800][0000015194B54640 49] Android_Mali_T6xx, [000001519476F600][0000015194B587C0 49] Android_Mali_T7xx, [0000015194728D00][0000015194B5C940 49] Android_Mali_T8xx, [000001519476FC00][0000015194B60AC0 49] Android_Mali_G71, [0000015194729500][0000015194B64C40 49] Android_Mali_G72, [000001519476FE00][0000015194B24D80 49] Android_Mali_G72_Vulkan, [000001519472BD00][0000015194B68EC0 49] Android_Mali_G76, [000001519476FA00][0000015194B6D000 49] Android_Mali_G76_Vulkan, [000001519472B600][0000015194B71140 49] Android_Mali_G77, [000001519476E200][0000015194B792C0 49] Android_Mali_G77_Vulkan, [0000015194729200][0000015194B7D440 49] Android_Mali_G78, [000001519476CA00][0000015194B815C0 49] Android_Mali_G78_Vulkan, [000001519472B000][0000015194B85740 49] Android_Mali_G710, [000001519476D400][0000015194B898C0 49] Android_Mali_G710_Vulkan, [0000015194728700][0000015194B8DA40 49] Android_Vulkan_SM5, [000001519476D800][0000015194B91BC0 49] Android_PowerVR_G6xxx, [0000015194728E00][0000015194B941C0 49] Android_PowerVR_GT7xxx, [000001519476C200][0000015194B98340 49] Android_PowerVR_GE8xxx, [0000015194728600][0000015194B9C4C0 49] Android_PowerVR_GM9xxx, [000001519476E600][0000015194BA0640 49] Android_PowerVR_GM9xxx_Vulkan, [000001519472CF00][0000015194BA47C0 49] Android_TegraK1, [000001519476EA00][0000015194BA8940 49] Android_Unknown_Vulkan, [000001519472CD00][0000015194BACAC0 49] Lumin, [000001519476D200][0000015194BB0C40 49] Lumin_Desktop, [000001519472CB00][0000015194BB4DC0 49] HoloLens, 
[2025.03.19-16.14.09:751][  0]LogMeshReduction: Using QuadricMeshReduction for automatic static mesh reduction
[2025.03.19-16.14.09:751][  0]LogMeshReduction: Using SimplygonMeshReduction for automatic skeletal mesh reduction
[2025.03.19-16.14.09:751][  0]LogMeshReduction: Using ProxyLODMeshReduction for automatic mesh merging
[2025.03.19-16.14.09:751][  0]LogMeshReduction: No distributed automatic mesh merging module available
[2025.03.19-16.14.09:752][  0]LogMeshMerging: No distributed automatic mesh merging module available
[2025.03.19-16.14.09:796][  0]LogNetVersion: DungeonDash 1.0.0, NetCL: 17155196, EngineNetVer: 17, GameNetVer: 0 (Checksum: 3083342234)
[2025.03.19-16.14.10:974][  0]LogTexture: Default maximum texture size for cubemaps generated from long-lat sources has been changed from 512 to unlimited. In order to preserve old behaiour for '/Engine/MapTemplates/Sky/DaylightAmbientCubemap.DaylightAmbientCubemap', its maximum texture size has been explicitly set to 512.
[2025.03.19-16.14.11:035][  0]LogHMD: PokeAHoleMaterial loaded successfully
[2025.03.19-16.14.11:040][  0]LogUObjectArray: 17178 objects as part of root set at end of initial load.
[2025.03.19-16.14.11:040][  0]LogUObjectAllocator: 4302048 out of 0 bytes used by permanent object pool.
[2025.03.19-16.14.11:040][  0]LogUObjectArray: CloseDisregardForGC: 0/0 objects in disregard for GC pool
[2025.03.19-16.14.12:153][  0]LogNiagaraDebuggerClient: Niagara Debugger Client Initialized | Session: 927F268E4CECED56619C1EB24918A1BC | Instance: 926C9EEC4A8C77305549E69E5BCD0239 (PRTS-30468).
[2025.03.19-16.14.12:397][  0]LogTcpMessaging: Initializing TcpMessaging bridge
[2025.03.19-16.14.12:421][  0]LogUdpMessaging: Initializing bridge on interface 0.0.0.0:0 to multicast group 230.0.0.1:6666.
[2025.03.19-16.14.13:261][  0]LogPython: Using Python 3.7.7
[2025.03.19-16.14.14:952][  0]SourceControl: Source control is disabled
[2025.03.19-16.14.14:952][  0]SourceControl: Source control is disabled
[2025.03.19-16.14.14:976][  0]SourceControl: Source control is disabled
[2025.03.19-16.14.15:026][  0]SourceControl: Source control is disabled
[2025.03.19-16.14.15:051][  0]SourceControl: Source control is disabled
[2025.03.19-16.14.15:072][  0]LogUProjectInfo: Found projects:
[2025.03.19-16.14.16:419][  0]LogOpenImageDenoise: OIDN starting up
[2025.03.19-16.14.16:555][  0]LogAndroidPermission: UAndroidPermissionCallbackProxy::GetInstance
[2025.03.19-16.14.16:773][  0]LogAudioCaptureCore: Display: No Audio Capture implementations found. Audio input will be silent.
[2025.03.19-16.14.16:773][  0]LogAudioCaptureCore: Display: No Audio Capture implementations found. Audio input will be silent.
[2025.03.19-16.14.17:048][  0]LogCollectionManager: Loaded 0 collections in 0.000541 seconds
[2025.03.19-16.14.17:135][  0]LogFileCache: Scanning file cache for directory 'D:/UnrealProjects/COMP217GroupProject/DungeonDash/Saved/Collections/' took 0.00s
[2025.03.19-16.14.17:135][  0]LogFileCache: Scanning file cache for directory 'D:/UnrealProjects/COMP217GroupProject/DungeonDash/Content/Developers/zibin/Collections/' took 0.00s
[2025.03.19-16.14.17:135][  0]LogFileCache: Scanning file cache for directory 'D:/UnrealProjects/COMP217GroupProject/DungeonDash/Content/Collections/' took 0.00s
[2025.03.19-16.14.17:135][  0]LogOcInput: OculusInput pre-init called
[2025.03.19-16.14.17:472][  0]LogEngine: Initializing Engine...
[2025.03.19-16.14.17:513][  0]LogHMD: Failed to enumerate extensions. Please check that you have a valid OpenXR runtime installed.
[2025.03.19-16.14.17:513][  0]LogHMD: Failed to initialize OpenVR with code 110
[2025.03.19-16.14.17:516][  0]LogMagicLeap: Warning: VR disabled because ZI is not enabled.  To enable, in the editor, Edit -> Project Settings -> Plugins -> Magic Leap Plugin -> Enable Zero Iteration
[2025.03.19-16.14.17:518][  0]LogStats: UGameplayTagsManager::InitializeManager -  0.000 s
[2025.03.19-16.14.17:601][  0]LogInit: Initializing FReadOnlyCVARCache
[2025.03.19-16.14.17:635][  0]LogAIModule: Creating AISystem for world Untitled
[2025.03.19-16.14.17:637][  0]LogAudio: Display: Initializing Audio Device Manager...
[2025.03.19-16.14.17:657][  0]LogAudio: Display: Loading Default Audio Settings Objects...
[2025.03.19-16.14.17:658][  0]LogAudio: Display: No default SoundConcurrencyObject specified (or failed to load).
[2025.03.19-16.14.17:659][  0]LogAudio: Display: Audio Device Manager Initialized
[2025.03.19-16.14.17:659][  0]LogAudio: Display: Creating Audio Device:                 Id: 1, Scope: Shared, Realtime: True
[2025.03.19-16.14.17:659][  0]LogAudioMixer: Display: Audio Mixer Platform Settings:
[2025.03.19-16.14.17:659][  0]LogAudioMixer: Display: 	Sample Rate:						  48000
[2025.03.19-16.14.17:659][  0]LogAudioMixer: Display: 	Callback Buffer Frame Size Requested: 1024
[2025.03.19-16.14.17:659][  0]LogAudioMixer: Display: 	Callback Buffer Frame Size To Use:	  1024
[2025.03.19-16.14.17:659][  0]LogAudioMixer: Display: 	Number of buffers to queue:			  2
[2025.03.19-16.14.17:659][  0]LogAudioMixer: Display: 	Max Channels (voices):				  32
[2025.03.19-16.14.17:659][  0]LogAudioMixer: Display: 	Number of Async Source Workers:		  0
[2025.03.19-16.14.17:659][  0]LogAudio: Display: AudioDevice MaxSources: 32
[2025.03.19-16.14.17:659][  0]LogAudio: Display: Audio Spatialization Plugin: None (built-in).
[2025.03.19-16.14.17:659][  0]LogAudio: Display: Audio Reverb Plugin: None (built-in).
[2025.03.19-16.14.17:659][  0]LogAudio: Display: Audio Occlusion Plugin: None (built-in).
[2025.03.19-16.14.17:659][  0]LogAudioMixer: Display: Initializing audio mixer.
[2025.03.19-16.14.17:702][  0]LogAudioMixer: Display: 0: FrontLeft
[2025.03.19-16.14.17:702][  0]LogAudioMixer: Display: 1: FrontRight
[2025.03.19-16.14.18:539][  0]LogAudioMixer: Display: Using Audio Device Speakers (Realtek(R) Audio)
[2025.03.19-16.14.18:551][  0]LogAudioMixer: Display: Initializing Sound Submixes...
[2025.03.19-16.14.18:552][  0]LogAudioMixer: Display: Creating Master Submix 'MasterSubmixDefault'
[2025.03.19-16.14.18:552][  0]LogAudioMixer: Display: Creating Master Submix 'MasterReverbSubmixDefault'
[2025.03.19-16.14.18:553][  0]LogAudioMixer: Display: Creating Master Submix 'MasterEQSubmixDefault'
[2025.03.19-16.14.18:553][  0]LogAudioMixer: FMixerPlatformXAudio2::StartAudioStream() called
[2025.03.19-16.14.18:553][  0]LogAudioMixer: Display: Output buffers initialized: Frames=1024, Channels=2, Samples=2048
[2025.03.19-16.14.18:554][  0]LogAudioMixer: Display: Starting AudioMixerPlatformInterface::RunInternal()
[2025.03.19-16.14.18:554][  0]LogAudioMixer: Display: FMixerPlatformXAudio2::SubmitBuffer() called for the first time
[2025.03.19-16.14.18:554][  0]LogInit: FAudioDevice initialized.
[2025.03.19-16.14.18:555][  0]LogAudio: Display: Audio Device (ID: 1) registered with world 'Untitled'.
[2025.03.19-16.14.18:555][  0]LogNetVersion: Set ProjectVersion to 1.0.0.0. Version Checksum will be recalculated on next use.
[2025.03.19-16.14.18:597][  0]LogDerivedDataCache: Saved boot cache 0.04s 103MB C:/Users/zibin/AppData/Local/UnrealEngine/4.27/DerivedDataCache/Boot.ddc.
[2025.03.19-16.14.18:598][  0]LogInit: Texture streaming: Enabled
[2025.03.19-16.14.18:667][  0]LogAnalytics: Display: [UEEditor.Rocket.Release] APIServer = https://datarouter.ol.epicgames.com/. AppVersion = 4.27.2-18319896+++UE4+Release-4.27
[2025.03.19-16.14.18:688][  0]LogEngineSessionManager: EngineSessionManager initialized
[2025.03.19-16.14.18:688][  0]LogEditorSessionSummary: Verbose: Initializing EditorSessionSummaryWriter for editor session tracking
[2025.03.19-16.14.18:689][  0]LogEditorSessionSummary: EditorSessionSummaryWriter initialized
[2025.03.19-16.14.18:756][  0]LogInit: Transaction tracking system initialized
[2025.03.19-16.14.18:922][  0]BlueprintLog: New page: Editor Load
[2025.03.19-16.14.19:360][  0]LocalizationService: Localization service is disabled
[2025.03.19-16.14.19:535][  0]TimingProfiler: Initialize
[2025.03.19-16.14.19:536][  0]TimingProfiler: OnSessionChanged
[2025.03.19-16.14.19:536][  0]LoadingProfiler: Initialize
[2025.03.19-16.14.19:536][  0]LoadingProfiler: OnSessionChanged
[2025.03.19-16.14.19:536][  0]NetworkingProfiler: Initialize
[2025.03.19-16.14.19:536][  0]NetworkingProfiler: OnSessionChanged
[2025.03.19-16.14.19:537][  0]MemoryProfiler: Initialize
[2025.03.19-16.14.19:537][  0]MemoryProfiler: OnSessionChanged
[2025.03.19-16.14.19:893][  0]LogCook: Display: CookSettings for Memory: MemoryMaxUsedVirtual 0MiB, MemoryMaxUsedPhysical 16384MiB, MemoryMinFreeVirtual 0MiB, MemoryMinFreePhysical 1024MiB
[2025.03.19-16.14.19:893][  0]LogCook: Display: Mobile HDR setting 1
[2025.03.19-16.14.20:944][  0]LogFileCache: Scanning file cache for directory 'D:/UnrealProjects/COMP217GroupProject/DungeonDash/Content/' took 0.00s
[2025.03.19-16.14.21:164][  0]LogInit: Display: Engine is initialized. Leaving FEngineLoop::Init()
[2025.03.19-16.14.21:171][  0]SourceControl: Source control is disabled
[2025.03.19-16.14.21:171][  0]LogUnrealEdMisc: Loading editor; pre map load, took 25.292
[2025.03.19-16.14.21:171][  0]Cmd: MAP LOAD FILE="../../../../../../UnrealProjects/COMP217GroupProject/DungeonDash/Content/ThirdPersonCPP/Maps/ThirdPersonExampleMap.umap" TEMPLATE=0 SHOWPROGRESS=1 FEATURELEVEL=3
[2025.03.19-16.14.21:172][  0]LightingResults: New page: Lighting Build
[2025.03.19-16.14.21:174][  0]LogWorld: UWorld::CleanupWorld for Untitled, bSessionEnded=true, bCleanupResources=true
[2025.03.19-16.14.21:175][  0]LogSlate: InvalidateAllWidgets triggered.  All widgets were invalidated
[2025.03.19-16.14.21:175][  0]MapCheck: New page: Map Check
[2025.03.19-16.14.21:175][  0]LightingResults: New page: Lighting Build
[2025.03.19-16.14.21:179][  0]LogAudio: Display: Audio Device unregistered from world 'None'.
[2025.03.19-16.14.21:183][  0]LogUObjectHash: Compacting FUObjectHashTables data took   0.55ms
[2025.03.19-16.14.21:204][  0]LogLinker: Warning: [AssetLog] D:\UnrealProjects\COMP217GroupProject\DungeonDash\Content\ThirdPersonCPP\Maps\ThirdPersonExampleMap.umap: Failed to load '/Game/ThirdPersonCPP/Maps/ThirdPersonExampleMap_BuiltData': Can't find file.
[2025.03.19-16.14.21:204][  0]LogLinker: Warning: [AssetLog] D:\UnrealProjects\COMP217GroupProject\DungeonDash\Content\ThirdPersonCPP\Maps\ThirdPersonExampleMap.umap: Failed to load '/Game/ThirdPersonCPP/Maps/ThirdPersonExampleMap_BuiltData': Can't find file.
[2025.03.19-16.14.21:208][  0]LogLinker: Warning: [AssetLog] D:\UnrealProjects\COMP217GroupProject\DungeonDash\Content\ThirdPersonCPP\Maps\ThirdPersonExampleMap.umap: Failed to load '/Game/ThirdPersonCPP/Maps/ThirdPersonExampleMap_BuiltData': Can't find file.
[2025.03.19-16.14.21:208][  0]LogLinker: Warning: Failed to load '/Game/ThirdPersonCPP/Maps/ThirdPersonExampleMap_BuiltData': Can't find file.
[2025.03.19-16.14.21:209][  0]LogLinker: Warning: Failed to load '/Game/ThirdPersonCPP/Maps/ThirdPersonExampleMap_BuiltData': Can't find file.
[2025.03.19-16.14.21:210][  0]LogLinker: Warning: [AssetLog] D:\UnrealProjects\COMP217GroupProject\DungeonDash\Content\ThirdPersonCPP\Maps\ThirdPersonExampleMap.umap: Failed to load '/Game/ThirdPersonCPP/Maps/ThirdPersonExampleMap_BuiltData': Can't find file.
[2025.03.19-16.14.21:210][  0]LoadErrors: Failed to load /Game/ThirdPersonCPP/Maps/ThirdPersonExampleMap_BuiltData.ThirdPersonExampleMap_BuiltData Referenced by PersistentLevel
[2025.03.19-16.14.21:252][  0]LogAudio: Display: Audio Device (ID: 1) registered with world 'ThirdPersonExampleMap'.
[2025.03.19-16.14.21:253][  0]LogAIModule: Creating AISystem for world ThirdPersonExampleMap
[2025.03.19-16.14.21:268][  0]LogEditorServer: Finished looking for orphan Actors (0.000 secs)
[2025.03.19-16.14.21:274][  0]LogUObjectHash: Compacting FUObjectHashTables data took   0.69ms
[2025.03.19-16.14.21:276][  0]Cmd: MAP CHECKDEP NOCLEARLOG
[2025.03.19-16.14.21:276][  0]MapCheck: Map check complete: 0 Error(s), 0 Warning(s), took 0.194ms to complete.
[2025.03.19-16.14.21:276][  0]LogFileHelpers: Loading map 'ThirdPersonExampleMap' took 0.105
[2025.03.19-16.14.21:286][  0]LogUnrealEdMisc: Total Editor Startup Time, took 25.407
[2025.03.19-16.14.21:349][  0]LogWindowsTextInputMethodSystem: Display: IME system activated using TSF (微软拼音).
[2025.03.19-16.14.21:418][  0]LogSlate: Updating window title bar state: overlay mode, drag disabled, window buttons hidden, title bar hidden
[2025.03.19-16.14.21:422][  0]LogSlate: Updating window title bar state: overlay mode, drag disabled, window buttons hidden, title bar hidden
[2025.03.19-16.14.21:426][  0]LogSlate: Updating window title bar state: overlay mode, drag disabled, window buttons hidden, title bar hidden
[2025.03.19-16.14.21:430][  0]LogSlate: Updating window title bar state: overlay mode, drag disabled, window buttons hidden, title bar hidden
[2025.03.19-16.14.21:456][  0]LogNativeClassHierarchy: Verbose: Native class hierarchy populated in 0.0093 seconds. Added 3824 classes and 930 folders.
[2025.03.19-16.14.21:465][  0]LogNativeClassHierarchy: Verbose: Native class hierarchy updated for 'WidgetCarousel' in 0.0004 seconds. Added 0 classes and 0 folders.
[2025.03.19-16.14.21:488][  0]LogPakFile: PakFile PrimaryIndexSize=187
[2025.03.19-16.14.21:488][  0]LogPakFile: PakFile PathHashIndexSize=101
[2025.03.19-16.14.21:488][  0]LogPakFile: PakFile FullDirectoryIndexSize=148
[2025.03.19-16.14.21:488][  0]LogShaderLibrary: Display: ShaderCodeLibraryPakFileMountedCallback: PakFile 'D:/EpicGame/UnrealEngine/UE_4.27/FeaturePacks/FP_FirstPerson.upack' (chunk index -1, root 'root:/') mounted
[2025.03.19-16.14.21:488][  0]LogShaderLibrary: Display: ShaderCodeLibraryPakFileMountedCallback: pending pak file info (ChunkID:-1 Root:root:/ File:D:/EpicGame/UnrealEngine/UE_4.27/FeaturePacks/FP_FirstPerson.upack)
[2025.03.19-16.14.21:488][  0]LogPakFile: OnPakFileMounted2Time == 0.000040
[2025.03.19-16.14.21:496][  0]LogPakFile: PakFile PrimaryIndexSize=189
[2025.03.19-16.14.21:496][  0]LogPakFile: PakFile PathHashIndexSize=101
[2025.03.19-16.14.21:496][  0]LogPakFile: PakFile FullDirectoryIndexSize=152
[2025.03.19-16.14.21:496][  0]LogShaderLibrary: Display: ShaderCodeLibraryPakFileMountedCallback: PakFile 'D:/EpicGame/UnrealEngine/UE_4.27/FeaturePacks/FP_FirstPersonBP.upack' (chunk index -1, root 'root:/') mounted
[2025.03.19-16.14.21:497][  0]LogShaderLibrary: Display: ShaderCodeLibraryPakFileMountedCallback: pending pak file info (ChunkID:-1 Root:root:/ File:D:/EpicGame/UnrealEngine/UE_4.27/FeaturePacks/FP_FirstPersonBP.upack)
[2025.03.19-16.14.21:497][  0]LogPakFile: OnPakFileMounted2Time == 0.000047
[2025.03.19-16.14.21:505][  0]LogPakFile: PakFile PrimaryIndexSize=191
[2025.03.19-16.14.21:505][  0]LogPakFile: PakFile PathHashIndexSize=101
[2025.03.19-16.14.21:505][  0]LogPakFile: PakFile FullDirectoryIndexSize=160
[2025.03.19-16.14.21:505][  0]LogShaderLibrary: Display: ShaderCodeLibraryPakFileMountedCallback: PakFile 'D:/EpicGame/UnrealEngine/UE_4.27/FeaturePacks/MobileStarterContent.upack' (chunk index -1, root 'root:/') mounted
[2025.03.19-16.14.21:505][  0]LogShaderLibrary: Display: ShaderCodeLibraryPakFileMountedCallback: pending pak file info (ChunkID:-1 Root:root:/ File:D:/EpicGame/UnrealEngine/UE_4.27/FeaturePacks/MobileStarterContent.upack)
[2025.03.19-16.14.21:505][  0]LogPakFile: OnPakFileMounted2Time == 0.000036
[2025.03.19-16.14.21:512][  0]LogPakFile: PakFile PrimaryIndexSize=185
[2025.03.19-16.14.21:512][  0]LogPakFile: PakFile PathHashIndexSize=101
[2025.03.19-16.14.21:512][  0]LogPakFile: PakFile FullDirectoryIndexSize=148
[2025.03.19-16.14.21:512][  0]LogShaderLibrary: Display: ShaderCodeLibraryPakFileMountedCallback: PakFile 'D:/EpicGame/UnrealEngine/UE_4.27/FeaturePacks/StarterContent.upack' (chunk index -1, root 'root:/') mounted
[2025.03.19-16.14.21:512][  0]LogShaderLibrary: Display: ShaderCodeLibraryPakFileMountedCallback: pending pak file info (ChunkID:-1 Root:root:/ File:D:/EpicGame/UnrealEngine/UE_4.27/FeaturePacks/StarterContent.upack)
[2025.03.19-16.14.21:512][  0]LogPakFile: OnPakFileMounted2Time == 0.000033
[2025.03.19-16.14.21:518][  0]LogPakFile: PakFile PrimaryIndexSize=190
[2025.03.19-16.14.21:518][  0]LogPakFile: PakFile PathHashIndexSize=101
[2025.03.19-16.14.21:518][  0]LogPakFile: PakFile FullDirectoryIndexSize=154
[2025.03.19-16.14.21:518][  0]LogShaderLibrary: Display: ShaderCodeLibraryPakFileMountedCallback: PakFile 'D:/EpicGame/UnrealEngine/UE_4.27/FeaturePacks/TP_2DSideScroller.upack' (chunk index -1, root 'root:/') mounted
[2025.03.19-16.14.21:518][  0]LogShaderLibrary: Display: ShaderCodeLibraryPakFileMountedCallback: pending pak file info (ChunkID:-1 Root:root:/ File:D:/EpicGame/UnrealEngine/UE_4.27/FeaturePacks/TP_2DSideScroller.upack)
[2025.03.19-16.14.21:518][  0]LogPakFile: OnPakFileMounted2Time == 0.000028
[2025.03.19-16.14.21:523][  0]LogPakFile: PakFile PrimaryIndexSize=192
[2025.03.19-16.14.21:523][  0]LogPakFile: PakFile PathHashIndexSize=101
[2025.03.19-16.14.21:523][  0]LogPakFile: PakFile FullDirectoryIndexSize=158
[2025.03.19-16.14.21:523][  0]LogShaderLibrary: Display: ShaderCodeLibraryPakFileMountedCallback: PakFile 'D:/EpicGame/UnrealEngine/UE_4.27/FeaturePacks/TP_2DSideScrollerBP.upack' (chunk index -1, root 'root:/') mounted
[2025.03.19-16.14.21:523][  0]LogShaderLibrary: Display: ShaderCodeLibraryPakFileMountedCallback: pending pak file info (ChunkID:-1 Root:root:/ File:D:/EpicGame/UnrealEngine/UE_4.27/FeaturePacks/TP_2DSideScrollerBP.upack)
[2025.03.19-16.14.21:523][  0]LogPakFile: OnPakFileMounted2Time == 0.000028
[2025.03.19-16.14.21:529][  0]LogPakFile: PakFile PrimaryIndexSize=182
[2025.03.19-16.14.21:529][  0]LogPakFile: PakFile PathHashIndexSize=101
[2025.03.19-16.14.21:529][  0]LogPakFile: PakFile FullDirectoryIndexSize=138
[2025.03.19-16.14.21:529][  0]LogShaderLibrary: Display: ShaderCodeLibraryPakFileMountedCallback: PakFile 'D:/EpicGame/UnrealEngine/UE_4.27/FeaturePacks/TP_Flying.upack' (chunk index -1, root 'root:/') mounted
[2025.03.19-16.14.21:529][  0]LogShaderLibrary: Display: ShaderCodeLibraryPakFileMountedCallback: pending pak file info (ChunkID:-1 Root:root:/ File:D:/EpicGame/UnrealEngine/UE_4.27/FeaturePacks/TP_Flying.upack)
[2025.03.19-16.14.21:529][  0]LogPakFile: OnPakFileMounted2Time == 0.000035
[2025.03.19-16.14.21:536][  0]LogPakFile: PakFile PrimaryIndexSize=184
[2025.03.19-16.14.21:536][  0]LogPakFile: PakFile PathHashIndexSize=101
[2025.03.19-16.14.21:536][  0]LogPakFile: PakFile FullDirectoryIndexSize=142
[2025.03.19-16.14.21:536][  0]LogShaderLibrary: Display: ShaderCodeLibraryPakFileMountedCallback: PakFile 'D:/EpicGame/UnrealEngine/UE_4.27/FeaturePacks/TP_FlyingBP.upack' (chunk index -1, root 'root:/') mounted
[2025.03.19-16.14.21:536][  0]LogShaderLibrary: Display: ShaderCodeLibraryPakFileMountedCallback: pending pak file info (ChunkID:-1 Root:root:/ File:D:/EpicGame/UnrealEngine/UE_4.27/FeaturePacks/TP_FlyingBP.upack)
[2025.03.19-16.14.21:536][  0]LogPakFile: OnPakFileMounted2Time == 0.000082
[2025.03.19-16.14.21:546][  0]LogPakFile: PakFile PrimaryIndexSize=188
[2025.03.19-16.14.21:546][  0]LogPakFile: PakFile PathHashIndexSize=101
[2025.03.19-16.14.21:546][  0]LogPakFile: PakFile FullDirectoryIndexSize=150
[2025.03.19-16.14.21:546][  0]LogShaderLibrary: Display: ShaderCodeLibraryPakFileMountedCallback: PakFile 'D:/EpicGame/UnrealEngine/UE_4.27/FeaturePacks/TP_HandheldARBP.upack' (chunk index -1, root 'root:/') mounted
[2025.03.19-16.14.21:547][  0]LogShaderLibrary: Display: ShaderCodeLibraryPakFileMountedCallback: pending pak file info (ChunkID:-1 Root:root:/ File:D:/EpicGame/UnrealEngine/UE_4.27/FeaturePacks/TP_HandheldARBP.upack)
[2025.03.19-16.14.21:547][  0]LogPakFile: OnPakFileMounted2Time == 0.000034
[2025.03.19-16.14.21:555][  0]LogPakFile: PakFile PrimaryIndexSize=182
[2025.03.19-16.14.21:555][  0]LogPakFile: PakFile PathHashIndexSize=101
[2025.03.19-16.14.21:555][  0]LogPakFile: PakFile FullDirectoryIndexSize=138
[2025.03.19-16.14.21:555][  0]LogShaderLibrary: Display: ShaderCodeLibraryPakFileMountedCallback: PakFile 'D:/EpicGame/UnrealEngine/UE_4.27/FeaturePacks/TP_Puzzle.upack' (chunk index -1, root 'root:/') mounted
[2025.03.19-16.14.21:555][  0]LogShaderLibrary: Display: ShaderCodeLibraryPakFileMountedCallback: pending pak file info (ChunkID:-1 Root:root:/ File:D:/EpicGame/UnrealEngine/UE_4.27/FeaturePacks/TP_Puzzle.upack)
[2025.03.19-16.14.21:555][  0]LogPakFile: OnPakFileMounted2Time == 0.000029
[2025.03.19-16.14.21:562][  0]LogPakFile: PakFile PrimaryIndexSize=184
[2025.03.19-16.14.21:562][  0]LogPakFile: PakFile PathHashIndexSize=101
[2025.03.19-16.14.21:562][  0]LogPakFile: PakFile FullDirectoryIndexSize=142
[2025.03.19-16.14.21:562][  0]LogShaderLibrary: Display: ShaderCodeLibraryPakFileMountedCallback: PakFile 'D:/EpicGame/UnrealEngine/UE_4.27/FeaturePacks/TP_PuzzleBP.upack' (chunk index -1, root 'root:/') mounted
[2025.03.19-16.14.21:562][  0]LogShaderLibrary: Display: ShaderCodeLibraryPakFileMountedCallback: pending pak file info (ChunkID:-1 Root:root:/ File:D:/EpicGame/UnrealEngine/UE_4.27/FeaturePacks/TP_PuzzleBP.upack)
[2025.03.19-16.14.21:562][  0]LogPakFile: OnPakFileMounted2Time == 0.000032
[2025.03.19-16.14.21:569][  0]LogPakFile: PakFile PrimaryIndexSize=183
[2025.03.19-16.14.21:569][  0]LogPakFile: PakFile PathHashIndexSize=101
[2025.03.19-16.14.21:569][  0]LogPakFile: PakFile FullDirectoryIndexSize=140
[2025.03.19-16.14.21:569][  0]LogShaderLibrary: Display: ShaderCodeLibraryPakFileMountedCallback: PakFile 'D:/EpicGame/UnrealEngine/UE_4.27/FeaturePacks/TP_Rolling.upack' (chunk index -1, root 'root:/') mounted
[2025.03.19-16.14.21:569][  0]LogShaderLibrary: Display: ShaderCodeLibraryPakFileMountedCallback: pending pak file info (ChunkID:-1 Root:root:/ File:D:/EpicGame/UnrealEngine/UE_4.27/FeaturePacks/TP_Rolling.upack)
[2025.03.19-16.14.21:569][  0]LogPakFile: OnPakFileMounted2Time == 0.000033
[2025.03.19-16.14.21:577][  0]LogPakFile: PakFile PrimaryIndexSize=185
[2025.03.19-16.14.21:577][  0]LogPakFile: PakFile PathHashIndexSize=101
[2025.03.19-16.14.21:577][  0]LogPakFile: PakFile FullDirectoryIndexSize=144
[2025.03.19-16.14.21:577][  0]LogShaderLibrary: Display: ShaderCodeLibraryPakFileMountedCallback: PakFile 'D:/EpicGame/UnrealEngine/UE_4.27/FeaturePacks/TP_RollingBP.upack' (chunk index -1, root 'root:/') mounted
[2025.03.19-16.14.21:577][  0]LogShaderLibrary: Display: ShaderCodeLibraryPakFileMountedCallback: pending pak file info (ChunkID:-1 Root:root:/ File:D:/EpicGame/UnrealEngine/UE_4.27/FeaturePacks/TP_RollingBP.upack)
[2025.03.19-16.14.21:577][  0]LogPakFile: OnPakFileMounted2Time == 0.000032
[2025.03.19-16.14.21:583][  0]LogPakFile: PakFile PrimaryIndexSize=188
[2025.03.19-16.14.21:583][  0]LogPakFile: PakFile PathHashIndexSize=101
[2025.03.19-16.14.21:583][  0]LogPakFile: PakFile FullDirectoryIndexSize=150
[2025.03.19-16.14.21:583][  0]LogShaderLibrary: Display: ShaderCodeLibraryPakFileMountedCallback: PakFile 'D:/EpicGame/UnrealEngine/UE_4.27/FeaturePacks/TP_SideScroller.upack' (chunk index -1, root 'root:/') mounted
[2025.03.19-16.14.21:583][  0]LogShaderLibrary: Display: ShaderCodeLibraryPakFileMountedCallback: pending pak file info (ChunkID:-1 Root:root:/ File:D:/EpicGame/UnrealEngine/UE_4.27/FeaturePacks/TP_SideScroller.upack)
[2025.03.19-16.14.21:583][  0]LogPakFile: OnPakFileMounted2Time == 0.000034
[2025.03.19-16.14.21:591][  0]LogPakFile: PakFile PrimaryIndexSize=190
[2025.03.19-16.14.21:591][  0]LogPakFile: PakFile PathHashIndexSize=101
[2025.03.19-16.14.21:591][  0]LogPakFile: PakFile FullDirectoryIndexSize=154
[2025.03.19-16.14.21:591][  0]LogShaderLibrary: Display: ShaderCodeLibraryPakFileMountedCallback: PakFile 'D:/EpicGame/UnrealEngine/UE_4.27/FeaturePacks/TP_SideScrollerBP.upack' (chunk index -1, root 'root:/') mounted
[2025.03.19-16.14.21:591][  0]LogShaderLibrary: Display: ShaderCodeLibraryPakFileMountedCallback: pending pak file info (ChunkID:-1 Root:root:/ File:D:/EpicGame/UnrealEngine/UE_4.27/FeaturePacks/TP_SideScrollerBP.upack)
[2025.03.19-16.14.21:591][  0]LogPakFile: OnPakFileMounted2Time == 0.000051
[2025.03.19-16.14.21:598][  0]LogPakFile: PakFile PrimaryIndexSize=187
[2025.03.19-16.14.21:599][  0]LogPakFile: PakFile PathHashIndexSize=101
[2025.03.19-16.14.21:599][  0]LogPakFile: PakFile FullDirectoryIndexSize=148
[2025.03.19-16.14.21:599][  0]LogShaderLibrary: Display: ShaderCodeLibraryPakFileMountedCallback: PakFile 'D:/EpicGame/UnrealEngine/UE_4.27/FeaturePacks/TP_ThirdPerson.upack' (chunk index -1, root 'root:/') mounted
[2025.03.19-16.14.21:599][  0]LogShaderLibrary: Display: ShaderCodeLibraryPakFileMountedCallback: pending pak file info (ChunkID:-1 Root:root:/ File:D:/EpicGame/UnrealEngine/UE_4.27/FeaturePacks/TP_ThirdPerson.upack)
[2025.03.19-16.14.21:599][  0]LogPakFile: OnPakFileMounted2Time == 0.000035
[2025.03.19-16.14.21:606][  0]LogPakFile: PakFile PrimaryIndexSize=189
[2025.03.19-16.14.21:606][  0]LogPakFile: PakFile PathHashIndexSize=101
[2025.03.19-16.14.21:606][  0]LogPakFile: PakFile FullDirectoryIndexSize=152
[2025.03.19-16.14.21:606][  0]LogShaderLibrary: Display: ShaderCodeLibraryPakFileMountedCallback: PakFile 'D:/EpicGame/UnrealEngine/UE_4.27/FeaturePacks/TP_ThirdPersonBP.upack' (chunk index -1, root 'root:/') mounted
[2025.03.19-16.14.21:606][  0]LogShaderLibrary: Display: ShaderCodeLibraryPakFileMountedCallback: pending pak file info (ChunkID:-1 Root:root:/ File:D:/EpicGame/UnrealEngine/UE_4.27/FeaturePacks/TP_ThirdPersonBP.upack)
[2025.03.19-16.14.21:606][  0]LogPakFile: OnPakFileMounted2Time == 0.000042
[2025.03.19-16.14.21:614][  0]LogPakFile: PakFile PrimaryIndexSize=183
[2025.03.19-16.14.21:614][  0]LogPakFile: PakFile PathHashIndexSize=101
[2025.03.19-16.14.21:614][  0]LogPakFile: PakFile FullDirectoryIndexSize=140
[2025.03.19-16.14.21:614][  0]LogShaderLibrary: Display: ShaderCodeLibraryPakFileMountedCallback: PakFile 'D:/EpicGame/UnrealEngine/UE_4.27/FeaturePacks/TP_TopDown.upack' (chunk index -1, root 'root:/') mounted
[2025.03.19-16.14.21:614][  0]LogShaderLibrary: Display: ShaderCodeLibraryPakFileMountedCallback: pending pak file info (ChunkID:-1 Root:root:/ File:D:/EpicGame/UnrealEngine/UE_4.27/FeaturePacks/TP_TopDown.upack)
[2025.03.19-16.14.21:614][  0]LogPakFile: OnPakFileMounted2Time == 0.000044
[2025.03.19-16.14.21:622][  0]LogPakFile: PakFile PrimaryIndexSize=185
[2025.03.19-16.14.21:622][  0]LogPakFile: PakFile PathHashIndexSize=101
[2025.03.19-16.14.21:622][  0]LogPakFile: PakFile FullDirectoryIndexSize=144
[2025.03.19-16.14.21:622][  0]LogShaderLibrary: Display: ShaderCodeLibraryPakFileMountedCallback: PakFile 'D:/EpicGame/UnrealEngine/UE_4.27/FeaturePacks/TP_TopDownBP.upack' (chunk index -1, root 'root:/') mounted
[2025.03.19-16.14.21:622][  0]LogShaderLibrary: Display: ShaderCodeLibraryPakFileMountedCallback: pending pak file info (ChunkID:-1 Root:root:/ File:D:/EpicGame/UnrealEngine/UE_4.27/FeaturePacks/TP_TopDownBP.upack)
[2025.03.19-16.14.21:622][  0]LogPakFile: OnPakFileMounted2Time == 0.000031
[2025.03.19-16.14.21:631][  0]LogPakFile: PakFile PrimaryIndexSize=185
[2025.03.19-16.14.21:631][  0]LogPakFile: PakFile PathHashIndexSize=101
[2025.03.19-16.14.21:631][  0]LogPakFile: PakFile FullDirectoryIndexSize=144
[2025.03.19-16.14.21:631][  0]LogShaderLibrary: Display: ShaderCodeLibraryPakFileMountedCallback: PakFile 'D:/EpicGame/UnrealEngine/UE_4.27/FeaturePacks/TP_TwinStick.upack' (chunk index -1, root 'root:/') mounted
[2025.03.19-16.14.21:631][  0]LogShaderLibrary: Display: ShaderCodeLibraryPakFileMountedCallback: pending pak file info (ChunkID:-1 Root:root:/ File:D:/EpicGame/UnrealEngine/UE_4.27/FeaturePacks/TP_TwinStick.upack)
[2025.03.19-16.14.21:631][  0]LogPakFile: OnPakFileMounted2Time == 0.000034
[2025.03.19-16.14.21:637][  0]LogPakFile: PakFile PrimaryIndexSize=187
[2025.03.19-16.14.21:637][  0]LogPakFile: PakFile PathHashIndexSize=101
[2025.03.19-16.14.21:637][  0]LogPakFile: PakFile FullDirectoryIndexSize=148
[2025.03.19-16.14.21:637][  0]LogShaderLibrary: Display: ShaderCodeLibraryPakFileMountedCallback: PakFile 'D:/EpicGame/UnrealEngine/UE_4.27/FeaturePacks/TP_TwinStickBP.upack' (chunk index -1, root 'root:/') mounted
[2025.03.19-16.14.21:637][  0]LogShaderLibrary: Display: ShaderCodeLibraryPakFileMountedCallback: pending pak file info (ChunkID:-1 Root:root:/ File:D:/EpicGame/UnrealEngine/UE_4.27/FeaturePacks/TP_TwinStickBP.upack)
[2025.03.19-16.14.21:637][  0]LogPakFile: OnPakFileMounted2Time == 0.000031
[2025.03.19-16.14.21:643][  0]LogPakFile: PakFile PrimaryIndexSize=183
[2025.03.19-16.14.21:643][  0]LogPakFile: PakFile PathHashIndexSize=101
[2025.03.19-16.14.21:643][  0]LogPakFile: PakFile FullDirectoryIndexSize=140
[2025.03.19-16.14.21:643][  0]LogShaderLibrary: Display: ShaderCodeLibraryPakFileMountedCallback: PakFile 'D:/EpicGame/UnrealEngine/UE_4.27/FeaturePacks/TP_Vehicle.upack' (chunk index -1, root 'root:/') mounted
[2025.03.19-16.14.21:643][  0]LogShaderLibrary: Display: ShaderCodeLibraryPakFileMountedCallback: pending pak file info (ChunkID:-1 Root:root:/ File:D:/EpicGame/UnrealEngine/UE_4.27/FeaturePacks/TP_Vehicle.upack)
[2025.03.19-16.14.21:643][  0]LogPakFile: OnPakFileMounted2Time == 0.000033
[2025.03.19-16.14.21:650][  0]LogPakFile: PakFile PrimaryIndexSize=186
[2025.03.19-16.14.21:650][  0]LogPakFile: PakFile PathHashIndexSize=101
[2025.03.19-16.14.21:650][  0]LogPakFile: PakFile FullDirectoryIndexSize=146
[2025.03.19-16.14.21:650][  0]LogShaderLibrary: Display: ShaderCodeLibraryPakFileMountedCallback: PakFile 'D:/EpicGame/UnrealEngine/UE_4.27/FeaturePacks/TP_VehicleAdv.upack' (chunk index -1, root 'root:/') mounted
[2025.03.19-16.14.21:650][  0]LogShaderLibrary: Display: ShaderCodeLibraryPakFileMountedCallback: pending pak file info (ChunkID:-1 Root:root:/ File:D:/EpicGame/UnrealEngine/UE_4.27/FeaturePacks/TP_VehicleAdv.upack)
[2025.03.19-16.14.21:650][  0]LogPakFile: OnPakFileMounted2Time == 0.000034
[2025.03.19-16.14.21:656][  0]LogPakFile: PakFile PrimaryIndexSize=188
[2025.03.19-16.14.21:656][  0]LogPakFile: PakFile PathHashIndexSize=101
[2025.03.19-16.14.21:656][  0]LogPakFile: PakFile FullDirectoryIndexSize=150
[2025.03.19-16.14.21:657][  0]LogShaderLibrary: Display: ShaderCodeLibraryPakFileMountedCallback: PakFile 'D:/EpicGame/UnrealEngine/UE_4.27/FeaturePacks/TP_VehicleAdvBP.upack' (chunk index -1, root 'root:/') mounted
[2025.03.19-16.14.21:657][  0]LogShaderLibrary: Display: ShaderCodeLibraryPakFileMountedCallback: pending pak file info (ChunkID:-1 Root:root:/ File:D:/EpicGame/UnrealEngine/UE_4.27/FeaturePacks/TP_VehicleAdvBP.upack)
[2025.03.19-16.14.21:657][  0]LogPakFile: OnPakFileMounted2Time == 0.000031
[2025.03.19-16.14.21:663][  0]LogPakFile: PakFile PrimaryIndexSize=185
[2025.03.19-16.14.21:663][  0]LogPakFile: PakFile PathHashIndexSize=101
[2025.03.19-16.14.21:663][  0]LogPakFile: PakFile FullDirectoryIndexSize=144
[2025.03.19-16.14.21:663][  0]LogShaderLibrary: Display: ShaderCodeLibraryPakFileMountedCallback: PakFile 'D:/EpicGame/UnrealEngine/UE_4.27/FeaturePacks/TP_VehicleBP.upack' (chunk index -1, root 'root:/') mounted
[2025.03.19-16.14.21:663][  0]LogShaderLibrary: Display: ShaderCodeLibraryPakFileMountedCallback: pending pak file info (ChunkID:-1 Root:root:/ File:D:/EpicGame/UnrealEngine/UE_4.27/FeaturePacks/TP_VehicleBP.upack)
[2025.03.19-16.14.21:663][  0]LogPakFile: OnPakFileMounted2Time == 0.000030
[2025.03.19-16.14.21:672][  0]LogPakFile: PakFile PrimaryIndexSize=192
[2025.03.19-16.14.21:672][  0]LogPakFile: PakFile PathHashIndexSize=101
[2025.03.19-16.14.21:672][  0]LogPakFile: PakFile FullDirectoryIndexSize=158
[2025.03.19-16.14.21:672][  0]LogShaderLibrary: Display: ShaderCodeLibraryPakFileMountedCallback: PakFile 'D:/EpicGame/UnrealEngine/UE_4.27/FeaturePacks/TP_VirtualRealityBP.upack' (chunk index -1, root 'root:/') mounted
[2025.03.19-16.14.21:672][  0]LogShaderLibrary: Display: ShaderCodeLibraryPakFileMountedCallback: pending pak file info (ChunkID:-1 Root:root:/ File:D:/EpicGame/UnrealEngine/UE_4.27/FeaturePacks/TP_VirtualRealityBP.upack)
[2025.03.19-16.14.21:672][  0]LogPakFile: OnPakFileMounted2Time == 0.000050
[2025.03.19-16.14.22:148][  0]LogNativeClassHierarchy: Verbose: Native class hierarchy updated for 'AddContentDialog' in 0.0002 seconds. Added 0 classes and 0 folders.
[2025.03.19-16.14.22:152][  0]LogNativeClassHierarchy: Verbose: Native class hierarchy updated for 'SceneOutliner' in 0.0002 seconds. Added 2 classes and 0 folders.
[2025.03.19-16.14.22:226][  0]LogSlate: Took 0.005904 seconds to synchronously load lazily loaded font '../../../Engine/Content/Slate/Fonts/Roboto-Regular.ttf' (155K)
[2025.03.19-16.14.22:233][  0]LogSlate: Took 0.006520 seconds to synchronously load lazily loaded font '../../../Engine/Content/Editor/Slate/Fonts/FontAwesome.ttf' (139K)
[2025.03.19-16.14.22:241][  0]LogSlate: Took 0.006425 seconds to synchronously load lazily loaded font '../../../Engine/Content/Slate/Fonts/Roboto-Bold.ttf' (160K)
[2025.03.19-16.14.22:372][  0]LogRenderer: Reallocating scene render targets to support 1300x844 Format 10 NumSamples 1 (Frame:1).
[2025.03.19-16.14.22:572][  0]LogNativeClassHierarchy: Verbose: Native class hierarchy updated for 'HierarchicalLODOutliner' in 0.0002 seconds. Added 0 classes and 0 folders.
[2025.03.19-16.14.22:572][  0]LogInput: Warning: Action Jump uses invalid key OculusGo_Left_Trigger_Click.
[2025.03.19-16.14.22:572][  0]LogInput: Warning: Action ResetVR uses invalid key OculusGo_Left_Trackpad_Click.
[2025.03.19-16.14.22:572][  0]LogInput: Warning: Use -RemoveInvalidKeys to remove instances of these keys from the action mapping.
[2025.03.19-16.14.22:572][  0]LogLoad: (Engine Initialization) Total time: 26.69 seconds
[2025.03.19-16.14.22:572][  0]LogLoad: (Engine Initialization) Total Blueprint compile time: 0.00 seconds
[2025.03.19-16.14.22:607][  0]LogAssetRegistry: Asset discovery search completed in 13.5433 seconds
[2025.03.19-16.14.22:611][  0]LogCollectionManager: Fixed up redirectors for 0 collections in 0.000004 seconds (updated 0 objects)
[2025.03.19-16.14.22:613][  0]LogContentStreaming: Texture pool size now 1000 MB
[2025.03.19-16.14.22:655][  0]LogSlate: Took 0.005565 seconds to synchronously load lazily loaded font '../../../Engine/Content/Slate/Fonts/DroidSansMono.ttf' (77K)
[2025.03.19-16.14.45:032][556]LogSlate: Window 'Message Log' being destroyed
[2025.03.19-16.14.45:054][556]LogSlate: Window 'Message Log' being destroyed
[2025.03.19-16.15.17:201][345]LogContentBrowser: Deferred new asset folder creation: NewFolder
[2025.03.19-16.15.17:209][345]LogContentBrowser: Creating deferred item: NewFolder
[2025.03.19-16.15.19:618][630]LogContentBrowser: Attempting asset rename: NewFolder -> UI
[2025.03.19-16.15.19:619][630]LogContentBrowser: End creating deferred item NewFolder
[2025.03.19-16.15.22:769][993]LogSlate: Took 0.005491 seconds to synchronously load lazily loaded font '../../../Engine/Content/Slate/Fonts/Roboto-Light.ttf' (167K)
[2025.03.19-16.15.22:797][993]LogEditorClassViewer: Warning: Class /Engine/Tutorial/InWorldBlueprintEditing/TutorialAssets/IWBE_Blutility.IWBE_Blutility_C has parent /Script/Blutility.PlacedEditorUtilityBase, but this parent is not found. The Class will not be shown in ClassViewer.
[2025.03.19-16.15.25:096][993]LogSlate: Window 'Pick Parent Class' being destroyed
[2025.03.19-16.15.35:771][222]LogContentBrowser: Deferred new asset file creation: NewWidgetBlueprint
[2025.03.19-16.15.35:776][222]LogContentBrowser: Creating deferred item: NewWidgetBlueprint
[2025.03.19-16.15.41:725][924]LogContentBrowser: Attempting asset rename: NewWidgetBlueprint -> MainMenu
[2025.03.19-16.15.41:737][924]LogContentBrowser: End creating deferred item NewWidgetBlueprint
[2025.03.19-16.16.23:604][838]LogContentBrowser: Deferred new asset file creation: NewWidgetBlueprint
[2025.03.19-16.16.23:609][838]LogContentBrowser: Creating deferred item: NewWidgetBlueprint
[2025.03.19-16.16.25:343][ 40]LogContentBrowser: Attempting asset rename: NewWidgetBlueprint -> HUD
[2025.03.19-16.16.25:356][ 40]LogContentBrowser: End creating deferred item NewWidgetBlueprint
[2025.03.19-16.16.32:807][901]LogContentBrowser: Deferred new asset file creation: NewWidgetBlueprint
[2025.03.19-16.16.32:813][901]LogContentBrowser: Creating deferred item: NewWidgetBlueprint
[2025.03.19-16.16.35:686][231]LogContentBrowser: Attempting asset rename: NewWidgetBlueprint -> PauseMenu
[2025.03.19-16.16.35:689][231]LogContentBrowser: End creating deferred item NewWidgetBlueprint
[2025.03.19-16.16.46:565][508]LogContentBrowser: Deferred new asset file creation: NewWorld
[2025.03.19-16.16.46:570][508]LogContentBrowser: Creating deferred item: NewWorld
[2025.03.19-16.16.48:157][688]LogContentBrowser: Attempting asset rename: NewWorld -> Main
[2025.03.19-16.16.48:168][688]LogContentBrowser: End creating deferred item NewWorld
[2025.03.19-16.16.50:959][  8]LogUObjectHash: Compacting FUObjectHashTables data took   0.41ms
[2025.03.19-16.16.54:978][  8]LogSlate: Window 'Save Content' being destroyed
[2025.03.19-16.16.55:014][  8]Cmd: OBJ SAVEPACKAGE PACKAGE="/Game/ThirdPersonCPP/UI/HUD" FILE="../../../../../../UnrealProjects/COMP217GroupProject/DungeonDash/Content/ThirdPersonCPP/UI/HUD.uasset" SILENT=true
[2025.03.19-16.16.55:021][  8]LogSavePackage: Moving '../../../../../../UnrealProjects/COMP217GroupProject/DungeonDash/Saved/HUD70DB5EB94C37D6CC8A15E284F12AD0FF.tmp' to '../../../../../../UnrealProjects/COMP217GroupProject/DungeonDash/Content/ThirdPersonCPP/UI/HUD.uasset'
[2025.03.19-16.16.55:025][  8]LogUObjectHash: Compacting FUObjectHashTables data took   0.19ms
[2025.03.19-16.16.55:026][  8]LogSavePackage: Moving '../../../../../../UnrealProjects/COMP217GroupProject/DungeonDash/Saved/MainDEC3A9DA4F33489F3E8ECDB1A64A1E51.tmp' to '../../../../../../UnrealProjects/COMP217GroupProject/DungeonDash/Content/ThirdPersonCPP/Main.umap'
[2025.03.19-16.16.55:026][  8]LogFileHelpers: Saving map 'Main' took 0.005
[2025.03.19-16.16.55:027][  8]Cmd: OBJ SAVEPACKAGE PACKAGE="/Game/ThirdPersonCPP/UI/MainMenu" FILE="../../../../../../UnrealProjects/COMP217GroupProject/DungeonDash/Content/ThirdPersonCPP/UI/MainMenu.uasset" SILENT=true
[2025.03.19-16.16.55:028][  8]LogSavePackage: Moving '../../../../../../UnrealProjects/COMP217GroupProject/DungeonDash/Saved/MainMenu9EC048B74FB68854AB7C72AA1B226E8E.tmp' to '../../../../../../UnrealProjects/COMP217GroupProject/DungeonDash/Content/ThirdPersonCPP/UI/MainMenu.uasset'
[2025.03.19-16.16.55:028][  8]Cmd: OBJ SAVEPACKAGE PACKAGE="/Game/ThirdPersonCPP/UI/PauseMenu" FILE="../../../../../../UnrealProjects/COMP217GroupProject/DungeonDash/Content/ThirdPersonCPP/UI/PauseMenu.uasset" SILENT=true
[2025.03.19-16.16.55:030][  8]LogSavePackage: Moving '../../../../../../UnrealProjects/COMP217GroupProject/DungeonDash/Saved/PauseMenuE6C6A33A4F3E919D459F02B87D3B7021.tmp' to '../../../../../../UnrealProjects/COMP217GroupProject/DungeonDash/Content/ThirdPersonCPP/UI/PauseMenu.uasset'
[2025.03.19-16.16.55:059][  8]LogAssetEditorSubsystem: Opening Asset editor for World /Game/ThirdPersonCPP/Main.Main
[2025.03.19-16.16.55:062][  8]Cmd: MAP LOAD FILE="../../../../../../UnrealProjects/COMP217GroupProject/DungeonDash/Content/ThirdPersonCPP/Main.umap" TEMPLATE=0 SHOWPROGRESS=1 FEATURELEVEL=3
[2025.03.19-16.16.55:062][  8]LightingResults: New page: Lighting Build
[2025.03.19-16.16.55:062][  8]LoadErrors: New page: Loading map: Main.umap
[2025.03.19-16.16.55:099][  8]LogWorld: UWorld::CleanupWorld for ThirdPersonExampleMap, bSessionEnded=true, bCleanupResources=true
[2025.03.19-16.16.55:099][  8]LogSlate: InvalidateAllWidgets triggered.  All widgets were invalidated
[2025.03.19-16.16.55:099][  8]MapCheck: New page: Map Check
[2025.03.19-16.16.55:099][  8]LightingResults: New page: Lighting Build
[2025.03.19-16.16.55:102][  8]LogAudio: Display: Audio Device unregistered from world 'None'.
[2025.03.19-16.16.55:118][  8]LogUObjectHash: Compacting FUObjectHashTables data took   0.62ms
[2025.03.19-16.16.55:118][  8]LogAudio: Display: Audio Device (ID: 1) registered with world 'Main'.
[2025.03.19-16.16.55:119][  8]LogEditorServer: Finished looking for orphan Actors (0.000 secs)
[2025.03.19-16.16.55:119][  8]LogAIModule: Creating AISystem for world Main
[2025.03.19-16.16.55:124][  8]LogUObjectHash: Compacting FUObjectHashTables data took   0.56ms
[2025.03.19-16.16.55:125][  8]Cmd: MAP CHECKDEP NOCLEARLOG
[2025.03.19-16.16.55:125][  8]MapCheck: Map check complete: 0 Error(s), 0 Warning(s), took 0.056ms to complete.
[2025.03.19-16.16.55:125][  8]LogFileHelpers: Loading map 'Main' took 0.063
[2025.03.19-16.16.55:144][  8]AssetCheck: New page: Asset Save: multiple assets
[2025.03.19-16.16.55:144][  8]LogContentValidation: Display: Validating WidgetBlueprint /Game/ThirdPersonCPP/UI/MainMenu.MainMenu
[2025.03.19-16.16.55:147][  8]LogContentValidation: Display: Validating WidgetBlueprint /Game/ThirdPersonCPP/UI/HUD.HUD
[2025.03.19-16.16.55:147][  8]LogContentValidation: Display: Validating WidgetBlueprint /Game/ThirdPersonCPP/UI/PauseMenu.PauseMenu
[2025.03.19-16.16.55:147][  8]LogContentValidation: Display: Validating World /Game/ThirdPersonCPP/Main.Main
[2025.03.19-16.17.24:011][441]LogAssetEditorSubsystem: Opening Asset editor for Blueprint /Game/ThirdPersonCPP/Blueprints/ThirdPersonCharacter.ThirdPersonCharacter
[2025.03.19-16.17.24:079][441]LogNativeClassHierarchy: Verbose: Native class hierarchy updated for 'BlueprintGraph' in 0.0003 seconds. Added 126 classes and 0 folders.
[2025.03.19-16.17.26:855][651]LogSlate: Window 'ThirdPersonCharacter' being destroyed
[2025.03.19-16.17.26:861][651]LogSlate: Window 'ThirdPersonCharacter' being destroyed
[2025.03.19-16.17.26:864][651]LogWorld: UWorld::CleanupWorld for World_4, bSessionEnded=true, bCleanupResources=true
[2025.03.19-16.17.26:864][651]LogSlate: InvalidateAllWidgets triggered.  All widgets were invalidated
[2025.03.19-16.17.51:143][182]LogAssetEditorSubsystem: Opening Asset editor for Blueprint /Game/ThirdPersonCPP/Blueprints/ThirdPersonCharacter.ThirdPersonCharacter
[2025.03.19-16.19.04:819][412]LogSlate: Window 'ThirdPersonCharacter' being destroyed
[2025.03.19-16.19.04:834][412]LogSlate: Window 'ThirdPersonCharacter' being destroyed
[2025.03.19-16.19.04:835][412]LogWorld: UWorld::CleanupWorld for World_7, bSessionEnded=true, bCleanupResources=true
[2025.03.19-16.19.04:836][412]LogSlate: InvalidateAllWidgets triggered.  All widgets were invalidated
[2025.03.19-16.19.32:855][986]LogAssetEditorSubsystem: Opening Asset editor for Blueprint /Game/ThirdPersonCPP/Blueprints/ThirdPersonCharacter.ThirdPersonCharacter
[2025.03.19-16.19.39:090][606]LogSlate: Window 'ThirdPersonCharacter' being destroyed
[2025.03.19-16.20.29:301][  0]LogSlate: Window 'My Blueprint' being destroyed
[2025.03.19-16.20.48:016][ 27]LogSlate: Took 0.006015 seconds to synchronously load lazily loaded font '../../../Engine/Content/Slate/Fonts/Roboto-BoldCondensedItalic.ttf' (160K)
[2025.03.19-16.22.24:144][963]LogSlate: Window 'Find Results' being destroyed
[2025.03.19-16.22.24:159][963]LogSlate: Window 'Find Results' being destroyed
[2025.03.19-16.23.35:959][637]BlueprintLog: New page: Compile ThirdPersonCharacter
[2025.03.19-16.23.36:050][637]LogUObjectHash: Compacting FUObjectHashTables data took   1.72ms
[2025.03.19-16.23.48:579][112]BlueprintLog: New page: Compile ThirdPersonCharacter
[2025.03.19-16.23.48:644][112]LogUObjectHash: Compacting FUObjectHashTables data took   1.38ms
[2025.03.19-16.24.27:050][176]BlueprintLog: New page: Compile ThirdPersonCharacter
[2025.03.19-16.24.27:116][176]LogUObjectHash: Compacting FUObjectHashTables data took   1.40ms
[2025.03.19-16.24.29:932][501]LogSavePackage: Moving '../../../../../../UnrealProjects/COMP217GroupProject/DungeonDash/Saved/ThirdPersonCharacter2E2E1D7F41A7494B12BF8E90FC144C5E.tmp' to '../../../../../../UnrealProjects/COMP217GroupProject/DungeonDash/Content/ThirdPersonCPP/Blueprints/ThirdPersonCharacter.uasset'
[2025.03.19-16.24.29:943][501]AssetCheck: New page: Asset Save: ThirdPersonCharacter
[2025.03.19-16.24.29:943][501]LogContentValidation: Display: Validating Blueprint /Game/ThirdPersonCPP/Blueprints/ThirdPersonCharacter.ThirdPersonCharacter
[2025.03.19-16.25.23:502][462]BlueprintLog: New page: Compile ThirdPersonCharacter
[2025.03.19-16.25.23:565][462]LogUObjectHash: Compacting FUObjectHashTables data took   1.33ms
[2025.03.19-16.25.42:335][635]LogEditorViewport: Clicking Background
[2025.03.19-16.25.47:368][231]LogUObjectHash: Compacting FUObjectHashTables data took   1.25ms
[2025.03.19-16.25.47:388][231]LogLinker: Warning: [AssetLog] D:\UnrealProjects\COMP217GroupProject\DungeonDash\Content\ThirdPersonCPP\Maps\ThirdPersonExampleMap.umap: Failed to load '/Game/ThirdPersonCPP/Maps/ThirdPersonExampleMap_BuiltData': Can't find file.
[2025.03.19-16.25.47:389][231]LogLinker: Warning: [AssetLog] D:\UnrealProjects\COMP217GroupProject\DungeonDash\Content\ThirdPersonCPP\Maps\ThirdPersonExampleMap.umap: Failed to load '/Game/ThirdPersonCPP/Maps/ThirdPersonExampleMap_BuiltData': Can't find file.
[2025.03.19-16.25.47:389][231]LogLinker: Warning: [AssetLog] D:\UnrealProjects\COMP217GroupProject\DungeonDash\Content\ThirdPersonCPP\Maps\ThirdPersonExampleMap.umap: Failed to load '/Game/ThirdPersonCPP/Maps/ThirdPersonExampleMap_BuiltData': Can't find file.
[2025.03.19-16.25.47:389][231]LogLinker: Warning: Failed to load '/Game/ThirdPersonCPP/Maps/ThirdPersonExampleMap_BuiltData': Can't find file.
[2025.03.19-16.25.47:389][231]LogLinker: Warning: Failed to load '/Game/ThirdPersonCPP/Maps/ThirdPersonExampleMap_BuiltData': Can't find file.
[2025.03.19-16.25.47:390][231]LogLinker: Warning: [AssetLog] D:\UnrealProjects\COMP217GroupProject\DungeonDash\Content\ThirdPersonCPP\Maps\ThirdPersonExampleMap.umap: Failed to load '/Game/ThirdPersonCPP/Maps/ThirdPersonExampleMap_BuiltData': Can't find file.
[2025.03.19-16.25.47:390][231]LoadErrors: Failed to load /Game/ThirdPersonCPP/Maps/ThirdPersonExampleMap_BuiltData.ThirdPersonExampleMap_BuiltData Referenced by PersistentLevel
[2025.03.19-16.25.47:403][231]LogAssetEditorSubsystem: Opening Asset editor for World /Game/ThirdPersonCPP/Maps/ThirdPersonExampleMap.ThirdPersonExampleMap
[2025.03.19-16.25.47:403][231]Cmd: MAP LOAD FILE="../../../../../../UnrealProjects/COMP217GroupProject/DungeonDash/Content/ThirdPersonCPP/Maps/ThirdPersonExampleMap.umap" TEMPLATE=0 SHOWPROGRESS=1 FEATURELEVEL=3
[2025.03.19-16.25.47:403][231]LightingResults: New page: Lighting Build
[2025.03.19-16.25.47:403][231]LoadErrors: New page: Loading map: ThirdPersonExampleMap.umap
[2025.03.19-16.25.47:427][231]LogWorld: UWorld::CleanupWorld for Main, bSessionEnded=true, bCleanupResources=true
[2025.03.19-16.25.47:427][231]LogSlate: InvalidateAllWidgets triggered.  All widgets were invalidated
[2025.03.19-16.25.47:427][231]MapCheck: New page: Map Check
[2025.03.19-16.25.47:427][231]LightingResults: New page: Lighting Build
[2025.03.19-16.25.47:437][231]LogAudio: Display: Audio Device unregistered from world 'None'.
[2025.03.19-16.25.47:439][231]LogUObjectHash: Compacting FUObjectHashTables data took   1.10ms
[2025.03.19-16.25.47:439][231]LogAudio: Display: Audio Device (ID: 1) registered with world 'ThirdPersonExampleMap'.
[2025.03.19-16.25.47:441][231]LogEditorServer: Finished looking for orphan Actors (0.000 secs)
[2025.03.19-16.25.47:441][231]LogAIModule: Creating AISystem for world ThirdPersonExampleMap
[2025.03.19-16.25.47:452][231]LogUObjectHash: Compacting FUObjectHashTables data took   1.01ms
[2025.03.19-16.25.47:454][231]Cmd: MAP CHECKDEP NOCLEARLOG
[2025.03.19-16.25.47:454][231]MapCheck: Map check complete: 0 Error(s), 0 Warning(s), took 0.054ms to complete.
[2025.03.19-16.25.47:454][231]LogFileHelpers: Loading map 'ThirdPersonExampleMap' took 0.052
[2025.03.19-16.27.09:352][883]LogWorld: UWorld::CleanupWorld for World_9, bSessionEnded=true, bCleanupResources=true
[2025.03.19-16.27.09:352][883]LogSlate: InvalidateAllWidgets triggered.  All widgets were invalidated
[2025.03.19-16.27.09:511][883]LogAssetEditorSubsystem: Opening Asset editor for Blueprint /Game/ThirdPersonCPP/Blueprints/ThirdPersonCharacter.ThirdPersonCharacter
[2025.03.19-16.27.09:863][883]LogSlate: Took 0.006577 seconds to synchronously load lazily loaded font '../../../Engine/Content/Slate/Fonts/Roboto-BoldCondensed.ttf' (158K)
[2025.03.19-16.27.16:774][583]LogSlate: Window 'ThirdPersonCharacter' being destroyed
[2025.03.19-16.27.23:316][344]LogSlate: Took 0.016978 seconds to synchronously load lazily loaded font '../../../Engine/Content/Slate/Fonts/Roboto-Italic.ttf' (157K)
[2025.03.19-16.27.27:684][827]LogRenderer: Reallocating scene render targets to support 1300x1088 Format 10 NumSamples 1 (Frame:1).
[2025.03.19-16.31.02:219][977]LogSlate: Prevented a slow task dialog from being summoned while a context menu was open
[2025.03.19-16.31.02:235][977]LogEditorClassViewer: Warning: Class /Engine/Tutorial/InWorldBlueprintEditing/TutorialAssets/IWBE_Blutility.IWBE_Blutility_C has parent /Script/Blutility.PlacedEditorUtilityBase, but this parent is not found. The Class will not be shown in ClassViewer.
[2025.03.19-16.34.28:482][400]LogVSAccessor: Warning: Couldn't access Visual Studio
[2025.03.19-16.34.28:490][400]LogVSAccessor: Warning: Couldn't access module table
[2025.03.19-16.34.28:490][400]LogVSAccessor: Warning: Couldn't access module table
[2025.03.19-16.34.28:490][400]LogVSAccessor: Warning: Couldn't access module table
[2025.03.19-16.34.28:490][400]LogVSAccessor: Warning: Couldn't access module table
[2025.03.19-16.34.28:490][400]LogVSAccessor: Warning: Couldn't access module table
[2025.03.19-16.34.28:490][400]LogVSAccessor: Warning: Couldn't access module table
[2025.03.19-16.34.28:490][400]LogVSAccessor: Warning: Couldn't access module table
[2025.03.19-16.34.28:490][400]LogVSAccessor: Warning: Couldn't access module table
[2025.03.19-16.34.28:490][400]LogVSAccessor: Warning: Couldn't access module table
[2025.03.19-16.34.28:490][400]LogVSAccessor: Warning: Couldn't access module table
[2025.03.19-16.34.28:490][400]LogVSAccessor: Warning: Couldn't access module table
[2025.03.19-16.34.28:490][400]LogVSAccessor: Warning: Couldn't access module table
[2025.03.19-16.34.28:490][400]LogVSAccessor: Warning: Couldn't access module table
[2025.03.19-16.34.28:490][400]LogVSAccessor: Warning: Couldn't access module table
[2025.03.19-16.34.28:490][400]LogVSAccessor: Warning: Couldn't access module table
[2025.03.19-16.34.28:490][400]LogVSAccessor: Warning: Couldn't access module table
[2025.03.19-16.34.28:490][400]LogVSAccessor: Warning: Couldn't access module table
[2025.03.19-16.34.28:490][400]LogVSAccessor: Warning: Couldn't access module table
[2025.03.19-16.34.28:491][400]LogVSAccessor: Warning: Couldn't access module table
[2025.03.19-16.34.28:491][400]LogVSAccessor: Warning: Couldn't access module table
[2025.03.19-16.34.28:491][400]LogVSAccessor: Warning: Couldn't access module table
[2025.03.19-16.34.28:491][400]LogVSAccessor: Warning: Couldn't access module table
[2025.03.19-16.34.28:491][400]LogVSAccessor: Warning: Couldn't access module table
[2025.03.19-16.34.28:491][400]LogVSAccessor: Warning: Couldn't access module table
[2025.03.19-16.34.28:491][400]LogVSAccessor: Warning: Couldn't access module table
[2025.03.19-16.34.28:491][400]LogVSAccessor: Warning: Couldn't access module table
[2025.03.19-16.34.28:491][400]LogVSAccessor: Warning: Couldn't access module table
[2025.03.19-16.34.28:491][400]LogVSAccessor: Warning: Couldn't access module table
[2025.03.19-16.34.28:491][400]LogVSAccessor: Warning: Couldn't access module table
[2025.03.19-16.34.28:491][400]LogVSAccessor: Warning: Couldn't access module table
[2025.03.19-16.34.28:491][400]LogVSAccessor: Warning: Couldn't access module table
[2025.03.19-16.34.28:491][400]LogVSAccessor: Warning: Couldn't access module table
[2025.03.19-16.34.28:491][400]LogVSAccessor: Warning: Couldn't access module table
[2025.03.19-16.34.28:491][400]LogVSAccessor: Warning: Couldn't access module table
[2025.03.19-16.34.28:491][400]LogVSAccessor: Warning: Couldn't access module table
[2025.03.19-16.34.28:491][400]LogVSAccessor: Warning: Couldn't access module table
[2025.03.19-16.34.28:491][400]LogVSAccessor: Warning: Couldn't access module table
[2025.03.19-16.34.28:491][400]LogVSAccessor: Warning: Couldn't access module table
[2025.03.19-16.34.28:491][400]LogVSAccessor: Warning: Couldn't access module table
[2025.03.19-16.34.28:491][400]LogVSAccessor: Warning: Couldn't access module table
[2025.03.19-16.34.28:491][400]LogVSAccessor: Warning: Couldn't access module table
[2025.03.19-16.34.28:491][400]LogVSAccessor: Warning: Couldn't access module table
[2025.03.19-16.34.28:492][400]LogVSAccessor: Warning: Couldn't access module table
[2025.03.19-16.34.28:492][400]LogVSAccessor: Warning: Couldn't access module table
[2025.03.19-16.34.28:492][400]LogVSAccessor: Warning: Couldn't access module table
[2025.03.19-16.34.28:492][400]LogVSAccessor: Warning: Couldn't access module table
[2025.03.19-16.34.28:492][400]LogVSAccessor: Warning: Couldn't access module table
[2025.03.19-16.34.28:492][400]LogVSAccessor: Warning: Couldn't access module table
[2025.03.19-16.34.28:492][400]LogVSAccessor: Warning: Couldn't access module table
[2025.03.19-16.34.28:492][400]LogVSAccessor: Warning: Couldn't access module table
[2025.03.19-16.34.28:492][400]LogVSAccessor: Warning: Couldn't access module table
[2025.03.19-16.34.28:492][400]LogVSAccessor: Warning: Couldn't access module table
[2025.03.19-16.34.28:492][400]LogVSAccessor: Warning: Couldn't access module table
[2025.03.19-16.34.28:492][400]LogVSAccessor: Warning: Couldn't access module table
[2025.03.19-16.34.28:492][400]LogVSAccessor: Warning: Couldn't access module table
[2025.03.19-16.34.28:492][400]LogVSAccessor: Warning: Couldn't access module table
[2025.03.19-16.34.28:492][400]LogVSAccessor: Warning: Couldn't access module table
[2025.03.19-16.34.28:492][400]LogVSAccessor: Warning: Couldn't access module table
[2025.03.19-16.34.28:492][400]LogVSAccessor: Warning: Couldn't access module table
[2025.03.19-16.34.28:492][400]LogVSAccessor: Warning: Couldn't access module table
[2025.03.19-16.34.28:492][400]LogVSAccessor: Warning: Couldn't access module table
[2025.03.19-16.34.28:492][400]LogVSAccessor: Warning: Couldn't access module table
[2025.03.19-16.34.28:492][400]LogVSAccessor: Warning: Couldn't access module table
[2025.03.19-16.34.28:492][400]LogVSAccessor: Warning: Couldn't access module table
[2025.03.19-16.34.28:492][400]LogVSAccessor: Warning: Couldn't access module table
[2025.03.19-16.34.28:493][400]LogVSAccessor: Warning: Couldn't access module table
[2025.03.19-16.34.28:493][400]LogVSAccessor: Warning: Couldn't access module table
[2025.03.19-16.34.28:493][400]LogVSAccessor: Warning: Couldn't access module table
[2025.03.19-16.34.28:493][400]LogVSAccessor: Warning: Couldn't access module table
[2025.03.19-16.34.28:493][400]LogVSAccessor: Warning: Couldn't access module table
[2025.03.19-16.34.28:493][400]LogVSAccessor: Warning: Couldn't access module table
[2025.03.19-16.34.28:493][400]LogVSAccessor: Warning: Couldn't access module table
[2025.03.19-16.34.28:493][400]LogVSAccessor: Warning: Couldn't access module table
[2025.03.19-16.34.28:493][400]LogVSAccessor: Warning: Couldn't access module table
[2025.03.19-16.34.28:493][400]LogVSAccessor: Warning: Couldn't access module table
[2025.03.19-16.34.28:493][400]LogVSAccessor: Warning: Couldn't access module table
[2025.03.19-16.34.28:493][400]LogVSAccessor: Warning: Couldn't access module table
[2025.03.19-16.34.28:493][400]LogVSAccessor: Warning: Couldn't access module table
[2025.03.19-16.34.28:493][400]LogVSAccessor: Warning: Couldn't access module table
[2025.03.19-16.34.28:493][400]LogVSAccessor: Warning: Couldn't access module table
[2025.03.19-16.34.28:493][400]LogVSAccessor: Warning: Couldn't access module table
[2025.03.19-16.34.28:493][400]LogVSAccessor: Warning: Couldn't access module table
[2025.03.19-16.34.28:493][400]LogVSAccessor: Warning: Couldn't access module table
[2025.03.19-16.34.28:493][400]LogVSAccessor: Warning: Couldn't access module table
[2025.03.19-16.34.28:493][400]LogVSAccessor: Warning: Couldn't access module table
[2025.03.19-16.34.28:493][400]LogVSAccessor: Warning: Couldn't access module table
[2025.03.19-16.34.28:493][400]LogVSAccessor: Warning: Couldn't access module table
[2025.03.19-16.34.28:493][400]LogVSAccessor: Warning: Couldn't access module table
[2025.03.19-16.34.28:493][400]LogVSAccessor: Warning: Couldn't access module table
[2025.03.19-16.34.28:494][400]LogVSAccessor: Warning: Couldn't access module table
[2025.03.19-16.34.28:494][400]LogVSAccessor: Warning: Couldn't access module table
[2025.03.19-16.34.28:494][400]LogVSAccessor: Warning: Couldn't access module table
[2025.03.19-16.34.28:494][400]LogVSAccessor: Warning: Couldn't access module table
[2025.03.19-16.34.28:494][400]LogVSAccessor: Warning: Couldn't access module table
[2025.03.19-16.34.28:494][400]LogVSAccessor: Warning: Couldn't access module table
[2025.03.19-16.34.28:494][400]LogVSAccessor: Warning: Couldn't access module table
[2025.03.19-16.34.28:494][400]LogVSAccessor: Warning: Couldn't access module table
[2025.03.19-16.34.28:494][400]LogVSAccessor: Warning: Couldn't access module table
[2025.03.19-16.34.28:494][400]LogVSAccessor: Warning: Couldn't access module table
[2025.03.19-16.34.28:494][400]LogVSAccessor: Warning: Couldn't access module table
[2025.03.19-16.34.28:494][400]LogVSAccessor: Warning: Couldn't access module table
[2025.03.19-16.34.28:494][400]LogVSAccessor: Warning: Couldn't access module table
[2025.03.19-16.34.28:494][400]LogVSAccessor: Warning: Couldn't access module table
[2025.03.19-16.34.28:494][400]LogVSAccessor: Warning: Couldn't access module table
[2025.03.19-16.34.28:494][400]LogVSAccessor: Warning: Couldn't access module table
[2025.03.19-16.34.28:494][400]LogVSAccessor: Warning: Couldn't access module table
[2025.03.19-16.34.28:494][400]LogVSAccessor: Warning: Couldn't access module table
[2025.03.19-16.34.28:494][400]LogVSAccessor: Warning: Couldn't access module table
[2025.03.19-16.34.28:494][400]LogVSAccessor: Warning: Couldn't access module table
[2025.03.19-16.34.28:494][400]LogVSAccessor: Warning: Couldn't access module table
[2025.03.19-16.34.28:494][400]LogVSAccessor: Warning: Couldn't access module table
[2025.03.19-16.34.28:494][400]LogVSAccessor: Warning: Couldn't access module table
[2025.03.19-16.34.28:494][400]LogVSAccessor: Warning: Couldn't access module table
[2025.03.19-16.34.28:494][400]LogVSAccessor: Warning: Couldn't access module table
[2025.03.19-16.34.28:495][400]LogVSAccessor: Warning: Couldn't access module table
[2025.03.19-16.34.28:495][400]LogVSAccessor: Warning: Couldn't access module table
[2025.03.19-16.34.28:495][400]LogVSAccessor: Warning: Couldn't access module table
[2025.03.19-16.34.28:495][400]LogVSAccessor: Warning: Couldn't access module table
[2025.03.19-16.34.28:495][400]LogVSAccessor: Warning: Couldn't access module table
[2025.03.19-16.34.28:495][400]LogVSAccessor: Warning: Couldn't access module table
[2025.03.19-16.34.28:495][400]LogVSAccessor: Warning: Couldn't access module table
[2025.03.19-16.34.28:495][400]LogVSAccessor: Warning: Couldn't access module table
[2025.03.19-16.34.28:495][400]LogVSAccessor: Warning: Couldn't access module table
[2025.03.19-16.34.28:495][400]LogVSAccessor: Warning: Couldn't access module table
[2025.03.19-16.34.28:495][400]LogVSAccessor: Warning: Couldn't access module table
[2025.03.19-16.34.28:495][400]LogVSAccessor: Warning: Couldn't access module table
[2025.03.19-16.34.28:495][400]LogVSAccessor: Warning: Couldn't access module table
[2025.03.19-16.34.28:495][400]LogVSAccessor: Warning: Couldn't access module table
[2025.03.19-16.34.28:495][400]LogVSAccessor: Warning: Couldn't access module table
[2025.03.19-16.34.28:496][400]LogVSAccessor: Warning: Couldn't access module table
[2025.03.19-16.34.28:496][400]LogVSAccessor: Warning: Couldn't access module table
[2025.03.19-16.34.28:496][400]LogVSAccessor: Warning: Couldn't access module table
[2025.03.19-16.34.28:496][400]LogVSAccessor: Warning: Couldn't access module table
[2025.03.19-16.34.28:497][400]LogVSAccessor: Warning: Couldn't access module table
[2025.03.19-16.34.28:497][400]LogVSAccessor: Warning: Couldn't access module table
[2025.03.19-16.34.28:497][400]LogVSAccessor: Warning: Couldn't access module table
[2025.03.19-16.34.28:497][400]LogVSAccessor: Warning: Couldn't access module table
[2025.03.19-16.34.28:497][400]LogVSAccessor: Warning: Couldn't access module table
[2025.03.19-16.34.28:497][400]LogVSAccessor: Warning: Couldn't access module table
[2025.03.19-16.34.28:497][400]LogVSAccessor: Warning: Couldn't access module table
[2025.03.19-16.34.28:497][400]LogVSAccessor: Warning: Couldn't access module table
[2025.03.19-16.34.28:497][400]LogVSAccessor: Warning: Couldn't access module table
[2025.03.19-16.34.28:497][400]LogVSAccessor: Warning: Couldn't access module table
[2025.03.19-16.34.28:499][400]LogVSAccessor: Warning: Couldn't access module table
[2025.03.19-16.34.28:499][400]LogVSAccessor: Warning: Couldn't access module table
[2025.03.19-16.34.28:499][400]LogVSAccessor: Warning: Couldn't access module table
[2025.03.19-16.34.28:499][400]LogVSAccessor: Warning: Couldn't access module table
[2025.03.19-16.34.28:500][400]LogVSAccessor: Warning: Couldn't access module table
[2025.03.19-16.34.28:502][400]LogVSAccessor: Warning: Couldn't access module table
[2025.03.19-16.34.28:502][400]LogVSAccessor: Warning: Couldn't access module table
[2025.03.19-16.34.28:502][400]LogVSAccessor: Warning: Couldn't access module table
[2025.03.19-16.34.28:502][400]LogVSAccessor: Warning: Couldn't access module table
[2025.03.19-16.34.28:502][400]LogVSAccessor: Warning: Couldn't access module table
[2025.03.19-16.34.28:510][400]LogVSAccessor: Warning: Couldn't access module table
[2025.03.19-16.34.28:518][400]LogVSAccessor: Warning: Couldn't access module table
[2025.03.19-16.34.28:518][400]LogVSAccessor: Warning: Couldn't access module table
[2025.03.19-16.34.28:519][400]LogVSAccessor: Warning: Couldn't access module table
[2025.03.19-16.34.28:519][400]LogVSAccessor: Warning: Couldn't access module table
[2025.03.19-16.34.28:520][400]LogVSAccessor: Warning: Couldn't access module table
[2025.03.19-16.34.28:520][400]LogVSAccessor: Warning: Couldn't access module table
[2025.03.19-16.34.28:520][400]LogVSAccessor: Warning: Couldn't access module table
[2025.03.19-16.34.28:520][400]LogVSAccessor: Warning: Couldn't access module table
[2025.03.19-16.34.28:520][400]LogVSAccessor: Warning: Couldn't access module table
[2025.03.19-16.34.28:522][400]LogVSAccessor: Warning: Couldn't access module table
[2025.03.19-16.34.28:522][400]LogVSAccessor: Warning: Couldn't access module table
[2025.03.19-16.34.28:522][400]LogVSAccessor: Warning: Couldn't access module table
[2025.03.19-16.34.28:522][400]LogVSAccessor: Warning: Couldn't access module table
[2025.03.19-16.34.28:522][400]LogVSAccessor: Warning: Couldn't access module table
[2025.03.19-16.34.28:523][400]LogVSAccessor: Warning: Couldn't access module table
[2025.03.19-16.34.28:523][400]LogVSAccessor: Warning: Couldn't access module table
[2025.03.19-16.34.28:523][400]LogVSAccessor: Warning: Couldn't access module table
[2025.03.19-16.34.28:527][400]LogVSAccessor: Warning: Couldn't access module table
[2025.03.19-16.34.28:533][400]LogVSAccessor: Warning: Couldn't access module table
[2025.03.19-16.34.28:535][400]LogVSAccessor: Warning: Couldn't access module table
[2025.03.19-16.34.28:535][400]LogVSAccessor: Warning: Couldn't access module table
[2025.03.19-16.34.28:535][400]LogVSAccessor: Warning: Couldn't access module table
[2025.03.19-16.34.28:535][400]LogVSAccessor: Warning: Couldn't access module table
[2025.03.19-16.34.28:546][400]LogVSAccessor: Warning: Couldn't access module table
[2025.03.19-16.34.28:549][400]LogVSAccessor: Warning: Couldn't access module table
[2025.03.19-16.34.28:549][400]LogVSAccessor: Warning: Couldn't access module table
[2025.03.19-16.34.28:549][400]LogVSAccessor: Warning: Couldn't access module table
[2025.03.19-16.34.28:559][400]LogVSAccessor: Warning: Couldn't access module table
[2025.03.19-16.34.28:559][400]LogVSAccessor: Warning: Couldn't access module table
[2025.03.19-16.34.28:574][400]LogVSAccessor: Warning: Couldn't access module table
[2025.03.19-16.34.28:574][400]LogVSAccessor: Warning: Couldn't access module table
[2025.03.19-16.34.28:574][400]LogVSAccessor: Warning: Couldn't access module table
[2025.03.19-16.34.43:690][114]BlueprintLog: New page: Compile ThirdPersonCharacter
[2025.03.19-16.34.43:732][114]LogUObjectHash: Compacting FUObjectHashTables data took   1.68ms
[2025.03.19-16.34.48:937][723]LogVSAccessor: Warning: Couldn't access Visual Studio
[2025.03.19-16.34.48:954][723]Candidate modules for hot reload:
[2025.03.19-16.34.48:954][723]  DungeonDash
[2025.03.19-16.34.48:954][723]Launching UnrealBuildTool... [D:/EpicGame/UnrealEngine/UE_4.27/Engine/Binaries/DotNET/UnrealBuildTool.exe  -ModuleWithSuffix=DungeonDash,0422 DungeonDashEditor Win64 Development -Project="D:/UnrealProjects/COMP217GroupProject/DungeonDash/DungeonDash.uproject" "D:/UnrealProjects/COMP217GroupProject/DungeonDash/DungeonDash.uproject"  -IgnoreJunk]
[2025.03.19-16.34.48:958][723]Warning: Starting HotReload took  0.0s.
[2025.03.19-16.35.34:506][671]CompilerResultsLog: New page: Compilation - Mar 19, 2025, 8:35:34 AM
[2025.03.19-16.35.34:506][671]CompilerResultsLog: Using 'git status' to determine working set for adaptive non-unity build (D:\UnrealProjects\COMP217GroupProject).
[2025.03.19-16.35.34:506][671]CompilerResultsLog: Creating makefile for DungeonDashEditor (config setting changed)
[2025.03.19-16.35.34:506][671]CompilerResultsLog: Parsing headers for DungeonDashEditor
[2025.03.19-16.35.34:506][671]CompilerResultsLog:   Running UnrealHeaderTool "D:\UnrealProjects\COMP217GroupProject\DungeonDash\DungeonDash.uproject" "D:\UnrealProjects\COMP217GroupProject\DungeonDash\Intermediate\Build\Win64\DungeonDashEditor\Development\DungeonDashEditor.uhtmanifest" -LogCmds="loginit warning, logexit warning, logdatabase error" -Unattended -WarningsAsErrors -abslog="C:\Users\zibin\AppData\Local\UnrealBuildTool\Log_UHT.txt" -installed
[2025.03.19-16.35.34:506][671]CompilerResultsLog: LogInit: Display: Loading text-based GConfig....
[2025.03.19-16.35.34:506][671]CompilerResultsLog: Reflection code generated for DungeonDashEditor in 11.1316212 seconds
[2025.03.19-16.35.34:506][671]CompilerResultsLog: Building DungeonDashEditor...
[2025.03.19-16.35.34:506][671]CompilerResultsLog: Using Visual Studio 2022 14.43.34808 toolchain (C:\Program Files\Microsoft Visual Studio\2022\Community\VC\Tools\MSVC\14.43.34808) and Windows 10.0.26100.0 SDK (C:\Program Files (x86)\Windows Kits\10).
[2025.03.19-16.35.34:506][671]CompilerResultsLog: Building 11 actions with 20 processes...
[2025.03.19-16.35.34:506][671]CompilerResultsLog:   [1/11] Default.rc2
[2025.03.19-16.35.34:506][671]CompilerResultsLog:   [2/11] SharedPCH.Engine.ShadowErrors.cpp
[2025.03.19-16.35.34:506][671]CompilerResultsLog:   Detected compiler newer than Visual Studio 2019, please update min version checking in WindowsPlatformCompilerSetup.h
[2025.03.19-16.35.34:506][671]CompilerResultsLog:   [3/11] DungeonDash.cpp
[2025.03.19-16.35.34:506][671]CompilerResultsLog:   [4/11] DungeonDash.init.gen.cpp
[2025.03.19-16.35.34:506][671]CompilerResultsLog:   [5/11] DungeonDashGameMode.cpp
[2025.03.19-16.35.34:506][671]CompilerResultsLog:   [6/11] DungeonDashGameMode.gen.cpp
[2025.03.19-16.35.34:507][671]CompilerResultsLog:   [7/11] DungeonDashCharacter.gen.cpp
[2025.03.19-16.35.34:507][671]CompilerResultsLog:   [8/11] DungeonDashCharacter.cpp
[2025.03.19-16.35.34:507][671]CompilerResultsLog:   [9/11] UE4Editor-DungeonDash-0422.lib
[2025.03.19-16.35.34:507][671]CompilerResultsLog:     ???ڴ????? D:\UnrealProjects\COMP217GroupProject\DungeonDash\Intermediate\Build\Win64\UE4Editor\Development\DungeonDash\UE4Editor-DungeonDash-0422.lib ?Ͷ??? D:\UnrealProjects\COMP217GroupProject\DungeonDash\Intermediate\Build\Win64\UE4Editor\Development\DungeonDash\UE4Editor-DungeonDash-0422.exp
[2025.03.19-16.35.34:507][671]CompilerResultsLog:   [10/11] UE4Editor-DungeonDash-0422.dll
[2025.03.19-16.35.34:507][671]CompilerResultsLog:     ???ڴ????? D:\UnrealProjects\COMP217GroupProject\DungeonDash\Intermediate\Build\Win64\UE4Editor\Development\DungeonDash\UE4Editor-DungeonDash-0422.suppressed.lib ?Ͷ??? D:\UnrealProjects\COMP217GroupProject\DungeonDash\Intermediate\Build\Win64\UE4Editor\Development\DungeonDash\UE4Editor-DungeonDash-0422.suppressed.exp
[2025.03.19-16.35.34:507][671]CompilerResultsLog:   [11/11] DungeonDashEditor.target
[2025.03.19-16.35.34:507][671]CompilerResultsLog: Total time in Parallel executor: 21.37 seconds
[2025.03.19-16.35.34:507][671]CompilerResultsLog: Total execution time: 45.15 seconds
[2025.03.19-16.35.34:507][671]LogMainFrame: MainFrame: Module compiling took 45.569 seconds
[2025.03.19-16.35.34:564][671]LogNativeClassHierarchy: Verbose: Native class hierarchy updated for 'DungeonDash' in 0.0002 seconds. Added 2 classes and 2 folders.
[2025.03.19-16.35.34:566][671]Display: HotReload successful (0 functions remapped  0 scriptstructs remapped)
[2025.03.19-16.35.34:641][671]LogNativeClassHierarchy: Verbose: Native class hierarchy populated in 0.0068 seconds. Added 3824 classes and 930 folders.
[2025.03.19-16.35.34:642][671]Display: HotReload took 45.7s.
[2025.03.19-16.36.48:337][392]LogUObjectHash: Compacting FUObjectHashTables data took   2.59ms
[2025.03.19-16.36.48:363][392]LogSavePackage: Moving '../../../../../../UnrealProjects/COMP217GroupProject/DungeonDash/Saved/ThirdPersonExampleMap_Auto19F492A8C409FCE950B42FF9AE61D037D.tmp' to '../../../../../../UnrealProjects/COMP217GroupProject/DungeonDash/Saved/Autosaves/Game/ThirdPersonCPP/Maps/ThirdPersonExampleMap_Auto1.umap'
[2025.03.19-16.36.48:363][392]LogFileHelpers: Editor autosave (incl. external actors) for '/Game/ThirdPersonCPP/Maps/ThirdPersonExampleMap' took 0.059
[2025.03.19-16.36.48:363][392]LogFileHelpers: Editor autosave (incl. sublevels & external actors) for all levels took 0.059
[2025.03.19-16.36.48:364][392]OBJ SavePackage: Generating thumbnails for [1] asset(s) in package [/Game/ThirdPersonCPP/Blueprints/ThirdPersonCharacter] ([2] browsable assets)...
[2025.03.19-16.36.48:372][392]OBJ SavePackage:     Rendered thumbnail for [Blueprint /Game/ThirdPersonCPP/Blueprints/ThirdPersonCharacter.ThirdPersonCharacter]
[2025.03.19-16.36.48:372][392]OBJ SavePackage: Finished generating thumbnails for package [/Game/ThirdPersonCPP/Blueprints/ThirdPersonCharacter]
[2025.03.19-16.36.48:380][392]LogSavePackage: Moving '../../../../../../UnrealProjects/COMP217GroupProject/DungeonDash/Saved/ThirdPersonCharacter_Auto18DF554BF4890382126A3DC9249C5514C.tmp' to '../../../../../../UnrealProjects/COMP217GroupProject/DungeonDash/Saved/Autosaves/Game/ThirdPersonCPP/Blueprints/ThirdPersonCharacter_Auto1.uasset'
[2025.03.19-16.36.48:381][392]LogFileHelpers: Auto-saving content packages took 0.017
[2025.03.19-16.51.21:720][927]BlueprintLog: New page: Compile ThirdPersonCharacter
[2025.03.19-16.51.21:882][927]LogUObjectHash: Compacting FUObjectHashTables data took   2.39ms
[2025.03.19-16.51.58:149][ 99]LogSavePackage: Moving '../../../../../../UnrealProjects/COMP217GroupProject/DungeonDash/Saved/ThirdPersonCharacterF58A617F4ADEEE357C994BA5CFCBE518.tmp' to '../../../../../../UnrealProjects/COMP217GroupProject/DungeonDash/Content/ThirdPersonCPP/Blueprints/ThirdPersonCharacter.uasset'
[2025.03.19-16.51.58:159][ 99]AssetCheck: New page: Asset Save: ThirdPersonCharacter
[2025.03.19-16.51.58:159][ 99]LogContentValidation: Display: Validating Blueprint /Game/ThirdPersonCPP/Blueprints/ThirdPersonCharacter.ThirdPersonCharacter
[2025.03.19-16.51.59:278][167]BlueprintLog: New page: Compile ThirdPersonCharacter
[2025.03.19-16.51.59:320][167]LogUObjectHash: Compacting FUObjectHashTables data took   2.75ms
[2025.03.19-16.52.10:104][812]LogAssetEditorSubsystem: Opening Asset editor for WidgetBlueprint /Game/ThirdPersonCPP/UI/HUD.HUD
[2025.03.19-16.52.36:151][344]LogUObjectHash: Compacting FUObjectHashTables data took   3.01ms
[2025.03.19-16.52.36:162][344]LogSavePackage: Moving '../../../../../../UnrealProjects/COMP217GroupProject/DungeonDash/Saved/ThirdPersonExampleMap_Auto20DDC827343D71D26AF6DB487C001E75D.tmp' to '../../../../../../UnrealProjects/COMP217GroupProject/DungeonDash/Saved/Autosaves/Game/ThirdPersonCPP/Maps/ThirdPersonExampleMap_Auto2.umap'
[2025.03.19-16.52.36:162][344]LogFileHelpers: Editor autosave (incl. external actors) for '/Game/ThirdPersonCPP/Maps/ThirdPersonExampleMap' took 0.055
[2025.03.19-16.52.36:162][344]LogFileHelpers: Editor autosave (incl. sublevels & external actors) for all levels took 0.055
[2025.03.19-16.54.56:181][727]LogSlate: Took 0.008106 seconds to synchronously load lazily loaded font '../../../Engine/Content/Slate/Fonts/DroidSansFallback.ttf' (3848K)
[2025.03.19-16.57.55:171][443]LogSlate: Window 'Color Picker' being destroyed
[2025.03.19-16.58.30:316][550]LogSlate: Window 'Color Picker' being destroyed
[2025.03.19-16.58.43:917][365]LogSlate: Window 'Color Picker' being destroyed
[2025.03.19-16.59.04:782][616]BlueprintLog: New page: Compile HUD
[2025.03.19-16.59.04:820][616]LogUObjectHash: Compacting FUObjectHashTables data took   3.56ms
[2025.03.19-17.02.35:248][215]LogUObjectHash: Compacting FUObjectHashTables data took   3.10ms
[2025.03.19-17.02.35:249][215]LogFileHelpers: Editor autosave (incl. external actors) for '/Game/ThirdPersonCPP/Maps/ThirdPersonExampleMap' took 0.026
[2025.03.19-17.02.35:250][215]OBJ SavePackage: Generating thumbnails for [0] asset(s) in package [/Game/ThirdPersonCPP/UI/HUD] ([2] browsable assets)...
[2025.03.19-17.02.35:250][215]OBJ SavePackage: Finished generating thumbnails for package [/Game/ThirdPersonCPP/UI/HUD]
[2025.03.19-17.02.35:255][215]LogSavePackage: Moving '../../../../../../UnrealProjects/COMP217GroupProject/DungeonDash/Saved/HUD_Auto33DBBE1F84F3B873F31C414BA4CEFAA9F.tmp' to '../../../../../../UnrealProjects/COMP217GroupProject/DungeonDash/Saved/Autosaves/Game/ThirdPersonCPP/UI/HUD_Auto3.uasset'
[2025.03.19-17.02.35:255][215]LogFileHelpers: Auto-saving content packages took 0.006
[2025.03.19-17.02.39:308][455]BlueprintLog: New page: Compile HUD
[2025.03.19-17.02.39:329][455]LogUObjectHash: Compacting FUObjectHashTables data took   2.04ms
[2025.03.19-17.03.32:841][657]BlueprintLog: New page: Compile HUD
[2025.03.19-17.03.32:865][657]LogUObjectHash: Compacting FUObjectHashTables data took   2.78ms
[2025.03.19-17.03.34:432][748]LogTemp: Repeating last play command: Selected Viewport
[2025.03.19-17.03.34:445][748]LogPlayLevel: PlayLevel: No blueprints needed recompiling
[2025.03.19-17.03.34:445][748]PIE: New page: PIE session: ThirdPersonExampleMap (Mar 19, 2025, 9:03:34 AM)
[2025.03.19-17.03.34:447][748]LogOnline: OSS: Creating online subsystem instance for: NULL
[2025.03.19-17.03.34:448][748]LogOnline: OSS: TryLoadSubsystemAndSetDefault: Loaded subsystem for module [NULL]
[2025.03.19-17.03.34:448][748]LogPlayLevel: Creating play world package: /Game/ThirdPersonCPP/Maps/UEDPIE_0_ThirdPersonExampleMap
[2025.03.19-17.03.34:456][748]LogPlayLevel: PIE: StaticDuplicateObject took: (0.007554s)
[2025.03.19-17.03.34:456][748]LogAIModule: Creating AISystem for world ThirdPersonExampleMap
[2025.03.19-17.03.34:457][748]LogPlayLevel: PIE: World Init took: (0.000898s)
[2025.03.19-17.03.34:457][748]LogPlayLevel: PIE: Created PIE world by copying editor world from /Game/ThirdPersonCPP/Maps/ThirdPersonExampleMap.ThirdPersonExampleMap to /Game/ThirdPersonCPP/Maps/UEDPIE_0_ThirdPersonExampleMap.ThirdPersonExampleMap (0.008567s)
[2025.03.19-17.03.34:476][748]LogUObjectHash: Compacting FUObjectHashTables data took   2.61ms
[2025.03.19-17.03.34:477][748]LogAudio: Display: Creating Audio Device:                 Id: 2, Scope: Unique, Realtime: True
[2025.03.19-17.03.34:477][748]LogAudioMixer: Display: Audio Mixer Platform Settings:
[2025.03.19-17.03.34:477][748]LogAudioMixer: Display: 	Sample Rate:						  48000
[2025.03.19-17.03.34:477][748]LogAudioMixer: Display: 	Callback Buffer Frame Size Requested: 1024
[2025.03.19-17.03.34:477][748]LogAudioMixer: Display: 	Callback Buffer Frame Size To Use:	  1024
[2025.03.19-17.03.34:477][748]LogAudioMixer: Display: 	Number of buffers to queue:			  2
[2025.03.19-17.03.34:477][748]LogAudioMixer: Display: 	Max Channels (voices):				  32
[2025.03.19-17.03.34:477][748]LogAudioMixer: Display: 	Number of Async Source Workers:		  0
[2025.03.19-17.03.34:477][748]LogAudio: Display: AudioDevice MaxSources: 32
[2025.03.19-17.03.34:477][748]LogAudio: Display: Audio Spatialization Plugin: None (built-in).
[2025.03.19-17.03.34:477][748]LogAudio: Display: Audio Reverb Plugin: None (built-in).
[2025.03.19-17.03.34:477][748]LogAudio: Display: Audio Occlusion Plugin: None (built-in).
[2025.03.19-17.03.34:477][748]LogAudioMixer: Display: Initializing audio mixer.
[2025.03.19-17.03.34:480][748]LogAudioMixer: Display: 0: FrontLeft
[2025.03.19-17.03.34:480][748]LogAudioMixer: Display: 1: FrontRight
[2025.03.19-17.03.34:580][748]LogAudioMixer: Display: Using Audio Device Speakers (Realtek(R) Audio)
[2025.03.19-17.03.34:581][748]LogAudioMixer: Display: Initializing Sound Submixes...
[2025.03.19-17.03.34:581][748]LogAudioMixer: Display: Creating Master Submix 'MasterSubmixDefault'
[2025.03.19-17.03.34:581][748]LogAudioMixer: Display: Creating Master Submix 'MasterReverbSubmixDefault'
[2025.03.19-17.03.34:581][748]LogAudioMixer: Display: Creating Master Submix 'MasterEQSubmixDefault'
[2025.03.19-17.03.34:581][748]LogAudioMixer: FMixerPlatformXAudio2::StartAudioStream() called
[2025.03.19-17.03.34:581][748]LogAudioMixer: Display: Output buffers initialized: Frames=1024, Channels=2, Samples=2048
[2025.03.19-17.03.34:582][748]LogAudioMixer: Display: Starting AudioMixerPlatformInterface::RunInternal()
[2025.03.19-17.03.34:582][748]LogAudioMixer: Display: FMixerPlatformXAudio2::SubmitBuffer() called for the first time
[2025.03.19-17.03.34:582][748]LogInit: FAudioDevice initialized.
[2025.03.19-17.03.34:582][748]LogAudio: Display: Audio Device (ID: 2) registered with world 'ThirdPersonExampleMap'.
[2025.03.19-17.03.34:600][748]LogSlate: Updating window title bar state: overlay mode, drag disabled, window buttons hidden, title bar hidden
[2025.03.19-17.03.34:600][748]LogLoad: Game class is 'DungeonDashGameMode'
[2025.03.19-17.03.34:602][748]LogWorld: Bringing World /Game/ThirdPersonCPP/Maps/UEDPIE_0_ThirdPersonExampleMap.ThirdPersonExampleMap up for play (max tick rate 60) at 2025.03.19-13.03.34
[2025.03.19-17.03.34:602][748]LogWorld: Bringing up level for play took: 0.001489
[2025.03.19-17.03.34:602][748]LogOnline: OSS: Creating online subsystem instance for: :Context_12
[2025.03.19-17.03.34:611][748]LogNativeClassHierarchy: Verbose: Native class hierarchy updated for 'MovieSceneCapture' in 0.0003 seconds. Added 20 classes and 0 folders.
[2025.03.19-17.03.34:613][748]PIE: Server logged in
[2025.03.19-17.03.34:614][748]PIE: Play in editor total start time 0.169 seconds.
[2025.03.19-17.03.44:429][320]LogSlate: Updating window title bar state: overlay mode, drag disabled, window buttons hidden, title bar hidden
[2025.03.19-17.03.44:429][320]LogWorld: BeginTearingDown for /Game/ThirdPersonCPP/Maps/UEDPIE_0_ThirdPersonExampleMap
[2025.03.19-17.03.44:430][320]LogSlate: Window 'DungeonDash Preview [NetMode: Standalone]  (64-bit/Windows) ' being destroyed
[2025.03.19-17.03.44:435][320]LogWorld: UWorld::CleanupWorld for ThirdPersonExampleMap, bSessionEnded=true, bCleanupResources=true
[2025.03.19-17.03.44:435][320]LogSlate: InvalidateAllWidgets triggered.  All widgets were invalidated
[2025.03.19-17.03.44:447][320]LogPlayLevel: Display: Shutting down PIE online subsystems
[2025.03.19-17.03.44:514][320]LogSlate: InvalidateAllWidgets triggered.  All widgets were invalidated
[2025.03.19-17.03.44:537][320]LogAudio: Display: Audio Device unregistered from world 'None'.
[2025.03.19-17.03.44:544][320]LogAudioMixer: FMixerPlatformXAudio2::StopAudioStream() called
[2025.03.19-17.03.44:547][320]LogAudioMixer: FMixerPlatformXAudio2::StopAudioStream() called
[2025.03.19-17.03.44:593][320]LogUObjectHash: Compacting FUObjectHashTables data took   4.40ms
[2025.03.19-17.03.44:604][321]LogPlayLevel: Display: Destroying online subsystem :Context_12
[2025.03.19-17.03.46:522][436]BlueprintLog: New page: Compile HUD
[2025.03.19-17.03.46:566][436]LogUObjectHash: Compacting FUObjectHashTables data took   3.01ms
[2025.03.19-17.04.04:210][919]BlueprintLog: New page: Compile HUD
[2025.03.19-17.04.04:235][919]LogUObjectHash: Compacting FUObjectHashTables data took   2.85ms
[2025.03.19-17.04.05:721][  4]LogWorld: UWorld::CleanupWorld for World_13, bSessionEnded=true, bCleanupResources=true
[2025.03.19-17.04.05:721][  4]LogSlate: InvalidateAllWidgets triggered.  All widgets were invalidated
[2025.03.19-17.04.05:728][  4]LogWorld: UWorld::CleanupWorld for World_12, bSessionEnded=true, bCleanupResources=true
[2025.03.19-17.04.05:728][  4]LogSlate: InvalidateAllWidgets triggered.  All widgets were invalidated
[2025.03.19-17.04.07:738][122]LogWorld: UWorld::CleanupWorld for World_11, bSessionEnded=true, bCleanupResources=true
[2025.03.19-17.04.07:738][122]LogSlate: InvalidateAllWidgets triggered.  All widgets were invalidated
[2025.03.19-17.04.16:710][631]LogAssetEditorSubsystem: Opening Asset editor for WidgetBlueprint /Game/ThirdPersonCPP/UI/MainMenu.MainMenu
[2025.03.19-17.04.22:267][878]LogSlate: Window 'MainMenu' being destroyed
[2025.03.19-17.12.20:497][621]LogWindowsTextInputMethodSystem: Display: IME system deactivated.
[2025.03.19-17.12.20:497][621]LogWindowsTextInputMethodSystem: Display: IME system deactivated.
[2025.03.19-17.14.39:764][925]LogSlate: Window 'Color Picker' being destroyed
[2025.03.19-17.15.17:150][166]LogTexture: Default maximum texture size for cubemaps generated from long-lat sources has been changed from 512 to unlimited. In order to preserve old behaiour for '/Game/StarterContent/HDRI/HDRI_Epic_Courtyard_Daylight.HDRI_Epic_Courtyard_Daylight', its maximum texture size has been explicitly set to 512.
[2025.03.19-17.16.23:289][118]LogUObjectHash: Compacting FUObjectHashTables data took   3.06ms
[2025.03.19-17.16.23:294][118]LogFileHelpers: Editor autosave (incl. external actors) for '/Game/ThirdPersonCPP/Maps/ThirdPersonExampleMap' took 0.060
[2025.03.19-17.16.23:294][118]OBJ SavePackage: Generating thumbnails for [0] asset(s) in package [/Game/ThirdPersonCPP/UI/MainMenu] ([2] browsable assets)...
[2025.03.19-17.16.23:294][118]OBJ SavePackage: Finished generating thumbnails for package [/Game/ThirdPersonCPP/UI/MainMenu]
[2025.03.19-17.16.23:298][118]LogSavePackage: Moving '../../../../../../UnrealProjects/COMP217GroupProject/DungeonDash/Saved/MainMenu_Auto4AF6AF0BA4C4DAB9D45CD9896C3B85E4B.tmp' to '../../../../../../UnrealProjects/COMP217GroupProject/DungeonDash/Saved/Autosaves/Game/ThirdPersonCPP/UI/MainMenu_Auto4.uasset'
[2025.03.19-17.16.23:298][118]OBJ SavePackage: Generating thumbnails for [0] asset(s) in package [/Game/ThirdPersonCPP/UI/HUD] ([2] browsable assets)...
[2025.03.19-17.16.23:298][118]OBJ SavePackage: Finished generating thumbnails for package [/Game/ThirdPersonCPP/UI/HUD]
[2025.03.19-17.16.23:312][118]LogSavePackage: Moving '../../../../../../UnrealProjects/COMP217GroupProject/DungeonDash/Saved/HUD_Auto4B8809F0C43F81868474D3983BC7750F3.tmp' to '../../../../../../UnrealProjects/COMP217GroupProject/DungeonDash/Saved/Autosaves/Game/ThirdPersonCPP/UI/HUD_Auto4.uasset'
[2025.03.19-17.16.23:313][118]LogFileHelpers: Auto-saving content packages took 0.018
[2025.03.19-17.23.06:551][379]LogContentBrowser: Deferred new asset folder creation: NewFolder
[2025.03.19-17.23.06:561][379]LogContentBrowser: Creating deferred item: NewFolder
[2025.03.19-17.23.10:730][630]LogContentBrowser: Attempting asset rename: NewFolder -> Assets
[2025.03.19-17.23.10:731][630]LogContentBrowser: End creating deferred item NewFolder
[2025.03.19-17.23.14:597][841]LogFactory: FactoryCreateFile: Texture with ReimportTextureFactory (0 0 C:\Users\zibin\Desktop\sample.jpg)
[2025.03.19-17.23.14:628][841]LogTexture: Display: Building textures: sample (OODLE_AutoDXT, 1920X1008)
[2025.03.19-17.23.14:682][841]LogTextureFormatOodle: Display: non-RDO encode 1920 x 1008 x 1 to format OODLE_AutoDXT (Oodle OodleTex_BC1_WithTransparency) lambda=0 effort=20 
[2025.03.19-17.23.30:899][751]LogAssetEditorSubsystem: Opening Asset editor for Texture2D /Game/ThirdPersonCPP/UI/Assets/sample.sample
[2025.03.19-17.23.30:936][751]LogNativeClassHierarchy: Verbose: Native class hierarchy updated for 'TextureEditor' in 0.0002 seconds. Added 1 classes and 2 folders.
[2025.03.19-17.23.53:124][ 70]BlueprintLog: New page: Compile MainMenu
[2025.03.19-17.23.53:199][ 70]LogUObjectHash: Compacting FUObjectHashTables data took   3.07ms
[2025.03.19-17.25.58:248][552]LogSlate: FontCache flush requested. Reason: Font Atlases Full; 2/1 Pages; frames since last flush: 274552
[2025.03.19-17.25.58:249][552]LogSlate: InvalidateAllWidgets triggered.  All widgets were invalidated
[2025.03.19-17.25.58:266][553]LogSlate: Took 0.004961 seconds to synchronously load lazily loaded font '../../../Engine/Content/Slate/Fonts/Roboto-Regular.ttf' (155K)
[2025.03.19-17.25.58:272][553]LogSlate: Took 0.003558 seconds to synchronously load lazily loaded font '../../../Engine/Content/Slate/Fonts/Roboto-Light.ttf' (167K)
[2025.03.19-17.25.58:275][553]LogSlate: Took 0.003100 seconds to synchronously load lazily loaded font '../../../Engine/Content/Slate/Fonts/Roboto-Bold.ttf' (160K)
[2025.03.19-17.25.58:280][553]LogSlate: Took 0.003749 seconds to synchronously load lazily loaded font '../../../Engine/Content/Editor/Slate/Fonts/FontAwesome.ttf' (139K)
[2025.03.19-17.25.58:287][553]LogSlate: Took 0.004380 seconds to synchronously load lazily loaded font '../../../Engine/Content/Slate/Fonts/DroidSansFallback.ttf' (3848K)
[2025.03.19-17.25.58:290][553]LogSlate: Took 0.003494 seconds to synchronously load lazily loaded font '../../../Engine/Content/Slate/Fonts/Roboto-BoldCondensed.ttf' (158K)
[2025.03.19-17.25.58:507][566]LogSlate: FontCache flush requested. Reason: Font Atlases Full; 2/1 Pages; frames since last flush: 14
[2025.03.19-17.25.58:507][566]LogSlate: InvalidateAllWidgets triggered.  All widgets were invalidated
[2025.03.19-17.25.58:520][567]LogSlate: Took 0.000118 seconds to synchronously load lazily loaded font '../../../Engine/Content/Slate/Fonts/Roboto-Regular.ttf' (155K)
[2025.03.19-17.25.58:523][567]LogSlate: Took 0.000100 seconds to synchronously load lazily loaded font '../../../Engine/Content/Slate/Fonts/Roboto-Light.ttf' (167K)
[2025.03.19-17.25.58:523][567]LogSlate: Took 0.000082 seconds to synchronously load lazily loaded font '../../../Engine/Content/Slate/Fonts/Roboto-Bold.ttf' (160K)
[2025.03.19-17.25.58:524][567]LogSlate: Took 0.000084 seconds to synchronously load lazily loaded font '../../../Engine/Content/Editor/Slate/Fonts/FontAwesome.ttf' (139K)
[2025.03.19-17.25.58:527][567]LogSlate: Took 0.000622 seconds to synchronously load lazily loaded font '../../../Engine/Content/Slate/Fonts/DroidSansFallback.ttf' (3848K)
[2025.03.19-17.25.58:528][567]LogSlate: Took 0.000070 seconds to synchronously load lazily loaded font '../../../Engine/Content/Slate/Fonts/Roboto-BoldCondensed.ttf' (158K)
[2025.03.19-17.25.58:592][571]LogSlate: FontCache flush requested. Reason: Font Atlases Full; 2/1 Pages; frames since last flush: 5
[2025.03.19-17.25.58:592][571]LogSlate: InvalidateAllWidgets triggered.  All widgets were invalidated
[2025.03.19-17.25.58:605][572]LogSlate: Took 0.000132 seconds to synchronously load lazily loaded font '../../../Engine/Content/Slate/Fonts/Roboto-Regular.ttf' (155K)
[2025.03.19-17.25.58:608][572]LogSlate: Took 0.000102 seconds to synchronously load lazily loaded font '../../../Engine/Content/Slate/Fonts/Roboto-Light.ttf' (167K)
[2025.03.19-17.25.58:608][572]LogSlate: Took 0.000071 seconds to synchronously load lazily loaded font '../../../Engine/Content/Slate/Fonts/Roboto-Bold.ttf' (160K)
[2025.03.19-17.25.58:609][572]LogSlate: Took 0.000081 seconds to synchronously load lazily loaded font '../../../Engine/Content/Editor/Slate/Fonts/FontAwesome.ttf' (139K)
[2025.03.19-17.25.58:611][572]LogSlate: Took 0.000573 seconds to synchronously load lazily loaded font '../../../Engine/Content/Slate/Fonts/DroidSansFallback.ttf' (3848K)
[2025.03.19-17.25.58:611][572]LogSlate: Took 0.000061 seconds to synchronously load lazily loaded font '../../../Engine/Content/Slate/Fonts/Roboto-BoldCondensed.ttf' (158K)
[2025.03.19-17.25.58:792][583]LogSlate: FontCache flush requested. Reason: Font Atlases Full; 2/1 Pages; frames since last flush: 12
[2025.03.19-17.25.58:792][583]LogSlate: InvalidateAllWidgets triggered.  All widgets were invalidated
[2025.03.19-17.25.58:805][584]LogSlate: Took 0.000126 seconds to synchronously load lazily loaded font '../../../Engine/Content/Slate/Fonts/Roboto-Regular.ttf' (155K)
[2025.03.19-17.25.58:808][584]LogSlate: Took 0.000103 seconds to synchronously load lazily loaded font '../../../Engine/Content/Slate/Fonts/Roboto-Light.ttf' (167K)
[2025.03.19-17.25.58:808][584]LogSlate: Took 0.000070 seconds to synchronously load lazily loaded font '../../../Engine/Content/Slate/Fonts/Roboto-Bold.ttf' (160K)
[2025.03.19-17.25.58:809][584]LogSlate: Took 0.000061 seconds to synchronously load lazily loaded font '../../../Engine/Content/Editor/Slate/Fonts/FontAwesome.ttf' (139K)
[2025.03.19-17.25.58:811][584]LogSlate: Took 0.000587 seconds to synchronously load lazily loaded font '../../../Engine/Content/Slate/Fonts/DroidSansFallback.ttf' (3848K)
[2025.03.19-17.25.58:811][584]LogSlate: Took 0.000054 seconds to synchronously load lazily loaded font '../../../Engine/Content/Slate/Fonts/Roboto-BoldCondensed.ttf' (158K)
[2025.03.19-17.27.54:862][524]BlueprintLog: New page: Compile MainMenu
[2025.03.19-17.27.54:888][524]LogUObjectHash: Compacting FUObjectHashTables data took   2.32ms
[2025.03.19-17.30.20:517][233]LogSlate: Took 0.005590 seconds to synchronously load lazily loaded font '../../../Engine/Content/Slate/Fonts/Roboto-Italic.ttf' (157K)
[2025.03.19-17.30.52:271][135]LogUObjectHash: Compacting FUObjectHashTables data took   2.45ms
[2025.03.19-17.30.52:273][135]LogFileHelpers: Editor autosave (incl. external actors) for '/Game/ThirdPersonCPP/Maps/ThirdPersonExampleMap' took 0.023
[2025.03.19-17.30.52:274][135]OBJ SavePackage: Generating thumbnails for [0] asset(s) in package [/Game/ThirdPersonCPP/UI/MainMenu] ([2] browsable assets)...
[2025.03.19-17.30.52:274][135]OBJ SavePackage: Finished generating thumbnails for package [/Game/ThirdPersonCPP/UI/MainMenu]
[2025.03.19-17.30.52:279][135]LogSavePackage: Moving '../../../../../../UnrealProjects/COMP217GroupProject/DungeonDash/Saved/MainMenu_Auto5351456D647C1CA1F5899BDB133235B98.tmp' to '../../../../../../UnrealProjects/COMP217GroupProject/DungeonDash/Saved/Autosaves/Game/ThirdPersonCPP/UI/MainMenu_Auto5.uasset'
[2025.03.19-17.30.52:280][135]OBJ SavePackage: Generating thumbnails for [1] asset(s) in package [/Game/ThirdPersonCPP/UI/Assets/sample] ([1] browsable assets)...
[2025.03.19-17.30.52:283][135]OBJ SavePackage:     Rendered thumbnail for [Texture2D /Game/ThirdPersonCPP/UI/Assets/sample.sample]
[2025.03.19-17.30.52:283][135]OBJ SavePackage: Finished generating thumbnails for package [/Game/ThirdPersonCPP/UI/Assets/sample]
[2025.03.19-17.30.52:298][135]LogSavePackage: Moving '../../../../../../UnrealProjects/COMP217GroupProject/DungeonDash/Saved/sample_Auto54E2ABC0443A19FF798D9D58FA4065D83.tmp' to '../../../../../../UnrealProjects/COMP217GroupProject/DungeonDash/Saved/Autosaves/Game/ThirdPersonCPP/UI/Assets/sample_Auto5.uasset'
[2025.03.19-17.30.52:298][135]LogFileHelpers: Auto-saving content packages took 0.025
[2025.03.19-17.34.45:646][ 84]BlueprintLog: New page: Compile MainMenu
[2025.03.19-17.34.45:668][ 84]LogUObjectHash: Compacting FUObjectHashTables data took   2.12ms
[2025.03.19-17.34.53:698][560]LogWorld: UWorld::CleanupWorld for World_15, bSessionEnded=true, bCleanupResources=true
[2025.03.19-17.34.53:698][560]LogSlate: InvalidateAllWidgets triggered.  All widgets were invalidated
[2025.03.19-17.34.53:703][560]LogWorld: UWorld::CleanupWorld for World_14, bSessionEnded=true, bCleanupResources=true
[2025.03.19-17.34.53:704][560]LogSlate: InvalidateAllWidgets triggered.  All widgets were invalidated
[2025.03.19-17.35.01:014][992]LogAssetEditorSubsystem: Opening Asset editor for LevelScriptBlueprint /Game/ThirdPersonCPP/Maps/ThirdPersonExampleMap.ThirdPersonExampleMap:PersistentLevel.ThirdPersonExampleMap
[2025.03.19-17.35.14:705][781]LogSlate: Window 'ThirdPersonExampleMap' being destroyed
[2025.03.19-17.35.14:712][781]LogSlate: Window 'ThirdPersonExampleMap' being destroyed
[2025.03.19-17.35.14:714][781]LogWorld: UWorld::CleanupWorld for World_16, bSessionEnded=true, bCleanupResources=true
[2025.03.19-17.35.14:714][781]LogSlate: InvalidateAllWidgets triggered.  All widgets were invalidated
[2025.03.19-17.35.19:878][ 87]LogUObjectHash: Compacting FUObjectHashTables data took   2.89ms
[2025.03.19-17.35.22:527][ 87]LogSlate: Window 'Save Content' being destroyed
[2025.03.19-17.35.22:554][ 87]Cmd: OBJ SAVEPACKAGE PACKAGE="/Game/ThirdPersonCPP/UI/HUD" FILE="../../../../../../UnrealProjects/COMP217GroupProject/DungeonDash/Content/ThirdPersonCPP/UI/HUD.uasset" SILENT=true
[2025.03.19-17.35.22:557][ 87]LogSavePackage: Moving '../../../../../../UnrealProjects/COMP217GroupProject/DungeonDash/Saved/HUDFD8710134FA33E34B1D6E58B5D4CA743.tmp' to '../../../../../../UnrealProjects/COMP217GroupProject/DungeonDash/Content/ThirdPersonCPP/UI/HUD.uasset'
[2025.03.19-17.35.22:558][ 87]Cmd: OBJ SAVEPACKAGE PACKAGE="/Game/ThirdPersonCPP/UI/MainMenu" FILE="../../../../../../UnrealProjects/COMP217GroupProject/DungeonDash/Content/ThirdPersonCPP/UI/MainMenu.uasset" SILENT=true
[2025.03.19-17.35.22:568][ 87]LogSavePackage: Moving '../../../../../../UnrealProjects/COMP217GroupProject/DungeonDash/Saved/MainMenuCF206DE04AE97F80C5561F80386F2860.tmp' to '../../../../../../UnrealProjects/COMP217GroupProject/DungeonDash/Content/ThirdPersonCPP/UI/MainMenu.uasset'
[2025.03.19-17.35.22:568][ 87]Cmd: OBJ SAVEPACKAGE PACKAGE="/Game/ThirdPersonCPP/UI/Assets/sample" FILE="../../../../../../UnrealProjects/COMP217GroupProject/DungeonDash/Content/ThirdPersonCPP/UI/Assets/sample.uasset" SILENT=true
[2025.03.19-17.35.22:653][ 87]LogSavePackage: Moving '../../../../../../UnrealProjects/COMP217GroupProject/DungeonDash/Saved/sample872F7B1C45EF8216C28A8FB5FD93DFF0.tmp' to '../../../../../../UnrealProjects/COMP217GroupProject/DungeonDash/Content/ThirdPersonCPP/UI/Assets/sample.uasset'
[2025.03.19-17.35.22:697][ 87]LogUObjectHash: Compacting FUObjectHashTables data took   2.84ms
[2025.03.19-17.35.22:711][ 87]LogSavePackage: Moving '../../../../../../UnrealProjects/COMP217GroupProject/DungeonDash/Saved/ThirdPersonExampleMapF66F98B44ED772950FF131B6E577CAE9.tmp' to '../../../../../../UnrealProjects/COMP217GroupProject/DungeonDash/Content/ThirdPersonCPP/Maps/ThirdPersonExampleMap.umap'
[2025.03.19-17.35.22:725][ 87]LogFileHelpers: Saving map 'ThirdPersonExampleMap' took 0.072
[2025.03.19-17.35.22:752][ 87]LogAssetEditorSubsystem: Opening Asset editor for World /Game/ThirdPersonCPP/Main.Main
[2025.03.19-17.35.22:752][ 87]Cmd: MAP LOAD FILE="../../../../../../UnrealProjects/COMP217GroupProject/DungeonDash/Content/ThirdPersonCPP/Main.umap" TEMPLATE=0 SHOWPROGRESS=1 FEATURELEVEL=3
[2025.03.19-17.35.22:752][ 87]LightingResults: New page: Lighting Build
[2025.03.19-17.35.22:752][ 87]LoadErrors: New page: Loading map: Main.umap
[2025.03.19-17.35.22:754][ 87]LogWorld: UWorld::CleanupWorld for ThirdPersonExampleMap, bSessionEnded=true, bCleanupResources=true
[2025.03.19-17.35.22:754][ 87]LogSlate: InvalidateAllWidgets triggered.  All widgets were invalidated
[2025.03.19-17.35.22:754][ 87]MapCheck: New page: Map Check
[2025.03.19-17.35.22:754][ 87]LightingResults: New page: Lighting Build
[2025.03.19-17.35.22:764][ 87]LogAudio: Display: Audio Device unregistered from world 'None'.
[2025.03.19-17.35.22:769][ 87]LogUObjectHash: Compacting FUObjectHashTables data took   1.46ms
[2025.03.19-17.35.22:770][ 87]LogAudio: Display: Audio Device (ID: 1) registered with world 'Main'.
[2025.03.19-17.35.22:771][ 87]LogEditorServer: Finished looking for orphan Actors (0.000 secs)
[2025.03.19-17.35.22:771][ 87]LogAIModule: Creating AISystem for world Main
[2025.03.19-17.35.22:783][ 87]LogUObjectHash: Compacting FUObjectHashTables data took   1.35ms
[2025.03.19-17.35.22:785][ 87]Cmd: MAP CHECKDEP NOCLEARLOG
[2025.03.19-17.35.22:785][ 87]MapCheck: Map check complete: 0 Error(s), 0 Warning(s), took 0.054ms to complete.
[2025.03.19-17.35.22:785][ 87]LogFileHelpers: Loading map 'Main' took 0.032
[2025.03.19-17.35.22:809][ 87]AssetCheck: New page: Asset Save: multiple assets
[2025.03.19-17.35.22:809][ 87]LogContentValidation: Display: Validating WidgetBlueprint /Game/ThirdPersonCPP/UI/MainMenu.MainMenu
[2025.03.19-17.35.22:809][ 87]LogContentValidation: Display: Validating WidgetBlueprint /Game/ThirdPersonCPP/UI/HUD.HUD
[2025.03.19-17.35.22:810][ 87]LogContentValidation: Display: Validating Texture2D /Game/ThirdPersonCPP/UI/Assets/sample.sample
[2025.03.19-17.35.22:810][ 87]LogContentValidation: Display: Validating World /Game/ThirdPersonCPP/Maps/ThirdPersonExampleMap.ThirdPersonExampleMap
[2025.03.19-17.35.29:994][510]LogAssetEditorSubsystem: Opening Asset editor for LevelScriptBlueprint /Game/ThirdPersonCPP/Main.Main:PersistentLevel.Main
[2025.03.19-17.35.31:984][616]LogSlate: Window 'Main' being destroyed
[2025.03.19-17.35.43:535][303]LogSlate: Prevented a slow task dialog from being summoned while a context menu was open
[2025.03.19-17.35.43:549][303]LogEditorClassViewer: Warning: Class /Engine/Tutorial/InWorldBlueprintEditing/TutorialAssets/IWBE_Blutility.IWBE_Blutility_C has parent /Script/Blutility.PlacedEditorUtilityBase, but this parent is not found. The Class will not be shown in ClassViewer.
[2025.03.19-17.38.42:154][992]BlueprintLog: New page: Compile Main
[2025.03.19-17.38.42:171][992]LogUObjectHash: Compacting FUObjectHashTables data took   1.50ms
[2025.03.19-17.38.46:686][263]LogWorld: UWorld::CleanupWorld for World_19, bSessionEnded=true, bCleanupResources=true
[2025.03.19-17.38.46:686][263]LogSlate: InvalidateAllWidgets triggered.  All widgets were invalidated
[2025.03.19-17.38.49:981][459]LogAssetEditorSubsystem: Opening Asset editor for Blueprint /Game/ThirdPersonCPP/Blueprints/ThirdPersonCharacter.ThirdPersonCharacter
[2025.03.19-17.43.52:081][410]BlueprintLog: New page: Compile ThirdPersonCharacter
[2025.03.19-17.43.52:110][410]LogUObjectHash: Compacting FUObjectHashTables data took   1.47ms
[2025.03.19-17.44.15:182][678]LogAssetEditorSubsystem: Opening Asset editor for WidgetBlueprint /Game/ThirdPersonCPP/UI/HUD.HUD
[2025.03.19-17.45.20:432][514]LogUObjectHash: Compacting FUObjectHashTables data took   1.73ms
[2025.03.19-17.45.20:435][514]LogSavePackage: Moving '../../../../../../UnrealProjects/COMP217GroupProject/DungeonDash/Saved/Main_Auto6798F52904C21A58A3ABC4B8E627CF93B.tmp' to '../../../../../../UnrealProjects/COMP217GroupProject/DungeonDash/Saved/Autosaves/Game/ThirdPersonCPP/Main_Auto6.umap'
[2025.03.19-17.45.20:436][514]LogFileHelpers: Editor autosave (incl. external actors) for '/Game/ThirdPersonCPP/Main' took 0.018
[2025.03.19-17.45.20:436][514]LogFileHelpers: Editor autosave (incl. sublevels & external actors) for all levels took 0.018
[2025.03.19-17.45.20:436][514]OBJ SavePackage: Generating thumbnails for [1] asset(s) in package [/Game/ThirdPersonCPP/Blueprints/ThirdPersonCharacter] ([2] browsable assets)...
[2025.03.19-17.45.20:449][514]OBJ SavePackage:     Rendered thumbnail for [Blueprint /Game/ThirdPersonCPP/Blueprints/ThirdPersonCharacter.ThirdPersonCharacter]
[2025.03.19-17.45.20:449][514]OBJ SavePackage: Finished generating thumbnails for package [/Game/ThirdPersonCPP/Blueprints/ThirdPersonCharacter]
[2025.03.19-17.45.20:566][514]LogSavePackage: Moving '../../../../../../UnrealProjects/COMP217GroupProject/DungeonDash/Saved/ThirdPersonCharacter_Auto60064E942498ABC4428BA5DA361552B8F.tmp' to '../../../../../../UnrealProjects/COMP217GroupProject/DungeonDash/Saved/Autosaves/Game/ThirdPersonCPP/Blueprints/ThirdPersonCharacter_Auto6.uasset'
[2025.03.19-17.45.20:567][514]LogFileHelpers: Auto-saving content packages took 0.131
[2025.03.19-17.46.16:760][417]BlueprintLog: New page: Compile ThirdPersonCharacter
[2025.03.19-17.46.16:791][417]LogUObjectHash: Compacting FUObjectHashTables data took   1.37ms
[2025.03.19-17.46.17:439][455]LogWorld: UWorld::CleanupWorld for World_20, bSessionEnded=true, bCleanupResources=true
[2025.03.19-17.46.17:439][455]LogSlate: InvalidateAllWidgets triggered.  All widgets were invalidated
[2025.03.19-17.46.20:342][627]LogWorld: UWorld::CleanupWorld for World_22, bSessionEnded=true, bCleanupResources=true
[2025.03.19-17.46.20:342][627]LogSlate: InvalidateAllWidgets triggered.  All widgets were invalidated
[2025.03.19-17.46.20:345][627]LogWorld: UWorld::CleanupWorld for World_21, bSessionEnded=true, bCleanupResources=true
[2025.03.19-17.46.20:345][627]LogSlate: InvalidateAllWidgets triggered.  All widgets were invalidated
[2025.03.19-17.46.30:210][216]LogSlate: Prevented a slow task dialog from being summoned while a context menu was open
[2025.03.19-17.46.30:224][216]LogEditorClassViewer: Warning: Class /Engine/Tutorial/InWorldBlueprintEditing/TutorialAssets/IWBE_Blutility.IWBE_Blutility_C has parent /Script/Blutility.PlacedEditorUtilityBase, but this parent is not found. The Class will not be shown in ClassViewer.
[2025.03.19-17.47.59:342][561]LogVSAccessor: Warning: Couldn't access Visual Studio
[2025.03.19-17.47.59:346][561]Candidate modules for hot reload:
[2025.03.19-17.47.59:346][561]  DungeonDash
[2025.03.19-17.47.59:346][561]Launching UnrealBuildTool... [D:/EpicGame/UnrealEngine/UE_4.27/Engine/Binaries/DotNET/UnrealBuildTool.exe  -ModuleWithSuffix=DungeonDash,5448 DungeonDashEditor Win64 Development -Project="D:/UnrealProjects/COMP217GroupProject/DungeonDash/DungeonDash.uproject" "D:/UnrealProjects/COMP217GroupProject/DungeonDash/DungeonDash.uproject"  -IgnoreJunk]
[2025.03.19-17.47.59:593][561]Warning: Starting HotReload took  0.3s.
[2025.03.19-17.48.02:240][720]CompilerResultsLog: New page: Compilation - Mar 19, 2025, 9:48:02 AM
[2025.03.19-17.48.02:240][720]CompilerResultsLog: Using 'git status' to determine working set for adaptive non-unity build (D:\UnrealProjects\COMP217GroupProject).
[2025.03.19-17.48.02:240][720]CompilerResultsLog: Building DungeonDashEditor...
[2025.03.19-17.48.02:240][720]CompilerResultsLog: Using Visual Studio 2022 14.43.34808 toolchain (C:\Program Files\Microsoft Visual Studio\2022\Community\VC\Tools\MSVC\14.43.34808) and Windows 10.0.26100.0 SDK (C:\Program Files (x86)\Windows Kits\10).
[2025.03.19-17.48.02:240][720]CompilerResultsLog: Building 3 actions with 20 processes...
[2025.03.19-17.48.02:240][720]CompilerResultsLog:   [1/3] UE4Editor-DungeonDash-5448.lib
[2025.03.19-17.48.02:240][720]CompilerResultsLog:     ???ڴ????? D:\UnrealProjects\COMP217GroupProject\DungeonDash\Intermediate\Build\Win64\UE4Editor\Development\DungeonDash\UE4Editor-DungeonDash-5448.lib ?Ͷ??? D:\UnrealProjects\COMP217GroupProject\DungeonDash\Intermediate\Build\Win64\UE4Editor\Development\DungeonDash\UE4Editor-DungeonDash-5448.exp
[2025.03.19-17.48.02:240][720]CompilerResultsLog:   [2/3] UE4Editor-DungeonDash-5448.dll
[2025.03.19-17.48.02:240][720]CompilerResultsLog:     ???ڴ????? D:\UnrealProjects\COMP217GroupProject\DungeonDash\Intermediate\Build\Win64\UE4Editor\Development\DungeonDash\UE4Editor-DungeonDash-5448.suppressed.lib ?Ͷ??? D:\UnrealProjects\COMP217GroupProject\DungeonDash\Intermediate\Build\Win64\UE4Editor\Development\DungeonDash\UE4Editor-DungeonDash-5448.suppressed.exp
[2025.03.19-17.48.02:240][720]CompilerResultsLog:   [3/3] DungeonDashEditor.target
[2025.03.19-17.48.02:240][720]CompilerResultsLog: Total time in Parallel executor: 1.53 seconds
[2025.03.19-17.48.02:240][720]CompilerResultsLog: Total execution time: 2.33 seconds
[2025.03.19-17.48.02:240][720]LogMainFrame: MainFrame: Module compiling took 2.899 seconds
[2025.03.19-17.48.02:274][720]LogNativeClassHierarchy: Verbose: Native class hierarchy updated for 'DungeonDash' in 0.0002 seconds. Added 2 classes and 2 folders.
[2025.03.19-17.48.02:276][720]Display: HotReload successful (0 functions remapped  0 scriptstructs remapped)
[2025.03.19-17.48.02:345][720]LogNativeClassHierarchy: Verbose: Native class hierarchy populated in 0.0063 seconds. Added 3825 classes and 932 folders.
[2025.03.19-17.48.02:345][720]Display: HotReload took  3.0s.
[2025.03.19-17.48.12:644][327]LogPlayLevel: PlayLevel: No blueprints needed recompiling
[2025.03.19-17.48.12:645][327]PIE: New page: PIE session: Main (Mar 19, 2025, 9:48:12 AM)
[2025.03.19-17.48.12:645][327]LogPlayLevel: Creating play world package: /Game/ThirdPersonCPP/UEDPIE_0_Main
[2025.03.19-17.48.12:646][327]LogPlayLevel: PIE: StaticDuplicateObject took: (0.000889s)
[2025.03.19-17.48.12:646][327]LogAIModule: Creating AISystem for world Main
[2025.03.19-17.48.12:646][327]LogPlayLevel: PIE: World Init took: (0.000725s)
[2025.03.19-17.48.12:646][327]LogPlayLevel: PIE: Created PIE world by copying editor world from /Game/ThirdPersonCPP/Main.Main to /Game/ThirdPersonCPP/UEDPIE_0_Main.Main (0.001718s)
[2025.03.19-17.48.12:693][327]LogUObjectHash: Compacting FUObjectHashTables data took   2.07ms
[2025.03.19-17.48.12:697][327]LogAudio: Display: Creating Audio Device:                 Id: 3, Scope: Unique, Realtime: True
[2025.03.19-17.48.12:697][327]LogAudioMixer: Display: Audio Mixer Platform Settings:
[2025.03.19-17.48.12:697][327]LogAudioMixer: Display: 	Sample Rate:						  48000
[2025.03.19-17.48.12:697][327]LogAudioMixer: Display: 	Callback Buffer Frame Size Requested: 1024
[2025.03.19-17.48.12:697][327]LogAudioMixer: Display: 	Callback Buffer Frame Size To Use:	  1024
[2025.03.19-17.48.12:697][327]LogAudioMixer: Display: 	Number of buffers to queue:			  2
[2025.03.19-17.48.12:697][327]LogAudioMixer: Display: 	Max Channels (voices):				  32
[2025.03.19-17.48.12:697][327]LogAudioMixer: Display: 	Number of Async Source Workers:		  0
[2025.03.19-17.48.12:697][327]LogAudio: Display: AudioDevice MaxSources: 32
[2025.03.19-17.48.12:698][327]LogAudio: Display: Audio Spatialization Plugin: None (built-in).
[2025.03.19-17.48.12:698][327]LogAudio: Display: Audio Reverb Plugin: None (built-in).
[2025.03.19-17.48.12:698][327]LogAudio: Display: Audio Occlusion Plugin: None (built-in).
[2025.03.19-17.48.12:698][327]LogAudioMixer: Display: Initializing audio mixer.
[2025.03.19-17.48.12:729][327]LogAudioMixer: Display: 0: FrontLeft
[2025.03.19-17.48.12:729][327]LogAudioMixer: Display: 1: FrontRight
[2025.03.19-17.48.12:828][327]LogAudioMixer: Display: Using Audio Device Speakers (Realtek(R) Audio)
[2025.03.19-17.48.12:829][327]LogAudioMixer: Display: Initializing Sound Submixes...
[2025.03.19-17.48.12:829][327]LogAudioMixer: Display: Creating Master Submix 'MasterSubmixDefault'
[2025.03.19-17.48.12:829][327]LogAudioMixer: Display: Creating Master Submix 'MasterReverbSubmixDefault'
[2025.03.19-17.48.12:829][327]LogAudioMixer: Display: Creating Master Submix 'MasterEQSubmixDefault'
[2025.03.19-17.48.12:829][327]LogAudioMixer: FMixerPlatformXAudio2::StartAudioStream() called
[2025.03.19-17.48.12:829][327]LogAudioMixer: Display: Output buffers initialized: Frames=1024, Channels=2, Samples=2048
[2025.03.19-17.48.12:830][327]LogAudioMixer: Display: Starting AudioMixerPlatformInterface::RunInternal()
[2025.03.19-17.48.12:830][327]LogAudioMixer: Display: FMixerPlatformXAudio2::SubmitBuffer() called for the first time
[2025.03.19-17.48.12:830][327]LogInit: FAudioDevice initialized.
[2025.03.19-17.48.12:830][327]LogAudio: Display: Audio Device (ID: 3) registered with world 'Main'.
[2025.03.19-17.48.12:843][327]LogSlate: Updating window title bar state: overlay mode, drag disabled, window buttons hidden, title bar hidden
[2025.03.19-17.48.12:843][327]LogLoad: Game class is 'DungeonDashGameMode'
[2025.03.19-17.48.12:843][327]LogWorld: Bringing World /Game/ThirdPersonCPP/UEDPIE_0_Main.Main up for play (max tick rate 60) at 2025.03.19-13.48.12
[2025.03.19-17.48.12:843][327]LogWorld: Bringing up level for play took: 0.000259
[2025.03.19-17.48.12:843][327]LogOnline: OSS: Creating online subsystem instance for: :Context_20
[2025.03.19-17.48.12:847][327]LogViewport: Display: Viewport MouseCaptureMode Changed, CapturePermanently_IncludingInitialMouseDown -> CapturePermanently
[2025.03.19-17.48.12:849][327]PIE: Server logged in
[2025.03.19-17.48.12:850][327]PIE: Play in editor total start time 0.206 seconds.
[2025.03.19-17.48.18:545][668]LogNet: Browse: /Game/ThirdPersonCPP/Maps/ThirdPersonExampleMap
[2025.03.19-17.48.18:545][668]LogLoad: LoadMap: /Game/ThirdPersonCPP/Maps/ThirdPersonExampleMap
[2025.03.19-17.48.18:545][668]LogWorld: BeginTearingDown for /Game/ThirdPersonCPP/UEDPIE_0_Main
[2025.03.19-17.48.18:554][668]LogWorld: UWorld::CleanupWorld for Main, bSessionEnded=true, bCleanupResources=true
[2025.03.19-17.48.18:554][668]LogSlate: InvalidateAllWidgets triggered.  All widgets were invalidated
[2025.03.19-17.48.18:564][668]LogAudio: Display: Audio Device unregistered from world 'None'.
[2025.03.19-17.48.18:584][668]LogUObjectHash: Compacting FUObjectHashTables data took   1.93ms
[2025.03.19-17.48.18:585][668]LogPlayLevel: Creating play world package: /Game/ThirdPersonCPP/Maps/UEDPIE_0_ThirdPersonExampleMap
[2025.03.19-17.48.18:596][668]LogPlayLevel: PIE: StaticDuplicateObject took: (0.010069s)
[2025.03.19-17.48.18:596][668]LogAIModule: Creating AISystem for world ThirdPersonExampleMap
[2025.03.19-17.48.18:596][668]LogPlayLevel: PIE: World Init took: (0.000743s)
[2025.03.19-17.48.18:596][668]LogPlayLevel: PIE: Created PIE world by copying editor world from /Game/ThirdPersonCPP/Maps/ThirdPersonExampleMap.ThirdPersonExampleMap to /Game/ThirdPersonCPP/Maps/UEDPIE_0_ThirdPersonExampleMap.ThirdPersonExampleMap (0.011302s)
[2025.03.19-17.48.18:596][668]LogAudio: Display: Audio Device (ID: 3) registered with world 'ThirdPersonExampleMap'.
[2025.03.19-17.48.18:596][668]LogLoad: Game class is 'DungeonDashGameMode'
[2025.03.19-17.48.18:603][668]LogWorld: Bringing World /Game/ThirdPersonCPP/Maps/UEDPIE_0_ThirdPersonExampleMap.ThirdPersonExampleMap up for play (max tick rate 60) at 2025.03.19-13.48.18
[2025.03.19-17.48.18:604][668]LogWorld: Bringing up level for play took: 0.006873
[2025.03.19-17.48.18:605][668]LogLoad: Took 0.060122 seconds to LoadMap(/Game/ThirdPersonCPP/Maps/UEDPIE_0_ThirdPersonExampleMap)
[2025.03.19-17.48.21:179][819]LogSlate: Updating window title bar state: overlay mode, drag disabled, window buttons hidden, title bar hidden
[2025.03.19-17.48.21:179][819]LogWorld: BeginTearingDown for /Game/ThirdPersonCPP/Maps/UEDPIE_0_ThirdPersonExampleMap
[2025.03.19-17.48.21:180][819]LogSlate: Window 'DungeonDash Preview [NetMode: Standalone]  (64-bit/Windows) ' being destroyed
[2025.03.19-17.48.21:185][819]LogWorld: UWorld::CleanupWorld for ThirdPersonExampleMap, bSessionEnded=true, bCleanupResources=true
[2025.03.19-17.48.21:185][819]LogSlate: InvalidateAllWidgets triggered.  All widgets were invalidated
[2025.03.19-17.48.21:190][819]LogPlayLevel: Display: Shutting down PIE online subsystems
[2025.03.19-17.48.21:193][819]LogSlate: InvalidateAllWidgets triggered.  All widgets were invalidated
[2025.03.19-17.48.21:203][819]LogAudioMixer: FMixerPlatformXAudio2::StopAudioStream() called
[2025.03.19-17.48.21:205][819]LogAudioMixer: FMixerPlatformXAudio2::StopAudioStream() called
[2025.03.19-17.48.21:207][819]LogUObjectHash: Compacting FUObjectHashTables data took   1.09ms
[2025.03.19-17.48.21:237][821]LogPlayLevel: Display: Destroying online subsystem :Context_20
[2025.03.19-17.48.23:615][963]LogTemp: Repeating last play command: New Editor Window (PIE)
[2025.03.19-17.48.23:621][963]LogPlayLevel: PlayLevel: No blueprints needed recompiling
[2025.03.19-17.48.23:621][963]PIE: New page: PIE session: Main (Mar 19, 2025, 9:48:23 AM)
[2025.03.19-17.48.23:621][963]LogPlayLevel: Creating play world package: /Game/ThirdPersonCPP/UEDPIE_0_Main
[2025.03.19-17.48.23:622][963]LogPlayLevel: PIE: StaticDuplicateObject took: (0.000826s)
[2025.03.19-17.48.23:623][963]LogAIModule: Creating AISystem for world Main
[2025.03.19-17.48.23:623][963]LogPlayLevel: PIE: World Init took: (0.000820s)
[2025.03.19-17.48.23:623][963]LogPlayLevel: PIE: Created PIE world by copying editor world from /Game/ThirdPersonCPP/Main.Main to /Game/ThirdPersonCPP/UEDPIE_0_Main.Main (0.001760s)
[2025.03.19-17.48.23:634][963]LogUObjectHash: Compacting FUObjectHashTables data took   1.41ms
[2025.03.19-17.48.23:635][963]LogAudio: Display: Creating Audio Device:                 Id: 4, Scope: Unique, Realtime: True
[2025.03.19-17.48.23:635][963]LogAudioMixer: Display: Audio Mixer Platform Settings:
[2025.03.19-17.48.23:635][963]LogAudioMixer: Display: 	Sample Rate:						  48000
[2025.03.19-17.48.23:635][963]LogAudioMixer: Display: 	Callback Buffer Frame Size Requested: 1024
[2025.03.19-17.48.23:635][963]LogAudioMixer: Display: 	Callback Buffer Frame Size To Use:	  1024
[2025.03.19-17.48.23:635][963]LogAudioMixer: Display: 	Number of buffers to queue:			  2
[2025.03.19-17.48.23:635][963]LogAudioMixer: Display: 	Max Channels (voices):				  32
[2025.03.19-17.48.23:635][963]LogAudioMixer: Display: 	Number of Async Source Workers:		  0
[2025.03.19-17.48.23:635][963]LogAudio: Display: AudioDevice MaxSources: 32
[2025.03.19-17.48.23:636][963]LogAudio: Display: Audio Spatialization Plugin: None (built-in).
[2025.03.19-17.48.23:636][963]LogAudio: Display: Audio Reverb Plugin: None (built-in).
[2025.03.19-17.48.23:636][963]LogAudio: Display: Audio Occlusion Plugin: None (built-in).
[2025.03.19-17.48.23:636][963]LogAudioMixer: Display: Initializing audio mixer.
[2025.03.19-17.48.23:638][963]LogAudioMixer: Display: 0: FrontLeft
[2025.03.19-17.48.23:638][963]LogAudioMixer: Display: 1: FrontRight
[2025.03.19-17.48.23:748][963]LogAudioMixer: Display: Using Audio Device Speakers (Realtek(R) Audio)
[2025.03.19-17.48.23:748][963]LogAudioMixer: Display: Initializing Sound Submixes...
[2025.03.19-17.48.23:748][963]LogAudioMixer: Display: Creating Master Submix 'MasterSubmixDefault'
[2025.03.19-17.48.23:748][963]LogAudioMixer: Display: Creating Master Submix 'MasterReverbSubmixDefault'
[2025.03.19-17.48.23:749][963]LogAudioMixer: Display: Creating Master Submix 'MasterEQSubmixDefault'
[2025.03.19-17.48.23:749][963]LogAudioMixer: FMixerPlatformXAudio2::StartAudioStream() called
[2025.03.19-17.48.23:749][963]LogAudioMixer: Display: Output buffers initialized: Frames=1024, Channels=2, Samples=2048
[2025.03.19-17.48.23:749][963]LogAudioMixer: Display: Starting AudioMixerPlatformInterface::RunInternal()
[2025.03.19-17.48.23:750][963]LogAudioMixer: Display: FMixerPlatformXAudio2::SubmitBuffer() called for the first time
[2025.03.19-17.48.23:750][963]LogInit: FAudioDevice initialized.
[2025.03.19-17.48.23:750][963]LogAudio: Display: Audio Device (ID: 4) registered with world 'Main'.
[2025.03.19-17.48.23:764][963]LogSlate: Updating window title bar state: overlay mode, drag disabled, window buttons hidden, title bar hidden
[2025.03.19-17.48.23:764][963]LogLoad: Game class is 'DungeonDashGameMode'
[2025.03.19-17.48.23:766][963]LogWorld: Bringing World /Game/ThirdPersonCPP/UEDPIE_0_Main.Main up for play (max tick rate 60) at 2025.03.19-13.48.23
[2025.03.19-17.48.23:766][963]LogWorld: Bringing up level for play took: 0.000266
[2025.03.19-17.48.23:766][963]LogOnline: OSS: Creating online subsystem instance for: :Context_21
[2025.03.19-17.48.23:770][963]LogViewport: Display: Viewport MouseCaptureMode Changed, CapturePermanently_IncludingInitialMouseDown -> CapturePermanently
[2025.03.19-17.48.23:771][963]PIE: Server logged in
[2025.03.19-17.48.23:771][963]PIE: Play in editor total start time 0.151 seconds.
[2025.03.19-17.48.27:672][196]Cmd: r.setRes 640x480
[2025.03.19-17.48.27:672][196]r.SetRes = "640x480"
[2025.03.19-17.48.28:653][253]Cmd: r.setRes 1280x720
[2025.03.19-17.48.28:653][253]r.SetRes = "1280x720"
[2025.03.19-17.48.29:467][300]Cmd: r.setRes 1920x1080
[2025.03.19-17.48.29:467][300]r.SetRes = "1920x1080"
[2025.03.19-17.48.29:486][300]LogRenderer: Reallocating scene render targets to support 1528x1088 Format 10 NumSamples 1 (Frame:344).
[2025.03.19-17.48.29:527][300]LogRenderer: Reallocating scene render targets to support 1536x1088 Format 10 NumSamples 1 (Frame:345).
[2025.03.19-17.48.31:351][410]LogSlate: Updating window title bar state: overlay mode, drag disabled, window buttons hidden, title bar hidden
[2025.03.19-17.48.31:351][410]LogWorld: BeginTearingDown for /Game/ThirdPersonCPP/UEDPIE_0_Main
[2025.03.19-17.48.31:351][410]LogSlate: Window 'DungeonDash Preview [NetMode: Standalone]  (64-bit/Windows) ' being destroyed
[2025.03.19-17.48.31:356][410]LogWorld: UWorld::CleanupWorld for Main, bSessionEnded=true, bCleanupResources=true
[2025.03.19-17.48.31:357][410]LogSlate: InvalidateAllWidgets triggered.  All widgets were invalidated
[2025.03.19-17.48.31:366][410]LogPlayLevel: Display: Shutting down PIE online subsystems
[2025.03.19-17.48.31:368][410]LogSlate: InvalidateAllWidgets triggered.  All widgets were invalidated
[2025.03.19-17.48.31:379][410]LogAudio: Display: Audio Device unregistered from world 'None'.
[2025.03.19-17.48.31:379][410]LogAudioMixer: FMixerPlatformXAudio2::StopAudioStream() called
[2025.03.19-17.48.31:380][410]LogAudioMixer: FMixerPlatformXAudio2::StopAudioStream() called
[2025.03.19-17.48.31:399][410]LogUObjectHash: Compacting FUObjectHashTables data took   1.02ms
[2025.03.19-17.48.31:461][414]LogPlayLevel: Display: Destroying online subsystem :Context_21
[2025.03.19-17.48.33:959][563]LogTemp: Repeating last play command: New Editor Window (PIE)
[2025.03.19-17.48.33:962][563]LogPlayLevel: PlayLevel: No blueprints needed recompiling
[2025.03.19-17.48.33:962][563]PIE: New page: PIE session: Main (Mar 19, 2025, 9:48:33 AM)
[2025.03.19-17.48.33:962][563]LogPlayLevel: Creating play world package: /Game/ThirdPersonCPP/UEDPIE_0_Main
[2025.03.19-17.48.33:964][563]LogPlayLevel: PIE: StaticDuplicateObject took: (0.000703s)
[2025.03.19-17.48.33:965][563]LogAIModule: Creating AISystem for world Main
[2025.03.19-17.48.33:965][563]LogPlayLevel: PIE: World Init took: (0.000684s)
[2025.03.19-17.48.33:965][563]LogPlayLevel: PIE: Created PIE world by copying editor world from /Game/ThirdPersonCPP/Main.Main to /Game/ThirdPersonCPP/UEDPIE_0_Main.Main (0.001473s)
[2025.03.19-17.48.33:974][563]LogUObjectHash: Compacting FUObjectHashTables data took   1.10ms
[2025.03.19-17.48.33:974][563]LogAudio: Display: Creating Audio Device:                 Id: 5, Scope: Unique, Realtime: True
[2025.03.19-17.48.33:974][563]LogAudioMixer: Display: Audio Mixer Platform Settings:
[2025.03.19-17.48.33:974][563]LogAudioMixer: Display: 	Sample Rate:						  48000
[2025.03.19-17.48.33:974][563]LogAudioMixer: Display: 	Callback Buffer Frame Size Requested: 1024
[2025.03.19-17.48.33:975][563]LogAudioMixer: Display: 	Callback Buffer Frame Size To Use:	  1024
[2025.03.19-17.48.33:975][563]LogAudioMixer: Display: 	Number of buffers to queue:			  2
[2025.03.19-17.48.33:975][563]LogAudioMixer: Display: 	Max Channels (voices):				  32
[2025.03.19-17.48.33:975][563]LogAudioMixer: Display: 	Number of Async Source Workers:		  0
[2025.03.19-17.48.33:975][563]LogAudio: Display: AudioDevice MaxSources: 32
[2025.03.19-17.48.33:975][563]LogAudio: Display: Audio Spatialization Plugin: None (built-in).
[2025.03.19-17.48.33:975][563]LogAudio: Display: Audio Reverb Plugin: None (built-in).
[2025.03.19-17.48.33:975][563]LogAudio: Display: Audio Occlusion Plugin: None (built-in).
[2025.03.19-17.48.33:975][563]LogAudioMixer: Display: Initializing audio mixer.
[2025.03.19-17.48.33:977][563]LogAudioMixer: Display: 0: FrontLeft
[2025.03.19-17.48.33:977][563]LogAudioMixer: Display: 1: FrontRight
[2025.03.19-17.48.34:066][563]LogAudioMixer: Display: Using Audio Device Speakers (Realtek(R) Audio)
[2025.03.19-17.48.34:066][563]LogAudioMixer: Display: Initializing Sound Submixes...
[2025.03.19-17.48.34:066][563]LogAudioMixer: Display: Creating Master Submix 'MasterSubmixDefault'
[2025.03.19-17.48.34:066][563]LogAudioMixer: Display: Creating Master Submix 'MasterReverbSubmixDefault'
[2025.03.19-17.48.34:066][563]LogAudioMixer: Display: Creating Master Submix 'MasterEQSubmixDefault'
[2025.03.19-17.48.34:066][563]LogAudioMixer: FMixerPlatformXAudio2::StartAudioStream() called
[2025.03.19-17.48.34:066][563]LogAudioMixer: Display: Output buffers initialized: Frames=1024, Channels=2, Samples=2048
[2025.03.19-17.48.34:067][563]LogAudioMixer: Display: Starting AudioMixerPlatformInterface::RunInternal()
[2025.03.19-17.48.34:067][563]LogAudioMixer: Display: FMixerPlatformXAudio2::SubmitBuffer() called for the first time
[2025.03.19-17.48.34:067][563]LogInit: FAudioDevice initialized.
[2025.03.19-17.48.34:067][563]LogAudio: Display: Audio Device (ID: 5) registered with world 'Main'.
[2025.03.19-17.48.34:082][563]LogSlate: Updating window title bar state: overlay mode, drag disabled, window buttons hidden, title bar hidden
[2025.03.19-17.48.34:082][563]LogLoad: Game class is 'DungeonDashGameMode'
[2025.03.19-17.48.34:084][563]LogWorld: Bringing World /Game/ThirdPersonCPP/UEDPIE_0_Main.Main up for play (max tick rate 60) at 2025.03.19-13.48.34
[2025.03.19-17.48.34:084][563]LogWorld: Bringing up level for play took: 0.000292
[2025.03.19-17.48.34:084][563]LogOnline: OSS: Creating online subsystem instance for: :Context_22
[2025.03.19-17.48.34:087][563]LogViewport: Display: Viewport MouseCaptureMode Changed, CapturePermanently_IncludingInitialMouseDown -> CapturePermanently
[2025.03.19-17.48.34:089][563]PIE: Server logged in
[2025.03.19-17.48.34:090][563]PIE: Play in editor total start time 0.126 seconds.
[2025.03.19-17.48.35:892][670]LogNet: Browse: /Game/ThirdPersonCPP/Maps/ThirdPersonExampleMap
[2025.03.19-17.48.35:892][670]LogLoad: LoadMap: /Game/ThirdPersonCPP/Maps/ThirdPersonExampleMap
[2025.03.19-17.48.35:892][670]LogWorld: BeginTearingDown for /Game/ThirdPersonCPP/UEDPIE_0_Main
[2025.03.19-17.48.35:893][670]LogWorld: UWorld::CleanupWorld for Main, bSessionEnded=true, bCleanupResources=true
[2025.03.19-17.48.35:893][670]LogSlate: InvalidateAllWidgets triggered.  All widgets were invalidated
[2025.03.19-17.48.35:928][670]LogAudio: Display: Audio Device unregistered from world 'None'.
[2025.03.19-17.48.35:929][670]LogUObjectHash: Compacting FUObjectHashTables data took   1.03ms
[2025.03.19-17.48.35:930][670]LogPlayLevel: Creating play world package: /Game/ThirdPersonCPP/Maps/UEDPIE_0_ThirdPersonExampleMap
[2025.03.19-17.48.35:936][670]LogPlayLevel: PIE: StaticDuplicateObject took: (0.006234s)
[2025.03.19-17.48.35:937][670]LogAIModule: Creating AISystem for world ThirdPersonExampleMap
[2025.03.19-17.48.35:937][670]LogPlayLevel: PIE: World Init took: (0.000682s)
[2025.03.19-17.48.35:937][670]LogPlayLevel: PIE: Created PIE world by copying editor world from /Game/ThirdPersonCPP/Maps/ThirdPersonExampleMap.ThirdPersonExampleMap to /Game/ThirdPersonCPP/Maps/UEDPIE_0_ThirdPersonExampleMap.ThirdPersonExampleMap (0.007034s)
[2025.03.19-17.48.35:937][670]LogAudio: Display: Audio Device (ID: 5) registered with world 'ThirdPersonExampleMap'.
[2025.03.19-17.48.35:937][670]LogLoad: Game class is 'DungeonDashGameMode'
[2025.03.19-17.48.35:943][670]LogWorld: Bringing World /Game/ThirdPersonCPP/Maps/UEDPIE_0_ThirdPersonExampleMap.ThirdPersonExampleMap up for play (max tick rate 60) at 2025.03.19-13.48.35
[2025.03.19-17.48.35:943][670]LogWorld: Bringing up level for play took: 0.005308
[2025.03.19-17.48.35:944][670]LogLoad: Took 0.052424 seconds to LoadMap(/Game/ThirdPersonCPP/Maps/UEDPIE_0_ThirdPersonExampleMap)
[2025.03.19-17.48.44:559][184]LogSlate: Updating window title bar state: overlay mode, drag disabled, window buttons hidden, title bar hidden
[2025.03.19-17.48.44:559][184]LogWorld: BeginTearingDown for /Game/ThirdPersonCPP/Maps/UEDPIE_0_ThirdPersonExampleMap
[2025.03.19-17.48.44:560][184]LogSlate: Window 'DungeonDash Preview [NetMode: Standalone]  (64-bit/Windows) ' being destroyed
[2025.03.19-17.48.44:566][184]LogWorld: UWorld::CleanupWorld for ThirdPersonExampleMap, bSessionEnded=true, bCleanupResources=true
[2025.03.19-17.48.44:567][184]LogSlate: InvalidateAllWidgets triggered.  All widgets were invalidated
[2025.03.19-17.48.44:578][184]LogPlayLevel: Display: Shutting down PIE online subsystems
[2025.03.19-17.48.44:581][184]LogSlate: InvalidateAllWidgets triggered.  All widgets were invalidated
[2025.03.19-17.48.44:590][184]LogAudio: Display: Audio Device unregistered from world 'None'.
[2025.03.19-17.48.44:590][184]LogAudioMixer: FMixerPlatformXAudio2::StopAudioStream() called
[2025.03.19-17.48.44:592][184]LogAudioMixer: FMixerPlatformXAudio2::StopAudioStream() called
[2025.03.19-17.48.44:610][184]LogUObjectHash: Compacting FUObjectHashTables data took   1.04ms
[2025.03.19-17.48.44:623][185]LogPlayLevel: Display: Destroying online subsystem :Context_22
[2025.03.19-17.48.57:545][957]LogAssetEditorSubsystem: Opening Asset editor for LevelScriptBlueprint /Game/ThirdPersonCPP/Main.Main:PersistentLevel.Main
[2025.03.19-17.51.57:456][732]LogEditorTransaction: Undo Collapses selected nodes into a single node
[2025.03.19-17.52.30:689][725]BlueprintLog: New page: Compile Main
[2025.03.19-17.52.30:710][725]LogUObjectHash: Compacting FUObjectHashTables data took   1.32ms
[2025.03.19-17.53.03:773][708]LogAssetEditorSubsystem: Opening Asset editor for WidgetBlueprint /Game/ThirdPersonCPP/UI/MainMenu.MainMenu
[2025.03.19-17.53.38:790][796]LogAssetEditorSubsystem: Opening Asset editor for WidgetBlueprint /Game/ThirdPersonCPP/UI/HUD.HUD
[2025.03.19-17.56.22:252][708]LogUObjectHash: Compacting FUObjectHashTables data took   1.18ms
[2025.03.19-17.56.22:257][708]LogSavePackage: Moving '../../../../../../UnrealProjects/COMP217GroupProject/DungeonDash/Saved/Main_Auto7284E57C34C1F74CCCDDDBF9754F63E38.tmp' to '../../../../../../UnrealProjects/COMP217GroupProject/DungeonDash/Saved/Autosaves/Game/ThirdPersonCPP/Main_Auto7.umap'
[2025.03.19-17.56.22:257][708]LogFileHelpers: Editor autosave (incl. external actors) for '/Game/ThirdPersonCPP/Main' took 0.023
[2025.03.19-17.56.22:257][708]LogFileHelpers: Editor autosave (incl. sublevels & external actors) for all levels took 0.023
[2025.03.19-17.56.22:257][708]OBJ SavePackage: Generating thumbnails for [0] asset(s) in package [/Game/ThirdPersonCPP/UI/MainMenu] ([2] browsable assets)...
[2025.03.19-17.56.22:257][708]OBJ SavePackage: Finished generating thumbnails for package [/Game/ThirdPersonCPP/UI/MainMenu]
[2025.03.19-17.56.22:268][708]LogSavePackage: Moving '../../../../../../UnrealProjects/COMP217GroupProject/DungeonDash/Saved/MainMenu_Auto7F9FE940245E565C1322E91B6DC84B32B.tmp' to '../../../../../../UnrealProjects/COMP217GroupProject/DungeonDash/Saved/Autosaves/Game/ThirdPersonCPP/UI/MainMenu_Auto7.uasset'
[2025.03.19-17.56.22:386][708]LogFileHelpers: Auto-saving content packages took 0.128
[2025.03.19-17.57.20:578][585]LogAssetEditorSubsystem: Opening Asset editor for Blueprint /Game/ThirdPersonCPP/Blueprints/ThirdPersonCharacter.ThirdPersonCharacter
[2025.03.19-18.03.23:639][982]LogTemp: Repeating last play command: New Editor Window (PIE)
[2025.03.19-18.03.23:643][982]BlueprintLog: New page: Pre-Play auto-recompile
[2025.03.19-18.03.23:646][982]LogPlayLevel: [PlayLevel] Compiling MainMenu before play...
[2025.03.19-18.03.23:670][982]LogPlayLevel: [PlayLevel] Compiling HUD before play...
[2025.03.19-18.03.23:702][982]LogUObjectHash: Compacting FUObjectHashTables data took   1.75ms
[2025.03.19-18.03.23:703][982]LogPlayLevel: PlayLevel: Blueprint regeneration took 59 ms (2 blueprints)
[2025.03.19-18.03.23:703][982]PIE: New page: PIE session: Main (Mar 19, 2025, 10:03:23 AM)
[2025.03.19-18.03.23:704][982]LogPlayLevel: Creating play world package: /Game/ThirdPersonCPP/UEDPIE_0_Main
[2025.03.19-18.03.23:704][982]LogPlayLevel: PIE: StaticDuplicateObject took: (0.000708s)
[2025.03.19-18.03.23:705][982]LogAIModule: Creating AISystem for world Main
[2025.03.19-18.03.23:705][982]LogPlayLevel: PIE: World Init took: (0.000759s)
[2025.03.19-18.03.23:705][982]LogPlayLevel: PIE: Created PIE world by copying editor world from /Game/ThirdPersonCPP/Main.Main to /Game/ThirdPersonCPP/UEDPIE_0_Main.Main (0.001579s)
[2025.03.19-18.03.23:719][982]LogUObjectHash: Compacting FUObjectHashTables data took   1.09ms
[2025.03.19-18.03.23:719][982]LogAudio: Display: Creating Audio Device:                 Id: 6, Scope: Unique, Realtime: True
[2025.03.19-18.03.23:719][982]LogAudioMixer: Display: Audio Mixer Platform Settings:
[2025.03.19-18.03.23:719][982]LogAudioMixer: Display: 	Sample Rate:						  48000
[2025.03.19-18.03.23:719][982]LogAudioMixer: Display: 	Callback Buffer Frame Size Requested: 1024
[2025.03.19-18.03.23:719][982]LogAudioMixer: Display: 	Callback Buffer Frame Size To Use:	  1024
[2025.03.19-18.03.23:719][982]LogAudioMixer: Display: 	Number of buffers to queue:			  2
[2025.03.19-18.03.23:719][982]LogAudioMixer: Display: 	Max Channels (voices):				  32
[2025.03.19-18.03.23:719][982]LogAudioMixer: Display: 	Number of Async Source Workers:		  0
[2025.03.19-18.03.23:719][982]LogAudio: Display: AudioDevice MaxSources: 32
[2025.03.19-18.03.23:720][982]LogAudio: Display: Audio Spatialization Plugin: None (built-in).
[2025.03.19-18.03.23:720][982]LogAudio: Display: Audio Reverb Plugin: None (built-in).
[2025.03.19-18.03.23:720][982]LogAudio: Display: Audio Occlusion Plugin: None (built-in).
[2025.03.19-18.03.23:720][982]LogAudioMixer: Display: Initializing audio mixer.
[2025.03.19-18.03.23:722][982]LogAudioMixer: Display: 0: FrontLeft
[2025.03.19-18.03.23:722][982]LogAudioMixer: Display: 1: FrontRight
[2025.03.19-18.03.23:817][982]LogAudioMixer: Display: Using Audio Device Speakers (Realtek(R) Audio)
[2025.03.19-18.03.23:817][982]LogAudioMixer: Display: Initializing Sound Submixes...
[2025.03.19-18.03.23:817][982]LogAudioMixer: Display: Creating Master Submix 'MasterSubmixDefault'
[2025.03.19-18.03.23:817][982]LogAudioMixer: Display: Creating Master Submix 'MasterReverbSubmixDefault'
[2025.03.19-18.03.23:818][982]LogAudioMixer: Display: Creating Master Submix 'MasterEQSubmixDefault'
[2025.03.19-18.03.23:818][982]LogAudioMixer: FMixerPlatformXAudio2::StartAudioStream() called
[2025.03.19-18.03.23:818][982]LogAudioMixer: Display: Output buffers initialized: Frames=1024, Channels=2, Samples=2048
[2025.03.19-18.03.23:819][982]LogAudioMixer: Display: Starting AudioMixerPlatformInterface::RunInternal()
[2025.03.19-18.03.23:819][982]LogAudioMixer: Display: FMixerPlatformXAudio2::SubmitBuffer() called for the first time
[2025.03.19-18.03.23:819][982]LogInit: FAudioDevice initialized.
[2025.03.19-18.03.23:819][982]LogAudio: Display: Audio Device (ID: 6) registered with world 'Main'.
[2025.03.19-18.03.23:841][982]LogSlate: Updating window title bar state: overlay mode, drag disabled, window buttons hidden, title bar hidden
[2025.03.19-18.03.23:841][982]LogLoad: Game class is 'DungeonDashGameMode'
[2025.03.19-18.03.23:842][982]LogWorld: Bringing World /Game/ThirdPersonCPP/UEDPIE_0_Main.Main up for play (max tick rate 60) at 2025.03.19-14.03.23
[2025.03.19-18.03.23:842][982]LogWorld: Bringing up level for play took: 0.000297
[2025.03.19-18.03.23:842][982]LogOnline: OSS: Creating online subsystem instance for: :Context_29
[2025.03.19-18.03.23:846][982]LogViewport: Display: Viewport MouseCaptureMode Changed, CapturePermanently_IncludingInitialMouseDown -> CapturePermanently
[2025.03.19-18.03.23:847][982]PIE: Server logged in
[2025.03.19-18.03.23:848][982]PIE: Play in editor total start time 0.206 seconds.
[2025.03.19-18.03.29:097][296]Cmd: r.setRes 640x480
[2025.03.19-18.03.29:097][296]r.SetRes = "640x480"
[2025.03.19-18.03.29:992][348]Cmd: r.setRes 1280x720
[2025.03.19-18.03.29:992][348]r.SetRes = "1280x720"
[2025.03.19-18.03.30:534][379]Cmd: r.setRes 1920x1080
[2025.03.19-18.03.30:534][379]r.SetRes = "1920x1080"
[2025.03.19-18.03.31:828][455]LogNet: Browse: /Game/ThirdPersonCPP/Maps/ThirdPersonExampleMap
[2025.03.19-18.03.31:828][455]LogLoad: LoadMap: /Game/ThirdPersonCPP/Maps/ThirdPersonExampleMap
[2025.03.19-18.03.31:828][455]LogWorld: BeginTearingDown for /Game/ThirdPersonCPP/UEDPIE_0_Main
[2025.03.19-18.03.31:828][455]LogWorld: UWorld::CleanupWorld for Main, bSessionEnded=true, bCleanupResources=true
[2025.03.19-18.03.31:828][455]LogSlate: InvalidateAllWidgets triggered.  All widgets were invalidated
[2025.03.19-18.03.31:841][455]LogAudio: Display: Audio Device unregistered from world 'None'.
[2025.03.19-18.03.31:843][455]LogUObjectHash: Compacting FUObjectHashTables data took   1.06ms
[2025.03.19-18.03.31:844][455]LogPlayLevel: Creating play world package: /Game/ThirdPersonCPP/Maps/UEDPIE_0_ThirdPersonExampleMap
[2025.03.19-18.03.31:854][455]LogPlayLevel: PIE: StaticDuplicateObject took: (0.009870s)
[2025.03.19-18.03.31:855][455]LogAIModule: Creating AISystem for world ThirdPersonExampleMap
[2025.03.19-18.03.31:855][455]LogPlayLevel: PIE: World Init took: (0.000892s)
[2025.03.19-18.03.31:855][455]LogPlayLevel: PIE: Created PIE world by copying editor world from /Game/ThirdPersonCPP/Maps/ThirdPersonExampleMap.ThirdPersonExampleMap to /Game/ThirdPersonCPP/Maps/UEDPIE_0_ThirdPersonExampleMap.ThirdPersonExampleMap (0.010930s)
[2025.03.19-18.03.31:855][455]LogAudio: Display: Audio Device (ID: 6) registered with world 'ThirdPersonExampleMap'.
[2025.03.19-18.03.31:855][455]LogLoad: Game class is 'DungeonDashGameMode'
[2025.03.19-18.03.31:861][455]LogWorld: Bringing World /Game/ThirdPersonCPP/Maps/UEDPIE_0_ThirdPersonExampleMap.ThirdPersonExampleMap up for play (max tick rate 60) at 2025.03.19-14.03.31
[2025.03.19-18.03.31:861][455]LogWorld: Bringing up level for play took: 0.004976
[2025.03.19-18.03.31:862][455]LogLoad: Took 0.033691 seconds to LoadMap(/Game/ThirdPersonCPP/Maps/UEDPIE_0_ThirdPersonExampleMap)
[2025.03.19-18.03.34:169][591]LogSlate: Updating window title bar state: overlay mode, drag disabled, window buttons hidden, title bar hidden
[2025.03.19-18.03.34:169][591]LogWorld: BeginTearingDown for /Game/ThirdPersonCPP/Maps/UEDPIE_0_ThirdPersonExampleMap
[2025.03.19-18.03.34:170][591]LogSlate: Window 'DungeonDash Preview [NetMode: Standalone]  (64-bit/Windows) ' being destroyed
[2025.03.19-18.03.34:174][591]LogWorld: UWorld::CleanupWorld for ThirdPersonExampleMap, bSessionEnded=true, bCleanupResources=true
[2025.03.19-18.03.34:174][591]LogSlate: InvalidateAllWidgets triggered.  All widgets were invalidated
[2025.03.19-18.03.34:180][591]LogPlayLevel: Display: Shutting down PIE online subsystems
[2025.03.19-18.03.34:182][591]LogSlate: InvalidateAllWidgets triggered.  All widgets were invalidated
[2025.03.19-18.03.34:198][591]LogAudio: Display: Audio Device unregistered from world 'None'.
[2025.03.19-18.03.34:198][591]LogAudioMixer: FMixerPlatformXAudio2::StopAudioStream() called
[2025.03.19-18.03.34:199][591]LogAudioMixer: FMixerPlatformXAudio2::StopAudioStream() called
[2025.03.19-18.03.34:204][591]LogUObjectHash: Compacting FUObjectHashTables data took   2.22ms
[2025.03.19-18.03.34:249][594]LogPlayLevel: Display: Destroying online subsystem :Context_29
[2025.03.19-18.04.20:671][233]BlueprintLog: New page: Compile HUD
[2025.03.19-18.04.20:693][233]LogUObjectHash: Compacting FUObjectHashTables data took   1.67ms
[2025.03.19-18.04.27:595][643]LogTemp: Repeating last play command: New Editor Window (PIE)
[2025.03.19-18.04.27:599][643]LogPlayLevel: PlayLevel: No blueprints needed recompiling
[2025.03.19-18.04.27:599][643]PIE: New page: PIE session: Main (Mar 19, 2025, 10:04:27 AM)
[2025.03.19-18.04.27:600][643]LogPlayLevel: Creating play world package: /Game/ThirdPersonCPP/UEDPIE_0_Main
[2025.03.19-18.04.27:600][643]LogPlayLevel: PIE: StaticDuplicateObject took: (0.000694s)
[2025.03.19-18.04.27:601][643]LogAIModule: Creating AISystem for world Main
[2025.03.19-18.04.27:601][643]LogPlayLevel: PIE: World Init took: (0.000670s)
[2025.03.19-18.04.27:601][643]LogPlayLevel: PIE: Created PIE world by copying editor world from /Game/ThirdPersonCPP/Main.Main to /Game/ThirdPersonCPP/UEDPIE_0_Main.Main (0.001444s)
[2025.03.19-18.04.27:616][643]LogUObjectHash: Compacting FUObjectHashTables data took   1.28ms
[2025.03.19-18.04.27:616][643]LogAudio: Display: Creating Audio Device:                 Id: 7, Scope: Unique, Realtime: True
[2025.03.19-18.04.27:616][643]LogAudioMixer: Display: Audio Mixer Platform Settings:
[2025.03.19-18.04.27:616][643]LogAudioMixer: Display: 	Sample Rate:						  48000
[2025.03.19-18.04.27:616][643]LogAudioMixer: Display: 	Callback Buffer Frame Size Requested: 1024
[2025.03.19-18.04.27:616][643]LogAudioMixer: Display: 	Callback Buffer Frame Size To Use:	  1024
[2025.03.19-18.04.27:616][643]LogAudioMixer: Display: 	Number of buffers to queue:			  2
[2025.03.19-18.04.27:616][643]LogAudioMixer: Display: 	Max Channels (voices):				  32
[2025.03.19-18.04.27:616][643]LogAudioMixer: Display: 	Number of Async Source Workers:		  0
[2025.03.19-18.04.27:616][643]LogAudio: Display: AudioDevice MaxSources: 32
[2025.03.19-18.04.27:616][643]LogAudio: Display: Audio Spatialization Plugin: None (built-in).
[2025.03.19-18.04.27:616][643]LogAudio: Display: Audio Reverb Plugin: None (built-in).
[2025.03.19-18.04.27:616][643]LogAudio: Display: Audio Occlusion Plugin: None (built-in).
[2025.03.19-18.04.27:616][643]LogAudioMixer: Display: Initializing audio mixer.
[2025.03.19-18.04.27:619][643]LogAudioMixer: Display: 0: FrontLeft
[2025.03.19-18.04.27:619][643]LogAudioMixer: Display: 1: FrontRight
[2025.03.19-18.04.27:710][643]LogAudioMixer: Display: Using Audio Device Speakers (Realtek(R) Audio)
[2025.03.19-18.04.27:710][643]LogAudioMixer: Display: Initializing Sound Submixes...
[2025.03.19-18.04.27:710][643]LogAudioMixer: Display: Creating Master Submix 'MasterSubmixDefault'
[2025.03.19-18.04.27:710][643]LogAudioMixer: Display: Creating Master Submix 'MasterReverbSubmixDefault'
[2025.03.19-18.04.27:710][643]LogAudioMixer: Display: Creating Master Submix 'MasterEQSubmixDefault'
[2025.03.19-18.04.27:710][643]LogAudioMixer: FMixerPlatformXAudio2::StartAudioStream() called
[2025.03.19-18.04.27:710][643]LogAudioMixer: Display: Output buffers initialized: Frames=1024, Channels=2, Samples=2048
[2025.03.19-18.04.27:711][643]LogAudioMixer: Display: Starting AudioMixerPlatformInterface::RunInternal()
[2025.03.19-18.04.27:711][643]LogAudioMixer: Display: FMixerPlatformXAudio2::SubmitBuffer() called for the first time
[2025.03.19-18.04.27:711][643]LogInit: FAudioDevice initialized.
[2025.03.19-18.04.27:711][643]LogAudio: Display: Audio Device (ID: 7) registered with world 'Main'.
[2025.03.19-18.04.27:723][643]LogSlate: Updating window title bar state: overlay mode, drag disabled, window buttons hidden, title bar hidden
[2025.03.19-18.04.27:723][643]LogLoad: Game class is 'DungeonDashGameMode'
[2025.03.19-18.04.27:724][643]LogWorld: Bringing World /Game/ThirdPersonCPP/UEDPIE_0_Main.Main up for play (max tick rate 60) at 2025.03.19-14.04.27
[2025.03.19-18.04.27:724][643]LogWorld: Bringing up level for play took: 0.000280
[2025.03.19-18.04.27:724][643]LogOnline: OSS: Creating online subsystem instance for: :Context_30
[2025.03.19-18.04.27:728][643]LogViewport: Display: Viewport MouseCaptureMode Changed, CapturePermanently_IncludingInitialMouseDown -> CapturePermanently
[2025.03.19-18.04.27:730][643]PIE: Server logged in
[2025.03.19-18.04.27:730][643]PIE: Play in editor total start time 0.132 seconds.
[2025.03.19-18.04.36:428][164]LogNet: Browse: /Game/ThirdPersonCPP/Maps/ThirdPersonExampleMap
[2025.03.19-18.04.36:428][164]LogLoad: LoadMap: /Game/ThirdPersonCPP/Maps/ThirdPersonExampleMap
[2025.03.19-18.04.36:428][164]LogWorld: BeginTearingDown for /Game/ThirdPersonCPP/UEDPIE_0_Main
[2025.03.19-18.04.36:428][164]LogWorld: UWorld::CleanupWorld for Main, bSessionEnded=true, bCleanupResources=true
[2025.03.19-18.04.36:428][164]LogSlate: InvalidateAllWidgets triggered.  All widgets were invalidated
[2025.03.19-18.04.36:440][164]LogAudio: Display: Audio Device unregistered from world 'None'.
[2025.03.19-18.04.36:442][164]LogUObjectHash: Compacting FUObjectHashTables data took   1.09ms
[2025.03.19-18.04.36:443][164]LogPlayLevel: Creating play world package: /Game/ThirdPersonCPP/Maps/UEDPIE_0_ThirdPersonExampleMap
[2025.03.19-18.04.36:451][164]LogPlayLevel: PIE: StaticDuplicateObject took: (0.007790s)
[2025.03.19-18.04.36:452][164]LogAIModule: Creating AISystem for world ThirdPersonExampleMap
[2025.03.19-18.04.36:452][164]LogPlayLevel: PIE: World Init took: (0.000761s)
[2025.03.19-18.04.36:452][164]LogPlayLevel: PIE: Created PIE world by copying editor world from /Game/ThirdPersonCPP/Maps/ThirdPersonExampleMap.ThirdPersonExampleMap to /Game/ThirdPersonCPP/Maps/UEDPIE_0_ThirdPersonExampleMap.ThirdPersonExampleMap (0.008677s)
[2025.03.19-18.04.36:452][164]LogAudio: Display: Audio Device (ID: 7) registered with world 'ThirdPersonExampleMap'.
[2025.03.19-18.04.36:452][164]LogLoad: Game class is 'DungeonDashGameMode'
[2025.03.19-18.04.36:456][164]LogWorld: Bringing World /Game/ThirdPersonCPP/Maps/UEDPIE_0_ThirdPersonExampleMap.ThirdPersonExampleMap up for play (max tick rate 60) at 2025.03.19-14.04.36
[2025.03.19-18.04.36:456][164]LogWorld: Bringing up level for play took: 0.004271
[2025.03.19-18.04.36:457][164]LogLoad: Took 0.030155 seconds to LoadMap(/Game/ThirdPersonCPP/Maps/UEDPIE_0_ThirdPersonExampleMap)
[2025.03.19-18.04.58:219][467]LogSlate: Updating window title bar state: overlay mode, drag disabled, window buttons hidden, title bar hidden
[2025.03.19-18.04.58:219][467]LogWorld: BeginTearingDown for /Game/ThirdPersonCPP/Maps/UEDPIE_0_ThirdPersonExampleMap
[2025.03.19-18.04.58:220][467]LogSlate: Window 'DungeonDash Preview [NetMode: Standalone]  (64-bit/Windows) ' being destroyed
[2025.03.19-18.04.58:226][467]LogWorld: UWorld::CleanupWorld for ThirdPersonExampleMap, bSessionEnded=true, bCleanupResources=true
[2025.03.19-18.04.58:226][467]LogSlate: InvalidateAllWidgets triggered.  All widgets were invalidated
[2025.03.19-18.04.58:235][467]LogPlayLevel: Display: Shutting down PIE online subsystems
[2025.03.19-18.04.58:237][467]LogSlate: InvalidateAllWidgets triggered.  All widgets were invalidated
[2025.03.19-18.04.58:256][467]LogAudio: Display: Audio Device unregistered from world 'None'.
[2025.03.19-18.04.58:256][467]LogAudioMixer: FMixerPlatformXAudio2::StopAudioStream() called
[2025.03.19-18.04.58:258][467]LogAudioMixer: FMixerPlatformXAudio2::StopAudioStream() called
[2025.03.19-18.04.58:262][467]LogUObjectHash: Compacting FUObjectHashTables data took   1.27ms
[2025.03.19-18.04.58:302][469]LogPlayLevel: Display: Destroying online subsystem :Context_30
[2025.03.19-18.06.18:013][120]LogUObjectHash: Compacting FUObjectHashTables data took   1.66ms
[2025.03.19-18.06.18:018][120]LogSavePackage: Moving '../../../../../../UnrealProjects/COMP217GroupProject/DungeonDash/Saved/MainDC91F8BE4855E8FF39086BA00268143E.tmp' to '../../../../../../UnrealProjects/COMP217GroupProject/DungeonDash/Content/ThirdPersonCPP/Main.umap'
[2025.03.19-18.06.18:050][120]AssetCheck: New page: Asset Save: Main
[2025.03.19-18.06.18:050][120]LogContentValidation: Display: Validating World /Game/ThirdPersonCPP/Main.Main
[2025.03.19-18.06.22:579][385]LogUObjectHash: Compacting FUObjectHashTables data took   1.24ms
[2025.03.19-18.06.22:590][385]LogSavePackage: Moving '../../../../../../UnrealProjects/COMP217GroupProject/DungeonDash/Saved/ThirdPersonExampleMap3707713348CE40E4EEF50E9D8AB715FB.tmp' to '../../../../../../UnrealProjects/COMP217GroupProject/DungeonDash/Content/ThirdPersonCPP/Maps/ThirdPersonExampleMap.umap'
[2025.03.19-18.06.22:593][385]LogFileHelpers: Saving map 'ThirdPersonExampleMap' took 0.032
[2025.03.19-18.06.22:615][385]AssetCheck: New page: Asset Save: ThirdPersonExampleMap
[2025.03.19-18.06.22:615][385]LogContentValidation: Display: Validating World /Game/ThirdPersonCPP/Maps/ThirdPersonExampleMap.ThirdPersonExampleMap
[2025.03.19-18.06.24:749][512]LogUObjectHash: Compacting FUObjectHashTables data took   1.19ms
[2025.03.19-18.06.26:394][512]LogSlate: Window 'Save Content' being destroyed
[2025.03.19-18.06.26:446][512]Cmd: OBJ SAVEPACKAGE PACKAGE="/Game/ThirdPersonCPP/UI/HUD" FILE="../../../../../../UnrealProjects/COMP217GroupProject/DungeonDash/Content/ThirdPersonCPP/UI/HUD.uasset" SILENT=true
[2025.03.19-18.06.26:451][512]LogSavePackage: Moving '../../../../../../UnrealProjects/COMP217GroupProject/DungeonDash/Saved/HUD8C8D94C94E9C20F17E9A04B0521553AD.tmp' to '../../../../../../UnrealProjects/COMP217GroupProject/DungeonDash/Content/ThirdPersonCPP/UI/HUD.uasset'
[2025.03.19-18.06.26:451][512]Cmd: OBJ SAVEPACKAGE PACKAGE="/Game/ThirdPersonCPP/UI/MainMenu" FILE="../../../../../../UnrealProjects/COMP217GroupProject/DungeonDash/Content/ThirdPersonCPP/UI/MainMenu.uasset" SILENT=true
[2025.03.19-18.06.26:461][512]LogSavePackage: Moving '../../../../../../UnrealProjects/COMP217GroupProject/DungeonDash/Saved/MainMenu2578BFB34B0A7465BDC1FF96AE4AD9AC.tmp' to '../../../../../../UnrealProjects/COMP217GroupProject/DungeonDash/Content/ThirdPersonCPP/UI/MainMenu.uasset'
[2025.03.19-18.06.26:496][512]LogSavePackage: Moving '../../../../../../UnrealProjects/COMP217GroupProject/DungeonDash/Saved/ThirdPersonCharacterEC9CF3AA4C88557DC80224B0751685B5.tmp' to '../../../../../../UnrealProjects/COMP217GroupProject/DungeonDash/Content/ThirdPersonCPP/Blueprints/ThirdPersonCharacter.uasset'
[2025.03.19-18.06.26:526][512]LogWorld: UWorld::CleanupWorld for World_25, bSessionEnded=true, bCleanupResources=true
[2025.03.19-18.06.26:526][512]LogSlate: InvalidateAllWidgets triggered.  All widgets were invalidated
[2025.03.19-18.06.26:529][512]LogWorld: UWorld::CleanupWorld for World_24, bSessionEnded=true, bCleanupResources=true
[2025.03.19-18.06.26:529][512]LogSlate: InvalidateAllWidgets triggered.  All widgets were invalidated
[2025.03.19-18.06.26:560][512]LogWorld: UWorld::CleanupWorld for World_23, bSessionEnded=true, bCleanupResources=true
[2025.03.19-18.06.26:560][512]LogSlate: InvalidateAllWidgets triggered.  All widgets were invalidated
[2025.03.19-18.06.26:596][512]LogWorld: UWorld::CleanupWorld for World_27, bSessionEnded=true, bCleanupResources=true
[2025.03.19-18.06.26:596][512]LogSlate: InvalidateAllWidgets triggered.  All widgets were invalidated
[2025.03.19-18.06.26:600][512]LogWorld: UWorld::CleanupWorld for World_26, bSessionEnded=true, bCleanupResources=true
[2025.03.19-18.06.26:600][512]LogSlate: InvalidateAllWidgets triggered.  All widgets were invalidated
[2025.03.19-18.06.26:632][512]LogWorld: UWorld::CleanupWorld for World_28, bSessionEnded=true, bCleanupResources=true
[2025.03.19-18.06.26:632][512]LogSlate: InvalidateAllWidgets triggered.  All widgets were invalidated
[2025.03.19-18.06.26:688][512]LogSlate: Window 'DungeonDash - Unreal Editor' being destroyed
[2025.03.19-18.06.26:689][512]LogWindowsTextInputMethodSystem: Display: IME system deactivated.
[2025.03.19-18.06.26:834][512]AssetCheck: New page: Asset Save: multiple assets
[2025.03.19-18.06.26:834][512]LogContentValidation: Display: Validating Blueprint /Game/ThirdPersonCPP/Blueprints/ThirdPersonCharacter.ThirdPersonCharacter
[2025.03.19-18.06.26:834][512]LogContentValidation: Display: Validating WidgetBlueprint /Game/ThirdPersonCPP/UI/MainMenu.MainMenu
[2025.03.19-18.06.26:836][512]LogContentValidation: Display: Validating WidgetBlueprint /Game/ThirdPersonCPP/UI/HUD.HUD
[2025.03.19-18.06.26:839][513]Cmd: QUIT_EDITOR
[2025.03.19-18.06.26:839][513]LogCore: Engine exit requested (reason: UUnrealEdEngine::CloseEditor())
[2025.03.19-18.06.26:846][513]LogCore: Engine exit requested (reason: EngineExit() was called; note: exit was already requested)
[2025.03.19-18.06.26:909][513]LogAudio: Display: Beginning Audio Device Manager Shutdown (Module: AudioMixerXAudio2)...
[2025.03.19-18.06.26:909][513]LogAudio: Display: Destroying 1 Remaining Audio Device(s)...
[2025.03.19-18.06.26:909][513]LogAudio: Display: Audio Device unregistered from world 'Main'.
[2025.03.19-18.06.26:909][513]LogAudioMixer: FMixerPlatformXAudio2::StopAudioStream() called
[2025.03.19-18.06.26:911][513]LogAudioMixer: FMixerPlatformXAudio2::StopAudioStream() called
[2025.03.19-18.06.26:912][513]LogAudio: Display: Audio Device Manager Shutdown
[2025.03.19-18.06.26:921][513]LogExit: Preparing to exit.
[2025.03.19-18.06.26:969][513]LogUObjectHash: Compacting FUObjectHashTables data took   2.60ms
[2025.03.19-18.06.27:154][513]LogWorld: UWorld::CleanupWorld for World_10, bSessionEnded=true, bCleanupResources=true
[2025.03.19-18.06.27:156][513]LogWorld: UWorld::CleanupWorld for World_3, bSessionEnded=true, bCleanupResources=true
[2025.03.19-18.06.27:159][513]LogWorld: UWorld::CleanupWorld for World_5, bSessionEnded=true, bCleanupResources=true
[2025.03.19-18.06.27:161][513]LogWorld: UWorld::CleanupWorld for World_8, bSessionEnded=true, bCleanupResources=true
[2025.03.19-18.06.27:164][513]LogWorld: UWorld::CleanupWorld for World_6, bSessionEnded=true, bCleanupResources=true
[2025.03.19-18.06.27:251][513]LogDemo: Cleaned up 0 splitscreen connections with owner deletion
[2025.03.19-18.06.27:264][513]LogWorld: UWorld::CleanupWorld for None, bSessionEnded=true, bCleanupResources=true
[2025.03.19-18.06.27:264][513]LogExit: Editor shut down
[2025.03.19-18.06.27:264][513]LogExit: Transaction tracking system shut down
[2025.03.19-18.06.27:592][513]LogExit: Object subsystem successfully closed.
[2025.03.19-18.06.27:631][513]LogShaderCompilers: Display: === FShaderJobCache stats ===
[2025.03.19-18.06.27:631][513]LogShaderCompilers: Display: Total job queries 0, among them cache hits 0 (0.00%)
[2025.03.19-18.06.27:631][513]LogShaderCompilers: Display: Tracking 0 distinct input hashes that result in 0 distinct outputs (0.00%)
[2025.03.19-18.06.27:631][513]LogShaderCompilers: Display: RAM used: 0.00 MB (0.00 GB) of 1638.40 MB (1.60 GB) budget. Usage: 0.00%
[2025.03.19-18.06.27:631][513]LogShaderCompilers: Display: ================================================
[2025.03.19-18.06.27:640][513]LogShaderCompilers: Display: Shaders left to compile 0
[2025.03.19-18.06.27:666][513]LogModuleManager: Shutting down and abandoning module DungeonDash (884)
[2025.03.19-18.06.27:666][513]LogModuleManager: Shutting down and abandoning module TextureEditor (883)
[2025.03.19-18.06.27:666][513]LogModuleManager: Shutting down and abandoning module MovieSceneCapture (881)
[2025.03.19-18.06.27:666][513]LogModuleManager: Shutting down and abandoning module Voice (879)
[2025.03.19-18.06.27:666][513]LogModuleManager: Shutting down and abandoning module SequencerWidgets (877)
[2025.03.19-18.06.27:666][513]LogModuleManager: Shutting down and abandoning module BlueprintGraph (874)
[2025.03.19-18.06.27:666][513]LogModuleManager: Shutting down and abandoning module HierarchicalLODOutliner (872)
[2025.03.19-18.06.27:666][513]LogModuleManager: Shutting down and abandoning module SceneOutliner (870)
[2025.03.19-18.06.27:666][513]LogModuleManager: Shutting down and abandoning module AddContentDialog (868)
[2025.03.19-18.06.27:666][513]LogModuleManager: Shutting down and abandoning module WidgetCarousel (867)
[2025.03.19-18.06.27:666][513]LogModuleManager: Shutting down and abandoning module EditorWidgets (864)
[2025.03.19-18.06.27:666][513]LogModuleManager: Shutting down and abandoning module StatsViewer (862)
[2025.03.19-18.06.27:667][513]LogModuleManager: Shutting down and abandoning module PIEPreviewDeviceProfileSelector (860)
[2025.03.19-18.06.27:667][513]LogModuleManager: Shutting down and abandoning module SequenceRecorderSections (858)
[2025.03.19-18.06.27:667][513]LogModuleManager: Shutting down and abandoning module AutomationWorker (856)
[2025.03.19-18.06.27:667][513]LogModuleManager: Shutting down and abandoning module SteamVREditor (854)
[2025.03.19-18.06.27:667][513]LogModuleManager: Shutting down and abandoning module OculusMR (852)
[2025.03.19-18.06.27:667][513]LogModuleManager: Shutting down and abandoning module OpenXRInput (850)
[2025.03.19-18.06.27:667][513]LogModuleManager: Shutting down and abandoning module GooglePADEditor (848)
[2025.03.19-18.06.27:667][513]LogModuleManager: Shutting down and abandoning module AudioCaptureEditor (846)
[2025.03.19-18.06.27:667][513]LogModuleManager: Shutting down and abandoning module PlanarCut (844)
[2025.03.19-18.06.27:667][513]LogModuleManager: Shutting down and abandoning module MatineeToLevelSequence (842)
[2025.03.19-18.06.27:667][513]LogModuleManager: Shutting down and abandoning module ActorSequenceEditor (840)
[2025.03.19-18.06.27:667][513]LogModuleManager: Shutting down and abandoning module TemplateSequenceEditor (838)
[2025.03.19-18.06.27:667][513]LogModuleManager: Shutting down and abandoning module LevelSequenceEditor (836)
[2025.03.19-18.06.27:668][513]LogModuleManager: Shutting down and abandoning module CharacterAI (834)
[2025.03.19-18.06.27:668][513]LogModuleManager: Shutting down and abandoning module TakeRecorderSources (832)
[2025.03.19-18.06.27:668][513]LogModuleManager: Shutting down and abandoning module TakeRecorder (831)
[2025.03.19-18.06.27:668][513]LogModuleManager: Shutting down and abandoning module TakeTrackRecorders (828)
[2025.03.19-18.06.27:668][513]LogModuleManager: Shutting down and abandoning module TakesCore (826)
[2025.03.19-18.06.27:668][513]LogModuleManager: Shutting down and abandoning module TextureAlignMode (824)
[2025.03.19-18.06.27:668][513]LogModuleManager: Shutting down and abandoning module BspMode (822)
[2025.03.19-18.06.27:668][513]LogModuleManager: Shutting down and abandoning module GeometryMode (820)
[2025.03.19-18.06.27:668][513]LogModuleManager: Shutting down and abandoning module WmfMediaFactory (818)
[2025.03.19-18.06.27:668][513]LogModuleManager: Shutting down and abandoning module WmfMediaEditor (816)
[2025.03.19-18.06.27:669][513]LogModuleManager: Shutting down and abandoning module OpenExrWrapper (814)
[2025.03.19-18.06.27:669][513]LogModuleManager: Shutting down and abandoning module ImgMediaFactory (812)
[2025.03.19-18.06.27:669][513]LogModuleManager: Shutting down and abandoning module ImgMediaEditor (810)
[2025.03.19-18.06.27:669][513]LogModuleManager: Shutting down and abandoning module WebMMediaFactory (808)
[2025.03.19-18.06.27:669][513]LogModuleManager: Shutting down and abandoning module WebMMediaEditor (806)
[2025.03.19-18.06.27:669][513]LogModuleManager: Shutting down and abandoning module WebMMedia (804)
[2025.03.19-18.06.27:669][513]LogModuleManager: Shutting down and abandoning module MediaPlayerEditor (802)
[2025.03.19-18.06.27:669][513]LogModuleManager: Shutting down and abandoning module MediaCompositingEditor (800)
[2025.03.19-18.06.27:669][513]LogModuleManager: Shutting down and abandoning module SequenceRecorder (799)
[2025.03.19-18.06.27:669][513]LogModuleManager: Shutting down and abandoning module AvfMediaFactory (796)
[2025.03.19-18.06.27:669][513]LogModuleManager: Shutting down and abandoning module AvfMediaEditor (794)
[2025.03.19-18.06.27:669][513]LogModuleManager: Shutting down and abandoning module AndroidMediaFactory (792)
[2025.03.19-18.06.27:669][513]LogModuleManager: Shutting down and abandoning module AndroidMediaEditor (790)
[2025.03.19-18.06.27:669][513]LogModuleManager: Shutting down and abandoning module MagicLeapMediaCodecFactory (788)
[2025.03.19-18.06.27:669][513]LogModuleManager: Shutting down and abandoning module MagicLeapMediaFactory (786)
[2025.03.19-18.06.27:669][513]LogModuleManager: Shutting down and abandoning module MagicLeapMediaEditor (784)
[2025.03.19-18.06.27:669][513]LogModuleManager: Shutting down and abandoning module CameraShakePreviewer (782)
[2025.03.19-18.06.27:669][513]LogModuleManager: Shutting down and abandoning module SmartSnapping (780)
[2025.03.19-18.06.27:669][513]LogModuleManager: Shutting down and abandoning module SessionServices (778)
[2025.03.19-18.06.27:670][513]LogModuleManager: Shutting down and abandoning module MeshPaint (776)
[2025.03.19-18.06.27:670][513]LogModuleManager: Shutting down and abandoning module VirtualTexturingEditor (774)
[2025.03.19-18.06.27:670][513]LogModuleManager: Shutting down and abandoning module FoliageEdit (772)
[2025.03.19-18.06.27:670][513]LogModuleManager: Shutting down and abandoning module LandscapeEditor (770)
[2025.03.19-18.06.27:671][513]LogModuleManager: Shutting down and abandoning module MeshPaintMode (768)
[2025.03.19-18.06.27:671][513]LogModuleManager: Shutting down and abandoning module SceneDepthPickerMode (766)
[2025.03.19-18.06.27:671][513]LogModuleManager: Shutting down and abandoning module ActorPickerMode (764)
[2025.03.19-18.06.27:671][513]LogModuleManager: Shutting down and abandoning module PlacementMode (762)
[2025.03.19-18.06.27:671][513]LogModuleManager: Shutting down and abandoning module ViewportSnapping (760)
[2025.03.19-18.06.27:671][513]LogModuleManager: Shutting down and abandoning module ViewportInteraction (758)
[2025.03.19-18.06.27:671][513]LogModuleManager: Shutting down and abandoning module ClothPainter (756)
[2025.03.19-18.06.27:671][513]LogModuleManager: Shutting down and abandoning module SkeletalMeshEditor (755)
[2025.03.19-18.06.27:671][513]LogModuleManager: Shutting down and abandoning module LogVisualizer (752)
[2025.03.19-18.06.27:671][513]LogModuleManager: Shutting down and abandoning module IntroTutorials (750)
[2025.03.19-18.06.27:671][513]LogModuleManager: Shutting down and abandoning module GameProjectGeneration (749)
[2025.03.19-18.06.27:671][513]LogModuleManager: Shutting down and abandoning module LuminPlatformEditor (746)
[2025.03.19-18.06.27:671][513]LogModuleManager: Shutting down and abandoning module IOSPlatformEditor (744)
[2025.03.19-18.06.27:671][513]LogModuleManager: Shutting down and abandoning module AndroidPlatformEditor (742)
[2025.03.19-18.06.27:671][513]LogModuleManager: Shutting down and abandoning module AndroidDeviceDetection (741)
[2025.03.19-18.06.28:687][513]LogModuleManager: Shutting down and abandoning module WindowsPlatformEditor (738)
[2025.03.19-18.06.28:687][513]LogModuleManager: Shutting down and abandoning module LuminRuntimeSettings (736)
[2025.03.19-18.06.28:688][513]LogModuleManager: Shutting down and abandoning module IOSRuntimeSettings (734)
[2025.03.19-18.06.28:688][513]LogModuleManager: Shutting down and abandoning module AndroidRuntimeSettings (732)
[2025.03.19-18.06.28:688][513]LogModuleManager: Shutting down and abandoning module TraceInsights (730)
[2025.03.19-18.06.28:701][513]MemoryProfiler: Shutdown
[2025.03.19-18.06.28:701][513]NetworkingProfiler: Shutdown
[2025.03.19-18.06.28:701][513]LoadingProfiler: Shutdown
[2025.03.19-18.06.28:701][513]TimingProfiler: Shutdown
[2025.03.19-18.06.28:703][513]LogModuleManager: Shutting down and abandoning module TraceServices (729)
[2025.03.19-18.06.28:704][513]LogModuleManager: Shutting down and abandoning module EditorInteractiveToolsFramework (726)
[2025.03.19-18.06.28:704][513]LogModuleManager: Shutting down and abandoning module TimeManagementEditor (724)
[2025.03.19-18.06.28:704][513]LogModuleManager: Shutting down and abandoning module InputBindingEditor (722)
[2025.03.19-18.06.28:704][513]LogModuleManager: Shutting down and abandoning module MergeActors (720)
[2025.03.19-18.06.28:705][513]LogModuleManager: Shutting down and abandoning module LocalizationDashboard (718)
[2025.03.19-18.06.28:705][513]LogModuleManager: Shutting down and abandoning module LocalizationService (717)
[2025.03.19-18.06.28:705][513]LogModuleManager: Shutting down and abandoning module HardwareTargeting (714)
[2025.03.19-18.06.28:705][513]LogModuleManager: Shutting down and abandoning module DeviceProfileEditor (712)
[2025.03.19-18.06.28:705][513]LogModuleManager: Shutting down and abandoning module UndoHistory (710)
[2025.03.19-18.06.28:705][513]LogModuleManager: Shutting down and abandoning module XmlParser (708)
[2025.03.19-18.06.28:705][513]LogModuleManager: Shutting down and abandoning module Blutility (706)
[2025.03.19-18.06.28:705][513]LogModuleManager: Shutting down and abandoning module ProjectSettingsViewer (704)
[2025.03.19-18.06.28:705][513]LogModuleManager: Shutting down and abandoning module ProjectTargetPlatformEditor (703)
[2025.03.19-18.06.28:705][513]LogModuleManager: Shutting down and abandoning module EditorSettingsViewer (700)
[2025.03.19-18.06.28:706][513]LogModuleManager: Shutting down and abandoning module InternationalizationSettings (699)
[2025.03.19-18.06.28:706][513]LogModuleManager: Shutting down and abandoning module SettingsEditor (696)
[2025.03.19-18.06.28:706][513]LogModuleManager: Shutting down and abandoning module ProjectLauncher (694)
[2025.03.19-18.06.28:706][513]LogModuleManager: Shutting down and abandoning module SessionFrontend (692)
[2025.03.19-18.06.28:706][513]LogModuleManager: Shutting down and abandoning module ProfilerClient (690)
[2025.03.19-18.06.28:706][513]LogModuleManager: Shutting down and abandoning module DeviceManager (688)
[2025.03.19-18.06.28:707][513]LogModuleManager: Shutting down and abandoning module TargetDeviceServices (687)
[2025.03.19-18.06.28:741][513]LogModuleManager: Shutting down and abandoning module AutomationController (684)
[2025.03.19-18.06.28:741][513]LogModuleManager: Shutting down and abandoning module AutomationWindow (682)
[2025.03.19-18.06.28:743][513]LogModuleManager: Shutting down and abandoning module Layers (680)
[2025.03.19-18.06.28:744][513]LogModuleManager: Shutting down and abandoning module ComponentVisualizers (678)
[2025.03.19-18.06.28:744][513]LogModuleManager: Shutting down and abandoning module DetailCustomizations (676)
[2025.03.19-18.06.28:744][513]LogModuleManager: Shutting down and abandoning module PackagesDialog (674)
[2025.03.19-18.06.28:744][513]LogModuleManager: Shutting down and abandoning module AnimationBlueprintEditor (672)
[2025.03.19-18.06.28:745][513]LogModuleManager: Shutting down and abandoning module Persona (670)
[2025.03.19-18.06.28:745][513]LogModuleManager: Shutting down and abandoning module AdvancedPreviewScene (669)
[2025.03.19-18.06.28:745][513]LogModuleManager: Shutting down and abandoning module Kismet (666)
[2025.03.19-18.06.28:754][513]LogModuleManager: Shutting down and abandoning module KismetWidgets (665)
[2025.03.19-18.06.28:754][513]LogModuleManager: Shutting down and abandoning module GraphEditor (662)
[2025.03.19-18.06.28:754][513]LogModuleManager: Shutting down and abandoning module StructViewer (660)
[2025.03.19-18.06.28:754][513]LogModuleManager: Shutting down and abandoning module ClassViewer (658)
[2025.03.19-18.06.28:757][513]LogModuleManager: Shutting down and abandoning module Toolbox (656)
[2025.03.19-18.06.28:757][513]LogModuleManager: Shutting down and abandoning module ModuleUI (654)
[2025.03.19-18.06.28:757][513]LogModuleManager: Shutting down and abandoning module OutputLog (652)
[2025.03.19-18.06.28:758][513]LogModuleManager: Shutting down and abandoning module GammaUI (650)
[2025.03.19-18.06.28:758][513]LogModuleManager: Shutting down and abandoning module Documentation (648)
[2025.03.19-18.06.28:759][513]LogModuleManager: Shutting down and abandoning module LiveCoding (646)
[2025.03.19-18.06.28:759][513]LogModuleManager: Shutting down and abandoning module LevelSequence (644)
[2025.03.19-18.06.28:759][513]LogModuleManager: Shutting down and abandoning module MovieSceneTracks (642)
[2025.03.19-18.06.28:759][513]LogModuleManager: Shutting down and abandoning module MovieScene (640)
[2025.03.19-18.06.28:759][513]LogModuleManager: Shutting down and abandoning module StreamingPauseRendering (638)
[2025.03.19-18.06.28:759][513]LogModuleManager: Shutting down and abandoning module LauncherPlatform (636)
[2025.03.19-18.06.28:759][513]LogModuleManager: Shutting down and abandoning module AnalyticsET (634)
[2025.03.19-18.06.28:759][513]LogModuleManager: Shutting down and abandoning module PortalServices (632)
[2025.03.19-18.06.28:759][513]LogModuleManager: Shutting down and abandoning module PortalRpc (630)
[2025.03.19-18.06.28:759][513]LogModuleManager: Shutting down and abandoning module MessagingRpc (628)
[2025.03.19-18.06.28:759][513]LogModuleManager: Shutting down and abandoning module AudioMixerXAudio2 (626)
[2025.03.19-18.06.28:759][513]LogModuleManager: Shutting down and abandoning module AudioMixerCore (625)
[2025.03.19-18.06.28:759][513]LogModuleManager: Shutting down and abandoning module AIModule (622)
[2025.03.19-18.06.28:759][513]LogModuleManager: Shutting down and abandoning module GameplayDebugger (621)
[2025.03.19-18.06.28:759][513]LogModuleManager: Shutting down and abandoning module AITestSuite (619)
[2025.03.19-18.06.28:759][513]LogModuleManager: Shutting down and abandoning module NavigationSystem (617)
[2025.03.19-18.06.28:759][513]LogModuleManager: Shutting down and abandoning module ImageWriteQueue (614)
[2025.03.19-18.06.28:770][513]LogModuleManager: Shutting down and abandoning module ProfilerService (612)
[2025.03.19-18.06.28:936][513]LogModuleManager: Shutting down and abandoning module TaskGraph (610)
[2025.03.19-18.06.28:946][513]LogModuleManager: Shutting down and abandoning module AudioSynesthesiaEditor (608)
[2025.03.19-18.06.28:946][513]LogModuleManager: Shutting down and abandoning module OculusEditor (606)
[2025.03.19-18.06.28:946][513]LogModuleManager: Shutting down and abandoning module OculusInput (604)
[2025.03.19-18.06.28:946][513]LogModuleManager: Shutting down and abandoning module ContentBrowserFileDataSource (602)
[2025.03.19-18.06.28:946][513]LogModuleManager: Shutting down and abandoning module ContentBrowserClassDataSource (600)
[2025.03.19-18.06.28:946][513]LogModuleManager: Shutting down and abandoning module ContentBrowserAssetDataSource (598)
[2025.03.19-18.06.28:946][513]LogModuleManager: Shutting down and abandoning module CollectionManager (597)
[2025.03.19-18.06.28:948][513]LogModuleManager: Shutting down and abandoning module SynthesisEditor (594)
[2025.03.19-18.06.28:948][513]LogModuleManager: Shutting down and abandoning module Synthesis (592)
[2025.03.19-18.06.28:949][513]LogModuleManager: Shutting down and abandoning module ProceduralMeshComponentEditor (590)
[2025.03.19-18.06.28:949][513]LogModuleManager: Shutting down and abandoning module ProceduralMeshComponent (588)
[2025.03.19-18.06.28:949][513]LogModuleManager: Shutting down and abandoning module OpenXREditor (586)
[2025.03.19-18.06.28:949][513]LogModuleManager: Shutting down and abandoning module MobilePatchingUtils (584)
[2025.03.19-18.06.28:949][513]LogModuleManager: Shutting down and abandoning module GooglePAD (582)
[2025.03.19-18.06.28:949][513]LogModuleManager: Shutting down and abandoning module AudioCapture (580)
[2025.03.19-18.06.28:949][513]LogModuleManager: Shutting down and abandoning module AudioCaptureRtAudio (579)
[2025.03.19-18.06.28:949][513]LogModuleManager: Shutting down and abandoning module AssetTags (576)
[2025.03.19-18.06.28:949][513]LogModuleManager: Shutting down and abandoning module EditableMesh (574)
[2025.03.19-18.06.28:949][513]LogModuleManager: Shutting down and abandoning module CustomMeshComponent (572)
[2025.03.19-18.06.28:949][513]LogModuleManager: Shutting down and abandoning module CableComponent (570)
[2025.03.19-18.06.28:949][513]LogModuleManager: Shutting down and abandoning module ArchVisCharacter (568)
[2025.03.19-18.06.28:949][513]LogModuleManager: Shutting down and abandoning module AppleImageUtilsBlueprintSupport (566)
[2025.03.19-18.06.28:949][513]LogModuleManager: Shutting down and abandoning module AppleImageUtils (564)
[2025.03.19-18.06.28:949][513]LogModuleManager: Shutting down and abandoning module AndroidPermission (562)
[2025.03.19-18.06.28:949][513]LogModuleManager: Shutting down and abandoning module ActorLayerUtilitiesEditor (560)
[2025.03.19-18.06.28:949][513]LogModuleManager: Shutting down and abandoning module ActorLayerUtilities (558)
[2025.03.19-18.06.28:949][513]LogModuleManager: Shutting down and abandoning module MotoSynthEditor (556)
[2025.03.19-18.06.28:949][513]LogModuleManager: Shutting down and abandoning module MotoSynth (554)
[2025.03.19-18.06.28:949][513]LogModuleManager: Shutting down and abandoning module OpenImageDenoise (552)
[2025.03.19-18.06.28:949][513]LogOpenImageDenoise: OIDN shutting down
[2025.03.19-18.06.28:949][513]LogModuleManager: Shutting down and abandoning module MeshConversion (550)
[2025.03.19-18.06.28:949][513]LogModuleManager: Shutting down and abandoning module DynamicMesh (548)
[2025.03.19-18.06.28:950][513]LogModuleManager: Shutting down and abandoning module GeometryAlgorithms (546)
[2025.03.19-18.06.28:951][513]LogModuleManager: Shutting down and abandoning module GeometricObjects (544)
[2025.03.19-18.06.28:951][513]LogModuleManager: Shutting down and abandoning module TemplateSequence (542)
[2025.03.19-18.06.28:951][513]LogModuleManager: Shutting down and abandoning module ScreenshotTools (540)
[2025.03.19-18.06.28:951][513]LogModuleManager: Shutting down and abandoning module GeometryCollectionTracks (538)
[2025.03.19-18.06.28:951][513]LogModuleManager: Shutting down and abandoning module GeometryCollectionSequencer (537)
[2025.03.19-18.06.28:951][513]LogModuleManager: Shutting down and abandoning module GeometryCollectionEditor (534)
[2025.03.19-18.06.28:951][513]LogModuleManager: Shutting down and abandoning module GeometryCacheTracks (532)
[2025.03.19-18.06.28:951][513]LogModuleManager: Shutting down and abandoning module GeometryCacheStreamer (530)
[2025.03.19-18.06.28:951][513]LogModuleManager: Shutting down and abandoning module GeometryCacheSequencer (528)
[2025.03.19-18.06.28:951][513]LogModuleManager: Shutting down and abandoning module ChaosNiagara (526)
[2025.03.19-18.06.28:951][513]LogModuleManager: Shutting down and abandoning module ChaosSolverEditor (524)
[2025.03.19-18.06.28:951][513]LogModuleManager: Shutting down and abandoning module FractureEditor (522)
[2025.03.19-18.06.28:951][513]LogModuleManager: Shutting down and abandoning module FieldSystemEngine (521)
[2025.03.19-18.06.28:951][513]LogModuleManager: Shutting down and abandoning module ChaosClothEditor (518)
[2025.03.19-18.06.28:951][513]LogModuleManager: Shutting down and abandoning module AutomationUtilsEditor (516)
[2025.03.19-18.06.28:951][513]LogModuleManager: Shutting down and abandoning module AutomationUtils (514)
[2025.03.19-18.06.28:951][513]LogModuleManager: Shutting down and abandoning module BackChannel (512)
[2025.03.19-18.06.28:951][513]LogModuleManager: Shutting down and abandoning module AlembicImporter (510)
[2025.03.19-18.06.28:951][513]LogModuleManager: Shutting down and abandoning module AlembicLibrary (509)
[2025.03.19-18.06.28:951][513]LogModuleManager: Shutting down and abandoning module GeometryCache (508)
[2025.03.19-18.06.28:952][513]LogModuleManager: Shutting down and abandoning module GeometryCacheEd (507)
[2025.03.19-18.06.28:952][513]LogModuleManager: Shutting down and abandoning module TakeSequencer (502)
[2025.03.19-18.06.28:952][513]LogModuleManager: Shutting down and abandoning module TakeMovieScene (500)
[2025.03.19-18.06.28:952][513]LogModuleManager: Shutting down and abandoning module VariantManagerContentEditor (498)
[2025.03.19-18.06.28:952][513]LogModuleManager: Shutting down and abandoning module DatasmithContentEditor (496)
[2025.03.19-18.06.28:952][513]LogModuleManager: Shutting down and abandoning module PluginBrowser (494)
[2025.03.19-18.06.28:952][513]LogModuleManager: Shutting down and abandoning module SpeedTreeImporter (492)
[2025.03.19-18.06.28:952][513]LogModuleManager: Shutting down and abandoning module MobileLauncherProfileWizard (490)
[2025.03.19-18.06.28:952][513]LogModuleManager: Shutting down and abandoning module MaterialAnalyzer (488)
[2025.03.19-18.06.28:952][513]LogModuleManager: Shutting down and abandoning module CryptoKeysOpenSSL (486)
[2025.03.19-18.06.28:952][513]LogModuleManager: Shutting down and abandoning module CryptoKeys (484)
[2025.03.19-18.06.28:952][513]LogModuleManager: Shutting down and abandoning module CurveEditorTools (482)
[2025.03.19-18.06.28:952][513]LogModuleManager: Shutting down and abandoning module ImgMedia (480)
[2025.03.19-18.06.28:952][513]LogModuleManager: Shutting down and abandoning module MediaCompositing (478)
[2025.03.19-18.06.28:952][513]LogModuleManager: Shutting down and abandoning module MagicLeapSharedWorld (476)
[2025.03.19-18.06.28:952][513]LogModuleManager: Shutting down and abandoning module MagicLeapLightEstimation (474)
[2025.03.19-18.06.28:952][513]LogModuleManager: Shutting down and abandoning module MagicLeapHelperVulkan (472)
[2025.03.19-18.06.28:952][513]LogModuleManager: Shutting down and abandoning module MagicLeapHelperOpenGL (470)
[2025.03.19-18.06.28:952][513]LogModuleManager: Shutting down and abandoning module MagicLeapAudio (468)
[2025.03.19-18.06.28:952][513]LogModuleManager: Shutting down and abandoning module VisualStudioSourceCodeAccess (466)
[2025.03.19-18.06.28:952][513]LogModuleManager: Shutting down and abandoning module RiderSourceCodeAccess (464)
[2025.03.19-18.06.28:952][513]LogModuleManager: Shutting down and abandoning module UObjectPlugin (462)
[2025.03.19-18.06.28:952][513]LogModuleManager: Shutting down and abandoning module VisualStudioCodeSourceCodeAccess (460)
[2025.03.19-18.06.28:952][513]LogModuleManager: Shutting down and abandoning module GitSourceControl (458)
[2025.03.19-18.06.28:953][513]LogModuleManager: Shutting down and abandoning module PlasticSourceControl (456)
[2025.03.19-18.06.28:953][513]LogModuleManager: Shutting down and abandoning module PluginUtils (454)
[2025.03.19-18.06.28:953][513]LogModuleManager: Shutting down and abandoning module SubversionSourceControl (452)
[2025.03.19-18.06.28:953][513]LogModuleManager: Shutting down and abandoning module PerforceSourceControl (450)
[2025.03.19-18.06.28:953][513]LogModuleManager: Shutting down and abandoning module SourceControl (449)
[2025.03.19-18.06.28:954][513]LogModuleManager: Shutting down and abandoning module NiagaraEditorWidgets (446)
[2025.03.19-18.06.28:954][513]LogModuleManager: Shutting down and abandoning module CLionSourceCodeAccess (444)
[2025.03.19-18.06.28:954][513]LogModuleManager: Shutting down and abandoning module AnimationSharingEd (442)
[2025.03.19-18.06.28:954][513]LogModuleManager: Shutting down and abandoning module LiveLinkSequencer (440)
[2025.03.19-18.06.28:954][513]LogModuleManager: Shutting down and abandoning module LiveLinkMovieScene (438)
[2025.03.19-18.06.28:954][513]LogModuleManager: Shutting down and abandoning module LiveLinkGraphNode (436)
[2025.03.19-18.06.28:954][513]LogModuleManager: Shutting down and abandoning module LiveLinkEditor (434)
[2025.03.19-18.06.28:954][513]LogModuleManager: Shutting down and abandoning module LiveLinkComponents (432)
[2025.03.19-18.06.28:954][513]LogModuleManager: Shutting down and abandoning module LiveLink (430)
[2025.03.19-18.06.29:525][513]LogModuleManager: Shutting down and abandoning module OodleNetworkHandlerComponent (428)
[2025.03.19-18.06.29:525][513]LogModuleManager: Shutting down and abandoning module PaperTiledImporter (426)
[2025.03.19-18.06.29:525][513]LogModuleManager: Shutting down and abandoning module PaperSpriteSheetImporter (424)
[2025.03.19-18.06.29:525][513]LogModuleManager: Shutting down and abandoning module Paper2DEditor (422)
[2025.03.19-18.06.29:535][513]LogModuleManager: Shutting down and abandoning module LightPropagationVolumeEditor (420)
[2025.03.19-18.06.29:535][513]LogModuleManager: Shutting down and abandoning module MeshPaintingToolset (418)
[2025.03.19-18.06.29:536][513]LogModuleManager: Shutting down and abandoning module MeshPaintEditorMode (416)
[2025.03.19-18.06.29:536][513]LogModuleManager: Shutting down and abandoning module AnimGraph (413)
[2025.03.19-18.06.29:536][513]LogModuleManager: Shutting down and abandoning module SoundFields (410)
[2025.03.19-18.06.29:536][513]LogModuleManager: Shutting down and abandoning module SignificanceManager (408)
[2025.03.19-18.06.29:536][513]LogModuleManager: Shutting down and abandoning module PhysXVehiclesEditor (406)
[2025.03.19-18.06.29:536][513]LogModuleManager: Shutting down and abandoning module PropertyAccessEditor (402)
[2025.03.19-18.06.29:536][513]LogModuleManager: Shutting down and abandoning module RuntimePhysXCooking (400)
[2025.03.19-18.06.29:536][513]LogModuleManager: Shutting down and abandoning module LocationServicesBPLibrary (398)
[2025.03.19-18.06.29:536][513]LogModuleManager: Shutting down and abandoning module AudioSynesthesia (396)
[2025.03.19-18.06.29:536][513]LogModuleManager: Shutting down and abandoning module AudioSynesthesiaCore (394)
[2025.03.19-18.06.29:536][513]LogModuleManager: Shutting down and abandoning module PythonScriptPlugin (392)
[2025.03.19-18.06.29:536][513]LogModuleManager: Shutting down and abandoning module ActorSequence (390)
[2025.03.19-18.06.29:536][513]LogModuleManager: Shutting down and abandoning module FacialAnimationEditor (388)
[2025.03.19-18.06.29:536][513]LogModuleManager: Shutting down and abandoning module FacialAnimation (386)
[2025.03.19-18.06.29:536][513]LogModuleManager: Shutting down and abandoning module DataValidation (384)
[2025.03.19-18.06.29:536][513]LogModuleManager: Shutting down and abandoning module GameplayTagsEditor (382)
[2025.03.19-18.06.29:536][513]LogModuleManager: Shutting down and abandoning module ImgMediaEngine (380)
[2025.03.19-18.06.29:536][513]LogModuleManager: Shutting down and abandoning module AssetManagerEditor (378)
[2025.03.19-18.06.29:536][513]LogModuleManager: Shutting down and abandoning module LevelEditor (377)
[2025.03.19-18.06.29:538][513]LogModuleManager: Shutting down and abandoning module PixelInspectorModule (376)
[2025.03.19-18.06.29:538][513]LogModuleManager: Shutting down and abandoning module CommonMenuExtensions (374)
[2025.03.19-18.06.29:539][513]LogModuleManager: Shutting down and abandoning module MainFrame (372)
[2025.03.19-18.06.29:539][513]LogModuleManager: Shutting down and abandoning module HotReload (371)
[2025.03.19-18.06.29:539][513]LogModuleManager: Shutting down and abandoning module ToolMenus (367)
[2025.03.19-18.06.29:539][513]LogModuleManager: Shutting down and abandoning module TreeMap (365)
[2025.03.19-18.06.29:539][513]LogModuleManager: Shutting down and abandoning module MagicLeapARPin (362)
[2025.03.19-18.06.29:539][513]LogModuleManager: Shutting down and abandoning module MagicLeapHandMeshing (360)
[2025.03.19-18.06.29:539][513]LogModuleManager: Shutting down and abandoning module MagicLeapSecureStorage (358)
[2025.03.19-18.06.29:539][513]LogModuleManager: Shutting down and abandoning module MagicLeapPrivileges (356)
[2025.03.19-18.06.29:540][513]LogModuleManager: Shutting down and abandoning module MagicLeapPlanes (354)
[2025.03.19-18.06.29:540][513]LogMagicLeapPlanes: Planes tracker already destroyed.
[2025.03.19-18.06.29:540][513]LogModuleManager: Shutting down and abandoning module MagicLeapImageTracker (352)
[2025.03.19-18.06.29:540][513]LogModuleManager: Shutting down and abandoning module MagicLeapIdentity (350)
[2025.03.19-18.06.29:540][513]LogModuleManager: Shutting down and abandoning module MagicLeapHandTracking (348)
[2025.03.19-18.06.29:540][513]LogModuleManager: Shutting down and abandoning module MagicLeapEyeTracker (346)
[2025.03.19-18.06.29:540][513]LogModuleManager: Shutting down and abandoning module MagicLeapController (344)
[2025.03.19-18.06.29:540][513]LogModuleManager: Shutting down and abandoning module MagicLeapARPinImpl (342)
[2025.03.19-18.06.29:540][513]LogModuleManager: Shutting down and abandoning module MagicLeapAR (340)
[2025.03.19-18.06.29:540][513]LogModuleManager: Shutting down and abandoning module UdpMessaging (338)
[2025.03.19-18.06.29:641][513]LogModuleManager: Shutting down and abandoning module TcpMessaging (336)
[2025.03.19-18.06.29:742][513]LogModuleManager: Shutting down and abandoning module PropertyAccessNode (334)
[2025.03.19-18.06.29:742][513]LogModuleManager: Shutting down and abandoning module NiagaraAnimNotifies (332)
[2025.03.19-18.06.29:742][513]LogModuleManager: Shutting down and abandoning module Niagara (330)
[2025.03.19-18.06.29:744][513]LogModuleManager: Shutting down and abandoning module SignalProcessing (329)
[2025.03.19-18.06.29:744][513]LogModuleManager: Shutting down and abandoning module NiagaraEditor (327)
[2025.03.19-18.06.29:744][513]LogModuleManager: Shutting down and abandoning module ContentBrowser (326)
[2025.03.19-18.06.29:744][513]LogModuleManager: Shutting down and abandoning module ContentBrowserData (325)
[2025.03.19-18.06.29:744][513]LogModuleManager: Shutting down and abandoning module NiagaraCore (320)
[2025.03.19-18.06.29:744][513]LogModuleManager: Shutting down and abandoning module AnimationSharing (318)
[2025.03.19-18.06.29:744][513]LogModuleManager: Shutting down and abandoning module EnvironmentQueryEditor (316)
[2025.03.19-18.06.29:744][513]LogModuleManager: Shutting down and abandoning module GameplayCameras (314)
[2025.03.19-18.06.29:745][513]LogModuleManager: Shutting down and abandoning module Paper2D (312)
[2025.03.19-18.06.29:745][513]LogModuleManager: Shutting down and abandoning module LightPropagationVolumeRuntime (310)
[2025.03.19-18.06.29:745][513]LogModuleManager: Shutting down and abandoning module WindowsMoviePlayer (308)
[2025.03.19-18.06.29:746][513]LogModuleManager: Shutting down and abandoning module WebMMoviePlayer (306)
[2025.03.19-18.06.29:746][513]LogModuleManager: Shutting down and abandoning module NetworkReplayStreaming (304)
[2025.03.19-18.06.29:746][513]LogModuleManager: Shutting down and abandoning module PacketHandler (302)
[2025.03.19-18.06.29:746][513]LogModuleManager: Shutting down and abandoning module ClothingSystemEditor (300)
[2025.03.19-18.06.29:746][513]LogModuleManager: Shutting down and abandoning module ClothingSystemRuntimeNv (298)
[2025.03.19-18.06.29:747][513]LogModuleManager: Shutting down and abandoning module MediaAssets (296)
[2025.03.19-18.06.29:747][513]LogModuleManager: Shutting down and abandoning module Overlay (294)
[2025.03.19-18.06.29:747][513]LogModuleManager: Shutting down and abandoning module OverlayEditor (293)
[2025.03.19-18.06.29:747][513]LogModuleManager: Shutting down and abandoning module VREditor (290)
[2025.03.19-18.06.29:747][513]LogModuleManager: Shutting down and abandoning module StringTableEditor (288)
[2025.03.19-18.06.29:748][513]LogModuleManager: Shutting down and abandoning module GameplayTasksEditor (286)
[2025.03.19-18.06.29:748][513]LogModuleManager: Shutting down and abandoning module BehaviorTreeEditor (284)
[2025.03.19-18.06.29:748][513]LogModuleManager: Shutting down and abandoning module FunctionalTesting (282)
[2025.03.19-18.06.29:749][513]LogModuleManager: Shutting down and abandoning module CollisionAnalyzer (280)
[2025.03.19-18.06.29:749][513]LogModuleManager: Shutting down and abandoning module WorkspaceMenuStructure (279)
[2025.03.19-18.06.29:749][513]LogModuleManager: Shutting down and abandoning module UMG (276)
[2025.03.19-18.06.29:749][513]LogModuleManager: Shutting down and abandoning module UMGEditor (275)
[2025.03.19-18.06.29:749][513]LogModuleManager: Shutting down and abandoning module MessageLog (273)
[2025.03.19-18.06.29:749][513]LogModuleManager: Shutting down and abandoning module SlateReflector (268)
[2025.03.19-18.06.29:750][513]LogModuleManager: Shutting down and abandoning module Slate (266)
[2025.03.19-18.06.29:750][513]LogModuleManager: Shutting down and abandoning module SlateCore (264)
[2025.03.19-18.06.29:752][513]LogModuleManager: Shutting down and abandoning module LandscapeEditorUtilities (262)
[2025.03.19-18.06.29:752][513]LogModuleManager: Shutting down and abandoning module UnrealEd (260)
[2025.03.19-18.06.29:752][513]LogModuleManager: Shutting down and abandoning module MRMesh (258)
[2025.03.19-18.06.29:752][513]LogModuleManager: Shutting down and abandoning module SourceCodeAccess (256)
[2025.03.19-18.06.29:752][513]LogModuleManager: Shutting down and abandoning module HeadMountedDisplay (254)
[2025.03.19-18.06.29:752][513]LogModuleManager: Shutting down and abandoning module XAudio2 (252)
[2025.03.19-18.06.29:752][513]LogModuleManager: Shutting down and abandoning module Networking (250)
[2025.03.19-18.06.29:752][513]LogModuleManager: Shutting down and abandoning module Core (248)
[2025.03.19-18.06.29:752][513]LogModuleManager: Shutting down and abandoning module MaterialEditor (246)
[2025.03.19-18.06.29:753][513]LogModuleManager: Shutting down and abandoning module MovieSceneTools (244)
[2025.03.19-18.06.29:753][513]LogModuleManager: Shutting down and abandoning module CurveEditor (243)
[2025.03.19-18.06.29:753][513]LogModuleManager: Shutting down and abandoning module Sequencer (241)
[2025.03.19-18.06.29:753][513]LogModuleManager: Shutting down and abandoning module EditorStyle (240)
[2025.03.19-18.06.29:754][513]LogModuleManager: Shutting down and abandoning module KismetCompiler (236)
[2025.03.19-18.06.29:754][513]LogModuleManager: Shutting down and abandoning module MeshBuilder (234)
[2025.03.19-18.06.29:754][513]LogModuleManager: Shutting down and abandoning module MeshUtilities (232)
[2025.03.19-18.06.29:755][513]LogModuleManager: Shutting down and abandoning module MeshMergeUtilities (231)
[2025.03.19-18.06.29:755][513]LogModuleManager: Shutting down and abandoning module MeshReductionInterface (230)
[2025.03.19-18.06.29:755][513]LogModuleManager: Shutting down and abandoning module MeshBoneReduction (229)
[2025.03.19-18.06.29:755][513]LogModuleManager: Shutting down and abandoning module SkeletalMeshReduction (227)
[2025.03.19-18.06.29:755][513]LogModuleManager: Shutting down and abandoning module ProxyLODMeshReduction (225)
[2025.03.19-18.06.29:755][513]LogModuleManager: Shutting down and abandoning module QuadricMeshReduction (223)
[2025.03.19-18.06.29:755][513]LogModuleManager: Shutting down and abandoning module MaterialBaking (219)
[2025.03.19-18.06.29:755][513]LogModuleManager: Shutting down and abandoning module NullInstallBundleManager (214)
[2025.03.19-18.06.29:755][513]LogModuleManager: Shutting down and abandoning module DerivedDataCache (212)
[2025.03.19-18.06.29:755][513]LogModuleManager: Shutting down and abandoning module TargetPlatform (210)
[2025.03.19-18.06.29:755][513]LogModuleManager: Shutting down and abandoning module VulkanShaderFormat (209)
[2025.03.19-18.06.29:755][513]LogModuleManager: Shutting down and abandoning module ShaderFormatVectorVM (207)
[2025.03.19-18.06.29:755][513]LogModuleManager: Shutting down and abandoning module ShaderFormatOpenGL (205)
[2025.03.19-18.06.29:755][513]LogModuleManager: Shutting down and abandoning module ShaderFormatD3D (203)
[2025.03.19-18.06.29:755][513]LogModuleManager: Shutting down and abandoning module MetalShaderFormat (201)
[2025.03.19-18.06.29:756][513]LogModuleManager: Shutting down and abandoning module TextureFormatOodle (199)
[2025.03.19-18.06.29:756][513]LogModuleManager: Shutting down and abandoning module TextureFormatUncompressed (197)
[2025.03.19-18.06.29:756][513]LogModuleManager: Shutting down and abandoning module TextureFormatPVR (195)
[2025.03.19-18.06.29:756][513]LogModuleManager: Shutting down and abandoning module TextureFormatETC2 (193)
[2025.03.19-18.06.29:756][513]LogModuleManager: Shutting down and abandoning module TextureFormatDXT (191)
[2025.03.19-18.06.29:756][513]LogModuleManager: Shutting down and abandoning module TextureFormatIntelISPCTexComp (189)
[2025.03.19-18.06.29:756][513]LogModuleManager: Shutting down and abandoning module TextureFormatASTC (187)
[2025.03.19-18.06.29:756][513]LogModuleManager: Shutting down and abandoning module ImageWrapper (186)
[2025.03.19-18.06.29:756][513]LogModuleManager: Shutting down and abandoning module AudioFormatOpus (183)
[2025.03.19-18.06.29:756][513]LogModuleManager: Shutting down and abandoning module AudioFormatOgg (181)
[2025.03.19-18.06.29:756][513]LogModuleManager: Shutting down and abandoning module AudioFormatADPCM (179)
[2025.03.19-18.06.29:756][513]LogModuleManager: Shutting down and abandoning module WindowsServerTargetPlatform (177)
[2025.03.19-18.06.29:756][513]LogModuleManager: Shutting down and abandoning module WindowsClientTargetPlatform (175)
[2025.03.19-18.06.29:756][513]LogModuleManager: Shutting down and abandoning module WindowsTargetPlatform (173)
[2025.03.19-18.06.29:756][513]LogModuleManager: Shutting down and abandoning module WindowsNoEditorTargetPlatform (171)
[2025.03.19-18.06.29:756][513]LogModuleManager: Shutting down and abandoning module TVOSTargetPlatform (169)
[2025.03.19-18.06.29:757][513]LogModuleManager: Shutting down and abandoning module MacServerTargetPlatform (167)
[2025.03.19-18.06.29:757][513]LogModuleManager: Shutting down and abandoning module MacClientTargetPlatform (165)
[2025.03.19-18.06.29:757][513]LogModuleManager: Shutting down and abandoning module MacTargetPlatform (163)
[2025.03.19-18.06.29:758][513]LogModuleManager: Shutting down and abandoning module MacNoEditorTargetPlatform (161)
[2025.03.19-18.06.29:758][513]LogModuleManager: Shutting down and abandoning module LuminTargetPlatform (159)
[2025.03.19-18.06.29:758][513]LogModuleManager: Shutting down and abandoning module LinuxAArch64ServerTargetPlatform (157)
[2025.03.19-18.06.29:758][513]LogModuleManager: Shutting down and abandoning module LinuxAArch64ClientTargetPlatform (155)
[2025.03.19-18.06.29:758][513]LogModuleManager: Shutting down and abandoning module LinuxAArch64NoEditorTargetPlatform (153)
[2025.03.19-18.06.29:758][513]LogModuleManager: Shutting down and abandoning module LinuxServerTargetPlatform (151)
[2025.03.19-18.06.29:758][513]LogModuleManager: Shutting down and abandoning module LinuxClientTargetPlatform (149)
[2025.03.19-18.06.29:758][513]LogModuleManager: Shutting down and abandoning module LinuxNoEditorTargetPlatform (147)
[2025.03.19-18.06.29:758][513]LogModuleManager: Shutting down and abandoning module LinuxTargetPlatform (145)
[2025.03.19-18.06.29:758][513]LogModuleManager: Shutting down and abandoning module Messaging (143)
[2025.03.19-18.06.29:758][513]LogModuleManager: Shutting down and abandoning module IOSTargetPlatform (141)
[2025.03.19-18.06.29:759][513]LogModuleManager: Shutting down and abandoning module AndroidTargetPlatform (139)
[2025.03.19-18.06.29:764][513]LogModuleManager: Shutting down and abandoning module AllDesktopTargetPlatform (137)
[2025.03.19-18.06.29:764][513]LogModuleManager: Shutting down and abandoning module D3D11RHI (134)
[2025.03.19-18.06.29:764][513]LogModuleManager: Shutting down and abandoning module InputCore (132)
[2025.03.19-18.06.29:764][513]LogModuleManager: Shutting down and abandoning module Settings (130)
[2025.03.19-18.06.29:764][513]LogModuleManager: Shutting down and abandoning module DirectoryWatcher (128)
[2025.03.19-18.06.29:764][513]LogModuleManager: Shutting down and abandoning module PhysXCooking (126)
[2025.03.19-18.06.29:764][513]LogModuleManager: Shutting down and abandoning module Chaos (124)
[2025.03.19-18.06.29:764][513]LogModuleManager: Shutting down and abandoning module WindowsPlatformFeatures (122)
[2025.03.19-18.06.29:764][513]LogModuleManager: Shutting down and abandoning module GameplayMediaEncoder (121)
[2025.03.19-18.06.29:764][513]LogModuleManager: Shutting down and abandoning module AVEncoder (120)
[2025.03.19-18.06.29:764][513]LogModuleManager: Shutting down and abandoning module SteamVRInputDevice (116)
[2025.03.19-18.06.29:765][513]LogModuleManager: Shutting down and abandoning module SteamVRInput (114)
[2025.03.19-18.06.29:765][513]LogModuleManager: Shutting down and abandoning module SteamVR (112)
[2025.03.19-18.06.29:765][513]LogHMD: Freeing OpenVRDLLHandle.
[2025.03.19-18.06.29:765][513]LogModuleManager: Shutting down and abandoning module OculusHMD (110)
[2025.03.19-18.06.29:765][513]LogModuleManager: Shutting down and abandoning module OpenXRHandTracking (108)
[2025.03.19-18.06.29:765][513]LogSlate: Slate User Destroyed.  User Index 0, Is Virtual User: 0
[2025.03.19-18.06.29:765][513]LogModuleManager: Shutting down and abandoning module OpenXREyeTracker (106)
[2025.03.19-18.06.29:765][513]LogModuleManager: Shutting down and abandoning module OpenXRAR (104)
[2025.03.19-18.06.29:765][513]LogModuleManager: Shutting down and abandoning module AugmentedReality (103)
[2025.03.19-18.06.29:765][513]LogModuleManager: Shutting down and abandoning module OpenXRHMD (100)
[2025.03.19-18.06.29:765][513]LogModuleManager: Shutting down and abandoning module OnlineBlueprintSupport (98)
[2025.03.19-18.06.29:765][513]LogModuleManager: Shutting down and abandoning module OnlineSubsystem (94)
[2025.03.19-18.06.29:767][513]LogModuleManager: Shutting down and abandoning module XMPP (89)
[2025.03.19-18.06.29:767][513]LogModuleManager: Shutting down and abandoning module WebSockets (88)
[2025.03.19-18.06.29:790][513]LogModuleManager: Shutting down and abandoning module HTTP (85)
[2025.03.19-18.06.29:790][513]LogHttp: Display: Http module shutting down, but needs to wait on 1 outstanding Http requests:
[2025.03.19-18.06.29:790][513]LogHttp: Display: 	verb=[POST] url=[https://datarouter.ol.epicgames.com/datarouter/api/v1/public/data?SessionID=%7B5FC8C45A-40F1-037A-2D60-D6A76FE32DA7%7D&AppID=UEEditor.Rocket.Release&AppVersion=4.27.2-18319896%2B%2B%2BUE4%2BRelease-4.27&UserID=dc3a7fdc435b2203d17ef5b8406a3d63%7Ca171301efd7642d98dc9b98494fc9dc1%7C1c160dbf-3110-465c-9135-cb8b66dae295&AppEnvironment=datacollector-binary&UploadType=eteventstream] refs=[1] status=Processing
[2025.03.19-18.06.29:790][513]LogHttp: Display: cleaning up 1 outstanding Http requests.
[2025.03.19-18.06.29:824][513]LogModuleManager: Shutting down and abandoning module SSL (84)
[2025.03.19-18.06.29:825][513]LogModuleManager: Shutting down and abandoning module ExampleDeviceProfileSelector (80)
[2025.03.19-18.06.29:825][513]LogModuleManager: Shutting down and abandoning module ChunkDownloader (78)
[2025.03.19-18.06.29:825][513]LogModuleManager: Shutting down and abandoning module ChaosCloth (76)
[2025.03.19-18.06.29:825][513]LogModuleManager: Shutting down and abandoning module VariantManagerContent (74)
[2025.03.19-18.06.29:825][513]LogModuleManager: Shutting down and abandoning module DatasmithContent (72)
[2025.03.19-18.06.29:825][513]LogModuleManager: Shutting down and abandoning module LauncherChunkInstaller (70)
[2025.03.19-18.06.29:825][513]LogModuleManager: Shutting down and abandoning module WmfMedia (68)
[2025.03.19-18.06.29:842][513]LogModuleManager: Shutting down and abandoning module Media (67)
[2025.03.19-18.06.29:843][513]LogModuleManager: Shutting down and abandoning module MediaInfo (66)
[2025.03.19-18.06.29:843][513]LogModuleManager: Shutting down and abandoning module ExrReaderGpu (62)
[2025.03.19-18.06.29:844][513]LogModuleManager: Shutting down and abandoning module MLSDK (60)
[2025.03.19-18.06.29:844][513]LogModuleManager: Shutting down and abandoning module MagicLeap (58)
[2025.03.19-18.06.29:844][513]LogModuleManager: Shutting down and abandoning module PixWinPlugin (56)
[2025.03.19-18.06.29:844][513]LogModuleManager: Shutting down and abandoning module NiagaraVertexFactories (54)
[2025.03.19-18.06.29:844][513]LogModuleManager: Shutting down and abandoning module NiagaraShader (52)
[2025.03.19-18.06.29:844][513]LogModuleManager: Shutting down and abandoning module AISupportModule (50)
[2025.03.19-18.06.29:844][513]LogModuleManager: Shutting down and abandoning module DesktopPlatform (48)
[2025.03.19-18.06.29:844][513]LogModuleManager: Shutting down and abandoning module PythonScriptPluginPreload (46)
[2025.03.19-18.06.29:844][513]LogModuleManager: Shutting down and abandoning module PlatformCryptoOpenSSL (44)
[2025.03.19-18.06.29:844][513]LogModuleManager: Shutting down and abandoning module PlatformCryptoTypes (42)
[2025.03.19-18.06.29:844][513]LogModuleManager: Shutting down and abandoning module PlatformCrypto (40)
[2025.03.19-18.06.29:844][513]LogModuleManager: Shutting down and abandoning module OodleDataCompressionFormat (38)
[2025.03.19-18.06.29:844][513]LogModuleManager: Shutting down and abandoning module XGEController (36)
[2025.03.19-18.06.29:844][513]LogXGEController: Cleaning working directory: C:/Users/zibin/AppData/Local/Temp/UnrealXGEWorkingDir/
[2025.03.19-18.06.29:844][513]LogModuleManager: Shutting down and abandoning module AnimationModifiers (34)
[2025.03.19-18.06.29:844][513]LogModuleManager: Shutting down and abandoning module AudioEditor (32)
[2025.03.19-18.06.29:845][513]LogModuleManager: Shutting down and abandoning module PropertyEditor (31)
[2025.03.19-18.06.29:846][513]LogModuleManager: Shutting down and abandoning module TextureCompressor (28)
[2025.03.19-18.06.29:846][513]LogModuleManager: Shutting down and abandoning module RenderCore (26)
[2025.03.19-18.06.29:846][513]LogModuleManager: Shutting down and abandoning module Landscape (24)
[2025.03.19-18.06.29:846][513]LogModuleManager: Shutting down and abandoning module SlateRHIRenderer (22)
[2025.03.19-18.06.29:848][513]LogModuleManager: Shutting down and abandoning module AnimGraphRuntime (20)
[2025.03.19-18.06.29:848][513]LogModuleManager: Shutting down and abandoning module Renderer (18)
[2025.03.19-18.06.29:848][513]LogModuleManager: Shutting down and abandoning module Engine (16)
[2025.03.19-18.06.29:848][513]LogModuleManager: Shutting down and abandoning module CoreUObject (14)
[2025.03.19-18.06.29:848][513]LogModuleManager: Shutting down and abandoning module NetworkFile (12)
[2025.03.19-18.06.29:848][513]LogModuleManager: Shutting down and abandoning module CookedIterativeFile (10)
[2025.03.19-18.06.29:848][513]LogModuleManager: Shutting down and abandoning module StreamingFile (8)
[2025.03.19-18.06.29:848][513]LogModuleManager: Shutting down and abandoning module SandboxFile (6)
[2025.03.19-18.06.29:848][513]LogModuleManager: Shutting down and abandoning module PakFile (4)
[2025.03.19-18.06.29:849][513]LogModuleManager: Shutting down and abandoning module RSA (3)
[2025.03.19-18.06.29:849][513]LogContentStreaming: Display: There are 1 unreleased StreamingManagers
[2025.03.19-18.06.29:917][513]LogD3D11RHI: Shutdown
[2025.03.19-18.06.29:917][513]LogD3D11RHI: CleanupD3DDevice
[2025.03.19-18.06.29:923][513]LogExit: Exiting.
[2025.03.19-18.06.29:939][513]Log file closed, 03/19/25 14:06:29
