Log file open, 03/20/25 11:29:48
LogWindows: Failed to load 'aqProf.dll' (GetLastError=126)
LogWindows: File 'aqProf.dll' does not exist
LogWindows: Failed to load 'VtuneApi.dll' (GetLastError=126)
LogWindows: File 'VtuneApi.dll' does not exist
LogWindows: Failed to load 'VtuneApi32e.dll' (GetLastError=126)
LogWindows: File 'VtuneApi32e.dll' does not exist
LogConsoleResponse: Display: Failed to find resolution value strings in scalability ini. Falling back to default.
LogConsoleResponse: Display: Failed to find resolution value strings in scalability ini. Falling back to default.
LogInit: Display: Running engine for game: DungeonDash
LogPlatformFile: Not using cached read wrapper
LogTaskGraph: Started task graph with 5 named threads and 59 total threads with 3 sets of task threads.
LogStats: Stats thread started at 0.605253
LogICUInternationalization: ICU TimeZone Detection - Raw Offset: -5:00, Platform Override: ''
LogInit: Display: Loading text-based GConfig....
LogPluginManager: Mounting plugin MeshPainting
LogPluginManager: Mounting plugin XGEController
LogPluginManager: Mounting plugin Paper2D
LogPluginManager: Mounting plugin AISupport
LogPluginManager: Mounting plugin LiveLink
LogPluginManager: Mounting plugin LightPropagationVolume
LogPluginManager: Mounting plugin EnvironmentQueryEditor
LogPluginManager: Mounting plugin CameraShakePreviewer
LogPluginManager: Mounting plugin GameplayCameras
LogPluginManager: Mounting plugin OodleData
LogPluginManager: Mounting plugin CLionSourceCodeAccess
LogPluginManager: Mounting plugin OodleNetwork
LogPluginManager: Mounting plugin AnimationSharing
LogPluginManager: Mounting plugin PluginUtils
LogPluginManager: Mounting plugin CodeLiteSourceCodeAccess
LogPluginManager: Mounting plugin PropertyAccessNode
LogPluginManager: Mounting plugin PerforceSourceControl
LogPluginManager: Mounting plugin PixWinPlugin
LogPluginManager: Mounting plugin PlasticSourceControl
LogPluginManager: Mounting plugin GitSourceControl
LogPluginManager: Mounting plugin SubversionSourceControl
LogPluginManager: Mounting plugin NullSourceCodeAccess
LogPluginManager: Mounting plugin RiderSourceCodeAccess
LogPluginManager: Mounting plugin TextureFormatOodle
LogPluginManager: Mounting plugin KDevelopSourceCodeAccess
LogPluginManager: Mounting plugin VisualStudioSourceCodeAccess
LogPluginManager: Mounting plugin UObjectPlugin
LogPluginManager: Mounting plugin XCodeSourceCodeAccess
LogPluginManager: Mounting plugin VisualStudioCodeSourceCodeAccess
LogPluginManager: Mounting plugin DatasmithContent
LogPluginManager: Mounting plugin Niagara
LogPluginManager: Mounting plugin VariantManagerContent
LogPluginManager: Mounting plugin AssetManagerEditor
LogPluginManager: Mounting plugin AlembicImporter
LogPluginManager: Mounting plugin AutomationUtils
LogPluginManager: Mounting plugin BackChannel
LogPluginManager: Mounting plugin LuminPlatformFeatures
LogPluginManager: Mounting plugin MagicLeap
LogPluginManager: Mounting plugin ChaosNiagara
LogPluginManager: Mounting plugin ChaosSolverPlugin
LogPluginManager: Mounting plugin ChaosClothEditor
LogPluginManager: Mounting plugin ChaosEditor
LogPluginManager: Mounting plugin MagicLeapLightEstimation
LogPluginManager: Mounting plugin ChaosCloth
LogPluginManager: Mounting plugin MagicLeapMedia
LogPluginManager: Mounting plugin AndroidMedia
LogPluginManager: Mounting plugin MagicLeapPassableWorld
LogPluginManager: Mounting plugin MLSDK
LogPluginManager: Mounting plugin CryptoKeys
LogPluginManager: Mounting plugin CurveEditorTools
LogPluginManager: Mounting plugin DataValidation
LogPluginManager: Mounting plugin AvfMedia
LogPluginManager: Mounting plugin FacialAnimation
LogPluginManager: Mounting plugin ImgMedia
LogPluginManager: Mounting plugin MediaCompositing
LogPluginManager: Mounting plugin CharacterAI
LogPluginManager: Mounting plugin GameplayTagsEditor
LogPluginManager: Mounting plugin MediaPlayerEditor
LogPluginManager: Mounting plugin WebMMedia
LogPluginManager: Mounting plugin WmfMedia
LogPluginManager: Mounting plugin GeometryCache
LogPluginManager: Mounting plugin GeometryCollectionPlugin
LogPluginManager: Mounting plugin GeometryMode
LogPluginManager: Mounting plugin MaterialAnalyzer
LogPluginManager: Mounting plugin MacGraphicsSwitching
LogPluginManager: Mounting plugin MobileLauncherProfileWizard
LogPluginManager: Mounting plugin SpeedTreeImporter
LogPluginManager: Mounting plugin PluginBrowser
LogPluginManager: Mounting plugin GeometryProcessing
LogPluginManager: Mounting plugin MotoSynth
LogPluginManager: Mounting plugin OpenImageDenoise
LogPluginManager: Mounting plugin PlatformCrypto
LogPluginManager: Mounting plugin PlanarCut
LogPluginManager: Mounting plugin PythonScriptPlugin
LogPluginManager: Mounting plugin ProxyLODPlugin
LogPluginManager: Mounting plugin SkeletalReduction
LogPluginManager: Mounting plugin TcpMessaging
LogPluginManager: Mounting plugin UdpMessaging
LogPluginManager: Mounting plugin OnlineSubsystem
LogPluginManager: Mounting plugin OnlineSubsystemUtils
LogPluginManager: Mounting plugin OnlineSubsystemNull
LogPluginManager: Mounting plugin ActorSequence
LogPluginManager: Mounting plugin MatineeToLevelSequence
LogPluginManager: Mounting plugin LevelSequenceEditor
LogPluginManager: Mounting plugin LauncherChunkInstaller
LogPluginManager: Mounting plugin ActorLayerUtilities
LogPluginManager: Mounting plugin AndroidDeviceProfileSelector
LogPluginManager: Mounting plugin AndroidMoviePlayer
LogPluginManager: Mounting plugin TemplateSequence
LogPluginManager: Mounting plugin AndroidPermission
LogPluginManager: Mounting plugin AssetTags
LogPluginManager: Mounting plugin ArchVisCharacter
LogPluginManager: Mounting plugin AudioCapture
LogPluginManager: Mounting plugin AudioSynesthesia
LogPluginManager: Mounting plugin AppleImageUtils
LogPluginManager: Mounting plugin AppleMoviePlayer
LogPluginManager: Mounting plugin CustomMeshComponent
LogPluginManager: Mounting plugin CableComponent
LogPluginManager: Mounting plugin ChunkDownloader
LogPluginManager: Mounting plugin ExampleDeviceProfileSelector
LogPluginManager: Mounting plugin EditableMesh
LogPluginManager: Mounting plugin GooglePAD
LogPluginManager: Mounting plugin GoogleCloudMessaging
LogPluginManager: Mounting plugin IOSDeviceProfileSelector
LogPluginManager: Mounting plugin LinuxDeviceProfileSelector
LogPluginManager: Mounting plugin LocationServicesBPLibrary
LogPluginManager: Mounting plugin MobilePatchingUtils
LogPluginManager: Mounting plugin OpenXR
LogPluginManager: Mounting plugin OpenXREyeTracker
LogPluginManager: Mounting plugin OpenXRHandTracking
LogPluginManager: Mounting plugin PhysXVehicles
LogPluginManager: Mounting plugin PropertyAccessEditor
LogPluginManager: Mounting plugin PostSplashScreen
LogPluginManager: Mounting plugin ProceduralMeshComponent
LogPluginManager: Mounting plugin SignificanceManager
LogPluginManager: Mounting plugin RuntimePhysXCooking
LogPluginManager: Mounting plugin SoundFields
LogPluginManager: Mounting plugin Synthesis
LogPluginManager: Mounting plugin WebMMoviePlayer
LogPluginManager: Mounting plugin WindowsMoviePlayer
LogPluginManager: Mounting plugin ScreenshotTools
LogPluginManager: Mounting plugin Takes
LogPluginManager: Mounting plugin ContentBrowserAssetDataSource
LogPluginManager: Mounting plugin ContentBrowserClassDataSource
LogPluginManager: Mounting plugin ContentBrowserFileDataSource
LogPluginManager: Mounting plugin OnlineSubsystemIOS
LogPluginManager: Mounting plugin OnlineSubsystemGooglePlay
LogPluginManager: Mounting plugin OculusVR
LogPluginManager: Mounting plugin SteamVR
PixWinPlugin: PIX capture plugin failed to initialize! Check that the process is launched from PIX.
LogInit: Using libcurl 7.55.1-DEV
LogInit:  - built for x86_64-pc-win32
LogInit:  - supports SSL with OpenSSL/1.1.1
LogInit:  - supports HTTP deflate (compression) using libz 1.2.8
LogInit:  - other features:
LogInit:      CURL_VERSION_SSL
LogInit:      CURL_VERSION_LIBZ
LogInit:      CURL_VERSION_IPV6
LogInit:      CURL_VERSION_ASYNCHDNS
LogInit:      CURL_VERSION_LARGEFILE
LogInit:      CURL_VERSION_IDN
LogInit:  CurlRequestOptions (configurable via config and command line):
LogInit:  - bVerifyPeer = true  - Libcurl will verify peer certificate
LogInit:  - bUseHttpProxy = false  - Libcurl will NOT use HTTP proxy
LogInit:  - bDontReuseConnections = false  - Libcurl will reuse connections
LogInit:  - MaxHostConnections = 16  - Libcurl will limit the number of connections to a host
LogInit:  - LocalHostAddr = Default
LogInit:  - BufferSize = 65536
LogOnline: OSS: Creating online subsystem instance for: NULL
LogInit: WinSock: version 1.1 (2.2), MaxSocks=32767, MaxUdp=65467
LogOnline: OSS: TryLoadSubsystemAndSetDefault: Loaded subsystem for module [NULL]
LogOculusPluginWrapper: OculusPlugin initialized successfully
LogHMD: Failed initializing OVRPlugin 1.59.0
LogInit: Build: ++UE4+Release-4.27-CL-18319896
LogInit: Engine Version: 4.27.2-18319896+++UE4+Release-4.27
LogInit: Compatible Engine Version: 4.27.0-17155196+++UE4+Release-4.27
LogInit: Net CL: 17155196
LogInit: OS: Windows 10 (Release 2009) (), CPU: 13th Gen Intel(R) Core(TM) i9-13900H, GPU: Intel(R) Iris(R) Xe Graphics
LogInit: Compiled (64-bit): Nov 30 2021 07:12:08
LogInit: Compiled with Visual C++: 19.24.28315.00
LogInit: Build Configuration: Development
LogInit: Branch Name: ++UE4+Release-4.27
LogInit: Command Line: 
LogInit: Base Directory: D:/EpicGame/UnrealEngine/UE_4.27/Engine/Binaries/Win64/
LogInit: Allocator: TBB
LogInit: Installed Engine Build: 1
LogDevObjectVersion: Number of dev versions registered: 29
LogDevObjectVersion:   Dev-Blueprints (B0D832E4-1F89-4F0D-ACCF-7EB736FD4AA2): 10
LogDevObjectVersion:   Dev-Build (E1C64328-A22C-4D53-A36C-8E866417BD8C): 0
LogDevObjectVersion:   Dev-Core (375EC13C-06E4-48FB-B500-84F0262A717E): 4
LogDevObjectVersion:   Dev-Editor (E4B068ED-F494-42E9-A231-DA0B2E46BB41): 40
LogDevObjectVersion:   Dev-Framework (CFFC743F-43B0-4480-9391-14DF171D2073): 37
LogDevObjectVersion:   Dev-Mobile (B02B49B5-BB20-44E9-A304-32B752E40360): 3
LogDevObjectVersion:   Dev-Networking (A4E4105C-59A1-49B5-A7C5-40C4547EDFEE): 0
LogDevObjectVersion:   Dev-Online (39C831C9-5AE6-47DC-9A44-9C173E1C8E7C): 0
LogDevObjectVersion:   Dev-Physics (78F01B33-EBEA-4F98-B9B4-84EACCB95AA2): 14
LogDevObjectVersion:   Dev-Platform (6631380F-2D4D-43E0-8009-CF276956A95A): 0
LogDevObjectVersion:   Dev-Rendering (12F88B9F-8875-4AFC-A67C-D90C383ABD29): 45
LogDevObjectVersion:   Dev-Sequencer (7B5AE74C-D270-4C10-A958-57980B212A5A): 13
LogDevObjectVersion:   Dev-VR (D7296918-1DD6-4BDD-9DE2-64A83CC13884): 3
LogDevObjectVersion:   Dev-LoadTimes (C2A15278-BFE7-4AFE-6C17-90FF531DF755): 1
LogDevObjectVersion:   Private-Geometry (6EACA3D4-40EC-4CC1-B786-8BED09428FC5): 3
LogDevObjectVersion:   Dev-AnimPhys (29E575DD-E0A3-4627-9D10-D276232CDCEA): 17
LogDevObjectVersion:   Dev-Anim (AF43A65D-7FD3-4947-9873-3E8ED9C1BB05): 15
LogDevObjectVersion:   Dev-ReflectionCapture (6B266CEC-1EC7-4B8F-A30B-E4D90942FC07): 1
LogDevObjectVersion:   Dev-Automation (0DF73D61-A23F-47EA-B727-89E90C41499A): 1
LogDevObjectVersion:   FortniteMain (601D1886-AC64-4F84-AA16-D3DE0DEAC7D6): 47
LogDevObjectVersion:   FortniteRelease (E7086368-6B23-4C58-8439-1B7016265E91): 1
LogDevObjectVersion:   Dev-Enterprise (9DFFBCD6-494F-0158-E221-12823C92A888): 10
LogDevObjectVersion:   Dev-Niagara (F2AED0AC-9AFE-416F-8664-AA7FFA26D6FC): 1
LogDevObjectVersion:   Dev-Destruction (174F1F0B-B4C6-45A5-B13F-2EE8D0FB917D): 10
LogDevObjectVersion:   Dev-Physics-Ext (35F94A83-E258-406C-A318-09F59610247C): 41
LogDevObjectVersion:   Dev-PhysicsMaterial-Chaos (B68FC16E-8B1B-42E2-B453-215C058844FE): 1
LogDevObjectVersion:   Dev-CineCamera (B2E18506-4273-CFC2-A54E-F4BB758BBA07): 1
LogDevObjectVersion:   Dev-VirtualProduction (64F58936-FD1B-42BA-BA96-7289D5D0FA4E): 1
LogDevObjectVersion:   Dev-MediaFramework (6F0ED827-A609-4895-9C91-998D90180EA4): 2
LogInit: Presizing for max 25165824 objects, including 0 objects not considered by GC, pre-allocating 0 bytes for permanent pool.
LogConfig: Applying CVar settings from Section [/Script/Engine.StreamingSettings] File [D:/UnrealProjects/COMP217GroupProject/DungeonDash/Saved/Config/Windows/Engine.ini]
LogConfig: Setting CVar [[s.MinBulkDataSizeForAsyncLoading:131072]]
LogConfig: Setting CVar [[s.AsyncLoadingThreadEnabled:0]]
LogConfig: Setting CVar [[s.EventDrivenLoaderEnabled:1]]
LogConfig: Setting CVar [[s.WarnIfTimeLimitExceeded:0]]
LogConfig: Setting CVar [[s.TimeLimitExceededMultiplier:1.5]]
LogConfig: Setting CVar [[s.TimeLimitExceededMinTime:0.005]]
LogConfig: Setting CVar [[s.UseBackgroundLevelStreaming:1]]
LogConfig: Setting CVar [[s.PriorityAsyncLoadingExtraTime:15.0]]
LogConfig: Setting CVar [[s.LevelStreamingActorsUpdateTimeLimit:5.0]]
LogConfig: Setting CVar [[s.PriorityLevelStreamingActorsUpdateExtraTime:5.0]]
LogConfig: Setting CVar [[s.LevelStreamingComponentsRegistrationGranularity:10]]
LogConfig: Setting CVar [[s.UnregisterComponentsTimeLimit:1.0]]
LogConfig: Setting CVar [[s.LevelStreamingComponentsUnregistrationGranularity:5]]
LogConfig: Setting CVar [[s.FlushStreamingOnExit:1]]
LogInit: Object subsystem initialized
LogConfig: Setting CVar [[con.DebugEarlyDefault:1]]
LogConfig: Setting CVar [[r.setres:1280x720]]
[2025.03.20-15.29.50:519][  0]LogConfig: Setting CVar [[r.VSync:0]]
[2025.03.20-15.29.50:519][  0]LogConfig: Setting CVar [[r.RHICmdBypass:0]]
[2025.03.20-15.29.50:519][  0]LogConfig: Applying CVar settings from Section [/Script/Engine.RendererSettings] File [D:/UnrealProjects/COMP217GroupProject/DungeonDash/Saved/Config/Windows/Engine.ini]
[2025.03.20-15.29.50:519][  0]LogConfig: Setting CVar [[r.GPUCrashDebugging:0]]
[2025.03.20-15.29.50:519][  0]LogConfig: Applying CVar settings from Section [/Script/Engine.RendererOverrideSettings] File [D:/UnrealProjects/COMP217GroupProject/DungeonDash/Saved/Config/Windows/Engine.ini]
[2025.03.20-15.29.50:519][  0]LogConfig: Applying CVar settings from Section [/Script/Engine.StreamingSettings] File [D:/UnrealProjects/COMP217GroupProject/DungeonDash/Saved/Config/Windows/Engine.ini]
[2025.03.20-15.29.50:519][  0]LogConfig: Setting CVar [[s.MinBulkDataSizeForAsyncLoading:131072]]
[2025.03.20-15.29.50:519][  0]LogConfig: Setting CVar [[s.AsyncLoadingThreadEnabled:0]]
[2025.03.20-15.29.50:519][  0]LogConfig: Setting CVar [[s.EventDrivenLoaderEnabled:1]]
[2025.03.20-15.29.50:519][  0]LogConfig: Setting CVar [[s.WarnIfTimeLimitExceeded:0]]
[2025.03.20-15.29.50:519][  0]LogConfig: Setting CVar [[s.TimeLimitExceededMultiplier:1.5]]
[2025.03.20-15.29.50:519][  0]LogConfig: Setting CVar [[s.TimeLimitExceededMinTime:0.005]]
[2025.03.20-15.29.50:519][  0]LogConfig: Setting CVar [[s.UseBackgroundLevelStreaming:1]]
[2025.03.20-15.29.50:519][  0]LogConfig: Setting CVar [[s.PriorityAsyncLoadingExtraTime:15.0]]
[2025.03.20-15.29.50:519][  0]LogConfig: Setting CVar [[s.LevelStreamingActorsUpdateTimeLimit:5.0]]
[2025.03.20-15.29.50:519][  0]LogConfig: Setting CVar [[s.PriorityLevelStreamingActorsUpdateExtraTime:5.0]]
[2025.03.20-15.29.50:519][  0]LogConfig: Setting CVar [[s.LevelStreamingComponentsRegistrationGranularity:10]]
[2025.03.20-15.29.50:519][  0]LogConfig: Setting CVar [[s.UnregisterComponentsTimeLimit:1.0]]
[2025.03.20-15.29.50:519][  0]LogConfig: Setting CVar [[s.LevelStreamingComponentsUnregistrationGranularity:5]]
[2025.03.20-15.29.50:519][  0]LogConfig: Setting CVar [[s.FlushStreamingOnExit:1]]
[2025.03.20-15.29.50:519][  0]LogConfig: Applying CVar settings from Section [/Script/Engine.GarbageCollectionSettings] File [D:/UnrealProjects/COMP217GroupProject/DungeonDash/Saved/Config/Windows/Engine.ini]
[2025.03.20-15.29.50:519][  0]LogConfig: Setting CVar [[gc.MaxObjectsNotConsideredByGC:1]]
[2025.03.20-15.29.50:519][  0]LogConfig: Setting CVar [[gc.SizeOfPermanentObjectPool:0]]
[2025.03.20-15.29.50:519][  0]LogConfig: Setting CVar [[gc.FlushStreamingOnGC:0]]
[2025.03.20-15.29.50:519][  0]LogConfig: Setting CVar [[gc.NumRetriesBeforeForcingGC:10]]
[2025.03.20-15.29.50:519][  0]LogConfig: Setting CVar [[gc.AllowParallelGC:1]]
[2025.03.20-15.29.50:519][  0]LogConfig: Setting CVar [[gc.TimeBetweenPurgingPendingKillObjects:61.1]]
[2025.03.20-15.29.50:519][  0]LogConfig: Setting CVar [[gc.MaxObjectsInEditor:25165824]]
[2025.03.20-15.29.50:519][  0]LogConfig: Setting CVar [[gc.IncrementalBeginDestroyEnabled:1]]
[2025.03.20-15.29.50:519][  0]LogConfig: Setting CVar [[gc.CreateGCClusters:1]]
[2025.03.20-15.29.50:519][  0]LogConfig: Setting CVar [[gc.MinGCClusterSize:5]]
[2025.03.20-15.29.50:519][  0]LogConfig: Setting CVar [[gc.ActorClusteringEnabled:0]]
[2025.03.20-15.29.50:519][  0]LogConfig: Setting CVar [[gc.BlueprintClusteringEnabled:0]]
[2025.03.20-15.29.50:519][  0]LogConfig: Setting CVar [[gc.UseDisregardForGCOnDedicatedServers:0]]
[2025.03.20-15.29.50:519][  0]LogConfig: Setting CVar [[gc.MultithreadedDestructionEnabled:1]]
[2025.03.20-15.29.50:519][  0]LogConfig: Applying CVar settings from Section [/Script/Engine.NetworkSettings] File [D:/UnrealProjects/COMP217GroupProject/DungeonDash/Saved/Config/Windows/Engine.ini]
[2025.03.20-15.29.50:519][  0]LogConfig: Applying CVar settings from Section [/Script/UnrealEd.CookerSettings] File [D:/UnrealProjects/COMP217GroupProject/DungeonDash/Saved/Config/Windows/Engine.ini]
[2025.03.20-15.29.50:525][  0]LogConfig: Applying CVar settings from Section [ViewDistanceQuality@3] File [D:/UnrealProjects/COMP217GroupProject/DungeonDash/Saved/Config/Windows/Scalability.ini]
[2025.03.20-15.29.50:525][  0]LogConfig: Setting CVar [[r.SkeletalMeshLODBias:0]]
[2025.03.20-15.29.50:525][  0]LogConfig: Setting CVar [[r.ViewDistanceScale:1.0]]
[2025.03.20-15.29.50:525][  0]LogConfig: Applying CVar settings from Section [AntiAliasingQuality@3] File [D:/UnrealProjects/COMP217GroupProject/DungeonDash/Saved/Config/Windows/Scalability.ini]
[2025.03.20-15.29.50:525][  0]LogConfig: Setting CVar [[r.PostProcessAAQuality:4]]
[2025.03.20-15.29.50:525][  0]LogConfig: Applying CVar settings from Section [ShadowQuality@3] File [D:/UnrealProjects/COMP217GroupProject/DungeonDash/Saved/Config/Windows/Scalability.ini]
[2025.03.20-15.29.50:525][  0]LogConfig: Setting CVar [[r.LightFunctionQuality:1]]
[2025.03.20-15.29.50:525][  0]LogConfig: Setting CVar [[r.ShadowQuality:5]]
[2025.03.20-15.29.50:525][  0]LogConfig: Setting CVar [[r.Shadow.CSM.MaxCascades:10]]
[2025.03.20-15.29.50:525][  0]LogConfig: Setting CVar [[r.Shadow.MaxResolution:2048]]
[2025.03.20-15.29.50:525][  0]LogConfig: Setting CVar [[r.Shadow.MaxCSMResolution:2048]]
[2025.03.20-15.29.50:525][  0]LogConfig: Setting CVar [[r.Shadow.RadiusThreshold:0.01]]
[2025.03.20-15.29.50:525][  0]LogConfig: Setting CVar [[r.Shadow.DistanceScale:1.0]]
[2025.03.20-15.29.50:525][  0]LogConfig: Setting CVar [[r.Shadow.CSM.TransitionScale:1.0]]
[2025.03.20-15.29.50:525][  0]LogConfig: Setting CVar [[r.Shadow.PreShadowResolutionFactor:1.0]]
[2025.03.20-15.29.50:525][  0]LogConfig: Setting CVar [[r.DistanceFieldShadowing:1]]
[2025.03.20-15.29.50:525][  0]LogConfig: Setting CVar [[r.DistanceFieldAO:1]]
[2025.03.20-15.29.50:525][  0]LogConfig: Setting CVar [[r.AOQuality:2]]
[2025.03.20-15.29.50:525][  0]LogConfig: Setting CVar [[r.VolumetricFog:1]]
[2025.03.20-15.29.50:525][  0]LogConfig: Setting CVar [[r.VolumetricFog.GridPixelSize:8]]
[2025.03.20-15.29.50:525][  0]LogConfig: Setting CVar [[r.VolumetricFog.GridSizeZ:128]]
[2025.03.20-15.29.50:525][  0]LogConfig: Setting CVar [[r.VolumetricFog.HistoryMissSupersampleCount:4]]
[2025.03.20-15.29.50:525][  0]LogConfig: Setting CVar [[r.LightMaxDrawDistanceScale:1]]
[2025.03.20-15.29.50:525][  0]LogConfig: Setting CVar [[r.CapsuleShadows:1]]
[2025.03.20-15.29.50:525][  0]LogConfig: Applying CVar settings from Section [PostProcessQuality@3] File [D:/UnrealProjects/COMP217GroupProject/DungeonDash/Saved/Config/Windows/Scalability.ini]
[2025.03.20-15.29.50:525][  0]LogConfig: Setting CVar [[r.MotionBlurQuality:4]]
[2025.03.20-15.29.50:525][  0]LogConfig: Setting CVar [[r.AmbientOcclusionMipLevelFactor:0.4]]
[2025.03.20-15.29.50:525][  0]LogConfig: Setting CVar [[r.AmbientOcclusionMaxQuality:100]]
[2025.03.20-15.29.50:525][  0]LogConfig: Setting CVar [[r.AmbientOcclusionLevels:-1]]
[2025.03.20-15.29.50:525][  0]LogConfig: Setting CVar [[r.AmbientOcclusionRadiusScale:1.0]]
[2025.03.20-15.29.50:525][  0]LogConfig: Setting CVar [[r.DepthOfFieldQuality:2]]
[2025.03.20-15.29.50:525][  0]LogConfig: Setting CVar [[r.RenderTargetPoolMin:400]]
[2025.03.20-15.29.50:525][  0]LogConfig: Setting CVar [[r.LensFlareQuality:2]]
[2025.03.20-15.29.50:525][  0]LogConfig: Setting CVar [[r.SceneColorFringeQuality:1]]
[2025.03.20-15.29.50:525][  0]LogConfig: Setting CVar [[r.EyeAdaptationQuality:2]]
[2025.03.20-15.29.50:525][  0]LogConfig: Setting CVar [[r.BloomQuality:5]]
[2025.03.20-15.29.50:525][  0]LogConfig: Setting CVar [[r.FastBlurThreshold:100]]
[2025.03.20-15.29.50:525][  0]LogConfig: Setting CVar [[r.Upscale.Quality:3]]
[2025.03.20-15.29.50:525][  0]LogConfig: Setting CVar [[r.Tonemapper.GrainQuantization:1]]
[2025.03.20-15.29.50:525][  0]LogConfig: Setting CVar [[r.LightShaftQuality:1]]
[2025.03.20-15.29.50:525][  0]LogConfig: Setting CVar [[r.Filter.SizeScale:1]]
[2025.03.20-15.29.50:525][  0]LogConfig: Setting CVar [[r.Tonemapper.Quality:5]]
[2025.03.20-15.29.50:525][  0]LogConfig: Setting CVar [[r.DOF.Gather.AccumulatorQuality:1        ; higher gathering accumulator quality]]
[2025.03.20-15.29.50:525][  0]LogConfig: Setting CVar [[r.DOF.Gather.PostfilterMethod:1          ; Median3x3 postfilering method]]
[2025.03.20-15.29.50:525][  0]LogConfig: Setting CVar [[r.DOF.Gather.EnableBokehSettings:0       ; no bokeh simulation when gathering]]
[2025.03.20-15.29.50:525][  0]LogConfig: Setting CVar [[r.DOF.Gather.RingCount:4                 ; medium number of samples when gathering]]
[2025.03.20-15.29.50:525][  0]LogConfig: Setting CVar [[r.DOF.Scatter.ForegroundCompositing:1    ; additive foreground scattering]]
[2025.03.20-15.29.50:525][  0]LogConfig: Setting CVar [[r.DOF.Scatter.BackgroundCompositing:2    ; additive background scattering]]
[2025.03.20-15.29.50:525][  0]LogConfig: Setting CVar [[r.DOF.Scatter.EnableBokehSettings:1      ; bokeh simulation when scattering]]
[2025.03.20-15.29.50:525][  0]LogConfig: Setting CVar [[r.DOF.Scatter.MaxSpriteRatio:0.1         ; only a maximum of 10% of scattered bokeh]]
[2025.03.20-15.29.50:525][  0]LogConfig: Setting CVar [[r.DOF.Recombine.Quality:1                ; cheap slight out of focus]]
[2025.03.20-15.29.50:525][  0]LogConfig: Setting CVar [[r.DOF.Recombine.EnableBokehSettings:0    ; no bokeh simulation on slight out of focus]]
[2025.03.20-15.29.50:525][  0]LogConfig: Setting CVar [[r.DOF.TemporalAAQuality:1                ; more stable temporal accumulation]]
[2025.03.20-15.29.50:525][  0]LogConfig: Setting CVar [[r.DOF.Kernel.MaxForegroundRadius:0.025]]
[2025.03.20-15.29.50:525][  0]LogConfig: Setting CVar [[r.DOF.Kernel.MaxBackgroundRadius:0.025]]
[2025.03.20-15.29.50:525][  0]LogConfig: Applying CVar settings from Section [TextureQuality@3] File [D:/UnrealProjects/COMP217GroupProject/DungeonDash/Saved/Config/Windows/Scalability.ini]
[2025.03.20-15.29.50:525][  0]LogConfig: Setting CVar [[r.Streaming.MipBias:0]]
[2025.03.20-15.29.50:525][  0]LogConfig: Setting CVar [[r.Streaming.AmortizeCPUToGPUCopy:0]]
[2025.03.20-15.29.50:525][  0]LogConfig: Setting CVar [[r.Streaming.MaxNumTexturesToStreamPerFrame:0]]
[2025.03.20-15.29.50:525][  0]LogConfig: Setting CVar [[r.Streaming.Boost:1]]
[2025.03.20-15.29.50:525][  0]LogConfig: Setting CVar [[r.MaxAnisotropy:8]]
[2025.03.20-15.29.50:525][  0]LogConfig: Setting CVar [[r.VT.MaxAnisotropy:8]]
[2025.03.20-15.29.50:525][  0]LogConfig: Setting CVar [[r.Streaming.LimitPoolSizeToVRAM:0]]
[2025.03.20-15.29.50:525][  0]LogConfig: Setting CVar [[r.Streaming.PoolSize:1000]]
[2025.03.20-15.29.50:525][  0]LogConfig: Setting CVar [[r.Streaming.MaxEffectiveScreenSize:0]]
[2025.03.20-15.29.50:525][  0]LogConfig: Applying CVar settings from Section [EffectsQuality@3] File [D:/UnrealProjects/COMP217GroupProject/DungeonDash/Saved/Config/Windows/Scalability.ini]
[2025.03.20-15.29.50:525][  0]LogConfig: Setting CVar [[r.TranslucencyLightingVolumeDim:64]]
[2025.03.20-15.29.50:525][  0]LogConfig: Setting CVar [[r.RefractionQuality:2]]
[2025.03.20-15.29.50:525][  0]LogConfig: Setting CVar [[r.SSR.Quality:3]]
[2025.03.20-15.29.50:525][  0]LogConfig: Setting CVar [[r.SSR.HalfResSceneColor:0]]
[2025.03.20-15.29.50:525][  0]LogConfig: Setting CVar [[r.SceneColorFormat:4]]
[2025.03.20-15.29.50:525][  0]LogConfig: Setting CVar [[r.DetailMode:2]]
[2025.03.20-15.29.50:525][  0]LogConfig: Setting CVar [[r.TranslucencyVolumeBlur:1]]
[2025.03.20-15.29.50:525][  0]LogConfig: Setting CVar [[r.MaterialQualityLevel:1 ; High quality]]
[2025.03.20-15.29.50:525][  0]LogConfig: Setting CVar [[r.AnisotropicMaterials:1]]
[2025.03.20-15.29.50:525][  0]LogConfig: Setting CVar [[r.SSS.Scale:1]]
[2025.03.20-15.29.50:525][  0]LogConfig: Setting CVar [[r.SSS.SampleSet:2]]
[2025.03.20-15.29.50:525][  0]LogConfig: Setting CVar [[r.SSS.Quality:1]]
[2025.03.20-15.29.50:525][  0]LogConfig: Setting CVar [[r.SSS.HalfRes:0]]
[2025.03.20-15.29.50:525][  0]LogConfig: Setting CVar [[r.SSGI.Quality:3]]
[2025.03.20-15.29.50:525][  0]LogConfig: Setting CVar [[r.EmitterSpawnRateScale:1.0]]
[2025.03.20-15.29.50:525][  0]LogConfig: Setting CVar [[r.ParticleLightQuality:2]]
[2025.03.20-15.29.50:525][  0]LogConfig: Setting CVar [[r.SkyAtmosphere.AerialPerspectiveLUT.FastApplyOnOpaque:1 ; Always have FastSkyLUT 1 in this case to avoid wrong sky]]
[2025.03.20-15.29.50:525][  0]LogConfig: Setting CVar [[r.SkyAtmosphere.AerialPerspectiveLUT.SampleCountMaxPerSlice:4]]
[2025.03.20-15.29.50:525][  0]LogConfig: Setting CVar [[r.SkyAtmosphere.AerialPerspectiveLUT.DepthResolution:16.0]]
[2025.03.20-15.29.50:525][  0]LogConfig: Setting CVar [[r.SkyAtmosphere.FastSkyLUT:1]]
[2025.03.20-15.29.50:525][  0]LogConfig: Setting CVar [[r.SkyAtmosphere.FastSkyLUT.SampleCountMin:4.0]]
[2025.03.20-15.29.50:525][  0]LogConfig: Setting CVar [[r.SkyAtmosphere.FastSkyLUT.SampleCountMax:128.0]]
[2025.03.20-15.29.50:525][  0]LogConfig: Setting CVar [[r.SkyAtmosphere.SampleCountMin:4.0]]
[2025.03.20-15.29.50:525][  0]LogConfig: Setting CVar [[r.SkyAtmosphere.SampleCountMax:128.0]]
[2025.03.20-15.29.50:525][  0]LogConfig: Setting CVar [[r.SkyAtmosphere.TransmittanceLUT.UseSmallFormat:0]]
[2025.03.20-15.29.50:525][  0]LogConfig: Setting CVar [[r.SkyAtmosphere.TransmittanceLUT.SampleCount:10.0]]
[2025.03.20-15.29.50:525][  0]LogConfig: Setting CVar [[r.SkyAtmosphere.MultiScatteringLUT.SampleCount:15.0]]
[2025.03.20-15.29.50:525][  0]LogConfig: Setting CVar [[r.SkyLight.RealTimeReflectionCapture:1]]
[2025.03.20-15.29.50:525][  0]LogConfig: Applying CVar settings from Section [FoliageQuality@3] File [D:/UnrealProjects/COMP217GroupProject/DungeonDash/Saved/Config/Windows/Scalability.ini]
[2025.03.20-15.29.50:525][  0]LogConfig: Setting CVar [[foliage.DensityScale:1.0]]
[2025.03.20-15.29.50:525][  0]LogConfig: Setting CVar [[grass.DensityScale:1.0]]
[2025.03.20-15.29.50:525][  0]LogConfig: Applying CVar settings from Section [ShadingQuality@3] File [D:/UnrealProjects/COMP217GroupProject/DungeonDash/Saved/Config/Windows/Scalability.ini]
[2025.03.20-15.29.50:525][  0]LogConfig: Setting CVar [[r.HairStrands.SkyLighting.IntegrationType:2]]
[2025.03.20-15.29.50:525][  0]LogConfig: Setting CVar [[r.HairStrands.SkyAO.SampleCount:4]]
[2025.03.20-15.29.50:525][  0]LogConfig: Setting CVar [[r.HairStrands.Visibility.MSAA.SamplePerPixel:4]]
[2025.03.20-15.29.50:526][  0]LogInit: Selected Device Profile: [Windows]
[2025.03.20-15.29.50:526][  0]LogInit: Applying CVar settings loaded from the selected device profile: [Windows]
[2025.03.20-15.29.50:526][  0]LogHAL: Display: Platform has ~ 32 GB [33960488960 / 34359738368 / 32], which maps to Largest [LargestMinGB=32, LargerMinGB=12, DefaultMinGB=8, SmallerMinGB=6, SmallestMinGB=0)
[2025.03.20-15.29.50:528][  0]LogInit: Going up to parent DeviceProfile []
[2025.03.20-15.29.50:528][  0]LogConfig: Applying CVar settings from Section [ViewDistanceQuality@3] File [D:/UnrealProjects/COMP217GroupProject/DungeonDash/Saved/Config/Windows/Scalability.ini]
[2025.03.20-15.29.50:528][  0]LogConfig: Setting CVar [[r.SkeletalMeshLODBias:0]]
[2025.03.20-15.29.50:528][  0]LogConfig: Setting CVar [[r.ViewDistanceScale:1.0]]
[2025.03.20-15.29.50:528][  0]LogConfig: Applying CVar settings from Section [AntiAliasingQuality@3] File [D:/UnrealProjects/COMP217GroupProject/DungeonDash/Saved/Config/Windows/Scalability.ini]
[2025.03.20-15.29.50:528][  0]LogConfig: Setting CVar [[r.PostProcessAAQuality:4]]
[2025.03.20-15.29.50:528][  0]LogConfig: Applying CVar settings from Section [ShadowQuality@3] File [D:/UnrealProjects/COMP217GroupProject/DungeonDash/Saved/Config/Windows/Scalability.ini]
[2025.03.20-15.29.50:528][  0]LogConfig: Setting CVar [[r.LightFunctionQuality:1]]
[2025.03.20-15.29.50:528][  0]LogConfig: Setting CVar [[r.ShadowQuality:5]]
[2025.03.20-15.29.50:528][  0]LogConfig: Setting CVar [[r.Shadow.CSM.MaxCascades:10]]
[2025.03.20-15.29.50:528][  0]LogConfig: Setting CVar [[r.Shadow.MaxResolution:2048]]
[2025.03.20-15.29.50:528][  0]LogConfig: Setting CVar [[r.Shadow.MaxCSMResolution:2048]]
[2025.03.20-15.29.50:528][  0]LogConfig: Setting CVar [[r.Shadow.RadiusThreshold:0.01]]
[2025.03.20-15.29.50:528][  0]LogConfig: Setting CVar [[r.Shadow.DistanceScale:1.0]]
[2025.03.20-15.29.50:528][  0]LogConfig: Setting CVar [[r.Shadow.CSM.TransitionScale:1.0]]
[2025.03.20-15.29.50:528][  0]LogConfig: Setting CVar [[r.Shadow.PreShadowResolutionFactor:1.0]]
[2025.03.20-15.29.50:528][  0]LogConfig: Setting CVar [[r.DistanceFieldShadowing:1]]
[2025.03.20-15.29.50:528][  0]LogConfig: Setting CVar [[r.DistanceFieldAO:1]]
[2025.03.20-15.29.50:528][  0]LogConfig: Setting CVar [[r.AOQuality:2]]
[2025.03.20-15.29.50:528][  0]LogConfig: Setting CVar [[r.VolumetricFog:1]]
[2025.03.20-15.29.50:528][  0]LogConfig: Setting CVar [[r.VolumetricFog.GridPixelSize:8]]
[2025.03.20-15.29.50:528][  0]LogConfig: Setting CVar [[r.VolumetricFog.GridSizeZ:128]]
[2025.03.20-15.29.50:528][  0]LogConfig: Setting CVar [[r.VolumetricFog.HistoryMissSupersampleCount:4]]
[2025.03.20-15.29.50:528][  0]LogConfig: Setting CVar [[r.LightMaxDrawDistanceScale:1]]
[2025.03.20-15.29.50:528][  0]LogConfig: Setting CVar [[r.CapsuleShadows:1]]
[2025.03.20-15.29.50:528][  0]LogConfig: Applying CVar settings from Section [PostProcessQuality@3] File [D:/UnrealProjects/COMP217GroupProject/DungeonDash/Saved/Config/Windows/Scalability.ini]
[2025.03.20-15.29.50:528][  0]LogConfig: Setting CVar [[r.MotionBlurQuality:4]]
[2025.03.20-15.29.50:528][  0]LogConfig: Setting CVar [[r.AmbientOcclusionMipLevelFactor:0.4]]
[2025.03.20-15.29.50:528][  0]LogConfig: Setting CVar [[r.AmbientOcclusionMaxQuality:100]]
[2025.03.20-15.29.50:528][  0]LogConfig: Setting CVar [[r.AmbientOcclusionLevels:-1]]
[2025.03.20-15.29.50:528][  0]LogConfig: Setting CVar [[r.AmbientOcclusionRadiusScale:1.0]]
[2025.03.20-15.29.50:528][  0]LogConfig: Setting CVar [[r.DepthOfFieldQuality:2]]
[2025.03.20-15.29.50:528][  0]LogConfig: Setting CVar [[r.RenderTargetPoolMin:400]]
[2025.03.20-15.29.50:528][  0]LogConfig: Setting CVar [[r.LensFlareQuality:2]]
[2025.03.20-15.29.50:528][  0]LogConfig: Setting CVar [[r.SceneColorFringeQuality:1]]
[2025.03.20-15.29.50:528][  0]LogConfig: Setting CVar [[r.EyeAdaptationQuality:2]]
[2025.03.20-15.29.50:528][  0]LogConfig: Setting CVar [[r.BloomQuality:5]]
[2025.03.20-15.29.50:528][  0]LogConfig: Setting CVar [[r.FastBlurThreshold:100]]
[2025.03.20-15.29.50:528][  0]LogConfig: Setting CVar [[r.Upscale.Quality:3]]
[2025.03.20-15.29.50:528][  0]LogConfig: Setting CVar [[r.Tonemapper.GrainQuantization:1]]
[2025.03.20-15.29.50:528][  0]LogConfig: Setting CVar [[r.LightShaftQuality:1]]
[2025.03.20-15.29.50:528][  0]LogConfig: Setting CVar [[r.Filter.SizeScale:1]]
[2025.03.20-15.29.50:528][  0]LogConfig: Setting CVar [[r.Tonemapper.Quality:5]]
[2025.03.20-15.29.50:528][  0]LogConfig: Setting CVar [[r.DOF.Gather.AccumulatorQuality:1        ; higher gathering accumulator quality]]
[2025.03.20-15.29.50:528][  0]LogConfig: Setting CVar [[r.DOF.Gather.PostfilterMethod:1          ; Median3x3 postfilering method]]
[2025.03.20-15.29.50:528][  0]LogConfig: Setting CVar [[r.DOF.Gather.EnableBokehSettings:0       ; no bokeh simulation when gathering]]
[2025.03.20-15.29.50:528][  0]LogConfig: Setting CVar [[r.DOF.Gather.RingCount:4                 ; medium number of samples when gathering]]
[2025.03.20-15.29.50:528][  0]LogConfig: Setting CVar [[r.DOF.Scatter.ForegroundCompositing:1    ; additive foreground scattering]]
[2025.03.20-15.29.50:528][  0]LogConfig: Setting CVar [[r.DOF.Scatter.BackgroundCompositing:2    ; additive background scattering]]
[2025.03.20-15.29.50:528][  0]LogConfig: Setting CVar [[r.DOF.Scatter.EnableBokehSettings:1      ; bokeh simulation when scattering]]
[2025.03.20-15.29.50:528][  0]LogConfig: Setting CVar [[r.DOF.Scatter.MaxSpriteRatio:0.1         ; only a maximum of 10% of scattered bokeh]]
[2025.03.20-15.29.50:528][  0]LogConfig: Setting CVar [[r.DOF.Recombine.Quality:1                ; cheap slight out of focus]]
[2025.03.20-15.29.50:528][  0]LogConfig: Setting CVar [[r.DOF.Recombine.EnableBokehSettings:0    ; no bokeh simulation on slight out of focus]]
[2025.03.20-15.29.50:528][  0]LogConfig: Setting CVar [[r.DOF.TemporalAAQuality:1                ; more stable temporal accumulation]]
[2025.03.20-15.29.50:528][  0]LogConfig: Setting CVar [[r.DOF.Kernel.MaxForegroundRadius:0.025]]
[2025.03.20-15.29.50:528][  0]LogConfig: Setting CVar [[r.DOF.Kernel.MaxBackgroundRadius:0.025]]
[2025.03.20-15.29.50:528][  0]LogConfig: Applying CVar settings from Section [TextureQuality@3] File [D:/UnrealProjects/COMP217GroupProject/DungeonDash/Saved/Config/Windows/Scalability.ini]
[2025.03.20-15.29.50:528][  0]LogConfig: Setting CVar [[r.Streaming.MipBias:0]]
[2025.03.20-15.29.50:528][  0]LogConfig: Setting CVar [[r.Streaming.AmortizeCPUToGPUCopy:0]]
[2025.03.20-15.29.50:528][  0]LogConfig: Setting CVar [[r.Streaming.MaxNumTexturesToStreamPerFrame:0]]
[2025.03.20-15.29.50:528][  0]LogConfig: Setting CVar [[r.Streaming.Boost:1]]
[2025.03.20-15.29.50:528][  0]LogConfig: Setting CVar [[r.MaxAnisotropy:8]]
[2025.03.20-15.29.50:528][  0]LogConfig: Setting CVar [[r.VT.MaxAnisotropy:8]]
[2025.03.20-15.29.50:528][  0]LogConfig: Setting CVar [[r.Streaming.LimitPoolSizeToVRAM:0]]
[2025.03.20-15.29.50:528][  0]LogConfig: Setting CVar [[r.Streaming.PoolSize:1000]]
[2025.03.20-15.29.50:528][  0]LogConfig: Setting CVar [[r.Streaming.MaxEffectiveScreenSize:0]]
[2025.03.20-15.29.50:528][  0]LogConfig: Applying CVar settings from Section [EffectsQuality@3] File [D:/UnrealProjects/COMP217GroupProject/DungeonDash/Saved/Config/Windows/Scalability.ini]
[2025.03.20-15.29.50:528][  0]LogConfig: Setting CVar [[r.TranslucencyLightingVolumeDim:64]]
[2025.03.20-15.29.50:528][  0]LogConfig: Setting CVar [[r.RefractionQuality:2]]
[2025.03.20-15.29.50:528][  0]LogConfig: Setting CVar [[r.SSR.Quality:3]]
[2025.03.20-15.29.50:528][  0]LogConfig: Setting CVar [[r.SSR.HalfResSceneColor:0]]
[2025.03.20-15.29.50:528][  0]LogConfig: Setting CVar [[r.SceneColorFormat:4]]
[2025.03.20-15.29.50:528][  0]LogConfig: Setting CVar [[r.DetailMode:2]]
[2025.03.20-15.29.50:528][  0]LogConfig: Setting CVar [[r.TranslucencyVolumeBlur:1]]
[2025.03.20-15.29.50:528][  0]LogConfig: Setting CVar [[r.MaterialQualityLevel:1 ; High quality]]
[2025.03.20-15.29.50:528][  0]LogConfig: Setting CVar [[r.AnisotropicMaterials:1]]
[2025.03.20-15.29.50:528][  0]LogConfig: Setting CVar [[r.SSS.Scale:1]]
[2025.03.20-15.29.50:528][  0]LogConfig: Setting CVar [[r.SSS.SampleSet:2]]
[2025.03.20-15.29.50:528][  0]LogConfig: Setting CVar [[r.SSS.Quality:1]]
[2025.03.20-15.29.50:528][  0]LogConfig: Setting CVar [[r.SSS.HalfRes:0]]
[2025.03.20-15.29.50:528][  0]LogConfig: Setting CVar [[r.SSGI.Quality:3]]
[2025.03.20-15.29.50:528][  0]LogConfig: Setting CVar [[r.EmitterSpawnRateScale:1.0]]
[2025.03.20-15.29.50:528][  0]LogConfig: Setting CVar [[r.ParticleLightQuality:2]]
[2025.03.20-15.29.50:528][  0]LogConfig: Setting CVar [[r.SkyAtmosphere.AerialPerspectiveLUT.FastApplyOnOpaque:1 ; Always have FastSkyLUT 1 in this case to avoid wrong sky]]
[2025.03.20-15.29.50:528][  0]LogConfig: Setting CVar [[r.SkyAtmosphere.AerialPerspectiveLUT.SampleCountMaxPerSlice:4]]
[2025.03.20-15.29.50:528][  0]LogConfig: Setting CVar [[r.SkyAtmosphere.AerialPerspectiveLUT.DepthResolution:16.0]]
[2025.03.20-15.29.50:528][  0]LogConfig: Setting CVar [[r.SkyAtmosphere.FastSkyLUT:1]]
[2025.03.20-15.29.50:528][  0]LogConfig: Setting CVar [[r.SkyAtmosphere.FastSkyLUT.SampleCountMin:4.0]]
[2025.03.20-15.29.50:528][  0]LogConfig: Setting CVar [[r.SkyAtmosphere.FastSkyLUT.SampleCountMax:128.0]]
[2025.03.20-15.29.50:528][  0]LogConfig: Setting CVar [[r.SkyAtmosphere.SampleCountMin:4.0]]
[2025.03.20-15.29.50:528][  0]LogConfig: Setting CVar [[r.SkyAtmosphere.SampleCountMax:128.0]]
[2025.03.20-15.29.50:528][  0]LogConfig: Setting CVar [[r.SkyAtmosphere.TransmittanceLUT.UseSmallFormat:0]]
[2025.03.20-15.29.50:528][  0]LogConfig: Setting CVar [[r.SkyAtmosphere.TransmittanceLUT.SampleCount:10.0]]
[2025.03.20-15.29.50:528][  0]LogConfig: Setting CVar [[r.SkyAtmosphere.MultiScatteringLUT.SampleCount:15.0]]
[2025.03.20-15.29.50:528][  0]LogConfig: Setting CVar [[r.SkyLight.RealTimeReflectionCapture:1]]
[2025.03.20-15.29.50:528][  0]LogConfig: Applying CVar settings from Section [FoliageQuality@3] File [D:/UnrealProjects/COMP217GroupProject/DungeonDash/Saved/Config/Windows/Scalability.ini]
[2025.03.20-15.29.50:528][  0]LogConfig: Setting CVar [[foliage.DensityScale:1.0]]
[2025.03.20-15.29.50:528][  0]LogConfig: Setting CVar [[grass.DensityScale:1.0]]
[2025.03.20-15.29.50:528][  0]LogConfig: Applying CVar settings from Section [ShadingQuality@3] File [D:/UnrealProjects/COMP217GroupProject/DungeonDash/Saved/Config/Windows/Scalability.ini]
[2025.03.20-15.29.50:528][  0]LogConfig: Setting CVar [[r.HairStrands.SkyLighting.IntegrationType:2]]
[2025.03.20-15.29.50:528][  0]LogConfig: Setting CVar [[r.HairStrands.SkyAO.SampleCount:4]]
[2025.03.20-15.29.50:528][  0]LogConfig: Setting CVar [[r.HairStrands.Visibility.MSAA.SamplePerPixel:4]]
[2025.03.20-15.29.50:528][  0]LogConfig: Applying CVar settings from Section [Startup] File [../../../Engine/Config/ConsoleVariables.ini]
[2025.03.20-15.29.50:534][  0]LogConfig: Setting CVar [[net.UseAdaptiveNetUpdateFrequency:0]]
[2025.03.20-15.29.50:534][  0]LogConfig: Setting CVar [[p.chaos.AllowCreatePhysxBodies:1]]
[2025.03.20-15.29.50:534][  0]LogConfig: Setting CVar [[fx.SkipVectorVMBackendOptimizations:1]]
[2025.03.20-15.29.50:534][  0]LogConfig: Applying CVar settings from Section [ConsoleVariables] File [D:/UnrealProjects/COMP217GroupProject/DungeonDash/Saved/Config/Windows/Engine.ini]
[2025.03.20-15.29.50:534][  0]LogConfig: Applying CVar settings from Section [ConsoleVariables] File [D:/UnrealProjects/COMP217GroupProject/DungeonDash/Saved/Config/Windows/Editor.ini]
[2025.03.20-15.29.50:535][  0]LogInit: Computer: PRTS
[2025.03.20-15.29.50:535][  0]LogInit: User: zibin
[2025.03.20-15.29.50:535][  0]LogInit: CPU Page size=4096, Cores=14
[2025.03.20-15.29.50:535][  0]LogInit: High frequency timer resolution =10.000000 MHz
[2025.03.20-15.29.50:535][  0]LogMemory: Memory total: Physical=31.6GB (32GB approx)
[2025.03.20-15.29.50:535][  0]LogMemory: Platform Memory Stats for Windows
[2025.03.20-15.29.50:535][  0]LogMemory: Process Physical Memory: 149.80 MB used, 149.80 MB peak
[2025.03.20-15.29.50:535][  0]LogMemory: Process Virtual Memory: 126.16 MB used, 126.16 MB peak
[2025.03.20-15.29.50:535][  0]LogMemory: Physical Memory: 13135.71 MB used,  19251.53 MB free, 32387.25 MB total
[2025.03.20-15.29.50:535][  0]LogMemory: Virtual Memory: 134195848.00 MB used,  21880.00 MB free, 134217728.00 MB total
[2025.03.20-15.29.50:541][  0]LogWindows: WindowsPlatformFeatures enabled
[2025.03.20-15.29.50:824][  0]LogInit: Physics initialised using underlying interface: PhysX
[2025.03.20-15.29.50:824][  0]LogInit: Overriding language with editor language configuration option (en).
[2025.03.20-15.29.50:824][  0]LogInit: Overriding language with editor locale configuration option (en).
[2025.03.20-15.29.51:073][  0]LogInit: Setting process to per monitor DPI aware
[2025.03.20-15.29.51:097][  0]LogWindowsTextInputMethodSystem: Display: IME system deactivated.
[2025.03.20-15.29.51:159][  0]LogSlate: New Slate User Created.  User Index 0, Is Virtual User: 0
[2025.03.20-15.29.51:159][  0]LogSlate: Slate User Registered.  User Index 0, Is Virtual User: 0
[2025.03.20-15.29.53:668][  0]LogD3D11RHI: Loaded GFSDK_Aftermath_Lib.x64.dll
[2025.03.20-15.29.53:704][  0]LogHMD: Failed to initialize OpenVR with code 110
[2025.03.20-15.29.53:704][  0]LogD3D11RHI: D3D11 min allowed feature level: 11_0
[2025.03.20-15.29.53:704][  0]LogD3D11RHI: D3D11 max allowed feature level: 11_0
[2025.03.20-15.29.53:704][  0]LogD3D11RHI: D3D11 adapters:
[2025.03.20-15.29.54:301][  0]LogD3D11RHI:    0. 'NVIDIA GeForce RTX 4070 Laptop GPU' (Feature Level 11_0)
[2025.03.20-15.29.54:301][  0]LogD3D11RHI:       7948/0/16193 MB DedicatedVideo/DedicatedSystem/SharedSystem, Outputs:1, VendorId:0x10de
[2025.03.20-15.29.54:344][  0]LogD3D11RHI:    1. 'Intel(R) Iris(R) Xe Graphics' (Feature Level 11_0)
[2025.03.20-15.29.54:344][  0]LogD3D11RHI:       128/0/16193 MB DedicatedVideo/DedicatedSystem/SharedSystem, Outputs:0, VendorId:0x8086
[2025.03.20-15.29.54:349][  0]LogD3D11RHI:    2. 'Microsoft Basic Render Driver' (Feature Level 11_0)
[2025.03.20-15.29.54:349][  0]LogD3D11RHI:       0/0/16193 MB DedicatedVideo/DedicatedSystem/SharedSystem, Outputs:0, VendorId:0x1414
[2025.03.20-15.29.54:349][  0]LogD3D11RHI: Chosen D3D11 Adapter:
[2025.03.20-15.29.54:349][  0]LogD3D11RHI:     Description : NVIDIA GeForce RTX 4070 Laptop GPU
[2025.03.20-15.29.54:349][  0]LogD3D11RHI:     VendorId    : 10de
[2025.03.20-15.29.54:349][  0]LogD3D11RHI:     DeviceId    : 2860
[2025.03.20-15.29.54:349][  0]LogD3D11RHI:     SubSysId    : 14731043
[2025.03.20-15.29.54:349][  0]LogD3D11RHI:     Revision    : 00a1
[2025.03.20-15.29.54:349][  0]LogD3D11RHI:     DedicatedVideoMemory : 8334082048 bytes
[2025.03.20-15.29.54:349][  0]LogD3D11RHI:     DedicatedSystemMemory : 0 bytes
[2025.03.20-15.29.54:349][  0]LogD3D11RHI:     SharedSystemMemory : 16980244480 bytes
[2025.03.20-15.29.54:349][  0]LogD3D11RHI:     AdapterLuid : 0 67752226
[2025.03.20-15.29.54:367][  0]LogD3D11RHI: Creating new Direct3DDevice
[2025.03.20-15.29.54:367][  0]LogD3D11RHI:     GPU DeviceId: 0x2860 (for the marketing name, search the web for "GPU Device Id")
[2025.03.20-15.29.54:367][  0]LogWindows: EnumDisplayDevices:
[2025.03.20-15.29.54:368][  0]LogWindows:    0. 'Intel(R) Iris(R) Xe Graphics' (P:1 D:1)
[2025.03.20-15.29.54:368][  0]LogWindows:    1. 'Intel(R) Iris(R) Xe Graphics' (P:0 D:0)
[2025.03.20-15.29.54:368][  0]LogWindows:    2. 'Intel(R) Iris(R) Xe Graphics' (P:0 D:0)
[2025.03.20-15.29.54:368][  0]LogWindows:    3. 'Intel(R) Iris(R) Xe Graphics' (P:0 D:0)
[2025.03.20-15.29.54:368][  0]LogWindows:    4. 'NVIDIA GeForce RTX 4070 Laptop GPU' (P:0 D:0)
[2025.03.20-15.29.54:368][  0]LogWindows:    5. 'NVIDIA GeForce RTX 4070 Laptop GPU' (P:0 D:0)
[2025.03.20-15.29.54:368][  0]LogWindows:    6. 'NVIDIA GeForce RTX 4070 Laptop GPU' (P:0 D:0)
[2025.03.20-15.29.54:368][  0]LogWindows:    7. 'NVIDIA GeForce RTX 4070 Laptop GPU' (P:0 D:0)
[2025.03.20-15.29.54:368][  0]LogWindows: DebugString: PrimaryIsNotTheChoosenAdapter PrimaryIsNotTheChoosenAdapter PrimaryIsNotTheChoosenAdapter PrimaryIsNotTheChoosenAdapter FoundDriverCount:4 
[2025.03.20-15.29.54:368][  0]LogD3D11RHI:     Adapter Name: NVIDIA GeForce RTX 4070 Laptop GPU
[2025.03.20-15.29.54:369][  0]LogD3D11RHI:   Driver Version: 572.83 (internal:32.0.15.7283, unified:572.83)
[2025.03.20-15.29.54:369][  0]LogD3D11RHI:      Driver Date: 3-14-2025
[2025.03.20-15.29.54:369][  0]LogRHI: Texture pool is 5563 MB (70% of 7948 MB)
[2025.03.20-15.29.54:369][  0]LogD3D11RHI: Creating D3DDevice using adapter:
[2025.03.20-15.29.54:369][  0]LogD3D11RHI:     Description : NVIDIA GeForce RTX 4070 Laptop GPU
[2025.03.20-15.29.54:369][  0]LogD3D11RHI:     VendorId    : 10de
[2025.03.20-15.29.54:369][  0]LogD3D11RHI:     DeviceId    : 2860
[2025.03.20-15.29.54:369][  0]LogD3D11RHI:     SubSysId    : 14731043
[2025.03.20-15.29.54:369][  0]LogD3D11RHI:     Revision    : 00a1
[2025.03.20-15.29.54:369][  0]LogD3D11RHI:     DedicatedVideoMemory : 8334082048 bytes
[2025.03.20-15.29.54:369][  0]LogD3D11RHI:     DedicatedSystemMemory : 0 bytes
[2025.03.20-15.29.54:369][  0]LogD3D11RHI:     SharedSystemMemory : 16980244480 bytes
[2025.03.20-15.29.54:369][  0]LogD3D11RHI:     AdapterLuid : 0 67752226
[2025.03.20-15.29.54:539][  0]LogD3D11RHI: RHI has support for 64 bit atomics
[2025.03.20-15.29.54:539][  0]LogD3D11RHI: Async texture creation enabled
[2025.03.20-15.29.54:539][  0]LogD3D11RHI: Array index from any shader is supported
[2025.03.20-15.29.54:565][  0]LogD3D11RHI: GPU Timing Frequency: 1000.000000 (Debug: 2 2)
[2025.03.20-15.29.54:644][  0]LogRHI: GeForceNow SDK initialized: 1
[2025.03.20-15.29.55:362][  0]LogTargetPlatformManager: Display: Loaded TargetPlatform 'AllDesktop'
[2025.03.20-15.29.55:397][  0]LogTargetPlatformManager: Display: Loaded TargetPlatform 'Android'
[2025.03.20-15.29.55:397][  0]LogTargetPlatformManager: Display: Loaded TargetPlatform 'Android_ASTC'
[2025.03.20-15.29.55:397][  0]LogTargetPlatformManager: Display: Loaded TargetPlatform 'Android_DXT'
[2025.03.20-15.29.55:397][  0]LogTargetPlatformManager: Display: Loaded TargetPlatform 'Android_ETC2'
[2025.03.20-15.29.55:397][  0]LogTargetPlatformManager: Display: Loaded TargetPlatform 'AndroidClient'
[2025.03.20-15.29.55:397][  0]LogTargetPlatformManager: Display: Loaded TargetPlatform 'Android_ASTCClient'
[2025.03.20-15.29.55:397][  0]LogTargetPlatformManager: Display: Loaded TargetPlatform 'Android_DXTClient'
[2025.03.20-15.29.55:397][  0]LogTargetPlatformManager: Display: Loaded TargetPlatform 'Android_ETC2Client'
[2025.03.20-15.29.55:397][  0]LogTargetPlatformManager: Display: Loaded TargetPlatform 'Android_Multi'
[2025.03.20-15.29.55:397][  0]LogTargetPlatformManager: Display: Loaded TargetPlatform 'Android_MultiClient'
[2025.03.20-15.29.55:469][  0]LogTargetPlatformManager: Display: Loaded TargetPlatform 'IOSClient'
[2025.03.20-15.29.55:469][  0]LogTargetPlatformManager: Display: Loaded TargetPlatform 'IOS'
[2025.03.20-15.29.55:505][  0]LogTargetPlatformManager: Display: Loaded TargetPlatform 'Linux'
[2025.03.20-15.29.55:528][  0]LogTargetPlatformManager: Display: Loaded TargetPlatform 'LinuxNoEditor'
[2025.03.20-15.29.55:547][  0]LogTargetPlatformManager: Display: Loaded TargetPlatform 'LinuxClient'
[2025.03.20-15.29.55:571][  0]LogTargetPlatformManager: Display: Loaded TargetPlatform 'LinuxServer'
[2025.03.20-15.29.55:602][  0]LogTargetPlatformManager: Display: Loaded TargetPlatform 'LinuxAArch64NoEditor'
[2025.03.20-15.29.55:624][  0]LogTargetPlatformManager: Display: Loaded TargetPlatform 'LinuxAArch64Client'
[2025.03.20-15.29.55:645][  0]LogTargetPlatformManager: Display: Loaded TargetPlatform 'LinuxAArch64Server'
[2025.03.20-15.29.55:682][  0]LogTargetPlatformManager: Display: Loaded TargetPlatform 'Lumin'
[2025.03.20-15.29.55:682][  0]LogTargetPlatformManager: Display: Loaded TargetPlatform 'LuminClient'
[2025.03.20-15.29.55:714][  0]LogTargetPlatformManager: Display: Loaded TargetPlatform 'MacNoEditor'
[2025.03.20-15.29.55:737][  0]LogTargetPlatformManager: Display: Loaded TargetPlatform 'Mac'
[2025.03.20-15.29.55:759][  0]LogTargetPlatformManager: Display: Loaded TargetPlatform 'MacClient'
[2025.03.20-15.29.55:783][  0]LogTargetPlatformManager: Display: Loaded TargetPlatform 'MacServer'
[2025.03.20-15.29.55:806][  0]LogTargetPlatformManager: Display: Loaded TargetPlatform 'TVOSClient'
[2025.03.20-15.29.55:806][  0]LogTargetPlatformManager: Display: Loaded TargetPlatform 'TVOS'
[2025.03.20-15.29.55:832][  0]LogTargetPlatformManager: Display: Loaded TargetPlatform 'WindowsNoEditor'
[2025.03.20-15.29.55:854][  0]LogTargetPlatformManager: Display: Loaded TargetPlatform 'Windows'
[2025.03.20-15.29.55:876][  0]LogTargetPlatformManager: Display: Loaded TargetPlatform 'WindowsClient'
[2025.03.20-15.29.55:898][  0]LogTargetPlatformManager: Display: Loaded TargetPlatform 'WindowsServer'
[2025.03.20-15.29.55:898][  0]LogTargetPlatformManager: Display: Building Assets For Windows
[2025.03.20-15.29.55:985][  0]LogAudioDebug: Display: Lib vorbis DLL was dynamically loaded.
[2025.03.20-15.29.56:236][  0]LogTextureFormatOodle: Display: Oodle Texture 2.9.0 init RDO Off
[2025.03.20-15.29.56:535][  0]LogRendererCore: Ray tracing is disabled. Reason: r.RayTracing=0.
[2025.03.20-15.29.56:535][  0]LogShaderCompilers: Guid format shader working directory is -19 characters bigger than the processId version (../../../../../../UnrealProjects/COMP217GroupProject/DungeonDash/Intermediate/Shaders/WorkingDirectory/20972/).
[2025.03.20-15.29.56:536][  0]LogShaderCompilers: Cleaned the shader compiler working directory 'C:/Users/zibin/AppData/Local/Temp/UnrealShaderWorkingDir/7AA7C1C745041530F8F026A414667CAF/'.
[2025.03.20-15.29.56:536][  0]LogXGEController: Cannot use XGE Controller as Incredibuild is not installed on this machine.
[2025.03.20-15.29.56:536][  0]LogShaderCompilers: Cannot use XGE Shader Compiler as Incredibuild is not installed on this machine.
[2025.03.20-15.29.56:536][  0]LogShaderCompilers: Display: Using Local Shader Compiler.
[2025.03.20-15.29.59:873][  0]LogDerivedDataCache: Display: Max Cache Size: 512 MB
[2025.03.20-15.29.59:964][  0]LogDerivedDataCache: Loaded boot cache 0.09s 103MB C:/Users/zibin/AppData/Local/UnrealEngine/4.27/DerivedDataCache/Boot.ddc.
[2025.03.20-15.29.59:964][  0]LogDerivedDataCache: Display: Loaded Boot cache: C:/Users/zibin/AppData/Local/UnrealEngine/4.27/DerivedDataCache/Boot.ddc
[2025.03.20-15.29.59:964][  0]LogDerivedDataCache: FDerivedDataBackendGraph:  Pak pak cache file ../../../../../../UnrealProjects/COMP217GroupProject/DungeonDash/DerivedDataCache/DDC.ddp not found, will not use a pak cache.
[2025.03.20-15.29.59:964][  0]LogDerivedDataCache: Unable to find inner node Pak for hierarchical cache Hierarchy.
[2025.03.20-15.29.59:964][  0]LogDerivedDataCache: FDerivedDataBackendGraph:  CompressedPak pak cache file ../../../../../../UnrealProjects/COMP217GroupProject/DungeonDash/DerivedDataCache/Compressed.ddp not found, will not use a pak cache.
[2025.03.20-15.29.59:964][  0]LogDerivedDataCache: Unable to find inner node CompressedPak for hierarchical cache Hierarchy.
[2025.03.20-15.29.59:986][  0]LogDerivedDataCache: Display: Pak cache opened for reading ../../../Engine/DerivedDataCache/Compressed.ddp.
[2025.03.20-15.29.59:986][  0]LogDerivedDataCache: FDerivedDataBackendGraph:  EnterprisePak pak cache file ../../../Enterprise/DerivedDataCache/Compressed.ddp not found, will not use a pak cache.
[2025.03.20-15.29.59:986][  0]LogDerivedDataCache: Unable to find inner node EnterprisePak for hierarchical cache Hierarchy.
[2025.03.20-15.30.00:036][  0]LogDerivedDataCache: Speed tests for C:/Users/zibin/AppData/Local/UnrealEngine/Common/DerivedDataCache took 0.05 seconds
[2025.03.20-15.30.00:036][  0]LogDerivedDataCache: Display: Performance to C:/Users/zibin/AppData/Local/UnrealEngine/Common/DerivedDataCache: Latency=0.03ms. RandomReadSpeed=21.19MBs, RandomWriteSpeed=171.48MBs. Assigned SpeedClass 'Local'
[2025.03.20-15.30.00:037][  0]LogDerivedDataCache: Using Local data cache path C:/Users/zibin/AppData/Local/UnrealEngine/Common/DerivedDataCache: Writable
[2025.03.20-15.30.00:037][  0]LogDerivedDataCache: Shared data cache path not found in *engine.ini, will not use an Shared cache.
[2025.03.20-15.30.00:037][  0]LogDerivedDataCache: Unable to find inner node Shared for hierarchical cache Hierarchy.
[2025.03.20-15.30.00:080][  0]LogSlate: Using FreeType 2.10.0
[2025.03.20-15.30.00:093][  0]LogSlate: SlateFontServices - WITH_FREETYPE: 1, WITH_HARFBUZZ: 1
[2025.03.20-15.30.00:209][  0]LogAssetRegistry: FAssetRegistry took 0.0032 seconds to start up
[2025.03.20-15.30.00:411][  0]LogInit: Selected Device Profile: [Windows]
[2025.03.20-15.30.00:411][  0]LogInit: Active device profile: [000002395370D400][000002394C4DEC80 49] Windows
[2025.03.20-15.30.00:411][  0]LogInit: Profiles: [000002395370D400][000002394C4DEC80 49] Windows, [0000023953347F00][0000023953B9AE00 49] WindowsNoEditor, [000002395338FE00][000002394C6ACF80 49] WindowsServer, [0000023953345500][000002395402D100 49] WindowsClient, [000002395338D800][0000023954031280 49] IOS, [0000023953345000][0000023954075400 49] iPadAir, [000002395338CC00][0000023954079580 49] iPadAir2, [0000023953310100][00000239540AD840 49] IPadPro, [0000023953310200][000002395407D880 49] iPadAir3, [0000023953345600][00000239542D3A00 49] iPadAir4, [0000023953312C00][000002394BAF9B80 49] iPadMini2, [0000023953345300][000002394BAFC180 49] iPadMini3, [000002395338C100][000002394BB00300 49] iPadMini4, [0000023953345700][000002394BB04480 49] iPadMini5, [00000239532F7900][000002394BB0C740 49] iPhone6, [00000239532F7A00][000002394BB08780 49] iPodTouch6, [000002395338D200][000002394BB109C0 49] iPhone7, [000002395338D100][000002394C660A00 49] iPodTouch7, [00000239532F4400][00000239540B0B40 49] iPhone5S, [0000023953313D00][000002394BB14CC0 49] iPhone6Plus, [00000239532F5F00][000002395392EE40 49] iPhone6S, [000002395338D600][0000023953932FC0 49] iPhone6SPlus, [00000239532F5300][0000023953937140 49] iPhone7Plus, [000002395338C200][000002395393B2C0 49] iPhoneSE, [00000239532F4D00][000002395393F440 49] iPhone8, [000002395338CA00][00000239539435C0 49] iPhone8Plus, [00000239532F7C00][0000023953947740 49] iPhoneX, [000002395338F500][000002395394B8C0 49] iPhoneXS, [00000239532F6800][00000239517D3A40 49] iPhoneXSMax, [000002395338E700][00000239517C3BC0 49] iPhoneXR, [00000239532F6A00][00000239517C61C0 49] iPhone11, [000002395338EE00][000002395394E340 49] iPhone11Pro, [00000239532F7300][00000239539524C0 49] iPhone11ProMax, [000002395338E100][0000023953A58640 49] iPhoneSE2, [00000239532F6F00][0000023953A5C7C0 49] iPhone12Mini, [000002395338EB00][0000023953A60940 49] iPhone12, [00000239532F7F00][0000023954034A80 49] iPhone12Pro, [000002395338EC00][0000023953A64BC0 49] iPhone12ProMax, [00000239532F5E00][0000023953A68D00 49] iPadPro105, [000002395338F000][0000023953A70E80 49] iPadPro129, [00000239532F6400][0000023953A75000 49] iPadPro97, [000002395338CD00][0000023953A79180 49] iPadPro2_129, [00000239532F4F00][0000023953A7D300 49] iPad5, [000002395338C800][0000023953A81480 49] iPad6, [00000239532F4300][0000023953A85600 49] iPad7, [000002395338E500][0000023953A89780 49] iPad8, [00000239532F4800][0000023953A8D900 49] iPadPro11, [000002395338D000][0000023954039A80 49] iPadPro2_11, [00000239532F4700][000002395403DC00 49] iPadPro3_129, [000002395338D700][0000023954040200 49] iPadPro4_129, [00000239532F7000][0000023954044380 49] AppleTV, [000002395338F300][0000023954048500 49] AppleTV4K, [00000239532F5200][000002395404C680 49] TVOS, [000002395338DA00][0000023954050800 49] Mac, [00000239532F5000][0000023954054980 49] MacClient, [000002395338FA00][0000023954058B00 49] MacNoEditor, [00000239532F5100][0000023953A6CC40 49] MacServer, [000002395338C400][000002395405CD80 49] Linux, [00000239532F4500][0000023954060EC0 49] LinuxAArch64, [000002395338E300][0000023954069040 49] LinuxNoEditor, [00000239532F4C00][000002395406D1C0 49] LinuxAArch64NoEditor, [000002395338ED00][0000023954071340 49] LinuxClient, [00000239532F7100][000002394C4774C0 49] LinuxAArch64Client, [000002395338FC00][000002394C47B640 49] LinuxServer, [00000239532F7600][000002394C47F7C0 49] LinuxAArch64Server, [000002395338F800][000002394C483940 49] Android, [000002395370F000][000002394C487AC0 49] Android_Low, [0000023953312700][000002394C48A0C0 49] Android_Mid, [000002395370ED00][000002394C48E240 49] Android_High, [0000023953310A00][000002394C4923C0 49] Android_Default, [000002395370C200][000002394C496540 49] Android_Adreno4xx, [0000023953311200][000002394C49A6C0 49] Android_Adreno5xx_Low, [000002395370D000][000002394C49E840 49] Android_Adreno5xx, [0000023953310300][000002394C4A29C0 49] Android_Adreno6xx, [000002395370F700][000002394C4A6B40 49] Android_Adreno6xx_Vulkan, [0000023953312300][000002394C4AACC0 49] Android_Mali_T6xx, [000002395370F400][0000023954064E00 49] Android_Mali_T7xx, [0000023953312E00][000002394C4AEF40 49] Android_Mali_T8xx, [000002395370F500][000002394C4B3080 49] Android_Mali_G71, [0000023953310500][000002394C4B71C0 49] Android_Mali_G72, [000002395370C500][000002394C4BF340 49] Android_Mali_G72_Vulkan, [0000023953311500][0000023953B234C0 49] Android_Mali_G76, [000002395370F300][0000023953B27640 49] Android_Mali_G76_Vulkan, [0000023953313B00][0000023953B2B7C0 49] Android_Mali_G77, [000002395370D900][0000023953B2F940 49] Android_Mali_G77_Vulkan, [0000023953312D00][0000023953B33AC0 49] Android_Mali_G78, [000002395370E300][0000023953B360C0 49] Android_Mali_G78_Vulkan, [0000023953313000][0000023953B3A240 49] Android_Mali_G710, [000002395370EF00][0000023953B3E3C0 49] Android_Mali_G710_Vulkan, [0000023953310F00][0000023953B42540 49] Android_Vulkan_SM5, [000002395370C900][0000023953B466C0 49] Android_PowerVR_G6xxx, [000002395338D300][0000023953B4A840 49] Android_PowerVR_GT7xxx, [000002395370CC00][0000023953B4E9C0 49] Android_PowerVR_GE8xxx, [000002395338CB00][0000023953B52B40 49] Android_PowerVR_GM9xxx, [000002395370C700][0000023953B56CC0 49] Android_PowerVR_GM9xxx_Vulkan, [000002395338CE00][0000023953B5AE40 49] Android_TegraK1, [000002395370EC00][000002394C4BAF80 49] Android_Unknown_Vulkan, [000002395338E600][0000023953B5F0C0 49] Lumin, [000002395370EA00][0000023953B63200 49] Lumin_Desktop, [000002395338E900][0000023953B67340 49] HoloLens, 
[2025.03.20-15.30.00:839][  0]LogMeshReduction: Using QuadricMeshReduction for automatic static mesh reduction
[2025.03.20-15.30.00:839][  0]LogMeshReduction: Using SimplygonMeshReduction for automatic skeletal mesh reduction
[2025.03.20-15.30.00:839][  0]LogMeshReduction: Using ProxyLODMeshReduction for automatic mesh merging
[2025.03.20-15.30.00:839][  0]LogMeshReduction: No distributed automatic mesh merging module available
[2025.03.20-15.30.00:839][  0]LogMeshMerging: No distributed automatic mesh merging module available
[2025.03.20-15.30.00:904][  0]LogNetVersion: DungeonDash 1.0.0, NetCL: 17155196, EngineNetVer: 17, GameNetVer: 0 (Checksum: 3083342234)
[2025.03.20-15.30.02:416][  0]LogTexture: Default maximum texture size for cubemaps generated from long-lat sources has been changed from 512 to unlimited. In order to preserve old behaiour for '/Engine/MapTemplates/Sky/DaylightAmbientCubemap.DaylightAmbientCubemap', its maximum texture size has been explicitly set to 512.
[2025.03.20-15.30.02:515][  0]LogHMD: PokeAHoleMaterial loaded successfully
[2025.03.20-15.30.02:519][  0]LogUObjectArray: 17178 objects as part of root set at end of initial load.
[2025.03.20-15.30.02:519][  0]LogUObjectAllocator: 4302048 out of 0 bytes used by permanent object pool.
[2025.03.20-15.30.02:519][  0]LogUObjectArray: CloseDisregardForGC: 0/0 objects in disregard for GC pool
[2025.03.20-15.30.03:579][  0]LogNiagaraDebuggerClient: Niagara Debugger Client Initialized | Session: FC5C7E63432E32FB1E0E4EBD2A76E811 | Instance: 88AF12664E11A7078DA5AFB1901DFCBB (PRTS-20972).
[2025.03.20-15.30.04:714][  0]LogPython: Using Python 3.7.7
[2025.03.20-15.30.05:396][  0]LogTcpMessaging: Initializing TcpMessaging bridge
[2025.03.20-15.30.05:428][  0]LogUdpMessaging: Initializing bridge on interface 0.0.0.0:0 to multicast group 230.0.0.1:6666.
[2025.03.20-15.30.06:674][  0]SourceControl: Source control is disabled
[2025.03.20-15.30.06:674][  0]SourceControl: Source control is disabled
[2025.03.20-15.30.06:697][  0]SourceControl: Source control is disabled
[2025.03.20-15.30.06:720][  0]SourceControl: Source control is disabled
[2025.03.20-15.30.06:744][  0]SourceControl: Source control is disabled
[2025.03.20-15.30.06:796][  0]LogUProjectInfo: Found projects:
[2025.03.20-15.30.08:166][  0]LogOpenImageDenoise: OIDN starting up
[2025.03.20-15.30.08:255][  0]LogAndroidPermission: UAndroidPermissionCallbackProxy::GetInstance
[2025.03.20-15.30.08:344][  0]LogAudioCaptureCore: Display: No Audio Capture implementations found. Audio input will be silent.
[2025.03.20-15.30.08:344][  0]LogAudioCaptureCore: Display: No Audio Capture implementations found. Audio input will be silent.
[2025.03.20-15.30.08:947][  0]LogCollectionManager: Loaded 0 collections in 0.000632 seconds
[2025.03.20-15.30.09:043][  0]LogFileCache: Scanning file cache for directory 'D:/UnrealProjects/COMP217GroupProject/DungeonDash/Saved/Collections/' took 0.00s
[2025.03.20-15.30.09:043][  0]LogFileCache: Scanning file cache for directory 'D:/UnrealProjects/COMP217GroupProject/DungeonDash/Content/Developers/zibin/Collections/' took 0.00s
[2025.03.20-15.30.09:043][  0]LogFileCache: Scanning file cache for directory 'D:/UnrealProjects/COMP217GroupProject/DungeonDash/Content/Collections/' took 0.00s
[2025.03.20-15.30.09:043][  0]LogOcInput: OculusInput pre-init called
[2025.03.20-15.30.09:440][  0]LogEngine: Initializing Engine...
[2025.03.20-15.30.09:481][  0]LogHMD: Failed to enumerate extensions. Please check that you have a valid OpenXR runtime installed.
[2025.03.20-15.30.09:481][  0]LogHMD: Failed to initialize OpenVR with code 110
[2025.03.20-15.30.09:481][  0]LogMagicLeap: Warning: VR disabled because ZI is not enabled.  To enable, in the editor, Edit -> Project Settings -> Plugins -> Magic Leap Plugin -> Enable Zero Iteration
[2025.03.20-15.30.09:484][  0]LogStats: UGameplayTagsManager::InitializeManager -  0.000 s
[2025.03.20-15.30.09:726][  0]LogInit: Initializing FReadOnlyCVARCache
[2025.03.20-15.30.09:765][  0]LogAIModule: Creating AISystem for world Untitled
[2025.03.20-15.30.09:768][  0]LogAudio: Display: Initializing Audio Device Manager...
[2025.03.20-15.30.09:790][  0]LogAudio: Display: Loading Default Audio Settings Objects...
[2025.03.20-15.30.09:798][  0]LogAudio: Display: No default SoundConcurrencyObject specified (or failed to load).
[2025.03.20-15.30.09:799][  0]LogAudio: Display: Audio Device Manager Initialized
[2025.03.20-15.30.09:799][  0]LogAudio: Display: Creating Audio Device:                 Id: 1, Scope: Shared, Realtime: True
[2025.03.20-15.30.09:800][  0]LogAudioMixer: Display: Audio Mixer Platform Settings:
[2025.03.20-15.30.09:800][  0]LogAudioMixer: Display: 	Sample Rate:						  48000
[2025.03.20-15.30.09:800][  0]LogAudioMixer: Display: 	Callback Buffer Frame Size Requested: 1024
[2025.03.20-15.30.09:800][  0]LogAudioMixer: Display: 	Callback Buffer Frame Size To Use:	  1024
[2025.03.20-15.30.09:800][  0]LogAudioMixer: Display: 	Number of buffers to queue:			  2
[2025.03.20-15.30.09:800][  0]LogAudioMixer: Display: 	Max Channels (voices):				  32
[2025.03.20-15.30.09:800][  0]LogAudioMixer: Display: 	Number of Async Source Workers:		  0
[2025.03.20-15.30.09:800][  0]LogAudio: Display: AudioDevice MaxSources: 32
[2025.03.20-15.30.09:801][  0]LogAudio: Display: Audio Spatialization Plugin: None (built-in).
[2025.03.20-15.30.09:801][  0]LogAudio: Display: Audio Reverb Plugin: None (built-in).
[2025.03.20-15.30.09:801][  0]LogAudio: Display: Audio Occlusion Plugin: None (built-in).
[2025.03.20-15.30.09:801][  0]LogAudioMixer: Display: Initializing audio mixer.
[2025.03.20-15.30.09:848][  0]LogAudioMixer: Display: 0: FrontLeft
[2025.03.20-15.30.09:848][  0]LogAudioMixer: Display: 1: FrontRight
[2025.03.20-15.30.10:602][  0]LogAudioMixer: Display: Using Audio Device Speakers (Realtek(R) Audio)
[2025.03.20-15.30.10:612][  0]LogAudioMixer: Display: Initializing Sound Submixes...
[2025.03.20-15.30.10:634][  0]LogAudioMixer: Display: Creating Master Submix 'MasterSubmixDefault'
[2025.03.20-15.30.10:634][  0]LogAudioMixer: Display: Creating Master Submix 'MasterReverbSubmixDefault'
[2025.03.20-15.30.10:636][  0]LogAudioMixer: Display: Creating Master Submix 'MasterEQSubmixDefault'
[2025.03.20-15.30.10:636][  0]LogAudioMixer: FMixerPlatformXAudio2::StartAudioStream() called
[2025.03.20-15.30.10:636][  0]LogAudioMixer: Display: Output buffers initialized: Frames=1024, Channels=2, Samples=2048
[2025.03.20-15.30.10:637][  0]LogAudioMixer: Display: Starting AudioMixerPlatformInterface::RunInternal()
[2025.03.20-15.30.10:637][  0]LogAudioMixer: Display: FMixerPlatformXAudio2::SubmitBuffer() called for the first time
[2025.03.20-15.30.10:637][  0]LogInit: FAudioDevice initialized.
[2025.03.20-15.30.10:638][  0]LogAudio: Display: Audio Device (ID: 1) registered with world 'Untitled'.
[2025.03.20-15.30.10:638][  0]LogNetVersion: Set ProjectVersion to 1.0.0.0. Version Checksum will be recalculated on next use.
[2025.03.20-15.30.10:682][  0]LogDerivedDataCache: Saved boot cache 0.04s 103MB C:/Users/zibin/AppData/Local/UnrealEngine/4.27/DerivedDataCache/Boot.ddc.
[2025.03.20-15.30.10:682][  0]LogInit: Texture streaming: Enabled
[2025.03.20-15.30.10:755][  0]LogAnalytics: Display: [UEEditor.Rocket.Release] APIServer = https://datarouter.ol.epicgames.com/. AppVersion = 4.27.2-18319896+++UE4+Release-4.27
[2025.03.20-15.30.10:775][  0]LogEngineSessionManager: EngineSessionManager initialized
[2025.03.20-15.30.10:775][  0]LogEditorSessionSummary: Verbose: Initializing EditorSessionSummaryWriter for editor session tracking
[2025.03.20-15.30.10:776][  0]LogEditorSessionSummary: EditorSessionSummaryWriter initialized
[2025.03.20-15.30.10:844][  0]LogInit: Transaction tracking system initialized
[2025.03.20-15.30.10:992][  0]BlueprintLog: New page: Editor Load
[2025.03.20-15.30.11:383][  0]LocalizationService: Localization service is disabled
[2025.03.20-15.30.11:551][  0]TimingProfiler: Initialize
[2025.03.20-15.30.11:552][  0]TimingProfiler: OnSessionChanged
[2025.03.20-15.30.11:552][  0]LoadingProfiler: Initialize
[2025.03.20-15.30.11:552][  0]LoadingProfiler: OnSessionChanged
[2025.03.20-15.30.11:552][  0]NetworkingProfiler: Initialize
[2025.03.20-15.30.11:552][  0]NetworkingProfiler: OnSessionChanged
[2025.03.20-15.30.11:552][  0]MemoryProfiler: Initialize
[2025.03.20-15.30.11:552][  0]MemoryProfiler: OnSessionChanged
[2025.03.20-15.30.12:154][  0]LogFileCache: Scanning file cache for directory 'D:/UnrealProjects/COMP217GroupProject/DungeonDash/Content/' took 0.01s
[2025.03.20-15.30.12:154][  0]LogCook: Display: CookSettings for Memory: MemoryMaxUsedVirtual 0MiB, MemoryMaxUsedPhysical 16384MiB, MemoryMinFreeVirtual 0MiB, MemoryMinFreePhysical 1024MiB
[2025.03.20-15.30.12:154][  0]LogCook: Display: Mobile HDR setting 1
[2025.03.20-15.30.13:349][  0]LogInit: Display: Engine is initialized. Leaving FEngineLoop::Init()
[2025.03.20-15.30.13:356][  0]SourceControl: Source control is disabled
[2025.03.20-15.30.13:357][  0]LogUnrealEdMisc: Loading editor; pre map load, took 26.618
[2025.03.20-15.30.13:357][  0]Cmd: MAP LOAD FILE="../../../../../../UnrealProjects/COMP217GroupProject/DungeonDash/Content/ThirdPersonCPP/Maps/ThirdPersonExampleMap.umap" TEMPLATE=0 SHOWPROGRESS=1 FEATURELEVEL=3
[2025.03.20-15.30.13:359][  0]LightingResults: New page: Lighting Build
[2025.03.20-15.30.13:361][  0]LogWorld: UWorld::CleanupWorld for Untitled, bSessionEnded=true, bCleanupResources=true
[2025.03.20-15.30.13:361][  0]LogSlate: InvalidateAllWidgets triggered.  All widgets were invalidated
[2025.03.20-15.30.13:362][  0]MapCheck: New page: Map Check
[2025.03.20-15.30.13:362][  0]LightingResults: New page: Lighting Build
[2025.03.20-15.30.13:366][  0]LogAudio: Display: Audio Device unregistered from world 'None'.
[2025.03.20-15.30.13:370][  0]LogUObjectHash: Compacting FUObjectHashTables data took   0.56ms
[2025.03.20-15.30.13:497][  0]LogAudio: Display: Audio Device (ID: 1) registered with world 'ThirdPersonExampleMap'.
[2025.03.20-15.30.13:497][  0]LogAIModule: Creating AISystem for world ThirdPersonExampleMap
[2025.03.20-15.30.13:512][  0]LogEditorServer: Finished looking for orphan Actors (0.000 secs)
[2025.03.20-15.30.13:519][  0]LogUObjectHash: Compacting FUObjectHashTables data took   0.48ms
[2025.03.20-15.30.13:519][  0]Cmd: MAP CHECKDEP NOCLEARLOG
[2025.03.20-15.30.13:519][  0]MapCheck: Map check complete: 0 Error(s), 0 Warning(s), took 0.191ms to complete.
[2025.03.20-15.30.13:519][  0]LogFileHelpers: Loading map 'ThirdPersonExampleMap' took 0.162
[2025.03.20-15.30.13:531][  0]LogUnrealEdMisc: Total Editor Startup Time, took 26.792
[2025.03.20-15.30.13:611][  0]LogWindowsTextInputMethodSystem: Display: IME system activated using TSF (微软拼音).
[2025.03.20-15.30.13:666][  0]LogSlate: Updating window title bar state: overlay mode, drag disabled, window buttons hidden, title bar hidden
[2025.03.20-15.30.13:669][  0]LogSlate: Updating window title bar state: overlay mode, drag disabled, window buttons hidden, title bar hidden
[2025.03.20-15.30.13:672][  0]LogSlate: Updating window title bar state: overlay mode, drag disabled, window buttons hidden, title bar hidden
[2025.03.20-15.30.13:676][  0]LogSlate: Updating window title bar state: overlay mode, drag disabled, window buttons hidden, title bar hidden
[2025.03.20-15.30.13:697][  0]LogNativeClassHierarchy: Verbose: Native class hierarchy populated in 0.0063 seconds. Added 3824 classes and 930 folders.
[2025.03.20-15.30.13:700][  0]LogNativeClassHierarchy: Verbose: Native class hierarchy updated for 'WidgetCarousel' in 0.0002 seconds. Added 0 classes and 0 folders.
[2025.03.20-15.30.13:713][  0]LogPakFile: PakFile PrimaryIndexSize=187
[2025.03.20-15.30.13:713][  0]LogPakFile: PakFile PathHashIndexSize=101
[2025.03.20-15.30.13:713][  0]LogPakFile: PakFile FullDirectoryIndexSize=148
[2025.03.20-15.30.13:713][  0]LogShaderLibrary: Display: ShaderCodeLibraryPakFileMountedCallback: PakFile 'D:/EpicGame/UnrealEngine/UE_4.27/FeaturePacks/FP_FirstPerson.upack' (chunk index -1, root 'root:/') mounted
[2025.03.20-15.30.13:713][  0]LogShaderLibrary: Display: ShaderCodeLibraryPakFileMountedCallback: pending pak file info (ChunkID:-1 Root:root:/ File:D:/EpicGame/UnrealEngine/UE_4.27/FeaturePacks/FP_FirstPerson.upack)
[2025.03.20-15.30.13:713][  0]LogPakFile: OnPakFileMounted2Time == 0.000043
[2025.03.20-15.30.13:723][  0]LogPakFile: PakFile PrimaryIndexSize=189
[2025.03.20-15.30.13:723][  0]LogPakFile: PakFile PathHashIndexSize=101
[2025.03.20-15.30.13:723][  0]LogPakFile: PakFile FullDirectoryIndexSize=152
[2025.03.20-15.30.13:723][  0]LogShaderLibrary: Display: ShaderCodeLibraryPakFileMountedCallback: PakFile 'D:/EpicGame/UnrealEngine/UE_4.27/FeaturePacks/FP_FirstPersonBP.upack' (chunk index -1, root 'root:/') mounted
[2025.03.20-15.30.13:723][  0]LogShaderLibrary: Display: ShaderCodeLibraryPakFileMountedCallback: pending pak file info (ChunkID:-1 Root:root:/ File:D:/EpicGame/UnrealEngine/UE_4.27/FeaturePacks/FP_FirstPersonBP.upack)
[2025.03.20-15.30.13:723][  0]LogPakFile: OnPakFileMounted2Time == 0.000042
[2025.03.20-15.30.13:729][  0]LogPakFile: PakFile PrimaryIndexSize=191
[2025.03.20-15.30.13:729][  0]LogPakFile: PakFile PathHashIndexSize=101
[2025.03.20-15.30.13:729][  0]LogPakFile: PakFile FullDirectoryIndexSize=160
[2025.03.20-15.30.13:729][  0]LogShaderLibrary: Display: ShaderCodeLibraryPakFileMountedCallback: PakFile 'D:/EpicGame/UnrealEngine/UE_4.27/FeaturePacks/MobileStarterContent.upack' (chunk index -1, root 'root:/') mounted
[2025.03.20-15.30.13:729][  0]LogShaderLibrary: Display: ShaderCodeLibraryPakFileMountedCallback: pending pak file info (ChunkID:-1 Root:root:/ File:D:/EpicGame/UnrealEngine/UE_4.27/FeaturePacks/MobileStarterContent.upack)
[2025.03.20-15.30.13:729][  0]LogPakFile: OnPakFileMounted2Time == 0.000036
[2025.03.20-15.30.13:735][  0]LogPakFile: PakFile PrimaryIndexSize=185
[2025.03.20-15.30.13:735][  0]LogPakFile: PakFile PathHashIndexSize=101
[2025.03.20-15.30.13:735][  0]LogPakFile: PakFile FullDirectoryIndexSize=148
[2025.03.20-15.30.13:735][  0]LogShaderLibrary: Display: ShaderCodeLibraryPakFileMountedCallback: PakFile 'D:/EpicGame/UnrealEngine/UE_4.27/FeaturePacks/StarterContent.upack' (chunk index -1, root 'root:/') mounted
[2025.03.20-15.30.13:735][  0]LogShaderLibrary: Display: ShaderCodeLibraryPakFileMountedCallback: pending pak file info (ChunkID:-1 Root:root:/ File:D:/EpicGame/UnrealEngine/UE_4.27/FeaturePacks/StarterContent.upack)
[2025.03.20-15.30.13:735][  0]LogPakFile: OnPakFileMounted2Time == 0.000030
[2025.03.20-15.30.13:740][  0]LogPakFile: PakFile PrimaryIndexSize=190
[2025.03.20-15.30.13:740][  0]LogPakFile: PakFile PathHashIndexSize=101
[2025.03.20-15.30.13:740][  0]LogPakFile: PakFile FullDirectoryIndexSize=154
[2025.03.20-15.30.13:740][  0]LogShaderLibrary: Display: ShaderCodeLibraryPakFileMountedCallback: PakFile 'D:/EpicGame/UnrealEngine/UE_4.27/FeaturePacks/TP_2DSideScroller.upack' (chunk index -1, root 'root:/') mounted
[2025.03.20-15.30.13:740][  0]LogShaderLibrary: Display: ShaderCodeLibraryPakFileMountedCallback: pending pak file info (ChunkID:-1 Root:root:/ File:D:/EpicGame/UnrealEngine/UE_4.27/FeaturePacks/TP_2DSideScroller.upack)
[2025.03.20-15.30.13:740][  0]LogPakFile: OnPakFileMounted2Time == 0.000026
[2025.03.20-15.30.13:745][  0]LogPakFile: PakFile PrimaryIndexSize=192
[2025.03.20-15.30.13:745][  0]LogPakFile: PakFile PathHashIndexSize=101
[2025.03.20-15.30.13:745][  0]LogPakFile: PakFile FullDirectoryIndexSize=158
[2025.03.20-15.30.13:745][  0]LogShaderLibrary: Display: ShaderCodeLibraryPakFileMountedCallback: PakFile 'D:/EpicGame/UnrealEngine/UE_4.27/FeaturePacks/TP_2DSideScrollerBP.upack' (chunk index -1, root 'root:/') mounted
[2025.03.20-15.30.13:745][  0]LogShaderLibrary: Display: ShaderCodeLibraryPakFileMountedCallback: pending pak file info (ChunkID:-1 Root:root:/ File:D:/EpicGame/UnrealEngine/UE_4.27/FeaturePacks/TP_2DSideScrollerBP.upack)
[2025.03.20-15.30.13:745][  0]LogPakFile: OnPakFileMounted2Time == 0.000031
[2025.03.20-15.30.13:750][  0]LogPakFile: PakFile PrimaryIndexSize=182
[2025.03.20-15.30.13:750][  0]LogPakFile: PakFile PathHashIndexSize=101
[2025.03.20-15.30.13:750][  0]LogPakFile: PakFile FullDirectoryIndexSize=138
[2025.03.20-15.30.13:750][  0]LogShaderLibrary: Display: ShaderCodeLibraryPakFileMountedCallback: PakFile 'D:/EpicGame/UnrealEngine/UE_4.27/FeaturePacks/TP_Flying.upack' (chunk index -1, root 'root:/') mounted
[2025.03.20-15.30.13:750][  0]LogShaderLibrary: Display: ShaderCodeLibraryPakFileMountedCallback: pending pak file info (ChunkID:-1 Root:root:/ File:D:/EpicGame/UnrealEngine/UE_4.27/FeaturePacks/TP_Flying.upack)
[2025.03.20-15.30.13:750][  0]LogPakFile: OnPakFileMounted2Time == 0.000028
[2025.03.20-15.30.13:756][  0]LogPakFile: PakFile PrimaryIndexSize=184
[2025.03.20-15.30.13:756][  0]LogPakFile: PakFile PathHashIndexSize=101
[2025.03.20-15.30.13:756][  0]LogPakFile: PakFile FullDirectoryIndexSize=142
[2025.03.20-15.30.13:756][  0]LogShaderLibrary: Display: ShaderCodeLibraryPakFileMountedCallback: PakFile 'D:/EpicGame/UnrealEngine/UE_4.27/FeaturePacks/TP_FlyingBP.upack' (chunk index -1, root 'root:/') mounted
[2025.03.20-15.30.13:756][  0]LogShaderLibrary: Display: ShaderCodeLibraryPakFileMountedCallback: pending pak file info (ChunkID:-1 Root:root:/ File:D:/EpicGame/UnrealEngine/UE_4.27/FeaturePacks/TP_FlyingBP.upack)
[2025.03.20-15.30.13:756][  0]LogPakFile: OnPakFileMounted2Time == 0.000029
[2025.03.20-15.30.13:765][  0]LogPakFile: PakFile PrimaryIndexSize=188
[2025.03.20-15.30.13:765][  0]LogPakFile: PakFile PathHashIndexSize=101
[2025.03.20-15.30.13:765][  0]LogPakFile: PakFile FullDirectoryIndexSize=150
[2025.03.20-15.30.13:765][  0]LogShaderLibrary: Display: ShaderCodeLibraryPakFileMountedCallback: PakFile 'D:/EpicGame/UnrealEngine/UE_4.27/FeaturePacks/TP_HandheldARBP.upack' (chunk index -1, root 'root:/') mounted
[2025.03.20-15.30.13:765][  0]LogShaderLibrary: Display: ShaderCodeLibraryPakFileMountedCallback: pending pak file info (ChunkID:-1 Root:root:/ File:D:/EpicGame/UnrealEngine/UE_4.27/FeaturePacks/TP_HandheldARBP.upack)
[2025.03.20-15.30.13:765][  0]LogPakFile: OnPakFileMounted2Time == 0.000033
[2025.03.20-15.30.13:771][  0]LogPakFile: PakFile PrimaryIndexSize=182
[2025.03.20-15.30.13:771][  0]LogPakFile: PakFile PathHashIndexSize=101
[2025.03.20-15.30.13:771][  0]LogPakFile: PakFile FullDirectoryIndexSize=138
[2025.03.20-15.30.13:771][  0]LogShaderLibrary: Display: ShaderCodeLibraryPakFileMountedCallback: PakFile 'D:/EpicGame/UnrealEngine/UE_4.27/FeaturePacks/TP_Puzzle.upack' (chunk index -1, root 'root:/') mounted
[2025.03.20-15.30.13:771][  0]LogShaderLibrary: Display: ShaderCodeLibraryPakFileMountedCallback: pending pak file info (ChunkID:-1 Root:root:/ File:D:/EpicGame/UnrealEngine/UE_4.27/FeaturePacks/TP_Puzzle.upack)
[2025.03.20-15.30.13:771][  0]LogPakFile: OnPakFileMounted2Time == 0.000029
[2025.03.20-15.30.13:776][  0]LogPakFile: PakFile PrimaryIndexSize=184
[2025.03.20-15.30.13:776][  0]LogPakFile: PakFile PathHashIndexSize=101
[2025.03.20-15.30.13:776][  0]LogPakFile: PakFile FullDirectoryIndexSize=142
[2025.03.20-15.30.13:776][  0]LogShaderLibrary: Display: ShaderCodeLibraryPakFileMountedCallback: PakFile 'D:/EpicGame/UnrealEngine/UE_4.27/FeaturePacks/TP_PuzzleBP.upack' (chunk index -1, root 'root:/') mounted
[2025.03.20-15.30.13:776][  0]LogShaderLibrary: Display: ShaderCodeLibraryPakFileMountedCallback: pending pak file info (ChunkID:-1 Root:root:/ File:D:/EpicGame/UnrealEngine/UE_4.27/FeaturePacks/TP_PuzzleBP.upack)
[2025.03.20-15.30.13:776][  0]LogPakFile: OnPakFileMounted2Time == 0.000026
[2025.03.20-15.30.13:781][  0]LogPakFile: PakFile PrimaryIndexSize=183
[2025.03.20-15.30.13:781][  0]LogPakFile: PakFile PathHashIndexSize=101
[2025.03.20-15.30.13:781][  0]LogPakFile: PakFile FullDirectoryIndexSize=140
[2025.03.20-15.30.13:781][  0]LogShaderLibrary: Display: ShaderCodeLibraryPakFileMountedCallback: PakFile 'D:/EpicGame/UnrealEngine/UE_4.27/FeaturePacks/TP_Rolling.upack' (chunk index -1, root 'root:/') mounted
[2025.03.20-15.30.13:781][  0]LogShaderLibrary: Display: ShaderCodeLibraryPakFileMountedCallback: pending pak file info (ChunkID:-1 Root:root:/ File:D:/EpicGame/UnrealEngine/UE_4.27/FeaturePacks/TP_Rolling.upack)
[2025.03.20-15.30.13:781][  0]LogPakFile: OnPakFileMounted2Time == 0.000025
[2025.03.20-15.30.13:787][  0]LogPakFile: PakFile PrimaryIndexSize=185
[2025.03.20-15.30.13:787][  0]LogPakFile: PakFile PathHashIndexSize=101
[2025.03.20-15.30.13:787][  0]LogPakFile: PakFile FullDirectoryIndexSize=144
[2025.03.20-15.30.13:787][  0]LogShaderLibrary: Display: ShaderCodeLibraryPakFileMountedCallback: PakFile 'D:/EpicGame/UnrealEngine/UE_4.27/FeaturePacks/TP_RollingBP.upack' (chunk index -1, root 'root:/') mounted
[2025.03.20-15.30.13:787][  0]LogShaderLibrary: Display: ShaderCodeLibraryPakFileMountedCallback: pending pak file info (ChunkID:-1 Root:root:/ File:D:/EpicGame/UnrealEngine/UE_4.27/FeaturePacks/TP_RollingBP.upack)
[2025.03.20-15.30.13:787][  0]LogPakFile: OnPakFileMounted2Time == 0.000029
[2025.03.20-15.30.13:793][  0]LogPakFile: PakFile PrimaryIndexSize=188
[2025.03.20-15.30.13:793][  0]LogPakFile: PakFile PathHashIndexSize=101
[2025.03.20-15.30.13:793][  0]LogPakFile: PakFile FullDirectoryIndexSize=150
[2025.03.20-15.30.13:793][  0]LogShaderLibrary: Display: ShaderCodeLibraryPakFileMountedCallback: PakFile 'D:/EpicGame/UnrealEngine/UE_4.27/FeaturePacks/TP_SideScroller.upack' (chunk index -1, root 'root:/') mounted
[2025.03.20-15.30.13:793][  0]LogShaderLibrary: Display: ShaderCodeLibraryPakFileMountedCallback: pending pak file info (ChunkID:-1 Root:root:/ File:D:/EpicGame/UnrealEngine/UE_4.27/FeaturePacks/TP_SideScroller.upack)
[2025.03.20-15.30.13:793][  0]LogPakFile: OnPakFileMounted2Time == 0.000035
[2025.03.20-15.30.13:797][  0]LogPakFile: PakFile PrimaryIndexSize=190
[2025.03.20-15.30.13:797][  0]LogPakFile: PakFile PathHashIndexSize=101
[2025.03.20-15.30.13:797][  0]LogPakFile: PakFile FullDirectoryIndexSize=154
[2025.03.20-15.30.13:797][  0]LogShaderLibrary: Display: ShaderCodeLibraryPakFileMountedCallback: PakFile 'D:/EpicGame/UnrealEngine/UE_4.27/FeaturePacks/TP_SideScrollerBP.upack' (chunk index -1, root 'root:/') mounted
[2025.03.20-15.30.13:797][  0]LogShaderLibrary: Display: ShaderCodeLibraryPakFileMountedCallback: pending pak file info (ChunkID:-1 Root:root:/ File:D:/EpicGame/UnrealEngine/UE_4.27/FeaturePacks/TP_SideScrollerBP.upack)
[2025.03.20-15.30.13:797][  0]LogPakFile: OnPakFileMounted2Time == 0.000026
[2025.03.20-15.30.13:802][  0]LogPakFile: PakFile PrimaryIndexSize=187
[2025.03.20-15.30.13:802][  0]LogPakFile: PakFile PathHashIndexSize=101
[2025.03.20-15.30.13:802][  0]LogPakFile: PakFile FullDirectoryIndexSize=148
[2025.03.20-15.30.13:802][  0]LogShaderLibrary: Display: ShaderCodeLibraryPakFileMountedCallback: PakFile 'D:/EpicGame/UnrealEngine/UE_4.27/FeaturePacks/TP_ThirdPerson.upack' (chunk index -1, root 'root:/') mounted
[2025.03.20-15.30.13:802][  0]LogShaderLibrary: Display: ShaderCodeLibraryPakFileMountedCallback: pending pak file info (ChunkID:-1 Root:root:/ File:D:/EpicGame/UnrealEngine/UE_4.27/FeaturePacks/TP_ThirdPerson.upack)
[2025.03.20-15.30.13:802][  0]LogPakFile: OnPakFileMounted2Time == 0.000022
[2025.03.20-15.30.13:806][  0]LogPakFile: PakFile PrimaryIndexSize=189
[2025.03.20-15.30.13:806][  0]LogPakFile: PakFile PathHashIndexSize=101
[2025.03.20-15.30.13:806][  0]LogPakFile: PakFile FullDirectoryIndexSize=152
[2025.03.20-15.30.13:806][  0]LogShaderLibrary: Display: ShaderCodeLibraryPakFileMountedCallback: PakFile 'D:/EpicGame/UnrealEngine/UE_4.27/FeaturePacks/TP_ThirdPersonBP.upack' (chunk index -1, root 'root:/') mounted
[2025.03.20-15.30.13:806][  0]LogShaderLibrary: Display: ShaderCodeLibraryPakFileMountedCallback: pending pak file info (ChunkID:-1 Root:root:/ File:D:/EpicGame/UnrealEngine/UE_4.27/FeaturePacks/TP_ThirdPersonBP.upack)
[2025.03.20-15.30.13:806][  0]LogPakFile: OnPakFileMounted2Time == 0.000023
[2025.03.20-15.30.13:810][  0]LogPakFile: PakFile PrimaryIndexSize=183
[2025.03.20-15.30.13:810][  0]LogPakFile: PakFile PathHashIndexSize=101
[2025.03.20-15.30.13:810][  0]LogPakFile: PakFile FullDirectoryIndexSize=140
[2025.03.20-15.30.13:810][  0]LogShaderLibrary: Display: ShaderCodeLibraryPakFileMountedCallback: PakFile 'D:/EpicGame/UnrealEngine/UE_4.27/FeaturePacks/TP_TopDown.upack' (chunk index -1, root 'root:/') mounted
[2025.03.20-15.30.13:810][  0]LogShaderLibrary: Display: ShaderCodeLibraryPakFileMountedCallback: pending pak file info (ChunkID:-1 Root:root:/ File:D:/EpicGame/UnrealEngine/UE_4.27/FeaturePacks/TP_TopDown.upack)
[2025.03.20-15.30.13:810][  0]LogPakFile: OnPakFileMounted2Time == 0.000029
[2025.03.20-15.30.13:814][  0]LogPakFile: PakFile PrimaryIndexSize=185
[2025.03.20-15.30.13:815][  0]LogPakFile: PakFile PathHashIndexSize=101
[2025.03.20-15.30.13:815][  0]LogPakFile: PakFile FullDirectoryIndexSize=144
[2025.03.20-15.30.13:815][  0]LogShaderLibrary: Display: ShaderCodeLibraryPakFileMountedCallback: PakFile 'D:/EpicGame/UnrealEngine/UE_4.27/FeaturePacks/TP_TopDownBP.upack' (chunk index -1, root 'root:/') mounted
[2025.03.20-15.30.13:815][  0]LogShaderLibrary: Display: ShaderCodeLibraryPakFileMountedCallback: pending pak file info (ChunkID:-1 Root:root:/ File:D:/EpicGame/UnrealEngine/UE_4.27/FeaturePacks/TP_TopDownBP.upack)
[2025.03.20-15.30.13:815][  0]LogPakFile: OnPakFileMounted2Time == 0.000025
[2025.03.20-15.30.13:823][  0]LogPakFile: PakFile PrimaryIndexSize=185
[2025.03.20-15.30.13:824][  0]LogPakFile: PakFile PathHashIndexSize=101
[2025.03.20-15.30.13:824][  0]LogPakFile: PakFile FullDirectoryIndexSize=144
[2025.03.20-15.30.13:824][  0]LogShaderLibrary: Display: ShaderCodeLibraryPakFileMountedCallback: PakFile 'D:/EpicGame/UnrealEngine/UE_4.27/FeaturePacks/TP_TwinStick.upack' (chunk index -1, root 'root:/') mounted
[2025.03.20-15.30.13:824][  0]LogShaderLibrary: Display: ShaderCodeLibraryPakFileMountedCallback: pending pak file info (ChunkID:-1 Root:root:/ File:D:/EpicGame/UnrealEngine/UE_4.27/FeaturePacks/TP_TwinStick.upack)
[2025.03.20-15.30.13:824][  0]LogPakFile: OnPakFileMounted2Time == 0.000030
[2025.03.20-15.30.13:829][  0]LogPakFile: PakFile PrimaryIndexSize=187
[2025.03.20-15.30.13:829][  0]LogPakFile: PakFile PathHashIndexSize=101
[2025.03.20-15.30.13:829][  0]LogPakFile: PakFile FullDirectoryIndexSize=148
[2025.03.20-15.30.13:829][  0]LogShaderLibrary: Display: ShaderCodeLibraryPakFileMountedCallback: PakFile 'D:/EpicGame/UnrealEngine/UE_4.27/FeaturePacks/TP_TwinStickBP.upack' (chunk index -1, root 'root:/') mounted
[2025.03.20-15.30.13:829][  0]LogShaderLibrary: Display: ShaderCodeLibraryPakFileMountedCallback: pending pak file info (ChunkID:-1 Root:root:/ File:D:/EpicGame/UnrealEngine/UE_4.27/FeaturePacks/TP_TwinStickBP.upack)
[2025.03.20-15.30.13:829][  0]LogPakFile: OnPakFileMounted2Time == 0.000025
[2025.03.20-15.30.13:833][  0]LogPakFile: PakFile PrimaryIndexSize=183
[2025.03.20-15.30.13:833][  0]LogPakFile: PakFile PathHashIndexSize=101
[2025.03.20-15.30.13:833][  0]LogPakFile: PakFile FullDirectoryIndexSize=140
[2025.03.20-15.30.13:833][  0]LogShaderLibrary: Display: ShaderCodeLibraryPakFileMountedCallback: PakFile 'D:/EpicGame/UnrealEngine/UE_4.27/FeaturePacks/TP_Vehicle.upack' (chunk index -1, root 'root:/') mounted
[2025.03.20-15.30.13:833][  0]LogShaderLibrary: Display: ShaderCodeLibraryPakFileMountedCallback: pending pak file info (ChunkID:-1 Root:root:/ File:D:/EpicGame/UnrealEngine/UE_4.27/FeaturePacks/TP_Vehicle.upack)
[2025.03.20-15.30.13:833][  0]LogPakFile: OnPakFileMounted2Time == 0.000026
[2025.03.20-15.30.13:837][  0]LogPakFile: PakFile PrimaryIndexSize=186
[2025.03.20-15.30.13:837][  0]LogPakFile: PakFile PathHashIndexSize=101
[2025.03.20-15.30.13:837][  0]LogPakFile: PakFile FullDirectoryIndexSize=146
[2025.03.20-15.30.13:837][  0]LogShaderLibrary: Display: ShaderCodeLibraryPakFileMountedCallback: PakFile 'D:/EpicGame/UnrealEngine/UE_4.27/FeaturePacks/TP_VehicleAdv.upack' (chunk index -1, root 'root:/') mounted
[2025.03.20-15.30.13:837][  0]LogShaderLibrary: Display: ShaderCodeLibraryPakFileMountedCallback: pending pak file info (ChunkID:-1 Root:root:/ File:D:/EpicGame/UnrealEngine/UE_4.27/FeaturePacks/TP_VehicleAdv.upack)
[2025.03.20-15.30.13:837][  0]LogPakFile: OnPakFileMounted2Time == 0.000023
[2025.03.20-15.30.13:842][  0]LogPakFile: PakFile PrimaryIndexSize=188
[2025.03.20-15.30.13:842][  0]LogPakFile: PakFile PathHashIndexSize=101
[2025.03.20-15.30.13:842][  0]LogPakFile: PakFile FullDirectoryIndexSize=150
[2025.03.20-15.30.13:842][  0]LogShaderLibrary: Display: ShaderCodeLibraryPakFileMountedCallback: PakFile 'D:/EpicGame/UnrealEngine/UE_4.27/FeaturePacks/TP_VehicleAdvBP.upack' (chunk index -1, root 'root:/') mounted
[2025.03.20-15.30.13:842][  0]LogShaderLibrary: Display: ShaderCodeLibraryPakFileMountedCallback: pending pak file info (ChunkID:-1 Root:root:/ File:D:/EpicGame/UnrealEngine/UE_4.27/FeaturePacks/TP_VehicleAdvBP.upack)
[2025.03.20-15.30.13:842][  0]LogPakFile: OnPakFileMounted2Time == 0.000026
[2025.03.20-15.30.13:846][  0]LogPakFile: PakFile PrimaryIndexSize=185
[2025.03.20-15.30.13:846][  0]LogPakFile: PakFile PathHashIndexSize=101
[2025.03.20-15.30.13:846][  0]LogPakFile: PakFile FullDirectoryIndexSize=144
[2025.03.20-15.30.13:846][  0]LogShaderLibrary: Display: ShaderCodeLibraryPakFileMountedCallback: PakFile 'D:/EpicGame/UnrealEngine/UE_4.27/FeaturePacks/TP_VehicleBP.upack' (chunk index -1, root 'root:/') mounted
[2025.03.20-15.30.13:846][  0]LogShaderLibrary: Display: ShaderCodeLibraryPakFileMountedCallback: pending pak file info (ChunkID:-1 Root:root:/ File:D:/EpicGame/UnrealEngine/UE_4.27/FeaturePacks/TP_VehicleBP.upack)
[2025.03.20-15.30.13:846][  0]LogPakFile: OnPakFileMounted2Time == 0.000024
[2025.03.20-15.30.13:853][  0]LogPakFile: PakFile PrimaryIndexSize=192
[2025.03.20-15.30.13:853][  0]LogPakFile: PakFile PathHashIndexSize=101
[2025.03.20-15.30.13:853][  0]LogPakFile: PakFile FullDirectoryIndexSize=158
[2025.03.20-15.30.13:853][  0]LogShaderLibrary: Display: ShaderCodeLibraryPakFileMountedCallback: PakFile 'D:/EpicGame/UnrealEngine/UE_4.27/FeaturePacks/TP_VirtualRealityBP.upack' (chunk index -1, root 'root:/') mounted
[2025.03.20-15.30.13:853][  0]LogShaderLibrary: Display: ShaderCodeLibraryPakFileMountedCallback: pending pak file info (ChunkID:-1 Root:root:/ File:D:/EpicGame/UnrealEngine/UE_4.27/FeaturePacks/TP_VirtualRealityBP.upack)
[2025.03.20-15.30.13:853][  0]LogPakFile: OnPakFileMounted2Time == 0.000030
[2025.03.20-15.30.14:135][  0]LogNativeClassHierarchy: Verbose: Native class hierarchy updated for 'AddContentDialog' in 0.0002 seconds. Added 0 classes and 0 folders.
[2025.03.20-15.30.14:137][  0]LogNativeClassHierarchy: Verbose: Native class hierarchy updated for 'SceneOutliner' in 0.0002 seconds. Added 2 classes and 0 folders.
[2025.03.20-15.30.14:281][  0]LogNativeClassHierarchy: Verbose: Native class hierarchy updated for 'HierarchicalLODOutliner' in 0.0002 seconds. Added 0 classes and 0 folders.
[2025.03.20-15.30.14:281][  0]LogInput: Warning: Action Jump uses invalid key OculusGo_Left_Trigger_Click.
[2025.03.20-15.30.14:281][  0]LogInput: Warning: Action ResetVR uses invalid key OculusGo_Left_Trackpad_Click.
[2025.03.20-15.30.14:281][  0]LogInput: Warning: Use -RemoveInvalidKeys to remove instances of these keys from the action mapping.
[2025.03.20-15.30.14:281][  0]LogLoad: (Engine Initialization) Total time: 27.54 seconds
[2025.03.20-15.30.14:281][  0]LogLoad: (Engine Initialization) Total Blueprint compile time: 0.00 seconds
[2025.03.20-15.30.14:323][  0]LogAssetRegistry: Asset discovery search completed in 14.1152 seconds
[2025.03.20-15.30.14:372][  0]LogCollectionManager: Fixed up redirectors for 0 collections in 0.000011 seconds (updated 0 objects)
[2025.03.20-15.30.14:376][  0]LogContentStreaming: Texture pool size now 1000 MB
[2025.03.20-15.30.14:390][  0]LogSlate: Took 0.008131 seconds to synchronously load lazily loaded font '../../../Engine/Content/Slate/Fonts/Roboto-Regular.ttf' (155K)
[2025.03.20-15.30.14:398][  0]LogSlate: Took 0.006934 seconds to synchronously load lazily loaded font '../../../Engine/Content/Editor/Slate/Fonts/FontAwesome.ttf' (139K)
[2025.03.20-15.30.14:405][  0]LogSlate: Took 0.006971 seconds to synchronously load lazily loaded font '../../../Engine/Content/Slate/Fonts/Roboto-Bold.ttf' (160K)
[2025.03.20-15.30.14:594][  1]LogRenderer: Reallocating scene render targets to support 556x340 Format 10 NumSamples 1 (Frame:1).
[2025.03.20-15.30.15:310][ 50]LogSlate: Took 0.005240 seconds to synchronously load lazily loaded font '../../../Engine/Content/Slate/Fonts/Roboto-Light.ttf' (167K)
[2025.03.20-15.32.05:507][  0]LogRenderer: Reallocating scene render targets to support 892x668 Format 10 NumSamples 1 (Frame:12530).
[2025.03.20-15.32.06:698][121]LogAssetEditorSubsystem: Opening Asset editor for WidgetBlueprint /Game/ThirdPersonCPP/UI/MainMenu.MainMenu
[2025.03.20-15.32.07:312][121]LogNativeClassHierarchy: Verbose: Native class hierarchy updated for 'BlueprintGraph' in 0.0003 seconds. Added 126 classes and 0 folders.
[2025.03.20-15.32.07:892][121]LogLinker: Warning: Failed to load '/Game/ThirdPersonCPP/Main.Main:PersistentLevel.Main': Can't resolve asset name
[2025.03.20-15.32.07:901][121]LogAssetEditorSubsystem: Opening Asset editor for WidgetBlueprint /Game/ThirdPersonCPP/UI/HUD.HUD
[2025.03.20-15.32.08:129][121]LogAssetEditorSubsystem: Opening Asset editor for Blueprint /Game/ThirdPersonCPP/Blueprints/ThirdPersonCharacter.ThirdPersonCharacter
[2025.03.20-15.32.08:712][121]LogSlate: Took 0.006235 seconds to synchronously load lazily loaded font '../../../Engine/Content/Slate/Fonts/Roboto-BoldCondensed.ttf' (158K)
[2025.03.20-15.32.08:809][122]LogSlate: Took 0.004878 seconds to synchronously load lazily loaded font '../../../Engine/Content/Slate/Fonts/Roboto-Italic.ttf' (157K)
[2025.03.20-15.34.22:648][911]LogTemp: Repeating last play command: New Editor Window (PIE)
[2025.03.20-15.34.22:653][911]LogPlayLevel: PlayLevel: No blueprints needed recompiling
[2025.03.20-15.34.22:654][911]PIE: New page: PIE session: ThirdPersonExampleMap (Mar 20, 2025, 7:34:22 AM)
[2025.03.20-15.34.22:657][911]LogOnline: OSS: Creating online subsystem instance for: NULL
[2025.03.20-15.34.22:658][911]LogOnline: OSS: TryLoadSubsystemAndSetDefault: Loaded subsystem for module [NULL]
[2025.03.20-15.34.22:658][911]LogPlayLevel: Creating play world package: /Game/ThirdPersonCPP/Maps/UEDPIE_0_ThirdPersonExampleMap
[2025.03.20-15.34.22:670][911]LogPlayLevel: PIE: StaticDuplicateObject took: (0.012295s)
[2025.03.20-15.34.22:671][911]LogAIModule: Creating AISystem for world ThirdPersonExampleMap
[2025.03.20-15.34.22:672][911]LogPlayLevel: PIE: World Init took: (0.001962s)
[2025.03.20-15.34.22:673][911]LogPlayLevel: PIE: Created PIE world by copying editor world from /Game/ThirdPersonCPP/Maps/ThirdPersonExampleMap.ThirdPersonExampleMap to /Game/ThirdPersonCPP/Maps/UEDPIE_0_ThirdPersonExampleMap.ThirdPersonExampleMap (0.014664s)
[2025.03.20-15.34.22:712][911]LogUObjectHash: Compacting FUObjectHashTables data took   3.14ms
[2025.03.20-15.34.22:714][911]LogAudio: Display: Creating Audio Device:                 Id: 2, Scope: Unique, Realtime: True
[2025.03.20-15.34.22:714][911]LogAudioMixer: Display: Audio Mixer Platform Settings:
[2025.03.20-15.34.22:714][911]LogAudioMixer: Display: 	Sample Rate:						  48000
[2025.03.20-15.34.22:714][911]LogAudioMixer: Display: 	Callback Buffer Frame Size Requested: 1024
[2025.03.20-15.34.22:714][911]LogAudioMixer: Display: 	Callback Buffer Frame Size To Use:	  1024
[2025.03.20-15.34.22:714][911]LogAudioMixer: Display: 	Number of buffers to queue:			  2
[2025.03.20-15.34.22:714][911]LogAudioMixer: Display: 	Max Channels (voices):				  32
[2025.03.20-15.34.22:714][911]LogAudioMixer: Display: 	Number of Async Source Workers:		  0
[2025.03.20-15.34.22:714][911]LogAudio: Display: AudioDevice MaxSources: 32
[2025.03.20-15.34.22:714][911]LogAudio: Display: Audio Spatialization Plugin: None (built-in).
[2025.03.20-15.34.22:714][911]LogAudio: Display: Audio Reverb Plugin: None (built-in).
[2025.03.20-15.34.22:714][911]LogAudio: Display: Audio Occlusion Plugin: None (built-in).
[2025.03.20-15.34.22:714][911]LogAudioMixer: Display: Initializing audio mixer.
[2025.03.20-15.34.22:718][911]LogAudioMixer: Display: 0: FrontLeft
[2025.03.20-15.34.22:718][911]LogAudioMixer: Display: 1: FrontRight
[2025.03.20-15.34.22:821][911]LogAudioMixer: Display: Using Audio Device Speakers (Realtek(R) Audio)
[2025.03.20-15.34.22:821][911]LogAudioMixer: Display: Initializing Sound Submixes...
[2025.03.20-15.34.22:821][911]LogAudioMixer: Display: Creating Master Submix 'MasterSubmixDefault'
[2025.03.20-15.34.22:821][911]LogAudioMixer: Display: Creating Master Submix 'MasterReverbSubmixDefault'
[2025.03.20-15.34.22:821][911]LogAudioMixer: Display: Creating Master Submix 'MasterEQSubmixDefault'
[2025.03.20-15.34.22:821][911]LogAudioMixer: FMixerPlatformXAudio2::StartAudioStream() called
[2025.03.20-15.34.22:821][911]LogAudioMixer: Display: Output buffers initialized: Frames=1024, Channels=2, Samples=2048
[2025.03.20-15.34.22:822][911]LogAudioMixer: Display: Starting AudioMixerPlatformInterface::RunInternal()
[2025.03.20-15.34.22:822][911]LogAudioMixer: Display: FMixerPlatformXAudio2::SubmitBuffer() called for the first time
[2025.03.20-15.34.22:822][911]LogInit: FAudioDevice initialized.
[2025.03.20-15.34.22:822][911]LogAudio: Display: Audio Device (ID: 2) registered with world 'ThirdPersonExampleMap'.
[2025.03.20-15.34.22:848][911]LogSlate: Updating window title bar state: overlay mode, drag disabled, window buttons hidden, title bar hidden
[2025.03.20-15.34.22:849][911]LogLoad: Game class is 'DungeonDashGameMode'
[2025.03.20-15.34.22:852][911]LogWorld: Bringing World /Game/ThirdPersonCPP/Maps/UEDPIE_0_ThirdPersonExampleMap.ThirdPersonExampleMap up for play (max tick rate 0) at 2025.03.20-11.34.22
[2025.03.20-15.34.22:853][911]LogWorld: Bringing up level for play took: 0.002792
[2025.03.20-15.34.22:854][911]LogOnline: OSS: Creating online subsystem instance for: :Context_8
[2025.03.20-15.34.22:864][911]LogNativeClassHierarchy: Verbose: Native class hierarchy updated for 'MovieSceneCapture' in 0.0003 seconds. Added 20 classes and 0 folders.
[2025.03.20-15.34.22:868][911]LogViewport: Display: Viewport MouseCaptureMode Changed, CapturePermanently_IncludingInitialMouseDown -> CapturePermanently
[2025.03.20-15.34.22:868][911]PIE: Server logged in
[2025.03.20-15.34.22:869][911]PIE: Play in editor total start time 0.217 seconds.
[2025.03.20-15.34.22:917][912]LogRenderer: Reallocating scene render targets to support 1532x844 Format 10 NumSamples 1 (Frame:1).
[2025.03.20-15.34.27:682][436]LogSlate: Updating window title bar state: overlay mode, drag disabled, window buttons hidden, title bar hidden
[2025.03.20-15.34.27:682][436]LogWorld: BeginTearingDown for /Game/ThirdPersonCPP/Maps/UEDPIE_0_ThirdPersonExampleMap
[2025.03.20-15.34.27:683][436]LogSlate: Window 'DungeonDash Preview [NetMode: Standalone]  (64-bit/Windows) ' being destroyed
[2025.03.20-15.34.27:689][436]LogWorld: UWorld::CleanupWorld for ThirdPersonExampleMap, bSessionEnded=true, bCleanupResources=true
[2025.03.20-15.34.27:690][436]LogSlate: InvalidateAllWidgets triggered.  All widgets were invalidated
[2025.03.20-15.34.27:695][436]LogPlayLevel: Display: Shutting down PIE online subsystems
[2025.03.20-15.34.27:698][436]LogSlate: InvalidateAllWidgets triggered.  All widgets were invalidated
[2025.03.20-15.34.27:731][436]LogAudio: Display: Audio Device unregistered from world 'None'.
[2025.03.20-15.34.27:734][436]LogAudioMixer: FMixerPlatformXAudio2::StopAudioStream() called
[2025.03.20-15.34.27:737][436]LogAudioMixer: FMixerPlatformXAudio2::StopAudioStream() called
[2025.03.20-15.34.27:775][436]LogUObjectHash: Compacting FUObjectHashTables data took   3.58ms
[2025.03.20-15.34.27:796][437]LogPlayLevel: Display: Destroying online subsystem :Context_8
[2025.03.20-15.34.28:667][541]LogTemp: Repeating last play command: New Editor Window (PIE)
[2025.03.20-15.34.28:673][541]LogPlayLevel: PlayLevel: No blueprints needed recompiling
[2025.03.20-15.34.28:673][541]PIE: New page: PIE session: ThirdPersonExampleMap (Mar 20, 2025, 7:34:28 AM)
[2025.03.20-15.34.28:673][541]LogPlayLevel: Creating play world package: /Game/ThirdPersonCPP/Maps/UEDPIE_0_ThirdPersonExampleMap
[2025.03.20-15.34.28:681][541]LogPlayLevel: PIE: StaticDuplicateObject took: (0.007753s)
[2025.03.20-15.34.28:681][541]LogAIModule: Creating AISystem for world ThirdPersonExampleMap
[2025.03.20-15.34.28:681][541]LogPlayLevel: PIE: World Init took: (0.000799s)
[2025.03.20-15.34.28:681][541]LogPlayLevel: PIE: Created PIE world by copying editor world from /Game/ThirdPersonCPP/Maps/ThirdPersonExampleMap.ThirdPersonExampleMap to /Game/ThirdPersonCPP/Maps/UEDPIE_0_ThirdPersonExampleMap.ThirdPersonExampleMap (0.008647s)
[2025.03.20-15.34.28:725][541]LogUObjectHash: Compacting FUObjectHashTables data took   2.61ms
[2025.03.20-15.34.28:726][541]LogAudio: Display: Creating Audio Device:                 Id: 3, Scope: Unique, Realtime: True
[2025.03.20-15.34.28:726][541]LogAudioMixer: Display: Audio Mixer Platform Settings:
[2025.03.20-15.34.28:726][541]LogAudioMixer: Display: 	Sample Rate:						  48000
[2025.03.20-15.34.28:726][541]LogAudioMixer: Display: 	Callback Buffer Frame Size Requested: 1024
[2025.03.20-15.34.28:726][541]LogAudioMixer: Display: 	Callback Buffer Frame Size To Use:	  1024
[2025.03.20-15.34.28:726][541]LogAudioMixer: Display: 	Number of buffers to queue:			  2
[2025.03.20-15.34.28:726][541]LogAudioMixer: Display: 	Max Channels (voices):				  32
[2025.03.20-15.34.28:726][541]LogAudioMixer: Display: 	Number of Async Source Workers:		  0
[2025.03.20-15.34.28:726][541]LogAudio: Display: AudioDevice MaxSources: 32
[2025.03.20-15.34.28:726][541]LogAudio: Display: Audio Spatialization Plugin: None (built-in).
[2025.03.20-15.34.28:726][541]LogAudio: Display: Audio Reverb Plugin: None (built-in).
[2025.03.20-15.34.28:726][541]LogAudio: Display: Audio Occlusion Plugin: None (built-in).
[2025.03.20-15.34.28:726][541]LogAudioMixer: Display: Initializing audio mixer.
[2025.03.20-15.34.28:730][541]LogAudioMixer: Display: 0: FrontLeft
[2025.03.20-15.34.28:730][541]LogAudioMixer: Display: 1: FrontRight
[2025.03.20-15.34.28:831][541]LogAudioMixer: Display: Using Audio Device Speakers (Realtek(R) Audio)
[2025.03.20-15.34.28:831][541]LogAudioMixer: Display: Initializing Sound Submixes...
[2025.03.20-15.34.28:831][541]LogAudioMixer: Display: Creating Master Submix 'MasterSubmixDefault'
[2025.03.20-15.34.28:831][541]LogAudioMixer: Display: Creating Master Submix 'MasterReverbSubmixDefault'
[2025.03.20-15.34.28:832][541]LogAudioMixer: Display: Creating Master Submix 'MasterEQSubmixDefault'
[2025.03.20-15.34.28:832][541]LogAudioMixer: FMixerPlatformXAudio2::StartAudioStream() called
[2025.03.20-15.34.28:832][541]LogAudioMixer: Display: Output buffers initialized: Frames=1024, Channels=2, Samples=2048
[2025.03.20-15.34.28:832][541]LogAudioMixer: Display: Starting AudioMixerPlatformInterface::RunInternal()
[2025.03.20-15.34.28:833][541]LogAudioMixer: Display: FMixerPlatformXAudio2::SubmitBuffer() called for the first time
[2025.03.20-15.34.28:833][541]LogInit: FAudioDevice initialized.
[2025.03.20-15.34.28:833][541]LogAudio: Display: Audio Device (ID: 3) registered with world 'ThirdPersonExampleMap'.
[2025.03.20-15.34.28:849][541]LogSlate: Updating window title bar state: overlay mode, drag disabled, window buttons hidden, title bar hidden
[2025.03.20-15.34.28:849][541]LogLoad: Game class is 'DungeonDashGameMode'
[2025.03.20-15.34.28:850][541]LogWorld: Bringing World /Game/ThirdPersonCPP/Maps/UEDPIE_0_ThirdPersonExampleMap.ThirdPersonExampleMap up for play (max tick rate 0) at 2025.03.20-11.34.28
[2025.03.20-15.34.28:850][541]LogWorld: Bringing up level for play took: 0.001080
[2025.03.20-15.34.28:850][541]LogOnline: OSS: Creating online subsystem instance for: :Context_9
[2025.03.20-15.34.28:853][541]LogViewport: Display: Viewport MouseCaptureMode Changed, CapturePermanently_IncludingInitialMouseDown -> CapturePermanently
[2025.03.20-15.34.28:854][541]PIE: Server logged in
[2025.03.20-15.34.28:855][541]PIE: Play in editor total start time 0.182 seconds.
[2025.03.20-15.34.28:887][542]LogRenderer: Reallocating scene render targets to support 1532x852 Format 10 NumSamples 1 (Frame:1).
[2025.03.20-15.34.30:541][728]LogSlate: Updating window title bar state: overlay mode, drag disabled, window buttons hidden, title bar hidden
[2025.03.20-15.34.30:541][728]LogWorld: BeginTearingDown for /Game/ThirdPersonCPP/Maps/UEDPIE_0_ThirdPersonExampleMap
[2025.03.20-15.34.30:541][728]LogSlate: Window 'DungeonDash Preview [NetMode: Standalone]  (64-bit/Windows) ' being destroyed
[2025.03.20-15.34.30:546][728]LogWorld: UWorld::CleanupWorld for ThirdPersonExampleMap, bSessionEnded=true, bCleanupResources=true
[2025.03.20-15.34.30:547][728]LogSlate: InvalidateAllWidgets triggered.  All widgets were invalidated
[2025.03.20-15.34.30:559][728]LogPlayLevel: Display: Shutting down PIE online subsystems
[2025.03.20-15.34.30:565][728]LogSlate: InvalidateAllWidgets triggered.  All widgets were invalidated
[2025.03.20-15.34.30:588][728]LogAudio: Display: Audio Device unregistered from world 'None'.
[2025.03.20-15.34.30:588][728]LogAudioMixer: FMixerPlatformXAudio2::StopAudioStream() called
[2025.03.20-15.34.30:590][728]LogAudioMixer: FMixerPlatformXAudio2::StopAudioStream() called
[2025.03.20-15.34.30:613][728]LogUObjectHash: Compacting FUObjectHashTables data took   3.43ms
[2025.03.20-15.34.30:634][729]LogPlayLevel: Display: Destroying online subsystem :Context_9
[2025.03.20-15.34.41:126][953]LogUObjectHash: Compacting FUObjectHashTables data took   2.10ms
[2025.03.20-15.34.42:618][953]LogSlate: Window 'Save Content' being destroyed
[2025.03.20-15.34.42:651][953]Cmd: OBJ SAVEPACKAGE PACKAGE="/Game/ThirdPersonCPP/UI/MainMenu" FILE="../../../../../../UnrealProjects/COMP217GroupProject/DungeonDash/Content/ThirdPersonCPP/UI/MainMenu.uasset" SILENT=true
[2025.03.20-15.34.42:668][953]LogSavePackage: Moving '../../../../../../UnrealProjects/COMP217GroupProject/DungeonDash/Saved/MainMenu92DA16BE400AE1B3FD0AE3BC4F621E57.tmp' to '../../../../../../UnrealProjects/COMP217GroupProject/DungeonDash/Content/ThirdPersonCPP/UI/MainMenu.uasset'
[2025.03.20-15.34.42:694][953]LogAssetEditorSubsystem: Opening Asset editor for World /Game/ThirdPersonCPP/Main.Main
[2025.03.20-15.34.42:694][953]Cmd: MAP LOAD FILE="../../../../../../UnrealProjects/COMP217GroupProject/DungeonDash/Content/ThirdPersonCPP/Main.umap" TEMPLATE=0 SHOWPROGRESS=1 FEATURELEVEL=3
[2025.03.20-15.34.42:694][953]LightingResults: New page: Lighting Build
[2025.03.20-15.34.42:694][953]LoadErrors: New page: Loading map: Main.umap
[2025.03.20-15.34.42:723][953]LogWorld: UWorld::CleanupWorld for ThirdPersonExampleMap, bSessionEnded=true, bCleanupResources=true
[2025.03.20-15.34.42:723][953]LogSlate: InvalidateAllWidgets triggered.  All widgets were invalidated
[2025.03.20-15.34.42:723][953]MapCheck: New page: Map Check
[2025.03.20-15.34.42:723][953]LightingResults: New page: Lighting Build
[2025.03.20-15.34.42:740][953]LogAudio: Display: Audio Device unregistered from world 'None'.
[2025.03.20-15.34.42:744][953]LogUObjectHash: Compacting FUObjectHashTables data took   2.26ms
[2025.03.20-15.34.42:744][953]LogAudio: Display: Audio Device (ID: 1) registered with world 'Main'.
[2025.03.20-15.34.42:767][953]LogEditorServer: Finished looking for orphan Actors (0.000 secs)
[2025.03.20-15.34.42:768][953]LogAIModule: Creating AISystem for world Main
[2025.03.20-15.34.42:787][953]LogUObjectHash: Compacting FUObjectHashTables data took   1.41ms
[2025.03.20-15.34.42:789][953]Cmd: MAP CHECKDEP NOCLEARLOG
[2025.03.20-15.34.42:789][953]MapCheck: Map check complete: 0 Error(s), 0 Warning(s), took 0.048ms to complete.
[2025.03.20-15.34.42:789][953]LogFileHelpers: Loading map 'Main' took 0.095
[2025.03.20-15.34.42:812][953]AssetCheck: New page: Asset Save: MainMenu
[2025.03.20-15.34.42:814][953]LogContentValidation: Display: Validating WidgetBlueprint /Game/ThirdPersonCPP/UI/MainMenu.MainMenu
[2025.03.20-15.34.44:829][187]LogVSAccessor: Warning: Couldn't access Visual Studio
[2025.03.20-15.34.44:846][187]Candidate modules for hot reload:
[2025.03.20-15.34.44:846][187]  DungeonDash
[2025.03.20-15.34.44:846][187]Launching UnrealBuildTool... [D:/EpicGame/UnrealEngine/UE_4.27/Engine/Binaries/DotNET/UnrealBuildTool.exe  -ModuleWithSuffix=DungeonDash,1394 DungeonDashEditor Win64 Development -Project="D:/UnrealProjects/COMP217GroupProject/DungeonDash/DungeonDash.uproject" "D:/UnrealProjects/COMP217GroupProject/DungeonDash/DungeonDash.uproject"  -IgnoreJunk]
[2025.03.20-15.34.44:850][187]Warning: Starting HotReload took  0.0s.
[2025.03.20-15.34.46:987][381]CompilerResultsLog: New page: Compilation - Mar 20, 2025, 7:34:46 AM
[2025.03.20-15.34.46:997][381]CompilerResultsLog: Using 'git status' to determine working set for adaptive non-unity build (D:\UnrealProjects\COMP217GroupProject).
[2025.03.20-15.34.46:997][381]CompilerResultsLog: Building DungeonDashEditor...
[2025.03.20-15.34.46:997][381]CompilerResultsLog: Using Visual Studio 2022 14.43.34808 toolchain (C:\Program Files\Microsoft Visual Studio\2022\Community\VC\Tools\MSVC\14.43.34808) and Windows 10.0.26100.0 SDK (C:\Program Files (x86)\Windows Kits\10).
[2025.03.20-15.34.46:997][381]CompilerResultsLog: Building 3 actions with 20 processes...
[2025.03.20-15.34.46:997][381]CompilerResultsLog:   [1/3] UE4Editor-DungeonDash-1394.lib
[2025.03.20-15.34.46:997][381]CompilerResultsLog:     ???ڴ????? D:\UnrealProjects\COMP217GroupProject\DungeonDash\Intermediate\Build\Win64\UE4Editor\Development\DungeonDash\UE4Editor-DungeonDash-1394.lib ?Ͷ??? D:\UnrealProjects\COMP217GroupProject\DungeonDash\Intermediate\Build\Win64\UE4Editor\Development\DungeonDash\UE4Editor-DungeonDash-1394.exp
[2025.03.20-15.34.46:997][381]CompilerResultsLog:   [2/3] UE4Editor-DungeonDash-1394.dll
[2025.03.20-15.34.46:997][381]CompilerResultsLog:     ???ڴ????? D:\UnrealProjects\COMP217GroupProject\DungeonDash\Intermediate\Build\Win64\UE4Editor\Development\DungeonDash\UE4Editor-DungeonDash-1394.suppressed.lib ?Ͷ??? D:\UnrealProjects\COMP217GroupProject\DungeonDash\Intermediate\Build\Win64\UE4Editor\Development\DungeonDash\UE4Editor-DungeonDash-1394.suppressed.exp
[2025.03.20-15.34.46:997][381]CompilerResultsLog:   [3/3] DungeonDashEditor.target
[2025.03.20-15.34.46:997][381]CompilerResultsLog: Total time in Parallel executor: 1.12 seconds
[2025.03.20-15.34.46:997][381]CompilerResultsLog: Total execution time: 2.06 seconds
[2025.03.20-15.34.46:997][381]LogMainFrame: MainFrame: Module compiling took 2.168 seconds
[2025.03.20-15.34.47:039][381]LogNativeClassHierarchy: Verbose: Native class hierarchy updated for 'DungeonDash' in 0.0002 seconds. Added 2 classes and 2 folders.
[2025.03.20-15.34.47:044][381]Display: HotReload successful (0 functions remapped  0 scriptstructs remapped)
[2025.03.20-15.34.47:142][381]LogNativeClassHierarchy: Verbose: Native class hierarchy populated in 0.0061 seconds. Added 3824 classes and 930 folders.
[2025.03.20-15.34.47:143][381]Display: HotReload took  2.3s.
[2025.03.20-15.34.49:263][596]LogTemp: Repeating last play command: New Editor Window (PIE)
[2025.03.20-15.34.49:268][596]LogPlayLevel: PlayLevel: No blueprints needed recompiling
[2025.03.20-15.34.49:268][596]PIE: New page: PIE session: Main (Mar 20, 2025, 7:34:49 AM)
[2025.03.20-15.34.49:278][596]LogPlayLevel: Creating play world package: /Game/ThirdPersonCPP/UEDPIE_0_Main
[2025.03.20-15.34.49:278][596]LogPlayLevel: PIE: StaticDuplicateObject took: (0.000763s)
[2025.03.20-15.34.49:279][596]LogAIModule: Creating AISystem for world Main
[2025.03.20-15.34.49:279][596]LogPlayLevel: PIE: World Init took: (0.001026s)
[2025.03.20-15.34.49:279][596]LogPlayLevel: PIE: Created PIE world by copying editor world from /Game/ThirdPersonCPP/Main.Main to /Game/ThirdPersonCPP/UEDPIE_0_Main.Main (0.001897s)
[2025.03.20-15.34.49:328][596]LogUObjectHash: Compacting FUObjectHashTables data took   2.81ms
[2025.03.20-15.34.49:328][596]LogAudio: Display: Creating Audio Device:                 Id: 4, Scope: Unique, Realtime: True
[2025.03.20-15.34.49:328][596]LogAudioMixer: Display: Audio Mixer Platform Settings:
[2025.03.20-15.34.49:328][596]LogAudioMixer: Display: 	Sample Rate:						  48000
[2025.03.20-15.34.49:328][596]LogAudioMixer: Display: 	Callback Buffer Frame Size Requested: 1024
[2025.03.20-15.34.49:328][596]LogAudioMixer: Display: 	Callback Buffer Frame Size To Use:	  1024
[2025.03.20-15.34.49:328][596]LogAudioMixer: Display: 	Number of buffers to queue:			  2
[2025.03.20-15.34.49:328][596]LogAudioMixer: Display: 	Max Channels (voices):				  32
[2025.03.20-15.34.49:328][596]LogAudioMixer: Display: 	Number of Async Source Workers:		  0
[2025.03.20-15.34.49:328][596]LogAudio: Display: AudioDevice MaxSources: 32
[2025.03.20-15.34.49:328][596]LogAudio: Display: Audio Spatialization Plugin: None (built-in).
[2025.03.20-15.34.49:328][596]LogAudio: Display: Audio Reverb Plugin: None (built-in).
[2025.03.20-15.34.49:328][596]LogAudio: Display: Audio Occlusion Plugin: None (built-in).
[2025.03.20-15.34.49:328][596]LogAudioMixer: Display: Initializing audio mixer.
[2025.03.20-15.34.49:331][596]LogAudioMixer: Display: 0: FrontLeft
[2025.03.20-15.34.49:331][596]LogAudioMixer: Display: 1: FrontRight
[2025.03.20-15.34.49:421][596]LogAudioMixer: Display: Using Audio Device Speakers (Realtek(R) Audio)
[2025.03.20-15.34.49:421][596]LogAudioMixer: Display: Initializing Sound Submixes...
[2025.03.20-15.34.49:421][596]LogAudioMixer: Display: Creating Master Submix 'MasterSubmixDefault'
[2025.03.20-15.34.49:421][596]LogAudioMixer: Display: Creating Master Submix 'MasterReverbSubmixDefault'
[2025.03.20-15.34.49:422][596]LogAudioMixer: Display: Creating Master Submix 'MasterEQSubmixDefault'
[2025.03.20-15.34.49:422][596]LogAudioMixer: FMixerPlatformXAudio2::StartAudioStream() called
[2025.03.20-15.34.49:422][596]LogAudioMixer: Display: Output buffers initialized: Frames=1024, Channels=2, Samples=2048
[2025.03.20-15.34.49:423][596]LogAudioMixer: Display: Starting AudioMixerPlatformInterface::RunInternal()
[2025.03.20-15.34.49:423][596]LogAudioMixer: Display: FMixerPlatformXAudio2::SubmitBuffer() called for the first time
[2025.03.20-15.34.49:423][596]LogInit: FAudioDevice initialized.
[2025.03.20-15.34.49:423][596]LogAudio: Display: Audio Device (ID: 4) registered with world 'Main'.
[2025.03.20-15.34.49:436][596]LogSlate: Updating window title bar state: overlay mode, drag disabled, window buttons hidden, title bar hidden
[2025.03.20-15.34.49:436][596]LogLoad: Game class is 'DungeonDashGameMode'
[2025.03.20-15.34.49:436][596]LogWorld: Bringing World /Game/ThirdPersonCPP/UEDPIE_0_Main.Main up for play (max tick rate 0) at 2025.03.20-11.34.49
[2025.03.20-15.34.49:437][596]LogWorld: Bringing up level for play took: 0.000322
[2025.03.20-15.34.49:437][596]LogOnline: OSS: Creating online subsystem instance for: :Context_10
[2025.03.20-15.34.49:443][596]LogViewport: Display: Viewport MouseCaptureMode Changed, CapturePermanently_IncludingInitialMouseDown -> CapturePermanently
[2025.03.20-15.34.49:445][596]PIE: Server logged in
[2025.03.20-15.34.49:446][596]PIE: Play in editor total start time 0.178 seconds.
[2025.03.20-15.34.49:487][597]LogRenderer: Reallocating scene render targets to support 1536x856 Format 10 NumSamples 1 (Frame:1).
[2025.03.20-15.35.00:442][848]Cmd: r.setRes 1280x720
[2025.03.20-15.35.00:446][848]r.SetRes = "1280x720"
[2025.03.20-15.35.02:734][109]LogNet: Browse: /Game/ThirdPersonCPP/Maps/ThirdPersonExampleMap
[2025.03.20-15.35.02:735][109]LogLoad: LoadMap: /Game/ThirdPersonCPP/Maps/ThirdPersonExampleMap
[2025.03.20-15.35.02:735][109]LogWorld: BeginTearingDown for /Game/ThirdPersonCPP/UEDPIE_0_Main
[2025.03.20-15.35.02:739][109]LogWorld: UWorld::CleanupWorld for Main, bSessionEnded=true, bCleanupResources=true
[2025.03.20-15.35.02:739][109]LogSlate: InvalidateAllWidgets triggered.  All widgets were invalidated
[2025.03.20-15.35.02:755][109]LogAudio: Display: Audio Device unregistered from world 'None'.
[2025.03.20-15.35.02:772][109]LogUObjectHash: Compacting FUObjectHashTables data took   2.01ms
[2025.03.20-15.35.02:785][109]LogAudio: Display: Audio Device (ID: 4) registered with world 'ThirdPersonExampleMap'.
[2025.03.20-15.35.02:785][109]LogAIModule: Creating AISystem for world ThirdPersonExampleMap
[2025.03.20-15.35.02:786][109]LogLoad: Game class is 'DungeonDashGameMode'
[2025.03.20-15.35.02:801][109]LogWorld: Bringing World /Game/ThirdPersonCPP/Maps/UEDPIE_0_ThirdPersonExampleMap.ThirdPersonExampleMap up for play (max tick rate 0) at 2025.03.20-11.35.02
[2025.03.20-15.35.02:801][109]LogWorld: Bringing up level for play took: 0.013612
[2025.03.20-15.35.02:803][109]LogLoad: Took 0.068176 seconds to LoadMap(/Game/ThirdPersonCPP/Maps/ThirdPersonExampleMap)
[2025.03.20-15.35.17:581][829]LogSlate: Updating window title bar state: overlay mode, drag disabled, window buttons hidden, title bar hidden
[2025.03.20-15.35.17:581][829]LogWorld: BeginTearingDown for /Game/ThirdPersonCPP/Maps/UEDPIE_0_ThirdPersonExampleMap
[2025.03.20-15.35.17:581][829]LogSlate: Window 'DungeonDash Preview [NetMode: Standalone]  (64-bit/Windows) ' being destroyed
[2025.03.20-15.35.17:586][829]LogWorld: UWorld::CleanupWorld for ThirdPersonExampleMap, bSessionEnded=true, bCleanupResources=true
[2025.03.20-15.35.17:586][829]LogSlate: InvalidateAllWidgets triggered.  All widgets were invalidated
[2025.03.20-15.35.17:597][829]LogPlayLevel: Display: Shutting down PIE online subsystems
[2025.03.20-15.35.17:599][829]LogSlate: InvalidateAllWidgets triggered.  All widgets were invalidated
[2025.03.20-15.35.17:622][829]LogAudio: Display: Audio Device unregistered from world 'None'.
[2025.03.20-15.35.17:622][829]LogAudioMixer: FMixerPlatformXAudio2::StopAudioStream() called
[2025.03.20-15.35.17:624][829]LogAudioMixer: FMixerPlatformXAudio2::StopAudioStream() called
[2025.03.20-15.35.17:645][829]LogUObjectHash: Compacting FUObjectHashTables data took   1.61ms
[2025.03.20-15.35.17:665][830]LogPlayLevel: Display: Destroying online subsystem :Context_10
[2025.03.20-15.35.27:031][859]LogAssetEditorSubsystem: Opening Asset editor for LevelScriptBlueprint /Game/ThirdPersonCPP/Main.Main:PersistentLevel.Main
[2025.03.20-15.35.39:077][271]LogEditorClassViewer: Warning: Class /Engine/Tutorial/InWorldBlueprintEditing/TutorialAssets/IWBE_Blutility.IWBE_Blutility_C has parent /Script/Blutility.PlacedEditorUtilityBase, but this parent is not found. The Class will not be shown in ClassViewer.
[2025.03.20-15.36.33:400][706]BlueprintLog: New page: Compile Main
[2025.03.20-15.36.33:411][706]LogBlueprint: Error: [AssetLog] D:\UnrealProjects\COMP217GroupProject\DungeonDash\Content\ThirdPersonCPP\Main.umap: [Compiler] This blueprint (self) is not a PlayerController, therefore ' Target ' must have a connection.
[2025.03.20-15.36.33:411][706]LogBlueprint: Error: [AssetLog] D:\UnrealProjects\COMP217GroupProject\DungeonDash\Content\ThirdPersonCPP\Main.umap: [Compiler] Variable node  Set bShowMouseCursor  uses an invalid target.  It may depend on a node that is not connected to the execution chain, and got purged.
[2025.03.20-15.36.33:451][706]LogUObjectHash: Compacting FUObjectHashTables data took   1.91ms
[2025.03.20-15.36.33:473][706]LogSlate: Took 0.005365 seconds to synchronously load lazily loaded font '../../../Engine/Content/Slate/Fonts/DroidSansMono.ttf' (77K)
[2025.03.20-15.37.01:462][ 21]BlueprintLog: New page: Compile Main
[2025.03.20-15.37.01:500][ 21]LogUObjectHash: Compacting FUObjectHashTables data took   1.69ms
[2025.03.20-15.37.02:472][135]LogTemp: Repeating last play command: New Editor Window (PIE)
[2025.03.20-15.37.02:476][135]LogPlayLevel: PlayLevel: No blueprints needed recompiling
[2025.03.20-15.37.02:476][135]PIE: New page: PIE session: Main (Mar 20, 2025, 7:37:02 AM)
[2025.03.20-15.37.02:476][135]LogPlayLevel: Creating play world package: /Game/ThirdPersonCPP/UEDPIE_0_Main
[2025.03.20-15.37.02:477][135]LogPlayLevel: PIE: StaticDuplicateObject took: (0.000848s)
[2025.03.20-15.37.02:478][135]LogAIModule: Creating AISystem for world Main
[2025.03.20-15.37.02:478][135]LogPlayLevel: PIE: World Init took: (0.000743s)
[2025.03.20-15.37.02:478][135]LogPlayLevel: PIE: Created PIE world by copying editor world from /Game/ThirdPersonCPP/Main.Main to /Game/ThirdPersonCPP/UEDPIE_0_Main.Main (0.001669s)
[2025.03.20-15.37.02:496][135]LogUObjectHash: Compacting FUObjectHashTables data took   1.67ms
[2025.03.20-15.37.02:496][135]LogAudio: Display: Creating Audio Device:                 Id: 5, Scope: Unique, Realtime: True
[2025.03.20-15.37.02:496][135]LogAudioMixer: Display: Audio Mixer Platform Settings:
[2025.03.20-15.37.02:496][135]LogAudioMixer: Display: 	Sample Rate:						  48000
[2025.03.20-15.37.02:496][135]LogAudioMixer: Display: 	Callback Buffer Frame Size Requested: 1024
[2025.03.20-15.37.02:496][135]LogAudioMixer: Display: 	Callback Buffer Frame Size To Use:	  1024
[2025.03.20-15.37.02:496][135]LogAudioMixer: Display: 	Number of buffers to queue:			  2
[2025.03.20-15.37.02:496][135]LogAudioMixer: Display: 	Max Channels (voices):				  32
[2025.03.20-15.37.02:496][135]LogAudioMixer: Display: 	Number of Async Source Workers:		  0
[2025.03.20-15.37.02:496][135]LogAudio: Display: AudioDevice MaxSources: 32
[2025.03.20-15.37.02:497][135]LogAudio: Display: Audio Spatialization Plugin: None (built-in).
[2025.03.20-15.37.02:497][135]LogAudio: Display: Audio Reverb Plugin: None (built-in).
[2025.03.20-15.37.02:497][135]LogAudio: Display: Audio Occlusion Plugin: None (built-in).
[2025.03.20-15.37.02:497][135]LogAudioMixer: Display: Initializing audio mixer.
[2025.03.20-15.37.02:500][135]LogAudioMixer: Display: 0: FrontLeft
[2025.03.20-15.37.02:500][135]LogAudioMixer: Display: 1: FrontRight
[2025.03.20-15.37.02:602][135]LogAudioMixer: Display: Using Audio Device Speakers (Realtek(R) Audio)
[2025.03.20-15.37.02:602][135]LogAudioMixer: Display: Initializing Sound Submixes...
[2025.03.20-15.37.02:602][135]LogAudioMixer: Display: Creating Master Submix 'MasterSubmixDefault'
[2025.03.20-15.37.02:602][135]LogAudioMixer: Display: Creating Master Submix 'MasterReverbSubmixDefault'
[2025.03.20-15.37.02:603][135]LogAudioMixer: Display: Creating Master Submix 'MasterEQSubmixDefault'
[2025.03.20-15.37.02:603][135]LogAudioMixer: FMixerPlatformXAudio2::StartAudioStream() called
[2025.03.20-15.37.02:603][135]LogAudioMixer: Display: Output buffers initialized: Frames=1024, Channels=2, Samples=2048
[2025.03.20-15.37.02:604][135]LogAudioMixer: Display: Starting AudioMixerPlatformInterface::RunInternal()
[2025.03.20-15.37.02:604][135]LogAudioMixer: Display: FMixerPlatformXAudio2::SubmitBuffer() called for the first time
[2025.03.20-15.37.02:604][135]LogInit: FAudioDevice initialized.
[2025.03.20-15.37.02:604][135]LogAudio: Display: Audio Device (ID: 5) registered with world 'Main'.
[2025.03.20-15.37.02:618][135]LogSlate: Updating window title bar state: overlay mode, drag disabled, window buttons hidden, title bar hidden
[2025.03.20-15.37.02:618][135]LogLoad: Game class is 'DungeonDashGameMode'
[2025.03.20-15.37.02:618][135]LogWorld: Bringing World /Game/ThirdPersonCPP/UEDPIE_0_Main.Main up for play (max tick rate 0) at 2025.03.20-11.37.02
[2025.03.20-15.37.02:618][135]LogWorld: Bringing up level for play took: 0.000258
[2025.03.20-15.37.02:619][135]LogOnline: OSS: Creating online subsystem instance for: :Context_12
[2025.03.20-15.37.02:620][135]LogGameMode: FindPlayerStart: PATHS NOT DEFINED or NO PLAYERSTART with positive rating
[2025.03.20-15.37.02:622][135]LogViewport: Display: Viewport MouseCaptureMode Changed, CapturePermanently_IncludingInitialMouseDown -> CapturePermanently
[2025.03.20-15.37.02:622][135]PIE: Server logged in
[2025.03.20-15.37.02:623][135]PIE: Play in editor total start time 0.147 seconds.
[2025.03.20-15.37.06:941][568]LogSlate: Window 'DungeonDash Preview [NetMode: Standalone]  (64-bit/Windows) ' being destroyed
[2025.03.20-15.37.06:951][568]LogWorld: BeginTearingDown for /Game/ThirdPersonCPP/UEDPIE_0_Main
[2025.03.20-15.37.06:981][568]LogWorld: UWorld::CleanupWorld for Main, bSessionEnded=true, bCleanupResources=true
[2025.03.20-15.37.06:982][568]LogSlate: InvalidateAllWidgets triggered.  All widgets were invalidated
[2025.03.20-15.37.06:989][568]LogPlayLevel: Display: Shutting down PIE online subsystems
[2025.03.20-15.37.06:994][568]LogSlate: InvalidateAllWidgets triggered.  All widgets were invalidated
[2025.03.20-15.37.07:020][568]LogAudioMixer: FMixerPlatformXAudio2::StopAudioStream() called
[2025.03.20-15.37.07:021][568]LogAudioMixer: FMixerPlatformXAudio2::StopAudioStream() called
[2025.03.20-15.37.07:026][568]LogUObjectHash: Compacting FUObjectHashTables data took   2.09ms
[2025.03.20-15.37.07:042][569]LogPlayLevel: Display: Destroying online subsystem :Context_12
[2025.03.20-15.37.26:121][831]LogSlate: Prevented a slow task dialog from being summoned while a context menu was open
[2025.03.20-15.37.26:136][831]LogEditorClassViewer: Warning: Class /Engine/Tutorial/InWorldBlueprintEditing/TutorialAssets/IWBE_Blutility.IWBE_Blutility_C has parent /Script/Blutility.PlacedEditorUtilityBase, but this parent is not found. The Class will not be shown in ClassViewer.
[2025.03.20-15.37.58:768][831]LogSlate: Window 'Create New GameMode' being destroyed
[2025.03.20-15.38.35:700][ 35]LogSlate: Window 'Create New Blueprint' being destroyed
[2025.03.20-15.38.48:006][455]LogVSAccessor: Warning: Couldn't access Visual Studio
[2025.03.20-15.38.48:010][455]Candidate modules for hot reload:
[2025.03.20-15.38.48:010][455]  DungeonDash
[2025.03.20-15.38.48:010][455]Launching UnrealBuildTool... [D:/EpicGame/UnrealEngine/UE_4.27/Engine/Binaries/DotNET/UnrealBuildTool.exe  -ModuleWithSuffix=DungeonDash,5196 DungeonDashEditor Win64 Development -Project="D:/UnrealProjects/COMP217GroupProject/DungeonDash/DungeonDash.uproject" "D:/UnrealProjects/COMP217GroupProject/DungeonDash/DungeonDash.uproject"  -IgnoreJunk]
[2025.03.20-15.38.48:015][455]Warning: Starting HotReload took  0.0s.
[2025.03.20-15.38.49:805][623]CompilerResultsLog: New page: Compilation - Mar 20, 2025, 7:38:49 AM
[2025.03.20-15.38.49:805][623]CompilerResultsLog: Using 'git status' to determine working set for adaptive non-unity build (D:\UnrealProjects\COMP217GroupProject).
[2025.03.20-15.38.49:805][623]CompilerResultsLog: Building DungeonDashEditor...
[2025.03.20-15.38.49:805][623]CompilerResultsLog: Using Visual Studio 2022 14.43.34808 toolchain (C:\Program Files\Microsoft Visual Studio\2022\Community\VC\Tools\MSVC\14.43.34808) and Windows 10.0.26100.0 SDK (C:\Program Files (x86)\Windows Kits\10).
[2025.03.20-15.38.49:805][623]CompilerResultsLog: Building 3 actions with 20 processes...
[2025.03.20-15.38.49:805][623]CompilerResultsLog:   [1/3] UE4Editor-DungeonDash-5196.lib
[2025.03.20-15.38.49:805][623]CompilerResultsLog:     ???ڴ????? D:\UnrealProjects\COMP217GroupProject\DungeonDash\Intermediate\Build\Win64\UE4Editor\Development\DungeonDash\UE4Editor-DungeonDash-5196.lib ?Ͷ??? D:\UnrealProjects\COMP217GroupProject\DungeonDash\Intermediate\Build\Win64\UE4Editor\Development\DungeonDash\UE4Editor-DungeonDash-5196.exp
[2025.03.20-15.38.49:805][623]CompilerResultsLog:   [2/3] UE4Editor-DungeonDash-5196.dll
[2025.03.20-15.38.49:805][623]CompilerResultsLog:     ???ڴ????? D:\UnrealProjects\COMP217GroupProject\DungeonDash\Intermediate\Build\Win64\UE4Editor\Development\DungeonDash\UE4Editor-DungeonDash-5196.suppressed.lib ?Ͷ??? D:\UnrealProjects\COMP217GroupProject\DungeonDash\Intermediate\Build\Win64\UE4Editor\Development\DungeonDash\UE4Editor-DungeonDash-5196.suppressed.exp
[2025.03.20-15.38.49:805][623]CompilerResultsLog:   [3/3] DungeonDashEditor.target
[2025.03.20-15.38.49:805][623]CompilerResultsLog: Total time in Parallel executor: 1.05 seconds
[2025.03.20-15.38.49:805][623]CompilerResultsLog: Total execution time: 1.72 seconds
[2025.03.20-15.38.49:805][623]LogMainFrame: MainFrame: Module compiling took 1.800 seconds
[2025.03.20-15.38.49:847][623]LogNativeClassHierarchy: Verbose: Native class hierarchy updated for 'DungeonDash' in 0.0002 seconds. Added 2 classes and 2 folders.
[2025.03.20-15.38.49:850][623]Display: HotReload successful (0 functions remapped  0 scriptstructs remapped)
[2025.03.20-15.38.49:928][623]LogNativeClassHierarchy: Verbose: Native class hierarchy populated in 0.0072 seconds. Added 3824 classes and 930 folders.
[2025.03.20-15.38.49:928][623]Display: HotReload took  1.9s.
[2025.03.20-15.38.52:230][856]LogTemp: Repeating last play command: New Editor Window (PIE)
[2025.03.20-15.38.52:234][856]LogPlayLevel: PlayLevel: No blueprints needed recompiling
[2025.03.20-15.38.52:234][856]PIE: New page: PIE session: Main (Mar 20, 2025, 7:38:52 AM)
[2025.03.20-15.38.52:234][856]LogPlayLevel: Creating play world package: /Game/ThirdPersonCPP/UEDPIE_0_Main
[2025.03.20-15.38.52:236][856]LogPlayLevel: PIE: StaticDuplicateObject took: (0.001214s)
[2025.03.20-15.38.52:237][856]LogAIModule: Creating AISystem for world Main
[2025.03.20-15.38.52:237][856]LogPlayLevel: PIE: World Init took: (0.001742s)
[2025.03.20-15.38.52:237][856]LogPlayLevel: PIE: Created PIE world by copying editor world from /Game/ThirdPersonCPP/Main.Main to /Game/ThirdPersonCPP/UEDPIE_0_Main.Main (0.003071s)
[2025.03.20-15.38.52:279][856]LogUObjectHash: Compacting FUObjectHashTables data took   3.49ms
[2025.03.20-15.38.52:281][856]LogAudio: Display: Creating Audio Device:                 Id: 6, Scope: Unique, Realtime: True
[2025.03.20-15.38.52:282][856]LogAudioMixer: Display: Audio Mixer Platform Settings:
[2025.03.20-15.38.52:282][856]LogAudioMixer: Display: 	Sample Rate:						  48000
[2025.03.20-15.38.52:282][856]LogAudioMixer: Display: 	Callback Buffer Frame Size Requested: 1024
[2025.03.20-15.38.52:282][856]LogAudioMixer: Display: 	Callback Buffer Frame Size To Use:	  1024
[2025.03.20-15.38.52:282][856]LogAudioMixer: Display: 	Number of buffers to queue:			  2
[2025.03.20-15.38.52:282][856]LogAudioMixer: Display: 	Max Channels (voices):				  32
[2025.03.20-15.38.52:282][856]LogAudioMixer: Display: 	Number of Async Source Workers:		  0
[2025.03.20-15.38.52:282][856]LogAudio: Display: AudioDevice MaxSources: 32
[2025.03.20-15.38.52:282][856]LogAudio: Display: Audio Spatialization Plugin: None (built-in).
[2025.03.20-15.38.52:282][856]LogAudio: Display: Audio Reverb Plugin: None (built-in).
[2025.03.20-15.38.52:282][856]LogAudio: Display: Audio Occlusion Plugin: None (built-in).
[2025.03.20-15.38.52:282][856]LogAudioMixer: Display: Initializing audio mixer.
[2025.03.20-15.38.52:285][856]LogAudioMixer: Display: 0: FrontLeft
[2025.03.20-15.38.52:285][856]LogAudioMixer: Display: 1: FrontRight
[2025.03.20-15.38.52:379][856]LogAudioMixer: Display: Using Audio Device Speakers (Realtek(R) Audio)
[2025.03.20-15.38.52:379][856]LogAudioMixer: Display: Initializing Sound Submixes...
[2025.03.20-15.38.52:381][856]LogAudioMixer: Display: Creating Master Submix 'MasterSubmixDefault'
[2025.03.20-15.38.52:381][856]LogAudioMixer: Display: Creating Master Submix 'MasterReverbSubmixDefault'
[2025.03.20-15.38.52:381][856]LogAudioMixer: Display: Creating Master Submix 'MasterEQSubmixDefault'
[2025.03.20-15.38.52:381][856]LogAudioMixer: FMixerPlatformXAudio2::StartAudioStream() called
[2025.03.20-15.38.52:381][856]LogAudioMixer: Display: Output buffers initialized: Frames=1024, Channels=2, Samples=2048
[2025.03.20-15.38.52:382][856]LogAudioMixer: Display: Starting AudioMixerPlatformInterface::RunInternal()
[2025.03.20-15.38.52:382][856]LogAudioMixer: Display: FMixerPlatformXAudio2::SubmitBuffer() called for the first time
[2025.03.20-15.38.52:382][856]LogInit: FAudioDevice initialized.
[2025.03.20-15.38.52:382][856]LogAudio: Display: Audio Device (ID: 6) registered with world 'Main'.
[2025.03.20-15.38.52:397][856]LogSlate: Updating window title bar state: overlay mode, drag disabled, window buttons hidden, title bar hidden
[2025.03.20-15.38.52:397][856]LogLoad: Game class is 'DungeonDashGameMode'
[2025.03.20-15.38.52:398][856]LogWorld: Bringing World /Game/ThirdPersonCPP/UEDPIE_0_Main.Main up for play (max tick rate 0) at 2025.03.20-11.38.52
[2025.03.20-15.38.52:398][856]LogWorld: Bringing up level for play took: 0.000478
[2025.03.20-15.38.52:398][856]LogOnline: OSS: Creating online subsystem instance for: :Context_13
[2025.03.20-15.38.52:402][856]LogViewport: Display: Viewport MouseCaptureMode Changed, CapturePermanently_IncludingInitialMouseDown -> CapturePermanently
[2025.03.20-15.38.52:404][856]PIE: Server logged in
[2025.03.20-15.38.52:404][856]PIE: Play in editor total start time 0.17 seconds.
[2025.03.20-15.38.57:593][445]LogSlate: Window 'DungeonDash Preview [NetMode: Standalone]  (64-bit/Windows) ' being destroyed
[2025.03.20-15.38.57:599][445]LogWorld: BeginTearingDown for /Game/ThirdPersonCPP/UEDPIE_0_Main
[2025.03.20-15.38.57:630][445]LogWorld: UWorld::CleanupWorld for Main, bSessionEnded=true, bCleanupResources=true
[2025.03.20-15.38.57:630][445]LogSlate: InvalidateAllWidgets triggered.  All widgets were invalidated
[2025.03.20-15.38.57:641][445]LogPlayLevel: Display: Shutting down PIE online subsystems
[2025.03.20-15.38.57:647][445]LogSlate: InvalidateAllWidgets triggered.  All widgets were invalidated
[2025.03.20-15.38.57:675][445]LogAudio: Display: Audio Device unregistered from world 'None'.
[2025.03.20-15.38.57:676][445]LogAudioMixer: FMixerPlatformXAudio2::StopAudioStream() called
[2025.03.20-15.38.57:677][445]LogAudioMixer: FMixerPlatformXAudio2::StopAudioStream() called
[2025.03.20-15.38.57:702][445]LogUObjectHash: Compacting FUObjectHashTables data took   4.19ms
[2025.03.20-15.38.57:743][446]LogPlayLevel: Display: Destroying online subsystem :Context_13
[2025.03.20-15.40.27:239][106]LogSlate: Prevented a slow task dialog from being summoned while a context menu was open
[2025.03.20-15.40.27:251][106]LogEditorClassViewer: Warning: Class /Engine/Tutorial/InWorldBlueprintEditing/TutorialAssets/IWBE_Blutility.IWBE_Blutility_C has parent /Script/Blutility.PlacedEditorUtilityBase, but this parent is not found. The Class will not be shown in ClassViewer.
[2025.03.20-15.45.37:353][386]BlueprintLog: New page: Compile Main
[2025.03.20-15.45.37:392][386]LogUObjectHash: Compacting FUObjectHashTables data took   3.07ms
[2025.03.20-15.45.41:000][812]LogTemp: Repeating last play command: New Editor Window (PIE)
[2025.03.20-15.45.41:005][812]LogPlayLevel: PlayLevel: No blueprints needed recompiling
[2025.03.20-15.45.41:005][812]PIE: New page: PIE session: Main (Mar 20, 2025, 7:45:41 AM)
[2025.03.20-15.45.41:005][812]LogPlayLevel: Creating play world package: /Game/ThirdPersonCPP/UEDPIE_0_Main
[2025.03.20-15.45.41:006][812]LogPlayLevel: PIE: StaticDuplicateObject took: (0.000741s)
[2025.03.20-15.45.41:007][812]LogAIModule: Creating AISystem for world Main
[2025.03.20-15.45.41:007][812]LogPlayLevel: PIE: World Init took: (0.000870s)
[2025.03.20-15.45.41:007][812]LogPlayLevel: PIE: Created PIE world by copying editor world from /Game/ThirdPersonCPP/Main.Main to /Game/ThirdPersonCPP/UEDPIE_0_Main.Main (0.001683s)
[2025.03.20-15.45.41:030][812]LogUObjectHash: Compacting FUObjectHashTables data took   2.02ms
[2025.03.20-15.45.41:030][812]LogAudio: Display: Creating Audio Device:                 Id: 7, Scope: Unique, Realtime: True
[2025.03.20-15.45.41:030][812]LogAudioMixer: Display: Audio Mixer Platform Settings:
[2025.03.20-15.45.41:030][812]LogAudioMixer: Display: 	Sample Rate:						  48000
[2025.03.20-15.45.41:030][812]LogAudioMixer: Display: 	Callback Buffer Frame Size Requested: 1024
[2025.03.20-15.45.41:030][812]LogAudioMixer: Display: 	Callback Buffer Frame Size To Use:	  1024
[2025.03.20-15.45.41:030][812]LogAudioMixer: Display: 	Number of buffers to queue:			  2
[2025.03.20-15.45.41:030][812]LogAudioMixer: Display: 	Max Channels (voices):				  32
[2025.03.20-15.45.41:030][812]LogAudioMixer: Display: 	Number of Async Source Workers:		  0
[2025.03.20-15.45.41:030][812]LogAudio: Display: AudioDevice MaxSources: 32
[2025.03.20-15.45.41:031][812]LogAudio: Display: Audio Spatialization Plugin: None (built-in).
[2025.03.20-15.45.41:031][812]LogAudio: Display: Audio Reverb Plugin: None (built-in).
[2025.03.20-15.45.41:031][812]LogAudio: Display: Audio Occlusion Plugin: None (built-in).
[2025.03.20-15.45.41:031][812]LogAudioMixer: Display: Initializing audio mixer.
[2025.03.20-15.45.41:034][812]LogAudioMixer: Display: 0: FrontLeft
[2025.03.20-15.45.41:034][812]LogAudioMixer: Display: 1: FrontRight
[2025.03.20-15.45.41:132][812]LogAudioMixer: Display: Using Audio Device Speakers (Realtek(R) Audio)
[2025.03.20-15.45.41:132][812]LogAudioMixer: Display: Initializing Sound Submixes...
[2025.03.20-15.45.41:132][812]LogAudioMixer: Display: Creating Master Submix 'MasterSubmixDefault'
[2025.03.20-15.45.41:132][812]LogAudioMixer: Display: Creating Master Submix 'MasterReverbSubmixDefault'
[2025.03.20-15.45.41:134][812]LogAudioMixer: Display: Creating Master Submix 'MasterEQSubmixDefault'
[2025.03.20-15.45.41:134][812]LogAudioMixer: FMixerPlatformXAudio2::StartAudioStream() called
[2025.03.20-15.45.41:134][812]LogAudioMixer: Display: Output buffers initialized: Frames=1024, Channels=2, Samples=2048
[2025.03.20-15.45.41:135][812]LogAudioMixer: Display: Starting AudioMixerPlatformInterface::RunInternal()
[2025.03.20-15.45.41:135][812]LogAudioMixer: Display: FMixerPlatformXAudio2::SubmitBuffer() called for the first time
[2025.03.20-15.45.41:135][812]LogInit: FAudioDevice initialized.
[2025.03.20-15.45.41:135][812]LogAudio: Display: Audio Device (ID: 7) registered with world 'Main'.
[2025.03.20-15.45.41:152][812]LogSlate: Updating window title bar state: overlay mode, drag disabled, window buttons hidden, title bar hidden
[2025.03.20-15.45.41:152][812]LogLoad: Game class is 'DungeonDashGameMode'
[2025.03.20-15.45.41:153][812]LogWorld: Bringing World /Game/ThirdPersonCPP/UEDPIE_0_Main.Main up for play (max tick rate 0) at 2025.03.20-11.45.41
[2025.03.20-15.45.41:153][812]LogWorld: Bringing up level for play took: 0.000274
[2025.03.20-15.45.41:153][812]LogOnline: OSS: Creating online subsystem instance for: :Context_14
[2025.03.20-15.45.41:157][812]LogViewport: Display: Viewport MouseCaptureMode Changed, CapturePermanently_IncludingInitialMouseDown -> CapturePermanently
[2025.03.20-15.45.41:158][812]PIE: Server logged in
[2025.03.20-15.45.41:159][812]PIE: Play in editor total start time 0.155 seconds.
[2025.03.20-15.45.45:721][346]LogSlate: Updating window title bar state: overlay mode, drag disabled, window buttons hidden, title bar hidden
[2025.03.20-15.45.45:721][346]LogWorld: BeginTearingDown for /Game/ThirdPersonCPP/UEDPIE_0_Main
[2025.03.20-15.45.45:722][346]LogSlate: Window 'DungeonDash Preview [NetMode: Standalone]  (64-bit/Windows) ' being destroyed
[2025.03.20-15.45.45:729][346]LogWorld: UWorld::CleanupWorld for Main, bSessionEnded=true, bCleanupResources=true
[2025.03.20-15.45.45:729][346]LogSlate: InvalidateAllWidgets triggered.  All widgets were invalidated
[2025.03.20-15.45.45:735][346]LogPlayLevel: Display: Shutting down PIE online subsystems
[2025.03.20-15.45.45:739][346]LogSlate: InvalidateAllWidgets triggered.  All widgets were invalidated
[2025.03.20-15.45.45:761][346]LogAudioMixer: FMixerPlatformXAudio2::StopAudioStream() called
[2025.03.20-15.45.45:763][346]LogAudioMixer: FMixerPlatformXAudio2::StopAudioStream() called
[2025.03.20-15.45.45:768][346]LogUObjectHash: Compacting FUObjectHashTables data took   2.99ms
[2025.03.20-15.45.45:791][347]LogPlayLevel: Display: Destroying online subsystem :Context_14
[2025.03.20-15.49.39:085][170]BlueprintLog: New page: Compile Main
[2025.03.20-15.49.39:125][170]LogUObjectHash: Compacting FUObjectHashTables data took   2.75ms
[2025.03.20-15.49.41:534][440]LogTemp: Repeating last play command: New Editor Window (PIE)
[2025.03.20-15.49.41:541][440]LogPlayLevel: PlayLevel: No blueprints needed recompiling
[2025.03.20-15.49.41:541][440]PIE: New page: PIE session: Main (Mar 20, 2025, 7:49:41 AM)
[2025.03.20-15.49.41:541][440]LogPlayLevel: Creating play world package: /Game/ThirdPersonCPP/UEDPIE_0_Main
[2025.03.20-15.49.41:542][440]LogPlayLevel: PIE: StaticDuplicateObject took: (0.001053s)
[2025.03.20-15.49.41:543][440]LogAIModule: Creating AISystem for world Main
[2025.03.20-15.49.41:543][440]LogPlayLevel: PIE: World Init took: (0.000903s)
[2025.03.20-15.49.41:543][440]LogPlayLevel: PIE: Created PIE world by copying editor world from /Game/ThirdPersonCPP/Main.Main to /Game/ThirdPersonCPP/UEDPIE_0_Main.Main (0.002036s)
[2025.03.20-15.49.41:563][440]LogUObjectHash: Compacting FUObjectHashTables data took   1.90ms
[2025.03.20-15.49.41:564][440]LogAudio: Display: Creating Audio Device:                 Id: 8, Scope: Unique, Realtime: True
[2025.03.20-15.49.41:564][440]LogAudioMixer: Display: Audio Mixer Platform Settings:
[2025.03.20-15.49.41:564][440]LogAudioMixer: Display: 	Sample Rate:						  48000
[2025.03.20-15.49.41:564][440]LogAudioMixer: Display: 	Callback Buffer Frame Size Requested: 1024
[2025.03.20-15.49.41:564][440]LogAudioMixer: Display: 	Callback Buffer Frame Size To Use:	  1024
[2025.03.20-15.49.41:564][440]LogAudioMixer: Display: 	Number of buffers to queue:			  2
[2025.03.20-15.49.41:564][440]LogAudioMixer: Display: 	Max Channels (voices):				  32
[2025.03.20-15.49.41:564][440]LogAudioMixer: Display: 	Number of Async Source Workers:		  0
[2025.03.20-15.49.41:564][440]LogAudio: Display: AudioDevice MaxSources: 32
[2025.03.20-15.49.41:564][440]LogAudio: Display: Audio Spatialization Plugin: None (built-in).
[2025.03.20-15.49.41:564][440]LogAudio: Display: Audio Reverb Plugin: None (built-in).
[2025.03.20-15.49.41:564][440]LogAudio: Display: Audio Occlusion Plugin: None (built-in).
[2025.03.20-15.49.41:564][440]LogAudioMixer: Display: Initializing audio mixer.
[2025.03.20-15.49.41:567][440]LogAudioMixer: Display: 0: FrontLeft
[2025.03.20-15.49.41:567][440]LogAudioMixer: Display: 1: FrontRight
[2025.03.20-15.49.41:675][440]LogAudioMixer: Display: Using Audio Device Speakers (Realtek(R) Audio)
[2025.03.20-15.49.41:675][440]LogAudioMixer: Display: Initializing Sound Submixes...
[2025.03.20-15.49.41:675][440]LogAudioMixer: Display: Creating Master Submix 'MasterSubmixDefault'
[2025.03.20-15.49.41:675][440]LogAudioMixer: Display: Creating Master Submix 'MasterReverbSubmixDefault'
[2025.03.20-15.49.41:675][440]LogAudioMixer: Display: Creating Master Submix 'MasterEQSubmixDefault'
[2025.03.20-15.49.41:675][440]LogAudioMixer: FMixerPlatformXAudio2::StartAudioStream() called
[2025.03.20-15.49.41:675][440]LogAudioMixer: Display: Output buffers initialized: Frames=1024, Channels=2, Samples=2048
[2025.03.20-15.49.41:677][440]LogAudioMixer: Display: Starting AudioMixerPlatformInterface::RunInternal()
[2025.03.20-15.49.41:677][440]LogAudioMixer: Display: FMixerPlatformXAudio2::SubmitBuffer() called for the first time
[2025.03.20-15.49.41:677][440]LogInit: FAudioDevice initialized.
[2025.03.20-15.49.41:677][440]LogAudio: Display: Audio Device (ID: 8) registered with world 'Main'.
[2025.03.20-15.49.41:690][440]LogSlate: Updating window title bar state: overlay mode, drag disabled, window buttons hidden, title bar hidden
[2025.03.20-15.49.41:690][440]LogLoad: Game class is 'DungeonDashGameMode'
[2025.03.20-15.49.41:691][440]LogWorld: Bringing World /Game/ThirdPersonCPP/UEDPIE_0_Main.Main up for play (max tick rate 0) at 2025.03.20-11.49.41
[2025.03.20-15.49.41:692][440]LogWorld: Bringing up level for play took: 0.000337
[2025.03.20-15.49.41:692][440]LogOnline: OSS: Creating online subsystem instance for: :Context_15
[2025.03.20-15.49.41:696][440]LogViewport: Display: Viewport MouseCaptureMode Changed, CapturePermanently_IncludingInitialMouseDown -> CapturePermanently
[2025.03.20-15.49.41:697][440]PIE: Server logged in
[2025.03.20-15.49.41:698][440]PIE: Play in editor total start time 0.157 seconds.
[2025.03.20-15.49.43:613][661]LogNet: Browse: /Game/ThirdPersonCPP/Maps/ThirdPersonExampleMap
[2025.03.20-15.49.43:613][661]LogLoad: LoadMap: /Game/ThirdPersonCPP/Maps/ThirdPersonExampleMap
[2025.03.20-15.49.43:613][661]LogWorld: BeginTearingDown for /Game/ThirdPersonCPP/UEDPIE_0_Main
[2025.03.20-15.49.43:614][661]LogWorld: UWorld::CleanupWorld for Main, bSessionEnded=true, bCleanupResources=true
[2025.03.20-15.49.43:614][661]LogSlate: InvalidateAllWidgets triggered.  All widgets were invalidated
[2025.03.20-15.49.43:659][661]LogAudio: Display: Audio Device unregistered from world 'None'.
[2025.03.20-15.49.43:662][661]LogUObjectHash: Compacting FUObjectHashTables data took   1.98ms
[2025.03.20-15.49.43:669][661]LogAudio: Display: Audio Device (ID: 8) registered with world 'ThirdPersonExampleMap'.
[2025.03.20-15.49.43:671][661]LogAIModule: Creating AISystem for world ThirdPersonExampleMap
[2025.03.20-15.49.43:671][661]LogLoad: Game class is 'DungeonDashGameMode'
[2025.03.20-15.49.43:676][661]LogWorld: Bringing World /Game/ThirdPersonCPP/Maps/UEDPIE_0_ThirdPersonExampleMap.ThirdPersonExampleMap up for play (max tick rate 0) at 2025.03.20-11.49.43
[2025.03.20-15.49.43:677][661]LogWorld: Bringing up level for play took: 0.004635
[2025.03.20-15.49.43:677][661]LogLoad: Took 0.062999 seconds to LoadMap(/Game/ThirdPersonCPP/Maps/ThirdPersonExampleMap)
[2025.03.20-15.49.45:191][836]LogSlate: Updating window title bar state: overlay mode, drag disabled, window buttons hidden, title bar hidden
[2025.03.20-15.49.45:191][836]LogWorld: BeginTearingDown for /Game/ThirdPersonCPP/Maps/UEDPIE_0_ThirdPersonExampleMap
[2025.03.20-15.49.45:191][836]LogSlate: Window 'DungeonDash Preview [NetMode: Standalone]  (64-bit/Windows) ' being destroyed
[2025.03.20-15.49.45:196][836]LogWorld: UWorld::CleanupWorld for ThirdPersonExampleMap, bSessionEnded=true, bCleanupResources=true
[2025.03.20-15.49.45:197][836]LogSlate: InvalidateAllWidgets triggered.  All widgets were invalidated
[2025.03.20-15.49.45:209][836]LogPlayLevel: Display: Shutting down PIE online subsystems
[2025.03.20-15.49.45:212][836]LogSlate: InvalidateAllWidgets triggered.  All widgets were invalidated
[2025.03.20-15.49.45:238][836]LogAudioMixer: FMixerPlatformXAudio2::StopAudioStream() called
[2025.03.20-15.49.45:239][836]LogAudioMixer: FMixerPlatformXAudio2::StopAudioStream() called
[2025.03.20-15.49.45:246][836]LogUObjectHash: Compacting FUObjectHashTables data took   3.13ms
[2025.03.20-15.49.45:270][837]LogPlayLevel: Display: Destroying online subsystem :Context_15
[2025.03.20-15.49.46:659][  0]LogVSAccessor: Warning: Couldn't access Visual Studio
[2025.03.20-15.49.46:665][  0]Candidate modules for hot reload:
[2025.03.20-15.49.46:665][  0]  DungeonDash
[2025.03.20-15.49.46:665][  0]Launching UnrealBuildTool... [D:/EpicGame/UnrealEngine/UE_4.27/Engine/Binaries/DotNET/UnrealBuildTool.exe  -ModuleWithSuffix=DungeonDash,8518 DungeonDashEditor Win64 Development -Project="D:/UnrealProjects/COMP217GroupProject/DungeonDash/DungeonDash.uproject" "D:/UnrealProjects/COMP217GroupProject/DungeonDash/DungeonDash.uproject"  -IgnoreJunk]
[2025.03.20-15.49.46:669][  0]Warning: Starting HotReload took  0.0s.
[2025.03.20-15.49.48:509][179]CompilerResultsLog: New page: Compilation - Mar 20, 2025, 7:49:48 AM
[2025.03.20-15.49.48:509][179]CompilerResultsLog: Using 'git status' to determine working set for adaptive non-unity build (D:\UnrealProjects\COMP217GroupProject).
[2025.03.20-15.49.48:509][179]CompilerResultsLog: Building DungeonDashEditor...
[2025.03.20-15.49.48:509][179]CompilerResultsLog: Using Visual Studio 2022 14.43.34808 toolchain (C:\Program Files\Microsoft Visual Studio\2022\Community\VC\Tools\MSVC\14.43.34808) and Windows 10.0.26100.0 SDK (C:\Program Files (x86)\Windows Kits\10).
[2025.03.20-15.49.48:509][179]CompilerResultsLog: Building 3 actions with 20 processes...
[2025.03.20-15.49.48:509][179]CompilerResultsLog:   [1/3] UE4Editor-DungeonDash-8518.lib
[2025.03.20-15.49.48:509][179]CompilerResultsLog:     ???ڴ????? D:\UnrealProjects\COMP217GroupProject\DungeonDash\Intermediate\Build\Win64\UE4Editor\Development\DungeonDash\UE4Editor-DungeonDash-8518.lib ?Ͷ??? D:\UnrealProjects\COMP217GroupProject\DungeonDash\Intermediate\Build\Win64\UE4Editor\Development\DungeonDash\UE4Editor-DungeonDash-8518.exp
[2025.03.20-15.49.48:509][179]CompilerResultsLog:   [2/3] UE4Editor-DungeonDash-8518.dll
[2025.03.20-15.49.48:509][179]CompilerResultsLog:     ???ڴ????? D:\UnrealProjects\COMP217GroupProject\DungeonDash\Intermediate\Build\Win64\UE4Editor\Development\DungeonDash\UE4Editor-DungeonDash-8518.suppressed.lib ?Ͷ??? D:\UnrealProjects\COMP217GroupProject\DungeonDash\Intermediate\Build\Win64\UE4Editor\Development\DungeonDash\UE4Editor-DungeonDash-8518.suppressed.exp
[2025.03.20-15.49.48:509][179]CompilerResultsLog:   [3/3] DungeonDashEditor.target
[2025.03.20-15.49.48:509][179]CompilerResultsLog: Total time in Parallel executor: 1.19 seconds
[2025.03.20-15.49.48:509][179]CompilerResultsLog: Total execution time: 1.78 seconds
[2025.03.20-15.49.48:509][179]LogMainFrame: MainFrame: Module compiling took 1.850 seconds
[2025.03.20-15.49.48:550][179]LogNativeClassHierarchy: Verbose: Native class hierarchy updated for 'DungeonDash' in 0.0003 seconds. Added 2 classes and 2 folders.
[2025.03.20-15.49.48:554][179]Display: HotReload successful (0 functions remapped  0 scriptstructs remapped)
[2025.03.20-15.49.48:676][179]LogNativeClassHierarchy: Verbose: Native class hierarchy populated in 0.0068 seconds. Added 3824 classes and 930 folders.
[2025.03.20-15.49.48:676][179]Display: HotReload took  2.0s.
[2025.03.20-15.49.51:309][449]LogTemp: Repeating last play command: New Editor Window (PIE)
[2025.03.20-15.49.51:314][449]LogPlayLevel: PlayLevel: No blueprints needed recompiling
[2025.03.20-15.49.51:314][449]PIE: New page: PIE session: Main (Mar 20, 2025, 7:49:51 AM)
[2025.03.20-15.49.51:314][449]LogPlayLevel: Creating play world package: /Game/ThirdPersonCPP/UEDPIE_0_Main
[2025.03.20-15.49.51:315][449]LogPlayLevel: PIE: StaticDuplicateObject took: (0.000843s)
[2025.03.20-15.49.51:320][449]LogAIModule: Creating AISystem for world Main
[2025.03.20-15.49.51:320][449]LogPlayLevel: PIE: World Init took: (0.005193s)
[2025.03.20-15.49.51:321][449]LogPlayLevel: PIE: Created PIE world by copying editor world from /Game/ThirdPersonCPP/Main.Main to /Game/ThirdPersonCPP/UEDPIE_0_Main.Main (0.006113s)
[2025.03.20-15.49.51:377][449]LogUObjectHash: Compacting FUObjectHashTables data took   3.93ms
[2025.03.20-15.49.51:379][449]LogAudio: Display: Creating Audio Device:                 Id: 9, Scope: Unique, Realtime: True
[2025.03.20-15.49.51:379][449]LogAudioMixer: Display: Audio Mixer Platform Settings:
[2025.03.20-15.49.51:379][449]LogAudioMixer: Display: 	Sample Rate:						  48000
[2025.03.20-15.49.51:379][449]LogAudioMixer: Display: 	Callback Buffer Frame Size Requested: 1024
[2025.03.20-15.49.51:379][449]LogAudioMixer: Display: 	Callback Buffer Frame Size To Use:	  1024
[2025.03.20-15.49.51:379][449]LogAudioMixer: Display: 	Number of buffers to queue:			  2
[2025.03.20-15.49.51:379][449]LogAudioMixer: Display: 	Max Channels (voices):				  32
[2025.03.20-15.49.51:379][449]LogAudioMixer: Display: 	Number of Async Source Workers:		  0
[2025.03.20-15.49.51:379][449]LogAudio: Display: AudioDevice MaxSources: 32
[2025.03.20-15.49.51:380][449]LogAudio: Display: Audio Spatialization Plugin: None (built-in).
[2025.03.20-15.49.51:380][449]LogAudio: Display: Audio Reverb Plugin: None (built-in).
[2025.03.20-15.49.51:380][449]LogAudio: Display: Audio Occlusion Plugin: None (built-in).
[2025.03.20-15.49.51:380][449]LogAudioMixer: Display: Initializing audio mixer.
[2025.03.20-15.49.51:382][449]LogAudioMixer: Display: 0: FrontLeft
[2025.03.20-15.49.51:382][449]LogAudioMixer: Display: 1: FrontRight
[2025.03.20-15.49.51:491][449]LogAudioMixer: Display: Using Audio Device Speakers (Realtek(R) Audio)
[2025.03.20-15.49.51:491][449]LogAudioMixer: Display: Initializing Sound Submixes...
[2025.03.20-15.49.51:491][449]LogAudioMixer: Display: Creating Master Submix 'MasterSubmixDefault'
[2025.03.20-15.49.51:491][449]LogAudioMixer: Display: Creating Master Submix 'MasterReverbSubmixDefault'
[2025.03.20-15.49.51:491][449]LogAudioMixer: Display: Creating Master Submix 'MasterEQSubmixDefault'
[2025.03.20-15.49.51:491][449]LogAudioMixer: FMixerPlatformXAudio2::StartAudioStream() called
[2025.03.20-15.49.51:491][449]LogAudioMixer: Display: Output buffers initialized: Frames=1024, Channels=2, Samples=2048
[2025.03.20-15.49.51:492][449]LogAudioMixer: Display: Starting AudioMixerPlatformInterface::RunInternal()
[2025.03.20-15.49.51:492][449]LogAudioMixer: Display: FMixerPlatformXAudio2::SubmitBuffer() called for the first time
[2025.03.20-15.49.51:492][449]LogInit: FAudioDevice initialized.
[2025.03.20-15.49.51:492][449]LogAudio: Display: Audio Device (ID: 9) registered with world 'Main'.
[2025.03.20-15.49.51:506][449]LogSlate: Updating window title bar state: overlay mode, drag disabled, window buttons hidden, title bar hidden
[2025.03.20-15.49.51:506][449]LogLoad: Game class is 'DungeonDashGameMode'
[2025.03.20-15.49.51:506][449]LogWorld: Bringing World /Game/ThirdPersonCPP/UEDPIE_0_Main.Main up for play (max tick rate 0) at 2025.03.20-11.49.51
[2025.03.20-15.49.51:506][449]LogWorld: Bringing up level for play took: 0.000239
[2025.03.20-15.49.51:506][449]LogOnline: OSS: Creating online subsystem instance for: :Context_16
[2025.03.20-15.49.51:511][449]LogViewport: Display: Viewport MouseCaptureMode Changed, CapturePermanently_IncludingInitialMouseDown -> CapturePermanently
[2025.03.20-15.49.51:512][449]PIE: Server logged in
[2025.03.20-15.49.51:513][449]PIE: Play in editor total start time 0.201 seconds.
[2025.03.20-15.49.52:753][576]LogNet: Browse: /Game/ThirdPersonCPP/Maps/ThirdPersonExampleMap
[2025.03.20-15.49.52:753][576]LogLoad: LoadMap: /Game/ThirdPersonCPP/Maps/ThirdPersonExampleMap
[2025.03.20-15.49.52:753][576]LogWorld: BeginTearingDown for /Game/ThirdPersonCPP/UEDPIE_0_Main
[2025.03.20-15.49.52:754][576]LogWorld: UWorld::CleanupWorld for Main, bSessionEnded=true, bCleanupResources=true
[2025.03.20-15.49.52:754][576]LogSlate: InvalidateAllWidgets triggered.  All widgets were invalidated
[2025.03.20-15.49.52:822][576]LogAudio: Display: Audio Device unregistered from world 'None'.
[2025.03.20-15.49.52:838][576]LogUObjectHash: Compacting FUObjectHashTables data took   2.86ms
[2025.03.20-15.49.52:851][576]LogAudio: Display: Audio Device (ID: 9) registered with world 'ThirdPersonExampleMap'.
[2025.03.20-15.49.52:852][576]LogAIModule: Creating AISystem for world ThirdPersonExampleMap
[2025.03.20-15.49.52:852][576]LogLoad: Game class is 'DungeonDashGameMode'
[2025.03.20-15.49.52:857][576]LogWorld: Bringing World /Game/ThirdPersonCPP/Maps/UEDPIE_0_ThirdPersonExampleMap.ThirdPersonExampleMap up for play (max tick rate 0) at 2025.03.20-11.49.52
[2025.03.20-15.49.52:857][576]LogWorld: Bringing up level for play took: 0.005075
[2025.03.20-15.49.52:858][576]LogLoad: Took 0.105367 seconds to LoadMap(/Game/ThirdPersonCPP/Maps/ThirdPersonExampleMap)
[2025.03.20-15.49.53:461][638]LogSlate: Updating window title bar state: overlay mode, drag disabled, window buttons hidden, title bar hidden
[2025.03.20-15.49.53:461][638]LogWorld: BeginTearingDown for /Game/ThirdPersonCPP/Maps/UEDPIE_0_ThirdPersonExampleMap
[2025.03.20-15.49.53:462][638]LogSlate: Window 'DungeonDash Preview [NetMode: Standalone]  (64-bit/Windows) ' being destroyed
[2025.03.20-15.49.53:472][638]LogWorld: UWorld::CleanupWorld for ThirdPersonExampleMap, bSessionEnded=true, bCleanupResources=true
[2025.03.20-15.49.53:472][638]LogSlate: InvalidateAllWidgets triggered.  All widgets were invalidated
[2025.03.20-15.49.53:479][638]LogPlayLevel: Display: Shutting down PIE online subsystems
[2025.03.20-15.49.53:485][638]LogSlate: InvalidateAllWidgets triggered.  All widgets were invalidated
[2025.03.20-15.49.53:512][638]LogAudio: Display: Audio Device unregistered from world 'None'.
[2025.03.20-15.49.53:512][638]LogAudioMixer: FMixerPlatformXAudio2::StopAudioStream() called
[2025.03.20-15.49.53:515][638]LogAudioMixer: FMixerPlatformXAudio2::StopAudioStream() called
[2025.03.20-15.49.53:537][638]LogUObjectHash: Compacting FUObjectHashTables data took   1.93ms
[2025.03.20-15.49.53:563][639]LogPlayLevel: Display: Destroying online subsystem :Context_16
[2025.03.20-15.51.33:441][447]BlueprintLog: New page: Compile Main
[2025.03.20-15.51.33:482][447]LogUObjectHash: Compacting FUObjectHashTables data took   3.15ms
[2025.03.20-15.51.41:484][400]LogVSAccessor: Warning: Couldn't access Visual Studio
[2025.03.20-15.51.41:489][400]Candidate modules for hot reload:
[2025.03.20-15.51.41:489][400]  DungeonDash
[2025.03.20-15.51.41:490][400]Launching UnrealBuildTool... [D:/EpicGame/UnrealEngine/UE_4.27/Engine/Binaries/DotNET/UnrealBuildTool.exe  -ModuleWithSuffix=DungeonDash,4019 DungeonDashEditor Win64 Development -Project="D:/UnrealProjects/COMP217GroupProject/DungeonDash/DungeonDash.uproject" "D:/UnrealProjects/COMP217GroupProject/DungeonDash/DungeonDash.uproject"  -IgnoreJunk]
[2025.03.20-15.51.41:494][400]Warning: Starting HotReload took  0.0s.
[2025.03.20-15.51.43:346][579]CompilerResultsLog: New page: Compilation - Mar 20, 2025, 7:51:43 AM
[2025.03.20-15.51.43:346][579]CompilerResultsLog: Using 'git status' to determine working set for adaptive non-unity build (D:\UnrealProjects\COMP217GroupProject).
[2025.03.20-15.51.43:346][579]CompilerResultsLog: Building DungeonDashEditor...
[2025.03.20-15.51.43:346][579]CompilerResultsLog: Using Visual Studio 2022 14.43.34808 toolchain (C:\Program Files\Microsoft Visual Studio\2022\Community\VC\Tools\MSVC\14.43.34808) and Windows 10.0.26100.0 SDK (C:\Program Files (x86)\Windows Kits\10).
[2025.03.20-15.51.43:346][579]CompilerResultsLog: Building 3 actions with 20 processes...
[2025.03.20-15.51.43:346][579]CompilerResultsLog:   [1/3] UE4Editor-DungeonDash-4019.lib
[2025.03.20-15.51.43:346][579]CompilerResultsLog:     ???ڴ????? D:\UnrealProjects\COMP217GroupProject\DungeonDash\Intermediate\Build\Win64\UE4Editor\Development\DungeonDash\UE4Editor-DungeonDash-4019.lib ?Ͷ??? D:\UnrealProjects\COMP217GroupProject\DungeonDash\Intermediate\Build\Win64\UE4Editor\Development\DungeonDash\UE4Editor-DungeonDash-4019.exp
[2025.03.20-15.51.43:346][579]CompilerResultsLog:   [2/3] UE4Editor-DungeonDash-4019.dll
[2025.03.20-15.51.43:346][579]CompilerResultsLog:     ???ڴ????? D:\UnrealProjects\COMP217GroupProject\DungeonDash\Intermediate\Build\Win64\UE4Editor\Development\DungeonDash\UE4Editor-DungeonDash-4019.suppressed.lib ?Ͷ??? D:\UnrealProjects\COMP217GroupProject\DungeonDash\Intermediate\Build\Win64\UE4Editor\Development\DungeonDash\UE4Editor-DungeonDash-4019.suppressed.exp
[2025.03.20-15.51.43:346][579]CompilerResultsLog:   [3/3] DungeonDashEditor.target
[2025.03.20-15.51.43:346][579]CompilerResultsLog: Total time in Parallel executor: 1.16 seconds
[2025.03.20-15.51.43:346][579]CompilerResultsLog: Total execution time: 1.79 seconds
[2025.03.20-15.51.43:346][579]LogMainFrame: MainFrame: Module compiling took 1.862 seconds
[2025.03.20-15.51.43:397][579]LogNativeClassHierarchy: Verbose: Native class hierarchy updated for 'DungeonDash' in 0.0002 seconds. Added 2 classes and 2 folders.
[2025.03.20-15.51.43:401][579]Display: HotReload successful (0 functions remapped  0 scriptstructs remapped)
[2025.03.20-15.51.43:515][579]LogNativeClassHierarchy: Verbose: Native class hierarchy populated in 0.0063 seconds. Added 3824 classes and 930 folders.
[2025.03.20-15.51.43:516][579]Display: HotReload took  2.0s.
[2025.03.20-15.51.44:340][654]LogTemp: Repeating last play command: New Editor Window (PIE)
[2025.03.20-15.51.44:345][654]LogPlayLevel: PlayLevel: No blueprints needed recompiling
[2025.03.20-15.51.44:345][654]PIE: New page: PIE session: Main (Mar 20, 2025, 7:51:44 AM)
[2025.03.20-15.51.44:345][654]LogPlayLevel: Creating play world package: /Game/ThirdPersonCPP/UEDPIE_0_Main
[2025.03.20-15.51.44:347][654]LogPlayLevel: PIE: StaticDuplicateObject took: (0.001776s)
[2025.03.20-15.51.44:348][654]LogAIModule: Creating AISystem for world Main
[2025.03.20-15.51.44:348][654]LogPlayLevel: PIE: World Init took: (0.000906s)
[2025.03.20-15.51.44:348][654]LogPlayLevel: PIE: Created PIE world by copying editor world from /Game/ThirdPersonCPP/Main.Main to /Game/ThirdPersonCPP/UEDPIE_0_Main.Main (0.002792s)
[2025.03.20-15.51.44:400][654]LogUObjectHash: Compacting FUObjectHashTables data took   3.23ms
[2025.03.20-15.51.44:400][654]LogAudio: Display: Creating Audio Device:                 Id: 10, Scope: Unique, Realtime: True
[2025.03.20-15.51.44:400][654]LogAudioMixer: Display: Audio Mixer Platform Settings:
[2025.03.20-15.51.44:400][654]LogAudioMixer: Display: 	Sample Rate:						  48000
[2025.03.20-15.51.44:400][654]LogAudioMixer: Display: 	Callback Buffer Frame Size Requested: 1024
[2025.03.20-15.51.44:400][654]LogAudioMixer: Display: 	Callback Buffer Frame Size To Use:	  1024
[2025.03.20-15.51.44:400][654]LogAudioMixer: Display: 	Number of buffers to queue:			  2
[2025.03.20-15.51.44:400][654]LogAudioMixer: Display: 	Max Channels (voices):				  32
[2025.03.20-15.51.44:400][654]LogAudioMixer: Display: 	Number of Async Source Workers:		  0
[2025.03.20-15.51.44:400][654]LogAudio: Display: AudioDevice MaxSources: 32
[2025.03.20-15.51.44:401][654]LogAudio: Display: Audio Spatialization Plugin: None (built-in).
[2025.03.20-15.51.44:401][654]LogAudio: Display: Audio Reverb Plugin: None (built-in).
[2025.03.20-15.51.44:401][654]LogAudio: Display: Audio Occlusion Plugin: None (built-in).
[2025.03.20-15.51.44:401][654]LogAudioMixer: Display: Initializing audio mixer.
[2025.03.20-15.51.44:403][654]LogAudioMixer: Display: 0: FrontLeft
[2025.03.20-15.51.44:403][654]LogAudioMixer: Display: 1: FrontRight
[2025.03.20-15.51.44:504][654]LogAudioMixer: Display: Using Audio Device Speakers (Realtek(R) Audio)
[2025.03.20-15.51.44:504][654]LogAudioMixer: Display: Initializing Sound Submixes...
[2025.03.20-15.51.44:504][654]LogAudioMixer: Display: Creating Master Submix 'MasterSubmixDefault'
[2025.03.20-15.51.44:504][654]LogAudioMixer: Display: Creating Master Submix 'MasterReverbSubmixDefault'
[2025.03.20-15.51.44:504][654]LogAudioMixer: Display: Creating Master Submix 'MasterEQSubmixDefault'
[2025.03.20-15.51.44:504][654]LogAudioMixer: FMixerPlatformXAudio2::StartAudioStream() called
[2025.03.20-15.51.44:504][654]LogAudioMixer: Display: Output buffers initialized: Frames=1024, Channels=2, Samples=2048
[2025.03.20-15.51.44:505][654]LogAudioMixer: Display: Starting AudioMixerPlatformInterface::RunInternal()
[2025.03.20-15.51.44:505][654]LogAudioMixer: Display: FMixerPlatformXAudio2::SubmitBuffer() called for the first time
[2025.03.20-15.51.44:505][654]LogInit: FAudioDevice initialized.
[2025.03.20-15.51.44:505][654]LogAudio: Display: Audio Device (ID: 10) registered with world 'Main'.
[2025.03.20-15.51.44:518][654]LogSlate: Updating window title bar state: overlay mode, drag disabled, window buttons hidden, title bar hidden
[2025.03.20-15.51.44:519][654]LogLoad: Game class is 'DungeonDashGameMode'
[2025.03.20-15.51.44:520][654]LogWorld: Bringing World /Game/ThirdPersonCPP/UEDPIE_0_Main.Main up for play (max tick rate 0) at 2025.03.20-11.51.44
[2025.03.20-15.51.44:520][654]LogWorld: Bringing up level for play took: 0.000258
[2025.03.20-15.51.44:520][654]LogOnline: OSS: Creating online subsystem instance for: :Context_17
[2025.03.20-15.51.44:524][654]LogViewport: Display: Viewport MouseCaptureMode Changed, CapturePermanently_IncludingInitialMouseDown -> CapturePermanently
[2025.03.20-15.51.44:525][654]PIE: Server logged in
[2025.03.20-15.51.44:526][654]PIE: Play in editor total start time 0.182 seconds.
[2025.03.20-15.51.47:409][965]LogNet: Browse: /Game/ThirdPersonCPP/Maps/ThirdPersonExampleMap
[2025.03.20-15.51.47:409][965]LogLoad: LoadMap: /Game/ThirdPersonCPP/Maps/ThirdPersonExampleMap
[2025.03.20-15.51.47:409][965]LogWorld: BeginTearingDown for /Game/ThirdPersonCPP/UEDPIE_0_Main
[2025.03.20-15.51.47:410][965]LogWorld: UWorld::CleanupWorld for Main, bSessionEnded=true, bCleanupResources=true
[2025.03.20-15.51.47:410][965]LogSlate: InvalidateAllWidgets triggered.  All widgets were invalidated
[2025.03.20-15.51.47:469][965]LogAudio: Display: Audio Device unregistered from world 'None'.
[2025.03.20-15.51.47:488][965]LogUObjectHash: Compacting FUObjectHashTables data took   2.76ms
[2025.03.20-15.51.47:500][965]LogAudio: Display: Audio Device (ID: 10) registered with world 'ThirdPersonExampleMap'.
[2025.03.20-15.51.47:501][965]LogAIModule: Creating AISystem for world ThirdPersonExampleMap
[2025.03.20-15.51.47:501][965]LogLoad: Game class is 'DungeonDashGameMode'
[2025.03.20-15.51.47:507][965]LogWorld: Bringing World /Game/ThirdPersonCPP/Maps/UEDPIE_0_ThirdPersonExampleMap.ThirdPersonExampleMap up for play (max tick rate 0) at 2025.03.20-11.51.47
[2025.03.20-15.51.47:507][965]LogWorld: Bringing up level for play took: 0.004444
[2025.03.20-15.51.47:508][965]LogLoad: Took 0.098228 seconds to LoadMap(/Game/ThirdPersonCPP/Maps/ThirdPersonExampleMap)
[2025.03.20-15.51.49:712][215]LogSlate: Updating window title bar state: overlay mode, drag disabled, window buttons hidden, title bar hidden
[2025.03.20-15.51.49:712][215]LogWorld: BeginTearingDown for /Game/ThirdPersonCPP/Maps/UEDPIE_0_ThirdPersonExampleMap
[2025.03.20-15.51.49:712][215]LogSlate: Window 'DungeonDash Preview [NetMode: Standalone]  (64-bit/Windows) ' being destroyed
[2025.03.20-15.51.49:718][215]LogWorld: UWorld::CleanupWorld for ThirdPersonExampleMap, bSessionEnded=true, bCleanupResources=true
[2025.03.20-15.51.49:718][215]LogSlate: InvalidateAllWidgets triggered.  All widgets were invalidated
[2025.03.20-15.51.49:728][215]LogPlayLevel: Display: Shutting down PIE online subsystems
[2025.03.20-15.51.49:732][215]LogSlate: InvalidateAllWidgets triggered.  All widgets were invalidated
[2025.03.20-15.51.49:758][215]LogAudioMixer: FMixerPlatformXAudio2::StopAudioStream() called
[2025.03.20-15.51.49:760][215]LogAudioMixer: FMixerPlatformXAudio2::StopAudioStream() called
[2025.03.20-15.51.49:767][215]LogUObjectHash: Compacting FUObjectHashTables data took   3.23ms
[2025.03.20-15.51.49:792][216]LogPlayLevel: Display: Destroying online subsystem :Context_17
[2025.03.20-15.51.51:061][363]LogTemp: Repeating last play command: New Editor Window (PIE)
[2025.03.20-15.51.51:066][363]LogPlayLevel: PlayLevel: No blueprints needed recompiling
[2025.03.20-15.51.51:066][363]PIE: New page: PIE session: Main (Mar 20, 2025, 7:51:51 AM)
[2025.03.20-15.51.51:066][363]LogPlayLevel: Creating play world package: /Game/ThirdPersonCPP/UEDPIE_0_Main
[2025.03.20-15.51.51:067][363]LogPlayLevel: PIE: StaticDuplicateObject took: (0.000856s)
[2025.03.20-15.51.51:067][363]LogAIModule: Creating AISystem for world Main
[2025.03.20-15.51.51:067][363]LogPlayLevel: PIE: World Init took: (0.000771s)
[2025.03.20-15.51.51:067][363]LogPlayLevel: PIE: Created PIE world by copying editor world from /Game/ThirdPersonCPP/Main.Main to /Game/ThirdPersonCPP/UEDPIE_0_Main.Main (0.001696s)
[2025.03.20-15.51.51:088][363]LogUObjectHash: Compacting FUObjectHashTables data took   2.07ms
[2025.03.20-15.51.51:089][363]LogAudio: Display: Creating Audio Device:                 Id: 11, Scope: Unique, Realtime: True
[2025.03.20-15.51.51:089][363]LogAudioMixer: Display: Audio Mixer Platform Settings:
[2025.03.20-15.51.51:089][363]LogAudioMixer: Display: 	Sample Rate:						  48000
[2025.03.20-15.51.51:089][363]LogAudioMixer: Display: 	Callback Buffer Frame Size Requested: 1024
[2025.03.20-15.51.51:089][363]LogAudioMixer: Display: 	Callback Buffer Frame Size To Use:	  1024
[2025.03.20-15.51.51:089][363]LogAudioMixer: Display: 	Number of buffers to queue:			  2
[2025.03.20-15.51.51:089][363]LogAudioMixer: Display: 	Max Channels (voices):				  32
[2025.03.20-15.51.51:089][363]LogAudioMixer: Display: 	Number of Async Source Workers:		  0
[2025.03.20-15.51.51:089][363]LogAudio: Display: AudioDevice MaxSources: 32
[2025.03.20-15.51.51:089][363]LogAudio: Display: Audio Spatialization Plugin: None (built-in).
[2025.03.20-15.51.51:089][363]LogAudio: Display: Audio Reverb Plugin: None (built-in).
[2025.03.20-15.51.51:089][363]LogAudio: Display: Audio Occlusion Plugin: None (built-in).
[2025.03.20-15.51.51:089][363]LogAudioMixer: Display: Initializing audio mixer.
[2025.03.20-15.51.51:091][363]LogAudioMixer: Display: 0: FrontLeft
[2025.03.20-15.51.51:091][363]LogAudioMixer: Display: 1: FrontRight
[2025.03.20-15.51.51:185][363]LogAudioMixer: Display: Using Audio Device Speakers (Realtek(R) Audio)
[2025.03.20-15.51.51:185][363]LogAudioMixer: Display: Initializing Sound Submixes...
[2025.03.20-15.51.51:185][363]LogAudioMixer: Display: Creating Master Submix 'MasterSubmixDefault'
[2025.03.20-15.51.51:185][363]LogAudioMixer: Display: Creating Master Submix 'MasterReverbSubmixDefault'
[2025.03.20-15.51.51:186][363]LogAudioMixer: Display: Creating Master Submix 'MasterEQSubmixDefault'
[2025.03.20-15.51.51:186][363]LogAudioMixer: FMixerPlatformXAudio2::StartAudioStream() called
[2025.03.20-15.51.51:186][363]LogAudioMixer: Display: Output buffers initialized: Frames=1024, Channels=2, Samples=2048
[2025.03.20-15.51.51:186][363]LogAudioMixer: Display: Starting AudioMixerPlatformInterface::RunInternal()
[2025.03.20-15.51.51:186][363]LogAudioMixer: Display: FMixerPlatformXAudio2::SubmitBuffer() called for the first time
[2025.03.20-15.51.51:186][363]LogInit: FAudioDevice initialized.
[2025.03.20-15.51.51:186][363]LogAudio: Display: Audio Device (ID: 11) registered with world 'Main'.
[2025.03.20-15.51.51:196][363]LogSlate: Updating window title bar state: overlay mode, drag disabled, window buttons hidden, title bar hidden
[2025.03.20-15.51.51:196][363]LogLoad: Game class is 'DungeonDashGameMode'
[2025.03.20-15.51.51:197][363]LogWorld: Bringing World /Game/ThirdPersonCPP/UEDPIE_0_Main.Main up for play (max tick rate 0) at 2025.03.20-11.51.51
[2025.03.20-15.51.51:197][363]LogWorld: Bringing up level for play took: 0.000264
[2025.03.20-15.51.51:197][363]LogOnline: OSS: Creating online subsystem instance for: :Context_18
[2025.03.20-15.51.51:200][363]LogViewport: Display: Viewport MouseCaptureMode Changed, CapturePermanently_IncludingInitialMouseDown -> CapturePermanently
[2025.03.20-15.51.51:203][363]PIE: Server logged in
[2025.03.20-15.51.51:204][363]PIE: Play in editor total start time 0.139 seconds.
[2025.03.20-15.51.59:612][353]LogSlate: Window 'DungeonDash Preview [NetMode: Standalone]  (64-bit/Windows) ' being destroyed
[2025.03.20-15.51.59:620][353]LogWorld: BeginTearingDown for /Game/ThirdPersonCPP/UEDPIE_0_Main
[2025.03.20-15.51.59:650][353]LogWorld: UWorld::CleanupWorld for Main, bSessionEnded=true, bCleanupResources=true
[2025.03.20-15.51.59:650][353]LogSlate: InvalidateAllWidgets triggered.  All widgets were invalidated
[2025.03.20-15.51.59:658][353]LogPlayLevel: Display: Shutting down PIE online subsystems
[2025.03.20-15.51.59:663][353]LogSlate: InvalidateAllWidgets triggered.  All widgets were invalidated
[2025.03.20-15.51.59:689][353]LogAudioMixer: FMixerPlatformXAudio2::StopAudioStream() called
[2025.03.20-15.51.59:692][353]LogAudioMixer: FMixerPlatformXAudio2::StopAudioStream() called
[2025.03.20-15.51.59:712][353]LogUObjectHash: Compacting FUObjectHashTables data took   3.02ms
[2025.03.20-15.51.59:751][354]LogPlayLevel: Display: Destroying online subsystem :Context_18
[2025.03.20-15.52.34:694][530]LogSlate: Prevented a slow task dialog from being summoned while a context menu was open
[2025.03.20-15.52.34:709][530]LogEditorClassViewer: Warning: Class /Engine/Tutorial/InWorldBlueprintEditing/TutorialAssets/IWBE_Blutility.IWBE_Blutility_C has parent /Script/Blutility.PlacedEditorUtilityBase, but this parent is not found. The Class will not be shown in ClassViewer.
[2025.03.20-15.53.12:813][ 67]BlueprintLog: New page: Compile Main
[2025.03.20-15.53.12:848][ 67]LogUObjectHash: Compacting FUObjectHashTables data took   2.31ms
[2025.03.20-15.53.13:661][162]LogTemp: Repeating last play command: New Editor Window (PIE)
[2025.03.20-15.53.13:666][162]LogPlayLevel: PlayLevel: No blueprints needed recompiling
[2025.03.20-15.53.13:666][162]PIE: New page: PIE session: Main (Mar 20, 2025, 7:53:13 AM)
[2025.03.20-15.53.13:666][162]LogPlayLevel: Creating play world package: /Game/ThirdPersonCPP/UEDPIE_0_Main
[2025.03.20-15.53.13:667][162]LogPlayLevel: PIE: StaticDuplicateObject took: (0.000807s)
[2025.03.20-15.53.13:668][162]LogAIModule: Creating AISystem for world Main
[2025.03.20-15.53.13:668][162]LogPlayLevel: PIE: World Init took: (0.000693s)
[2025.03.20-15.53.13:668][162]LogPlayLevel: PIE: Created PIE world by copying editor world from /Game/ThirdPersonCPP/Main.Main to /Game/ThirdPersonCPP/UEDPIE_0_Main.Main (0.001570s)
[2025.03.20-15.53.13:689][162]LogUObjectHash: Compacting FUObjectHashTables data took   2.24ms
[2025.03.20-15.53.13:689][162]LogAudio: Display: Creating Audio Device:                 Id: 12, Scope: Unique, Realtime: True
[2025.03.20-15.53.13:689][162]LogAudioMixer: Display: Audio Mixer Platform Settings:
[2025.03.20-15.53.13:689][162]LogAudioMixer: Display: 	Sample Rate:						  48000
[2025.03.20-15.53.13:689][162]LogAudioMixer: Display: 	Callback Buffer Frame Size Requested: 1024
[2025.03.20-15.53.13:689][162]LogAudioMixer: Display: 	Callback Buffer Frame Size To Use:	  1024
[2025.03.20-15.53.13:689][162]LogAudioMixer: Display: 	Number of buffers to queue:			  2
[2025.03.20-15.53.13:689][162]LogAudioMixer: Display: 	Max Channels (voices):				  32
[2025.03.20-15.53.13:689][162]LogAudioMixer: Display: 	Number of Async Source Workers:		  0
[2025.03.20-15.53.13:689][162]LogAudio: Display: AudioDevice MaxSources: 32
[2025.03.20-15.53.13:689][162]LogAudio: Display: Audio Spatialization Plugin: None (built-in).
[2025.03.20-15.53.13:689][162]LogAudio: Display: Audio Reverb Plugin: None (built-in).
[2025.03.20-15.53.13:689][162]LogAudio: Display: Audio Occlusion Plugin: None (built-in).
[2025.03.20-15.53.13:689][162]LogAudioMixer: Display: Initializing audio mixer.
[2025.03.20-15.53.13:692][162]LogAudioMixer: Display: 0: FrontLeft
[2025.03.20-15.53.13:692][162]LogAudioMixer: Display: 1: FrontRight
[2025.03.20-15.53.13:797][162]LogAudioMixer: Display: Using Audio Device Speakers (Realtek(R) Audio)
[2025.03.20-15.53.13:797][162]LogAudioMixer: Display: Initializing Sound Submixes...
[2025.03.20-15.53.13:797][162]LogAudioMixer: Display: Creating Master Submix 'MasterSubmixDefault'
[2025.03.20-15.53.13:797][162]LogAudioMixer: Display: Creating Master Submix 'MasterReverbSubmixDefault'
[2025.03.20-15.53.13:798][162]LogAudioMixer: Display: Creating Master Submix 'MasterEQSubmixDefault'
[2025.03.20-15.53.13:798][162]LogAudioMixer: FMixerPlatformXAudio2::StartAudioStream() called
[2025.03.20-15.53.13:798][162]LogAudioMixer: Display: Output buffers initialized: Frames=1024, Channels=2, Samples=2048
[2025.03.20-15.53.13:798][162]LogAudioMixer: Display: Starting AudioMixerPlatformInterface::RunInternal()
[2025.03.20-15.53.13:798][162]LogAudioMixer: Display: FMixerPlatformXAudio2::SubmitBuffer() called for the first time
[2025.03.20-15.53.13:798][162]LogInit: FAudioDevice initialized.
[2025.03.20-15.53.13:798][162]LogAudio: Display: Audio Device (ID: 12) registered with world 'Main'.
[2025.03.20-15.53.13:812][162]LogSlate: Updating window title bar state: overlay mode, drag disabled, window buttons hidden, title bar hidden
[2025.03.20-15.53.13:812][162]LogLoad: Game class is 'DungeonDashGameMode'
[2025.03.20-15.53.13:813][162]LogWorld: Bringing World /Game/ThirdPersonCPP/UEDPIE_0_Main.Main up for play (max tick rate 0) at 2025.03.20-11.53.13
[2025.03.20-15.53.13:813][162]LogWorld: Bringing up level for play took: 0.000324
[2025.03.20-15.53.13:813][162]LogOnline: OSS: Creating online subsystem instance for: :Context_19
[2025.03.20-15.53.13:815][162]LogGameMode: FindPlayerStart: PATHS NOT DEFINED or NO PLAYERSTART with positive rating
[2025.03.20-15.53.13:816][162]LogViewport: Display: Viewport MouseCaptureMode Changed, CapturePermanently_IncludingInitialMouseDown -> CapturePermanently
[2025.03.20-15.53.13:817][162]PIE: Server logged in
[2025.03.20-15.53.13:817][162]PIE: Play in editor total start time 0.152 seconds.
[2025.03.20-15.53.16:388][469]LogNet: Browse: /Game/ThirdPersonCPP/Maps/ThirdPersonExampleMap
[2025.03.20-15.53.16:388][469]LogLoad: LoadMap: /Game/ThirdPersonCPP/Maps/ThirdPersonExampleMap
[2025.03.20-15.53.16:388][469]LogWorld: BeginTearingDown for /Game/ThirdPersonCPP/UEDPIE_0_Main
[2025.03.20-15.53.16:389][469]LogWorld: UWorld::CleanupWorld for Main, bSessionEnded=true, bCleanupResources=true
[2025.03.20-15.53.16:389][469]LogSlate: InvalidateAllWidgets triggered.  All widgets were invalidated
[2025.03.20-15.53.16:440][469]LogAudio: Display: Audio Device unregistered from world 'None'.
[2025.03.20-15.53.16:443][469]LogUObjectHash: Compacting FUObjectHashTables data took   2.31ms
[2025.03.20-15.53.16:452][469]LogAudio: Display: Audio Device (ID: 12) registered with world 'ThirdPersonExampleMap'.
[2025.03.20-15.53.16:453][469]LogAIModule: Creating AISystem for world ThirdPersonExampleMap
[2025.03.20-15.53.16:453][469]LogLoad: Game class is 'DungeonDashGameMode'
[2025.03.20-15.53.16:459][469]LogWorld: Bringing World /Game/ThirdPersonCPP/Maps/UEDPIE_0_ThirdPersonExampleMap.ThirdPersonExampleMap up for play (max tick rate 0) at 2025.03.20-11.53.16
[2025.03.20-15.53.16:459][469]LogWorld: Bringing up level for play took: 0.005730
[2025.03.20-15.53.16:460][469]LogLoad: Took 0.072096 seconds to LoadMap(/Game/ThirdPersonCPP/Maps/ThirdPersonExampleMap)
[2025.03.20-15.53.17:552][595]LogSlate: Updating window title bar state: overlay mode, drag disabled, window buttons hidden, title bar hidden
[2025.03.20-15.53.17:552][595]LogWorld: BeginTearingDown for /Game/ThirdPersonCPP/Maps/UEDPIE_0_ThirdPersonExampleMap
[2025.03.20-15.53.17:553][595]LogSlate: Window 'DungeonDash Preview [NetMode: Standalone]  (64-bit/Windows) ' being destroyed
[2025.03.20-15.53.17:559][595]LogWorld: UWorld::CleanupWorld for ThirdPersonExampleMap, bSessionEnded=true, bCleanupResources=true
[2025.03.20-15.53.17:559][595]LogSlate: InvalidateAllWidgets triggered.  All widgets were invalidated
[2025.03.20-15.53.17:571][595]LogPlayLevel: Display: Shutting down PIE online subsystems
[2025.03.20-15.53.17:575][595]LogSlate: InvalidateAllWidgets triggered.  All widgets were invalidated
[2025.03.20-15.53.17:603][595]LogAudio: Display: Audio Device unregistered from world 'None'.
[2025.03.20-15.53.17:603][595]LogAudioMixer: FMixerPlatformXAudio2::StopAudioStream() called
[2025.03.20-15.53.17:604][595]LogAudioMixer: FMixerPlatformXAudio2::StopAudioStream() called
[2025.03.20-15.53.17:610][595]LogUObjectHash: Compacting FUObjectHashTables data took   2.63ms
[2025.03.20-15.53.17:628][596]LogPlayLevel: Display: Destroying online subsystem :Context_19
[2025.03.20-15.53.26:207][622]BlueprintLog: New page: Compile Main
[2025.03.20-15.53.26:245][622]LogUObjectHash: Compacting FUObjectHashTables data took   2.22ms
[2025.03.20-15.53.27:317][747]LogTemp: Repeating last play command: New Editor Window (PIE)
[2025.03.20-15.53.27:322][747]LogPlayLevel: PlayLevel: No blueprints needed recompiling
[2025.03.20-15.53.27:323][747]PIE: New page: PIE session: Main (Mar 20, 2025, 7:53:27 AM)
[2025.03.20-15.53.27:323][747]LogPlayLevel: Creating play world package: /Game/ThirdPersonCPP/UEDPIE_0_Main
[2025.03.20-15.53.27:325][747]LogPlayLevel: PIE: StaticDuplicateObject took: (0.001966s)
[2025.03.20-15.53.27:326][747]LogAIModule: Creating AISystem for world Main
[2025.03.20-15.53.27:326][747]LogPlayLevel: PIE: World Init took: (0.001214s)
[2025.03.20-15.53.27:326][747]LogPlayLevel: PIE: Created PIE world by copying editor world from /Game/ThirdPersonCPP/Main.Main to /Game/ThirdPersonCPP/UEDPIE_0_Main.Main (0.003344s)
[2025.03.20-15.53.27:352][747]LogUObjectHash: Compacting FUObjectHashTables data took   2.03ms
[2025.03.20-15.53.27:352][747]LogAudio: Display: Creating Audio Device:                 Id: 13, Scope: Unique, Realtime: True
[2025.03.20-15.53.27:352][747]LogAudioMixer: Display: Audio Mixer Platform Settings:
[2025.03.20-15.53.27:352][747]LogAudioMixer: Display: 	Sample Rate:						  48000
[2025.03.20-15.53.27:352][747]LogAudioMixer: Display: 	Callback Buffer Frame Size Requested: 1024
[2025.03.20-15.53.27:352][747]LogAudioMixer: Display: 	Callback Buffer Frame Size To Use:	  1024
[2025.03.20-15.53.27:352][747]LogAudioMixer: Display: 	Number of buffers to queue:			  2
[2025.03.20-15.53.27:352][747]LogAudioMixer: Display: 	Max Channels (voices):				  32
[2025.03.20-15.53.27:352][747]LogAudioMixer: Display: 	Number of Async Source Workers:		  0
[2025.03.20-15.53.27:352][747]LogAudio: Display: AudioDevice MaxSources: 32
[2025.03.20-15.53.27:353][747]LogAudio: Display: Audio Spatialization Plugin: None (built-in).
[2025.03.20-15.53.27:353][747]LogAudio: Display: Audio Reverb Plugin: None (built-in).
[2025.03.20-15.53.27:353][747]LogAudio: Display: Audio Occlusion Plugin: None (built-in).
[2025.03.20-15.53.27:353][747]LogAudioMixer: Display: Initializing audio mixer.
[2025.03.20-15.53.27:355][747]LogAudioMixer: Display: 0: FrontLeft
[2025.03.20-15.53.27:355][747]LogAudioMixer: Display: 1: FrontRight
[2025.03.20-15.53.27:457][747]LogAudioMixer: Display: Using Audio Device Speakers (Realtek(R) Audio)
[2025.03.20-15.53.27:457][747]LogAudioMixer: Display: Initializing Sound Submixes...
[2025.03.20-15.53.27:457][747]LogAudioMixer: Display: Creating Master Submix 'MasterSubmixDefault'
[2025.03.20-15.53.27:457][747]LogAudioMixer: Display: Creating Master Submix 'MasterReverbSubmixDefault'
[2025.03.20-15.53.27:457][747]LogAudioMixer: Display: Creating Master Submix 'MasterEQSubmixDefault'
[2025.03.20-15.53.27:457][747]LogAudioMixer: FMixerPlatformXAudio2::StartAudioStream() called
[2025.03.20-15.53.27:457][747]LogAudioMixer: Display: Output buffers initialized: Frames=1024, Channels=2, Samples=2048
[2025.03.20-15.53.27:458][747]LogAudioMixer: Display: Starting AudioMixerPlatformInterface::RunInternal()
[2025.03.20-15.53.27:458][747]LogAudioMixer: Display: FMixerPlatformXAudio2::SubmitBuffer() called for the first time
[2025.03.20-15.53.27:458][747]LogInit: FAudioDevice initialized.
[2025.03.20-15.53.27:458][747]LogAudio: Display: Audio Device (ID: 13) registered with world 'Main'.
[2025.03.20-15.53.27:470][747]LogSlate: Updating window title bar state: overlay mode, drag disabled, window buttons hidden, title bar hidden
[2025.03.20-15.53.27:470][747]LogLoad: Game class is 'DungeonDashGameMode'
[2025.03.20-15.53.27:471][747]LogWorld: Bringing World /Game/ThirdPersonCPP/UEDPIE_0_Main.Main up for play (max tick rate 0) at 2025.03.20-11.53.27
[2025.03.20-15.53.27:471][747]LogWorld: Bringing up level for play took: 0.000274
[2025.03.20-15.53.27:471][747]LogOnline: OSS: Creating online subsystem instance for: :Context_20
[2025.03.20-15.53.27:474][747]LogGameMode: FindPlayerStart: PATHS NOT DEFINED or NO PLAYERSTART with positive rating
[2025.03.20-15.53.27:476][747]LogViewport: Display: Viewport MouseCaptureMode Changed, CapturePermanently_IncludingInitialMouseDown -> CapturePermanently
[2025.03.20-15.53.27:477][747]PIE: Server logged in
[2025.03.20-15.53.27:477][747]PIE: Play in editor total start time 0.155 seconds.
[2025.03.20-15.53.29:206][951]LogNet: Browse: /Game/ThirdPersonCPP/Maps/ThirdPersonExampleMap
[2025.03.20-15.53.29:206][951]LogLoad: LoadMap: /Game/ThirdPersonCPP/Maps/ThirdPersonExampleMap
[2025.03.20-15.53.29:206][951]LogWorld: BeginTearingDown for /Game/ThirdPersonCPP/UEDPIE_0_Main
[2025.03.20-15.53.29:206][951]LogWorld: UWorld::CleanupWorld for Main, bSessionEnded=true, bCleanupResources=true
[2025.03.20-15.53.29:206][951]LogSlate: InvalidateAllWidgets triggered.  All widgets were invalidated
[2025.03.20-15.53.29:273][951]LogAudio: Display: Audio Device unregistered from world 'None'.
[2025.03.20-15.53.29:276][951]LogUObjectHash: Compacting FUObjectHashTables data took   2.05ms
[2025.03.20-15.53.29:284][951]LogAudio: Display: Audio Device (ID: 13) registered with world 'ThirdPersonExampleMap'.
[2025.03.20-15.53.29:285][951]LogAIModule: Creating AISystem for world ThirdPersonExampleMap
[2025.03.20-15.53.29:285][951]LogLoad: Game class is 'DungeonDashGameMode'
[2025.03.20-15.53.29:290][951]LogWorld: Bringing World /Game/ThirdPersonCPP/Maps/UEDPIE_0_ThirdPersonExampleMap.ThirdPersonExampleMap up for play (max tick rate 0) at 2025.03.20-11.53.29
[2025.03.20-15.53.29:290][951]LogWorld: Bringing up level for play took: 0.005073
[2025.03.20-15.53.29:292][951]LogLoad: Took 0.085284 seconds to LoadMap(/Game/ThirdPersonCPP/Maps/ThirdPersonExampleMap)
[2025.03.20-15.53.30:141][ 48]LogSlate: Updating window title bar state: overlay mode, drag disabled, window buttons hidden, title bar hidden
[2025.03.20-15.53.30:141][ 48]LogWorld: BeginTearingDown for /Game/ThirdPersonCPP/Maps/UEDPIE_0_ThirdPersonExampleMap
[2025.03.20-15.53.30:141][ 48]LogSlate: Window 'DungeonDash Preview [NetMode: Standalone]  (64-bit/Windows) ' being destroyed
[2025.03.20-15.53.30:147][ 48]LogWorld: UWorld::CleanupWorld for ThirdPersonExampleMap, bSessionEnded=true, bCleanupResources=true
[2025.03.20-15.53.30:147][ 48]LogSlate: InvalidateAllWidgets triggered.  All widgets were invalidated
[2025.03.20-15.53.30:153][ 48]LogPlayLevel: Display: Shutting down PIE online subsystems
[2025.03.20-15.53.30:158][ 48]LogSlate: InvalidateAllWidgets triggered.  All widgets were invalidated
[2025.03.20-15.53.30:187][ 48]LogAudioMixer: FMixerPlatformXAudio2::StopAudioStream() called
[2025.03.20-15.53.30:189][ 48]LogAudioMixer: FMixerPlatformXAudio2::StopAudioStream() called
[2025.03.20-15.53.30:210][ 48]LogUObjectHash: Compacting FUObjectHashTables data took   3.49ms
[2025.03.20-15.53.30:227][ 49]LogPlayLevel: Display: Destroying online subsystem :Context_20
[2025.03.20-15.54.03:286][993]BlueprintLog: New page: Compile Main
[2025.03.20-15.54.03:288][993]LogBlueprint: Error: [AssetLog] D:\UnrealProjects\COMP217GroupProject\DungeonDash\Content\ThirdPersonCPP\Main.umap: [Compiler] This blueprint (self) is not a PlayerController, therefore ' Target ' must have a connection.
[2025.03.20-15.54.03:288][993]LogBlueprint: Error: [AssetLog] D:\UnrealProjects\COMP217GroupProject\DungeonDash\Content\ThirdPersonCPP\Main.umap: [Compiler] Variable node  Set bShowMouseCursor  uses an invalid target.  It may depend on a node that is not connected to the execution chain, and got purged.
[2025.03.20-15.54.03:324][993]LogUObjectHash: Compacting FUObjectHashTables data took   2.73ms
[2025.03.20-15.55.07:659][599]BlueprintLog: New page: Compile Main
[2025.03.20-15.55.07:694][599]LogUObjectHash: Compacting FUObjectHashTables data took   2.62ms
[2025.03.20-15.55.08:813][732]LogTemp: Repeating last play command: New Editor Window (PIE)
[2025.03.20-15.55.08:818][732]LogPlayLevel: PlayLevel: No blueprints needed recompiling
[2025.03.20-15.55.08:819][732]PIE: New page: PIE session: Main (Mar 20, 2025, 7:55:08 AM)
[2025.03.20-15.55.08:819][732]LogPlayLevel: Creating play world package: /Game/ThirdPersonCPP/UEDPIE_0_Main
[2025.03.20-15.55.08:820][732]LogPlayLevel: PIE: StaticDuplicateObject took: (0.001389s)
[2025.03.20-15.55.08:821][732]LogAIModule: Creating AISystem for world Main
[2025.03.20-15.55.08:821][732]LogPlayLevel: PIE: World Init took: (0.001362s)
[2025.03.20-15.55.08:821][732]LogPlayLevel: PIE: Created PIE world by copying editor world from /Game/ThirdPersonCPP/Main.Main to /Game/ThirdPersonCPP/UEDPIE_0_Main.Main (0.002883s)
[2025.03.20-15.55.08:845][732]LogUObjectHash: Compacting FUObjectHashTables data took   2.06ms
[2025.03.20-15.55.08:845][732]LogAudio: Display: Creating Audio Device:                 Id: 14, Scope: Unique, Realtime: True
[2025.03.20-15.55.08:845][732]LogAudioMixer: Display: Audio Mixer Platform Settings:
[2025.03.20-15.55.08:845][732]LogAudioMixer: Display: 	Sample Rate:						  48000
[2025.03.20-15.55.08:845][732]LogAudioMixer: Display: 	Callback Buffer Frame Size Requested: 1024
[2025.03.20-15.55.08:845][732]LogAudioMixer: Display: 	Callback Buffer Frame Size To Use:	  1024
[2025.03.20-15.55.08:845][732]LogAudioMixer: Display: 	Number of buffers to queue:			  2
[2025.03.20-15.55.08:845][732]LogAudioMixer: Display: 	Max Channels (voices):				  32
[2025.03.20-15.55.08:845][732]LogAudioMixer: Display: 	Number of Async Source Workers:		  0
[2025.03.20-15.55.08:845][732]LogAudio: Display: AudioDevice MaxSources: 32
[2025.03.20-15.55.08:846][732]LogAudio: Display: Audio Spatialization Plugin: None (built-in).
[2025.03.20-15.55.08:846][732]LogAudio: Display: Audio Reverb Plugin: None (built-in).
[2025.03.20-15.55.08:846][732]LogAudio: Display: Audio Occlusion Plugin: None (built-in).
[2025.03.20-15.55.08:846][732]LogAudioMixer: Display: Initializing audio mixer.
[2025.03.20-15.55.08:849][732]LogAudioMixer: Display: 0: FrontLeft
[2025.03.20-15.55.08:849][732]LogAudioMixer: Display: 1: FrontRight
[2025.03.20-15.55.08:957][732]LogAudioMixer: Display: Using Audio Device Speakers (Realtek(R) Audio)
[2025.03.20-15.55.08:957][732]LogAudioMixer: Display: Initializing Sound Submixes...
[2025.03.20-15.55.08:957][732]LogAudioMixer: Display: Creating Master Submix 'MasterSubmixDefault'
[2025.03.20-15.55.08:957][732]LogAudioMixer: Display: Creating Master Submix 'MasterReverbSubmixDefault'
[2025.03.20-15.55.08:959][732]LogAudioMixer: Display: Creating Master Submix 'MasterEQSubmixDefault'
[2025.03.20-15.55.08:959][732]LogAudioMixer: FMixerPlatformXAudio2::StartAudioStream() called
[2025.03.20-15.55.08:959][732]LogAudioMixer: Display: Output buffers initialized: Frames=1024, Channels=2, Samples=2048
[2025.03.20-15.55.08:959][732]LogAudioMixer: Display: Starting AudioMixerPlatformInterface::RunInternal()
[2025.03.20-15.55.08:959][732]LogAudioMixer: Display: FMixerPlatformXAudio2::SubmitBuffer() called for the first time
[2025.03.20-15.55.08:959][732]LogInit: FAudioDevice initialized.
[2025.03.20-15.55.08:959][732]LogAudio: Display: Audio Device (ID: 14) registered with world 'Main'.
[2025.03.20-15.55.08:972][732]LogSlate: Updating window title bar state: overlay mode, drag disabled, window buttons hidden, title bar hidden
[2025.03.20-15.55.08:972][732]LogLoad: Game class is 'DungeonDashGameMode'
[2025.03.20-15.55.08:973][732]LogWorld: Bringing World /Game/ThirdPersonCPP/UEDPIE_0_Main.Main up for play (max tick rate 0) at 2025.03.20-11.55.08
[2025.03.20-15.55.08:973][732]LogWorld: Bringing up level for play took: 0.000264
[2025.03.20-15.55.08:973][732]LogOnline: OSS: Creating online subsystem instance for: :Context_21
[2025.03.20-15.55.08:974][732]LogGameMode: FindPlayerStart: PATHS NOT DEFINED or NO PLAYERSTART with positive rating
[2025.03.20-15.55.08:976][732]LogGameMode: FindPlayerStart: PATHS NOT DEFINED or NO PLAYERSTART with positive rating
[2025.03.20-15.55.08:981][732]LogViewport: Display: Viewport MouseCaptureMode Changed, CapturePermanently_IncludingInitialMouseDown -> CapturePermanently
[2025.03.20-15.55.08:982][732]PIE: Server logged in
[2025.03.20-15.55.08:983][732]PIE: Play in editor total start time 0.166 seconds.
[2025.03.20-15.55.08:984][732]LogSlate: New Slate User Created.  User Index 1, Is Virtual User: 0
[2025.03.20-15.55.08:985][732]LogSlate: Slate User Registered.  User Index 1, Is Virtual User: 0
[2025.03.20-15.55.11:881][ 68]LogSlate: Updating window title bar state: overlay mode, drag disabled, window buttons hidden, title bar hidden
[2025.03.20-15.55.11:881][ 68]LogWorld: BeginTearingDown for /Game/ThirdPersonCPP/UEDPIE_0_Main
[2025.03.20-15.55.11:881][ 68]LogSlate: Window 'DungeonDash Preview [NetMode: Standalone]  (64-bit/Windows) ' being destroyed
[2025.03.20-15.55.11:889][ 68]LogWorld: UWorld::CleanupWorld for Main, bSessionEnded=true, bCleanupResources=true
[2025.03.20-15.55.11:889][ 68]LogSlate: InvalidateAllWidgets triggered.  All widgets were invalidated
[2025.03.20-15.55.11:904][ 68]LogPlayLevel: Display: Shutting down PIE online subsystems
[2025.03.20-15.55.11:908][ 68]LogSlate: InvalidateAllWidgets triggered.  All widgets were invalidated
[2025.03.20-15.55.11:935][ 68]LogAudioMixer: FMixerPlatformXAudio2::StopAudioStream() called
[2025.03.20-15.55.11:938][ 68]LogAudioMixer: FMixerPlatformXAudio2::StopAudioStream() called
[2025.03.20-15.55.11:944][ 68]LogUObjectHash: Compacting FUObjectHashTables data took   3.73ms
[2025.03.20-15.55.11:963][ 69]LogPlayLevel: Display: Destroying online subsystem :Context_21
[2025.03.20-15.55.32:350][469]BlueprintLog: New page: Compile Main
[2025.03.20-15.55.32:360][469]LogBlueprint: Warning: [AssetLog] D:\UnrealProjects\COMP217GroupProject\DungeonDash\Content\ThirdPersonCPP\Main.umap: [Compiler] Create Player  was pruned because its Exec pin is not connected, the connected value is not available and will instead be read as default
[2025.03.20-15.55.32:360][469]LogBlueprint: Error: [AssetLog] D:\UnrealProjects\COMP217GroupProject\DungeonDash\Content\ThirdPersonCPP\Main.umap: [Compiler] This blueprint (self) is not a PlayerController, therefore ' Target ' must have a connection.
[2025.03.20-15.55.32:360][469]LogBlueprint: Error: [AssetLog] D:\UnrealProjects\COMP217GroupProject\DungeonDash\Content\ThirdPersonCPP\Main.umap: [Compiler] Variable node  Set bShowMouseCursor  uses an invalid target.  It may depend on a node that is not connected to the execution chain, and got purged.
[2025.03.20-15.55.32:400][469]LogUObjectHash: Compacting FUObjectHashTables data took   2.33ms
[2025.03.20-15.55.40:860][472]BlueprintLog: New page: Compile Main
[2025.03.20-15.55.40:861][472]LogBlueprint: Warning: [AssetLog] D:\UnrealProjects\COMP217GroupProject\DungeonDash\Content\ThirdPersonCPP\Main.umap: [Compiler] Create Player  was pruned because its Exec pin is not connected, the connected value is not available and will instead be read as default
[2025.03.20-15.55.40:861][472]LogBlueprint: Error: [AssetLog] D:\UnrealProjects\COMP217GroupProject\DungeonDash\Content\ThirdPersonCPP\Main.umap: [Compiler] This blueprint (self) is not a PlayerController, therefore ' Target ' must have a connection.
[2025.03.20-15.55.40:861][472]LogBlueprint: Error: [AssetLog] D:\UnrealProjects\COMP217GroupProject\DungeonDash\Content\ThirdPersonCPP\Main.umap: [Compiler] Variable node  Set bShowMouseCursor  uses an invalid target.  It may depend on a node that is not connected to the execution chain, and got purged.
[2025.03.20-15.55.40:895][472]LogUObjectHash: Compacting FUObjectHashTables data took   2.50ms
[2025.03.20-15.56.06:969][588]BlueprintLog: New page: Compile Main
[2025.03.20-15.56.06:971][588]LogBlueprint: Warning: [AssetLog] D:\UnrealProjects\COMP217GroupProject\DungeonDash\Content\ThirdPersonCPP\Main.umap: [Compiler] Create Player  was pruned because its Exec pin is not connected, the connected value is not available and will instead be read as default
[2025.03.20-15.56.06:971][588]LogBlueprint: Error: [AssetLog] D:\UnrealProjects\COMP217GroupProject\DungeonDash\Content\ThirdPersonCPP\Main.umap: [Compiler] This blueprint (self) is not a PlayerController, therefore ' Target ' must have a connection.
[2025.03.20-15.56.06:971][588]LogBlueprint: Error: [AssetLog] D:\UnrealProjects\COMP217GroupProject\DungeonDash\Content\ThirdPersonCPP\Main.umap: [Compiler] Variable node  Set bShowMouseCursor  uses an invalid target.  It may depend on a node that is not connected to the execution chain, and got purged.
[2025.03.20-15.56.07:005][588]LogUObjectHash: Compacting FUObjectHashTables data took   2.42ms
[2025.03.20-15.56.30:157][318]BlueprintLog: New page: Compile Main
[2025.03.20-15.56.30:195][318]LogUObjectHash: Compacting FUObjectHashTables data took   2.86ms
[2025.03.20-15.56.31:211][439]LogTemp: Repeating last play command: New Editor Window (PIE)
[2025.03.20-15.56.31:215][439]LogPlayLevel: PlayLevel: No blueprints needed recompiling
[2025.03.20-15.56.31:215][439]PIE: New page: PIE session: Main (Mar 20, 2025, 7:56:31 AM)
[2025.03.20-15.56.31:215][439]LogPlayLevel: Creating play world package: /Game/ThirdPersonCPP/UEDPIE_0_Main
[2025.03.20-15.56.31:218][439]LogPlayLevel: PIE: StaticDuplicateObject took: (0.001561s)
[2025.03.20-15.56.31:218][439]LogAIModule: Creating AISystem for world Main
[2025.03.20-15.56.31:218][439]LogPlayLevel: PIE: World Init took: (0.000644s)
[2025.03.20-15.56.31:218][439]LogPlayLevel: PIE: Created PIE world by copying editor world from /Game/ThirdPersonCPP/Main.Main to /Game/ThirdPersonCPP/UEDPIE_0_Main.Main (0.002311s)
[2025.03.20-15.56.31:240][439]LogUObjectHash: Compacting FUObjectHashTables data took   2.29ms
[2025.03.20-15.56.31:240][439]LogAudio: Display: Creating Audio Device:                 Id: 15, Scope: Unique, Realtime: True
[2025.03.20-15.56.31:240][439]LogAudioMixer: Display: Audio Mixer Platform Settings:
[2025.03.20-15.56.31:241][439]LogAudioMixer: Display: 	Sample Rate:						  48000
[2025.03.20-15.56.31:241][439]LogAudioMixer: Display: 	Callback Buffer Frame Size Requested: 1024
[2025.03.20-15.56.31:241][439]LogAudioMixer: Display: 	Callback Buffer Frame Size To Use:	  1024
[2025.03.20-15.56.31:241][439]LogAudioMixer: Display: 	Number of buffers to queue:			  2
[2025.03.20-15.56.31:241][439]LogAudioMixer: Display: 	Max Channels (voices):				  32
[2025.03.20-15.56.31:241][439]LogAudioMixer: Display: 	Number of Async Source Workers:		  0
[2025.03.20-15.56.31:241][439]LogAudio: Display: AudioDevice MaxSources: 32
[2025.03.20-15.56.31:241][439]LogAudio: Display: Audio Spatialization Plugin: None (built-in).
[2025.03.20-15.56.31:241][439]LogAudio: Display: Audio Reverb Plugin: None (built-in).
[2025.03.20-15.56.31:241][439]LogAudio: Display: Audio Occlusion Plugin: None (built-in).
[2025.03.20-15.56.31:241][439]LogAudioMixer: Display: Initializing audio mixer.
[2025.03.20-15.56.31:243][439]LogAudioMixer: Display: 0: FrontLeft
[2025.03.20-15.56.31:243][439]LogAudioMixer: Display: 1: FrontRight
[2025.03.20-15.56.31:335][439]LogAudioMixer: Display: Using Audio Device Speakers (Realtek(R) Audio)
[2025.03.20-15.56.31:335][439]LogAudioMixer: Display: Initializing Sound Submixes...
[2025.03.20-15.56.31:335][439]LogAudioMixer: Display: Creating Master Submix 'MasterSubmixDefault'
[2025.03.20-15.56.31:335][439]LogAudioMixer: Display: Creating Master Submix 'MasterReverbSubmixDefault'
[2025.03.20-15.56.31:336][439]LogAudioMixer: Display: Creating Master Submix 'MasterEQSubmixDefault'
[2025.03.20-15.56.31:336][439]LogAudioMixer: FMixerPlatformXAudio2::StartAudioStream() called
[2025.03.20-15.56.31:336][439]LogAudioMixer: Display: Output buffers initialized: Frames=1024, Channels=2, Samples=2048
[2025.03.20-15.56.31:337][439]LogAudioMixer: Display: Starting AudioMixerPlatformInterface::RunInternal()
[2025.03.20-15.56.31:337][439]LogAudioMixer: Display: FMixerPlatformXAudio2::SubmitBuffer() called for the first time
[2025.03.20-15.56.31:337][439]LogInit: FAudioDevice initialized.
[2025.03.20-15.56.31:337][439]LogAudio: Display: Audio Device (ID: 15) registered with world 'Main'.
[2025.03.20-15.56.31:349][439]LogSlate: Updating window title bar state: overlay mode, drag disabled, window buttons hidden, title bar hidden
[2025.03.20-15.56.31:349][439]LogLoad: Game class is 'DungeonDashGameMode'
[2025.03.20-15.56.31:350][439]LogWorld: Bringing World /Game/ThirdPersonCPP/UEDPIE_0_Main.Main up for play (max tick rate 0) at 2025.03.20-11.56.31
[2025.03.20-15.56.31:350][439]LogWorld: Bringing up level for play took: 0.000256
[2025.03.20-15.56.31:350][439]LogOnline: OSS: Creating online subsystem instance for: :Context_22
[2025.03.20-15.56.31:353][439]LogGameMode: FindPlayerStart: PATHS NOT DEFINED or NO PLAYERSTART with positive rating
[2025.03.20-15.56.31:356][439]LogViewport: Display: Viewport MouseCaptureMode Changed, CapturePermanently_IncludingInitialMouseDown -> CapturePermanently
[2025.03.20-15.56.31:356][439]PIE: Server logged in
[2025.03.20-15.56.31:356][439]PIE: Play in editor total start time 0.142 seconds.
[2025.03.20-15.56.33:318][671]LogNet: Browse: /Game/ThirdPersonCPP/Maps/ThirdPersonExampleMap
[2025.03.20-15.56.33:318][671]LogLoad: LoadMap: /Game/ThirdPersonCPP/Maps/ThirdPersonExampleMap
[2025.03.20-15.56.33:318][671]LogWorld: BeginTearingDown for /Game/ThirdPersonCPP/UEDPIE_0_Main
[2025.03.20-15.56.33:318][671]LogWorld: UWorld::CleanupWorld for Main, bSessionEnded=true, bCleanupResources=true
[2025.03.20-15.56.33:318][671]LogSlate: InvalidateAllWidgets triggered.  All widgets were invalidated
[2025.03.20-15.56.33:359][671]LogAudio: Display: Audio Device unregistered from world 'None'.
[2025.03.20-15.56.33:362][671]LogUObjectHash: Compacting FUObjectHashTables data took   2.07ms
[2025.03.20-15.56.33:370][671]LogAudio: Display: Audio Device (ID: 15) registered with world 'ThirdPersonExampleMap'.
[2025.03.20-15.56.33:371][671]LogAIModule: Creating AISystem for world ThirdPersonExampleMap
[2025.03.20-15.56.33:371][671]LogLoad: Game class is 'DungeonDashGameMode'
[2025.03.20-15.56.33:377][671]LogWorld: Bringing World /Game/ThirdPersonCPP/Maps/UEDPIE_0_ThirdPersonExampleMap.ThirdPersonExampleMap up for play (max tick rate 0) at 2025.03.20-11.56.33
[2025.03.20-15.56.33:377][671]LogWorld: Bringing up level for play took: 0.005545
[2025.03.20-15.56.33:378][671]LogLoad: Took 0.060084 seconds to LoadMap(/Game/ThirdPersonCPP/Maps/ThirdPersonExampleMap)
[2025.03.20-15.56.34:661][820]LogSlate: Updating window title bar state: overlay mode, drag disabled, window buttons hidden, title bar hidden
[2025.03.20-15.56.34:661][820]LogWorld: BeginTearingDown for /Game/ThirdPersonCPP/Maps/UEDPIE_0_ThirdPersonExampleMap
[2025.03.20-15.56.34:661][820]LogSlate: Window 'DungeonDash Preview [NetMode: Standalone]  (64-bit/Windows) ' being destroyed
[2025.03.20-15.56.34:667][820]LogWorld: UWorld::CleanupWorld for ThirdPersonExampleMap, bSessionEnded=true, bCleanupResources=true
[2025.03.20-15.56.34:668][820]LogSlate: InvalidateAllWidgets triggered.  All widgets were invalidated
[2025.03.20-15.56.34:676][820]LogPlayLevel: Display: Shutting down PIE online subsystems
[2025.03.20-15.56.34:681][820]LogSlate: InvalidateAllWidgets triggered.  All widgets were invalidated
[2025.03.20-15.56.34:707][820]LogAudioMixer: FMixerPlatformXAudio2::StopAudioStream() called
[2025.03.20-15.56.34:709][820]LogAudioMixer: FMixerPlatformXAudio2::StopAudioStream() called
[2025.03.20-15.56.34:730][820]LogUObjectHash: Compacting FUObjectHashTables data took   3.09ms
[2025.03.20-15.56.34:746][821]LogPlayLevel: Display: Destroying online subsystem :Context_22
[2025.03.20-15.56.40:889][551]LogUObjectHash: Compacting FUObjectHashTables data took   2.27ms
[2025.03.20-15.56.40:894][551]LogSavePackage: Moving '../../../../../../UnrealProjects/COMP217GroupProject/DungeonDash/Saved/MainB295BDEF45B0F30BFF8D7EAFAD930D46.tmp' to '../../../../../../UnrealProjects/COMP217GroupProject/DungeonDash/Content/ThirdPersonCPP/Main.umap'
[2025.03.20-15.56.40:897][551]LogFileHelpers: Saving map 'Main' took 0.032
[2025.03.20-15.56.40:909][551]AssetCheck: New page: Asset Save: Main
[2025.03.20-15.56.40:909][551]LogContentValidation: Display: Validating World /Game/ThirdPersonCPP/Main.Main
[2025.03.20-15.56.42:150][699]LogWorld: UWorld::CleanupWorld for World_8, bSessionEnded=true, bCleanupResources=true
[2025.03.20-15.56.42:150][699]LogSlate: InvalidateAllWidgets triggered.  All widgets were invalidated
[2025.03.20-15.56.44:014][910]LogSavePackage: Moving '../../../../../../UnrealProjects/COMP217GroupProject/DungeonDash/Saved/ThirdPersonCharacter272FE61144737EB1952E9287A8E7E551.tmp' to '../../../../../../UnrealProjects/COMP217GroupProject/DungeonDash/Content/ThirdPersonCPP/Blueprints/ThirdPersonCharacter.uasset'
[2025.03.20-15.56.44:029][910]AssetCheck: New page: Asset Save: ThirdPersonCharacter
[2025.03.20-15.56.44:030][910]LogContentValidation: Display: Validating Blueprint /Game/ThirdPersonCPP/Blueprints/ThirdPersonCharacter.ThirdPersonCharacter
[2025.03.20-15.56.45:028][ 29]LogWorld: UWorld::CleanupWorld for World_6, bSessionEnded=true, bCleanupResources=true
[2025.03.20-15.56.45:028][ 29]LogSlate: InvalidateAllWidgets triggered.  All widgets were invalidated
[2025.03.20-15.56.46:174][160]Cmd: OBJ SAVEPACKAGE PACKAGE="/Game/ThirdPersonCPP/UI/HUD" FILE="../../../../../../UnrealProjects/COMP217GroupProject/DungeonDash/Content/ThirdPersonCPP/UI/HUD.uasset" SILENT=true
[2025.03.20-15.56.46:178][160]LogSavePackage: Moving '../../../../../../UnrealProjects/COMP217GroupProject/DungeonDash/Saved/HUD3D77B7FE448B90D6FC4D0B936AE7365F.tmp' to '../../../../../../UnrealProjects/COMP217GroupProject/DungeonDash/Content/ThirdPersonCPP/UI/HUD.uasset'
[2025.03.20-15.56.46:188][160]AssetCheck: New page: Asset Save: HUD
[2025.03.20-15.56.46:188][160]LogContentValidation: Display: Validating WidgetBlueprint /Game/ThirdPersonCPP/UI/HUD.HUD
[2025.03.20-15.56.47:337][292]LogWorld: UWorld::CleanupWorld for World_5, bSessionEnded=true, bCleanupResources=true
[2025.03.20-15.56.47:337][292]LogSlate: InvalidateAllWidgets triggered.  All widgets were invalidated
[2025.03.20-15.56.47:342][292]LogWorld: UWorld::CleanupWorld for World_4, bSessionEnded=true, bCleanupResources=true
[2025.03.20-15.56.47:342][292]LogSlate: InvalidateAllWidgets triggered.  All widgets were invalidated
[2025.03.20-15.56.48:471][423]Cmd: OBJ SAVEPACKAGE PACKAGE="/Game/ThirdPersonCPP/UI/MainMenu" FILE="../../../../../../UnrealProjects/COMP217GroupProject/DungeonDash/Content/ThirdPersonCPP/UI/MainMenu.uasset" SILENT=true
[2025.03.20-15.56.48:483][423]LogSavePackage: Moving '../../../../../../UnrealProjects/COMP217GroupProject/DungeonDash/Saved/MainMenuF5DF880C404E2008E79DABA6E7C0AC21.tmp' to '../../../../../../UnrealProjects/COMP217GroupProject/DungeonDash/Content/ThirdPersonCPP/UI/MainMenu.uasset'
[2025.03.20-15.56.48:491][423]AssetCheck: New page: Asset Save: MainMenu
[2025.03.20-15.56.48:491][423]LogContentValidation: Display: Validating WidgetBlueprint /Game/ThirdPersonCPP/UI/MainMenu.MainMenu
[2025.03.20-15.56.49:585][554]LogWorld: UWorld::CleanupWorld for World_3, bSessionEnded=true, bCleanupResources=true
[2025.03.20-15.56.49:585][554]LogSlate: InvalidateAllWidgets triggered.  All widgets were invalidated
[2025.03.20-15.56.49:590][554]LogWorld: UWorld::CleanupWorld for World_2, bSessionEnded=true, bCleanupResources=true
[2025.03.20-15.56.49:590][554]LogSlate: InvalidateAllWidgets triggered.  All widgets were invalidated
[2025.03.20-15.56.50:490][655]LogEditorViewport: Clicking Background
[2025.03.20-15.56.51:389][753]LogUObjectHash: Compacting FUObjectHashTables data took   2.59ms
[2025.03.20-15.56.51:394][753]LogSavePackage: Moving '../../../../../../UnrealProjects/COMP217GroupProject/DungeonDash/Saved/Main8229CD5E4ADFEB1D3C97379F971DE0CD.tmp' to '../../../../../../UnrealProjects/COMP217GroupProject/DungeonDash/Content/ThirdPersonCPP/Main.umap'
[2025.03.20-15.56.51:410][753]AssetCheck: New page: Asset Save: Main
[2025.03.20-15.56.51:410][753]LogContentValidation: Display: Validating World /Game/ThirdPersonCPP/Main.Main
[2025.03.20-15.56.52:761][908]LogUObjectHash: Compacting FUObjectHashTables data took   2.63ms
[2025.03.20-15.56.52:765][908]LogSavePackage: Moving '../../../../../../UnrealProjects/COMP217GroupProject/DungeonDash/Saved/Main3C7155BE45E051A445D6D9A87BF240B7.tmp' to '../../../../../../UnrealProjects/COMP217GroupProject/DungeonDash/Content/ThirdPersonCPP/Main.umap'
[2025.03.20-15.56.52:774][908]AssetCheck: New page: Asset Save: Main
[2025.03.20-15.56.52:774][908]LogContentValidation: Display: Validating World /Game/ThirdPersonCPP/Main.Main
[2025.03.20-15.56.59:817][747]LogUObjectHash: Compacting FUObjectHashTables data took   0.33ms
[2025.03.20-15.57.03:120][140]LogUObjectHash: Compacting FUObjectHashTables data took   0.35ms
[2025.03.20-15.57.03:154][140]LogSlate: Window 'DungeonDash - Unreal Editor' being destroyed
[2025.03.20-15.57.03:262][141]Cmd: QUIT_EDITOR
[2025.03.20-15.57.03:262][141]LogCore: Engine exit requested (reason: UUnrealEdEngine::CloseEditor())
[2025.03.20-15.57.03:266][141]LogCore: Engine exit requested (reason: EngineExit() was called; note: exit was already requested)
[2025.03.20-15.57.03:987][141]LogAudio: Display: Beginning Audio Device Manager Shutdown (Module: AudioMixerXAudio2)...
[2025.03.20-15.57.03:987][141]LogAudio: Display: Destroying 1 Remaining Audio Device(s)...
[2025.03.20-15.57.03:987][141]LogAudio: Display: Audio Device unregistered from world 'Main'.
[2025.03.20-15.57.03:987][141]LogAudioMixer: FMixerPlatformXAudio2::StopAudioStream() called
[2025.03.20-15.57.03:988][141]LogAudioMixer: FMixerPlatformXAudio2::StopAudioStream() called
[2025.03.20-15.57.04:253][141]LogAudio: Display: Audio Device Manager Shutdown
[2025.03.20-15.57.04:254][141]LogWindowsTextInputMethodSystem: Display: IME system activated using TSF (微软拼音).
[2025.03.20-15.57.04:257][141]LogExit: Preparing to exit.
[2025.03.20-15.57.04:304][141]LogUObjectHash: Compacting FUObjectHashTables data took   1.18ms
[2025.03.20-15.57.04:417][141]LogWorld: UWorld::CleanupWorld for World_9, bSessionEnded=true, bCleanupResources=true
[2025.03.20-15.57.04:418][141]LogActorComponent: UnregisterComponent: (None.None) Not registered. Aborting.
[2025.03.20-15.57.04:418][141]LogActorComponent: UnregisterComponent: (None.None) Not registered. Aborting.
[2025.03.20-15.57.04:418][141]LogActorComponent: UnregisterComponent: (None.None) Not registered. Aborting.
[2025.03.20-15.57.04:418][141]LogActorComponent: UnregisterComponent: (None.None) Not registered. Aborting.
[2025.03.20-15.57.04:418][141]LogActorComponent: UnregisterComponent: (None.None) Not registered. Aborting.
[2025.03.20-15.57.04:418][141]LogActorComponent: UnregisterComponent: (None.None) Not registered. Aborting.
[2025.03.20-15.57.04:418][141]LogActorComponent: UnregisterComponent: (None.None) Not registered. Aborting.
[2025.03.20-15.57.04:418][141]LogWorld: UWorld::CleanupWorld for None, bSessionEnded=true, bCleanupResources=true
[2025.03.20-15.57.04:419][141]LogActorComponent: UnregisterComponent: (None.None) Not registered. Aborting.
[2025.03.20-15.57.04:419][141]LogActorComponent: UnregisterComponent: (None.None) Not registered. Aborting.
[2025.03.20-15.57.04:419][141]LogActorComponent: UnregisterComponent: (None.None) Not registered. Aborting.
[2025.03.20-15.57.04:419][141]LogActorComponent: UnregisterComponent: (None.None) Not registered. Aborting.
[2025.03.20-15.57.04:419][141]LogActorComponent: UnregisterComponent: (None.None) Not registered. Aborting.
[2025.03.20-15.57.04:419][141]LogActorComponent: UnregisterComponent: (None.None) Not registered. Aborting.
[2025.03.20-15.57.04:419][141]LogActorComponent: UnregisterComponent: (None.None) Not registered. Aborting.
[2025.03.20-15.57.04:419][141]LogWorld: UWorld::CleanupWorld for None, bSessionEnded=true, bCleanupResources=true
[2025.03.20-15.57.04:443][141]LogDemo: Cleaned up 0 splitscreen connections with owner deletion
[2025.03.20-15.57.04:450][141]LogWorld: UWorld::CleanupWorld for None, bSessionEnded=true, bCleanupResources=true
[2025.03.20-15.57.04:450][141]LogExit: Editor shut down
[2025.03.20-15.57.04:450][141]LogExit: Transaction tracking system shut down
[2025.03.20-15.57.04:679][141]LogExit: Object subsystem successfully closed.
[2025.03.20-15.57.04:706][141]LogShaderCompilers: Display: === FShaderJobCache stats ===
[2025.03.20-15.57.04:706][141]LogShaderCompilers: Display: Total job queries 0, among them cache hits 0 (0.00%)
[2025.03.20-15.57.04:706][141]LogShaderCompilers: Display: Tracking 0 distinct input hashes that result in 0 distinct outputs (0.00%)
[2025.03.20-15.57.04:708][141]LogShaderCompilers: Display: RAM used: 0.00 MB (0.00 GB) of 1638.40 MB (1.60 GB) budget. Usage: 0.00%
[2025.03.20-15.57.04:708][141]LogShaderCompilers: Display: ================================================
[2025.03.20-15.57.04:716][141]LogShaderCompilers: Display: Shaders left to compile 0
[2025.03.20-15.57.04:744][141]LogModuleManager: Shutting down and abandoning module DungeonDash (884)
[2025.03.20-15.57.04:744][141]LogModuleManager: Shutting down and abandoning module MovieSceneCapture (880)
[2025.03.20-15.57.04:744][141]LogModuleManager: Shutting down and abandoning module Voice (878)
[2025.03.20-15.57.04:744][141]LogModuleManager: Shutting down and abandoning module SequencerWidgets (876)
[2025.03.20-15.57.04:745][141]LogModuleManager: Shutting down and abandoning module BlueprintGraph (874)
[2025.03.20-15.57.04:745][141]LogModuleManager: Shutting down and abandoning module HierarchicalLODOutliner (872)
[2025.03.20-15.57.04:745][141]LogModuleManager: Shutting down and abandoning module SceneOutliner (870)
[2025.03.20-15.57.04:745][141]LogModuleManager: Shutting down and abandoning module AddContentDialog (868)
[2025.03.20-15.57.04:745][141]LogModuleManager: Shutting down and abandoning module WidgetCarousel (867)
[2025.03.20-15.57.04:745][141]LogModuleManager: Shutting down and abandoning module EditorWidgets (864)
[2025.03.20-15.57.04:745][141]LogModuleManager: Shutting down and abandoning module StatsViewer (862)
[2025.03.20-15.57.04:745][141]LogModuleManager: Shutting down and abandoning module PIEPreviewDeviceProfileSelector (860)
[2025.03.20-15.57.04:746][141]LogModuleManager: Shutting down and abandoning module SequenceRecorderSections (858)
[2025.03.20-15.57.04:746][141]LogModuleManager: Shutting down and abandoning module AutomationWorker (856)
[2025.03.20-15.57.04:746][141]LogModuleManager: Shutting down and abandoning module SteamVREditor (854)
[2025.03.20-15.57.04:746][141]LogModuleManager: Shutting down and abandoning module OculusMR (852)
[2025.03.20-15.57.04:746][141]LogModuleManager: Shutting down and abandoning module TakeRecorderSources (850)
[2025.03.20-15.57.04:746][141]LogModuleManager: Shutting down and abandoning module TakeRecorder (849)
[2025.03.20-15.57.04:747][141]LogModuleManager: Shutting down and abandoning module TakeTrackRecorders (846)
[2025.03.20-15.57.04:747][141]LogModuleManager: Shutting down and abandoning module TakesCore (844)
[2025.03.20-15.57.04:747][141]LogModuleManager: Shutting down and abandoning module OpenXRInput (842)
[2025.03.20-15.57.04:747][141]LogModuleManager: Shutting down and abandoning module GooglePADEditor (840)
[2025.03.20-15.57.04:747][141]LogModuleManager: Shutting down and abandoning module AudioCaptureEditor (838)
[2025.03.20-15.57.04:747][141]LogModuleManager: Shutting down and abandoning module TemplateSequenceEditor (836)
[2025.03.20-15.57.04:747][141]LogModuleManager: Shutting down and abandoning module LevelSequenceEditor (834)
[2025.03.20-15.57.04:747][141]LogModuleManager: Shutting down and abandoning module MatineeToLevelSequence (832)
[2025.03.20-15.57.04:747][141]LogModuleManager: Shutting down and abandoning module ActorSequenceEditor (830)
[2025.03.20-15.57.04:748][141]LogModuleManager: Shutting down and abandoning module PlanarCut (828)
[2025.03.20-15.57.04:748][141]LogModuleManager: Shutting down and abandoning module TextureAlignMode (826)
[2025.03.20-15.57.04:748][141]LogModuleManager: Shutting down and abandoning module BspMode (824)
[2025.03.20-15.57.04:748][141]LogModuleManager: Shutting down and abandoning module GeometryMode (822)
[2025.03.20-15.57.04:748][141]LogModuleManager: Shutting down and abandoning module WmfMediaFactory (820)
[2025.03.20-15.57.04:748][141]LogModuleManager: Shutting down and abandoning module WmfMediaEditor (818)
[2025.03.20-15.57.04:748][141]LogModuleManager: Shutting down and abandoning module WebMMediaFactory (816)
[2025.03.20-15.57.04:748][141]LogModuleManager: Shutting down and abandoning module WebMMediaEditor (814)
[2025.03.20-15.57.04:748][141]LogModuleManager: Shutting down and abandoning module WebMMedia (812)
[2025.03.20-15.57.04:748][141]LogModuleManager: Shutting down and abandoning module MediaPlayerEditor (810)
[2025.03.20-15.57.04:749][141]LogModuleManager: Shutting down and abandoning module CharacterAI (808)
[2025.03.20-15.57.04:749][141]LogModuleManager: Shutting down and abandoning module MediaCompositingEditor (806)
[2025.03.20-15.57.04:749][141]LogModuleManager: Shutting down and abandoning module SequenceRecorder (805)
[2025.03.20-15.57.04:749][141]LogModuleManager: Shutting down and abandoning module OpenExrWrapper (802)
[2025.03.20-15.57.04:749][141]LogModuleManager: Shutting down and abandoning module ImgMediaFactory (800)
[2025.03.20-15.57.04:749][141]LogModuleManager: Shutting down and abandoning module ImgMediaEditor (798)
[2025.03.20-15.57.04:749][141]LogModuleManager: Shutting down and abandoning module AvfMediaFactory (796)
[2025.03.20-15.57.04:749][141]LogModuleManager: Shutting down and abandoning module AvfMediaEditor (794)
[2025.03.20-15.57.04:749][141]LogModuleManager: Shutting down and abandoning module AndroidMediaFactory (792)
[2025.03.20-15.57.04:749][141]LogModuleManager: Shutting down and abandoning module AndroidMediaEditor (790)
[2025.03.20-15.57.04:749][141]LogModuleManager: Shutting down and abandoning module MagicLeapMediaCodecFactory (788)
[2025.03.20-15.57.04:749][141]LogModuleManager: Shutting down and abandoning module MagicLeapMediaFactory (786)
[2025.03.20-15.57.04:749][141]LogModuleManager: Shutting down and abandoning module MagicLeapMediaEditor (784)
[2025.03.20-15.57.04:749][141]LogModuleManager: Shutting down and abandoning module CameraShakePreviewer (782)
[2025.03.20-15.57.04:749][141]LogModuleManager: Shutting down and abandoning module SmartSnapping (780)
[2025.03.20-15.57.04:749][141]LogModuleManager: Shutting down and abandoning module SessionServices (778)
[2025.03.20-15.57.04:749][141]LogModuleManager: Shutting down and abandoning module MeshPaint (776)
[2025.03.20-15.57.04:750][141]LogModuleManager: Shutting down and abandoning module VirtualTexturingEditor (774)
[2025.03.20-15.57.04:750][141]LogModuleManager: Shutting down and abandoning module FoliageEdit (772)
[2025.03.20-15.57.04:750][141]LogModuleManager: Shutting down and abandoning module LandscapeEditor (770)
[2025.03.20-15.57.04:751][141]LogModuleManager: Shutting down and abandoning module MeshPaintMode (768)
[2025.03.20-15.57.04:751][141]LogModuleManager: Shutting down and abandoning module SceneDepthPickerMode (766)
[2025.03.20-15.57.04:751][141]LogModuleManager: Shutting down and abandoning module ActorPickerMode (764)
[2025.03.20-15.57.04:751][141]LogModuleManager: Shutting down and abandoning module PlacementMode (762)
[2025.03.20-15.57.04:751][141]LogModuleManager: Shutting down and abandoning module ViewportSnapping (760)
[2025.03.20-15.57.04:751][141]LogModuleManager: Shutting down and abandoning module ViewportInteraction (758)
[2025.03.20-15.57.04:751][141]LogModuleManager: Shutting down and abandoning module ClothPainter (756)
[2025.03.20-15.57.04:751][141]LogModuleManager: Shutting down and abandoning module SkeletalMeshEditor (755)
[2025.03.20-15.57.04:752][141]LogModuleManager: Shutting down and abandoning module LogVisualizer (752)
[2025.03.20-15.57.04:752][141]LogModuleManager: Shutting down and abandoning module IntroTutorials (750)
[2025.03.20-15.57.04:753][141]LogModuleManager: Shutting down and abandoning module GameProjectGeneration (749)
[2025.03.20-15.57.04:753][141]LogModuleManager: Shutting down and abandoning module LuminPlatformEditor (746)
[2025.03.20-15.57.04:753][141]LogModuleManager: Shutting down and abandoning module IOSPlatformEditor (744)
[2025.03.20-15.57.04:753][141]LogModuleManager: Shutting down and abandoning module AndroidPlatformEditor (742)
[2025.03.20-15.57.04:753][141]LogModuleManager: Shutting down and abandoning module AndroidDeviceDetection (741)
[2025.03.20-15.57.05:684][141]LogModuleManager: Shutting down and abandoning module WindowsPlatformEditor (738)
[2025.03.20-15.57.05:684][141]LogModuleManager: Shutting down and abandoning module LuminRuntimeSettings (736)
[2025.03.20-15.57.05:684][141]LogModuleManager: Shutting down and abandoning module IOSRuntimeSettings (734)
[2025.03.20-15.57.05:684][141]LogModuleManager: Shutting down and abandoning module AndroidRuntimeSettings (732)
[2025.03.20-15.57.05:684][141]LogModuleManager: Shutting down and abandoning module TraceInsights (730)
[2025.03.20-15.57.05:694][141]MemoryProfiler: Shutdown
[2025.03.20-15.57.05:695][141]NetworkingProfiler: Shutdown
[2025.03.20-15.57.05:695][141]LoadingProfiler: Shutdown
[2025.03.20-15.57.05:695][141]TimingProfiler: Shutdown
[2025.03.20-15.57.05:696][141]LogModuleManager: Shutting down and abandoning module TraceServices (729)
[2025.03.20-15.57.05:696][141]LogModuleManager: Shutting down and abandoning module EditorInteractiveToolsFramework (726)
[2025.03.20-15.57.05:697][141]LogModuleManager: Shutting down and abandoning module TimeManagementEditor (724)
[2025.03.20-15.57.05:697][141]LogModuleManager: Shutting down and abandoning module InputBindingEditor (722)
[2025.03.20-15.57.05:697][141]LogModuleManager: Shutting down and abandoning module MergeActors (720)
[2025.03.20-15.57.05:697][141]LogModuleManager: Shutting down and abandoning module LocalizationDashboard (718)
[2025.03.20-15.57.05:697][141]LogModuleManager: Shutting down and abandoning module LocalizationService (717)
[2025.03.20-15.57.05:697][141]LogModuleManager: Shutting down and abandoning module HardwareTargeting (714)
[2025.03.20-15.57.05:698][141]LogModuleManager: Shutting down and abandoning module DeviceProfileEditor (712)
[2025.03.20-15.57.05:698][141]LogModuleManager: Shutting down and abandoning module UndoHistory (710)
[2025.03.20-15.57.05:698][141]LogModuleManager: Shutting down and abandoning module XmlParser (708)
[2025.03.20-15.57.05:698][141]LogModuleManager: Shutting down and abandoning module Blutility (706)
[2025.03.20-15.57.05:698][141]LogModuleManager: Shutting down and abandoning module ProjectSettingsViewer (704)
[2025.03.20-15.57.05:698][141]LogModuleManager: Shutting down and abandoning module ProjectTargetPlatformEditor (703)
[2025.03.20-15.57.05:699][141]LogModuleManager: Shutting down and abandoning module EditorSettingsViewer (700)
[2025.03.20-15.57.05:699][141]LogModuleManager: Shutting down and abandoning module InternationalizationSettings (699)
[2025.03.20-15.57.05:699][141]LogModuleManager: Shutting down and abandoning module SettingsEditor (696)
[2025.03.20-15.57.05:699][141]LogModuleManager: Shutting down and abandoning module ProjectLauncher (694)
[2025.03.20-15.57.05:699][141]LogModuleManager: Shutting down and abandoning module SessionFrontend (692)
[2025.03.20-15.57.05:699][141]LogModuleManager: Shutting down and abandoning module ProfilerClient (690)
[2025.03.20-15.57.05:699][141]LogModuleManager: Shutting down and abandoning module DeviceManager (688)
[2025.03.20-15.57.05:700][141]LogModuleManager: Shutting down and abandoning module TargetDeviceServices (687)
[2025.03.20-15.57.05:733][141]LogModuleManager: Shutting down and abandoning module AutomationController (684)
[2025.03.20-15.57.05:733][141]LogModuleManager: Shutting down and abandoning module AutomationWindow (682)
[2025.03.20-15.57.05:733][141]LogModuleManager: Shutting down and abandoning module Layers (680)
[2025.03.20-15.57.05:733][141]LogModuleManager: Shutting down and abandoning module ComponentVisualizers (678)
[2025.03.20-15.57.05:733][141]LogModuleManager: Shutting down and abandoning module DetailCustomizations (676)
[2025.03.20-15.57.05:734][141]LogModuleManager: Shutting down and abandoning module PackagesDialog (674)
[2025.03.20-15.57.05:734][141]LogModuleManager: Shutting down and abandoning module AnimationBlueprintEditor (672)
[2025.03.20-15.57.05:734][141]LogModuleManager: Shutting down and abandoning module Persona (670)
[2025.03.20-15.57.05:735][141]LogModuleManager: Shutting down and abandoning module AdvancedPreviewScene (669)
[2025.03.20-15.57.05:735][141]LogModuleManager: Shutting down and abandoning module Kismet (666)
[2025.03.20-15.57.05:740][141]LogModuleManager: Shutting down and abandoning module KismetWidgets (665)
[2025.03.20-15.57.05:740][141]LogModuleManager: Shutting down and abandoning module GraphEditor (662)
[2025.03.20-15.57.05:740][141]LogModuleManager: Shutting down and abandoning module StructViewer (660)
[2025.03.20-15.57.05:740][141]LogModuleManager: Shutting down and abandoning module ClassViewer (658)
[2025.03.20-15.57.05:741][141]LogModuleManager: Shutting down and abandoning module Toolbox (656)
[2025.03.20-15.57.05:741][141]LogModuleManager: Shutting down and abandoning module ModuleUI (654)
[2025.03.20-15.57.05:741][141]LogModuleManager: Shutting down and abandoning module OutputLog (652)
[2025.03.20-15.57.05:743][141]LogModuleManager: Shutting down and abandoning module GammaUI (650)
[2025.03.20-15.57.05:743][141]LogModuleManager: Shutting down and abandoning module Documentation (648)
[2025.03.20-15.57.05:743][141]LogModuleManager: Shutting down and abandoning module LiveCoding (646)
[2025.03.20-15.57.05:743][141]LogModuleManager: Shutting down and abandoning module LevelSequence (644)
[2025.03.20-15.57.05:743][141]LogModuleManager: Shutting down and abandoning module MovieSceneTracks (642)
[2025.03.20-15.57.05:743][141]LogModuleManager: Shutting down and abandoning module MovieScene (640)
[2025.03.20-15.57.05:744][141]LogModuleManager: Shutting down and abandoning module StreamingPauseRendering (638)
[2025.03.20-15.57.05:744][141]LogModuleManager: Shutting down and abandoning module LauncherPlatform (636)
[2025.03.20-15.57.05:744][141]LogModuleManager: Shutting down and abandoning module AnalyticsET (634)
[2025.03.20-15.57.05:744][141]LogModuleManager: Shutting down and abandoning module PortalServices (632)
[2025.03.20-15.57.05:744][141]LogModuleManager: Shutting down and abandoning module PortalRpc (630)
[2025.03.20-15.57.05:744][141]LogModuleManager: Shutting down and abandoning module MessagingRpc (628)
[2025.03.20-15.57.05:744][141]LogModuleManager: Shutting down and abandoning module AudioMixerXAudio2 (626)
[2025.03.20-15.57.05:744][141]LogModuleManager: Shutting down and abandoning module AudioMixerCore (625)
[2025.03.20-15.57.05:744][141]LogModuleManager: Shutting down and abandoning module AIModule (622)
[2025.03.20-15.57.05:744][141]LogModuleManager: Shutting down and abandoning module GameplayDebugger (621)
[2025.03.20-15.57.05:744][141]LogModuleManager: Shutting down and abandoning module AITestSuite (619)
[2025.03.20-15.57.05:744][141]LogModuleManager: Shutting down and abandoning module NavigationSystem (617)
[2025.03.20-15.57.05:744][141]LogModuleManager: Shutting down and abandoning module ImageWriteQueue (614)
[2025.03.20-15.57.05:750][141]LogModuleManager: Shutting down and abandoning module ProfilerService (612)
[2025.03.20-15.57.05:997][141]LogModuleManager: Shutting down and abandoning module TaskGraph (610)
[2025.03.20-15.57.05:998][141]LogModuleManager: Shutting down and abandoning module AudioSynesthesiaEditor (608)
[2025.03.20-15.57.05:998][141]LogModuleManager: Shutting down and abandoning module OculusEditor (606)
[2025.03.20-15.57.05:999][141]LogModuleManager: Shutting down and abandoning module OculusInput (604)
[2025.03.20-15.57.05:999][141]LogModuleManager: Shutting down and abandoning module ContentBrowserFileDataSource (602)
[2025.03.20-15.57.05:999][141]LogModuleManager: Shutting down and abandoning module ContentBrowserClassDataSource (600)
[2025.03.20-15.57.05:999][141]LogModuleManager: Shutting down and abandoning module ContentBrowserAssetDataSource (598)
[2025.03.20-15.57.05:999][141]LogModuleManager: Shutting down and abandoning module CollectionManager (597)
[2025.03.20-15.57.06:000][141]LogModuleManager: Shutting down and abandoning module TakeSequencer (594)
[2025.03.20-15.57.06:000][141]LogModuleManager: Shutting down and abandoning module TakeMovieScene (592)
[2025.03.20-15.57.06:000][141]LogModuleManager: Shutting down and abandoning module ScreenshotTools (590)
[2025.03.20-15.57.06:000][141]LogModuleManager: Shutting down and abandoning module SynthesisEditor (588)
[2025.03.20-15.57.06:000][141]LogModuleManager: Shutting down and abandoning module Synthesis (586)
[2025.03.20-15.57.06:001][141]LogModuleManager: Shutting down and abandoning module ProceduralMeshComponentEditor (584)
[2025.03.20-15.57.06:001][141]LogModuleManager: Shutting down and abandoning module ProceduralMeshComponent (582)
[2025.03.20-15.57.06:001][141]LogModuleManager: Shutting down and abandoning module OpenXREditor (580)
[2025.03.20-15.57.06:001][141]LogModuleManager: Shutting down and abandoning module MobilePatchingUtils (578)
[2025.03.20-15.57.06:001][141]LogModuleManager: Shutting down and abandoning module GooglePAD (576)
[2025.03.20-15.57.06:001][141]LogModuleManager: Shutting down and abandoning module EditableMesh (574)
[2025.03.20-15.57.06:001][141]LogModuleManager: Shutting down and abandoning module CableComponent (572)
[2025.03.20-15.57.06:001][141]LogModuleManager: Shutting down and abandoning module CustomMeshComponent (570)
[2025.03.20-15.57.06:001][141]LogModuleManager: Shutting down and abandoning module AppleImageUtilsBlueprintSupport (568)
[2025.03.20-15.57.06:001][141]LogModuleManager: Shutting down and abandoning module AppleImageUtils (566)
[2025.03.20-15.57.06:001][141]LogModuleManager: Shutting down and abandoning module AudioCapture (564)
[2025.03.20-15.57.06:001][141]LogModuleManager: Shutting down and abandoning module AudioCaptureRtAudio (563)
[2025.03.20-15.57.06:001][141]LogModuleManager: Shutting down and abandoning module ArchVisCharacter (560)
[2025.03.20-15.57.06:001][141]LogModuleManager: Shutting down and abandoning module AssetTags (558)
[2025.03.20-15.57.06:001][141]LogModuleManager: Shutting down and abandoning module AndroidPermission (556)
[2025.03.20-15.57.06:001][141]LogModuleManager: Shutting down and abandoning module TemplateSequence (554)
[2025.03.20-15.57.06:001][141]LogModuleManager: Shutting down and abandoning module ActorLayerUtilitiesEditor (552)
[2025.03.20-15.57.06:001][141]LogModuleManager: Shutting down and abandoning module ActorLayerUtilities (550)
[2025.03.20-15.57.06:001][141]LogModuleManager: Shutting down and abandoning module OpenImageDenoise (548)
[2025.03.20-15.57.06:001][141]LogOpenImageDenoise: OIDN shutting down
[2025.03.20-15.57.06:001][141]LogModuleManager: Shutting down and abandoning module MotoSynthEditor (546)
[2025.03.20-15.57.06:001][141]LogModuleManager: Shutting down and abandoning module MotoSynth (544)
[2025.03.20-15.57.06:001][141]LogModuleManager: Shutting down and abandoning module MeshConversion (542)
[2025.03.20-15.57.06:001][141]LogModuleManager: Shutting down and abandoning module DynamicMesh (540)
[2025.03.20-15.57.06:002][141]LogModuleManager: Shutting down and abandoning module GeometryAlgorithms (538)
[2025.03.20-15.57.06:002][141]LogModuleManager: Shutting down and abandoning module GeometricObjects (536)
[2025.03.20-15.57.06:002][141]LogModuleManager: Shutting down and abandoning module PluginBrowser (534)
[2025.03.20-15.57.06:003][141]LogModuleManager: Shutting down and abandoning module SpeedTreeImporter (532)
[2025.03.20-15.57.06:003][141]LogModuleManager: Shutting down and abandoning module MobileLauncherProfileWizard (530)
[2025.03.20-15.57.06:003][141]LogModuleManager: Shutting down and abandoning module MaterialAnalyzer (528)
[2025.03.20-15.57.06:003][141]LogModuleManager: Shutting down and abandoning module GeometryCollectionTracks (526)
[2025.03.20-15.57.06:003][141]LogModuleManager: Shutting down and abandoning module GeometryCollectionSequencer (525)
[2025.03.20-15.57.06:003][141]LogModuleManager: Shutting down and abandoning module GeometryCollectionEditor (522)
[2025.03.20-15.57.06:003][141]LogModuleManager: Shutting down and abandoning module GeometryCacheTracks (520)
[2025.03.20-15.57.06:003][141]LogModuleManager: Shutting down and abandoning module GeometryCacheStreamer (518)
[2025.03.20-15.57.06:003][141]LogModuleManager: Shutting down and abandoning module GeometryCacheSequencer (516)
[2025.03.20-15.57.06:003][141]LogModuleManager: Shutting down and abandoning module MediaCompositing (514)
[2025.03.20-15.57.06:003][141]LogModuleManager: Shutting down and abandoning module ImgMedia (512)
[2025.03.20-15.57.06:003][141]LogModuleManager: Shutting down and abandoning module CurveEditorTools (510)
[2025.03.20-15.57.06:004][141]LogModuleManager: Shutting down and abandoning module CryptoKeysOpenSSL (508)
[2025.03.20-15.57.06:004][141]LogModuleManager: Shutting down and abandoning module CryptoKeys (506)
[2025.03.20-15.57.06:004][141]LogModuleManager: Shutting down and abandoning module MagicLeapSharedWorld (504)
[2025.03.20-15.57.06:004][141]LogModuleManager: Shutting down and abandoning module MagicLeapLightEstimation (502)
[2025.03.20-15.57.06:004][141]LogModuleManager: Shutting down and abandoning module FractureEditor (500)
[2025.03.20-15.57.06:004][141]LogModuleManager: Shutting down and abandoning module ChaosClothEditor (498)
[2025.03.20-15.57.06:004][141]LogModuleManager: Shutting down and abandoning module ChaosSolverEditor (496)
[2025.03.20-15.57.06:004][141]LogModuleManager: Shutting down and abandoning module ChaosNiagara (494)
[2025.03.20-15.57.06:004][141]LogModuleManager: Shutting down and abandoning module FieldSystemEngine (493)
[2025.03.20-15.57.06:004][141]LogModuleManager: Shutting down and abandoning module MagicLeapHelperVulkan (490)
[2025.03.20-15.57.06:004][141]LogModuleManager: Shutting down and abandoning module MagicLeapHelperOpenGL (488)
[2025.03.20-15.57.06:004][141]LogModuleManager: Shutting down and abandoning module MagicLeapAudio (486)
[2025.03.20-15.57.06:004][141]LogModuleManager: Shutting down and abandoning module BackChannel (484)
[2025.03.20-15.57.06:004][141]LogModuleManager: Shutting down and abandoning module AutomationUtilsEditor (482)
[2025.03.20-15.57.06:004][141]LogModuleManager: Shutting down and abandoning module AutomationUtils (480)
[2025.03.20-15.57.06:005][141]LogModuleManager: Shutting down and abandoning module AlembicImporter (478)
[2025.03.20-15.57.06:005][141]LogModuleManager: Shutting down and abandoning module AlembicLibrary (477)
[2025.03.20-15.57.06:005][141]LogModuleManager: Shutting down and abandoning module GeometryCache (476)
[2025.03.20-15.57.06:005][141]LogModuleManager: Shutting down and abandoning module GeometryCacheEd (475)
[2025.03.20-15.57.06:005][141]LogModuleManager: Shutting down and abandoning module VariantManagerContentEditor (470)
[2025.03.20-15.57.06:005][141]LogModuleManager: Shutting down and abandoning module NiagaraEditorWidgets (468)
[2025.03.20-15.57.06:005][141]LogModuleManager: Shutting down and abandoning module DatasmithContentEditor (466)
[2025.03.20-15.57.06:006][141]LogModuleManager: Shutting down and abandoning module VisualStudioCodeSourceCodeAccess (464)
[2025.03.20-15.57.06:006][141]LogModuleManager: Shutting down and abandoning module UObjectPlugin (462)
[2025.03.20-15.57.06:006][141]LogModuleManager: Shutting down and abandoning module VisualStudioSourceCodeAccess (460)
[2025.03.20-15.57.06:006][141]LogModuleManager: Shutting down and abandoning module RiderSourceCodeAccess (458)
[2025.03.20-15.57.06:006][141]LogModuleManager: Shutting down and abandoning module SubversionSourceControl (456)
[2025.03.20-15.57.06:006][141]LogModuleManager: Shutting down and abandoning module GitSourceControl (454)
[2025.03.20-15.57.06:006][141]LogModuleManager: Shutting down and abandoning module PlasticSourceControl (452)
[2025.03.20-15.57.06:007][141]LogModuleManager: Shutting down and abandoning module PerforceSourceControl (450)
[2025.03.20-15.57.06:007][141]LogModuleManager: Shutting down and abandoning module SourceControl (449)
[2025.03.20-15.57.06:007][141]LogModuleManager: Shutting down and abandoning module PluginUtils (446)
[2025.03.20-15.57.06:007][141]LogModuleManager: Shutting down and abandoning module AnimationSharingEd (444)
[2025.03.20-15.57.06:007][141]LogModuleManager: Shutting down and abandoning module OodleNetworkHandlerComponent (442)
[2025.03.20-15.57.06:007][141]LogModuleManager: Shutting down and abandoning module CLionSourceCodeAccess (440)
[2025.03.20-15.57.06:007][141]LogModuleManager: Shutting down and abandoning module LightPropagationVolumeEditor (438)
[2025.03.20-15.57.06:007][141]LogModuleManager: Shutting down and abandoning module LiveLinkSequencer (436)
[2025.03.20-15.57.06:007][141]LogModuleManager: Shutting down and abandoning module LiveLinkMovieScene (434)
[2025.03.20-15.57.06:008][141]LogModuleManager: Shutting down and abandoning module LiveLinkGraphNode (432)
[2025.03.20-15.57.06:008][141]LogModuleManager: Shutting down and abandoning module LiveLinkEditor (430)
[2025.03.20-15.57.06:008][141]LogModuleManager: Shutting down and abandoning module LiveLinkComponents (428)
[2025.03.20-15.57.06:008][141]LogModuleManager: Shutting down and abandoning module LiveLink (426)
[2025.03.20-15.57.06:168][141]LogModuleManager: Shutting down and abandoning module PaperTiledImporter (424)
[2025.03.20-15.57.06:168][141]LogModuleManager: Shutting down and abandoning module PaperSpriteSheetImporter (422)
[2025.03.20-15.57.06:176][141]LogModuleManager: Shutting down and abandoning module Paper2DEditor (420)
[2025.03.20-15.57.06:177][141]LogModuleManager: Shutting down and abandoning module MeshPaintingToolset (418)
[2025.03.20-15.57.06:177][141]LogModuleManager: Shutting down and abandoning module MeshPaintEditorMode (416)
[2025.03.20-15.57.06:177][141]LogModuleManager: Shutting down and abandoning module AnimGraph (413)
[2025.03.20-15.57.06:177][141]LogModuleManager: Shutting down and abandoning module SoundFields (410)
[2025.03.20-15.57.06:177][141]LogModuleManager: Shutting down and abandoning module RuntimePhysXCooking (408)
[2025.03.20-15.57.06:177][141]LogModuleManager: Shutting down and abandoning module SignificanceManager (406)
[2025.03.20-15.57.06:177][141]LogModuleManager: Shutting down and abandoning module PropertyAccessEditor (404)
[2025.03.20-15.57.06:178][141]LogModuleManager: Shutting down and abandoning module PhysXVehiclesEditor (402)
[2025.03.20-15.57.06:178][141]LogModuleManager: Shutting down and abandoning module LocationServicesBPLibrary (398)
[2025.03.20-15.57.06:178][141]LogModuleManager: Shutting down and abandoning module AudioSynesthesia (396)
[2025.03.20-15.57.06:178][141]LogModuleManager: Shutting down and abandoning module AudioSynesthesiaCore (394)
[2025.03.20-15.57.06:178][141]LogModuleManager: Shutting down and abandoning module ActorSequence (392)
[2025.03.20-15.57.06:178][141]LogModuleManager: Shutting down and abandoning module UdpMessaging (390)
[2025.03.20-15.57.06:279][141]LogModuleManager: Shutting down and abandoning module TcpMessaging (388)
[2025.03.20-15.57.06:389][141]LogModuleManager: Shutting down and abandoning module PythonScriptPlugin (386)
[2025.03.20-15.57.06:389][141]LogModuleManager: Shutting down and abandoning module GameplayTagsEditor (384)
[2025.03.20-15.57.06:389][141]LogModuleManager: Shutting down and abandoning module ImgMediaEngine (382)
[2025.03.20-15.57.06:389][141]LogModuleManager: Shutting down and abandoning module FacialAnimationEditor (380)
[2025.03.20-15.57.06:389][141]LogModuleManager: Shutting down and abandoning module FacialAnimation (378)
[2025.03.20-15.57.06:389][141]LogModuleManager: Shutting down and abandoning module DataValidation (376)
[2025.03.20-15.57.06:389][141]LogModuleManager: Shutting down and abandoning module MagicLeapARPin (374)
[2025.03.20-15.57.06:389][141]LogModuleManager: Shutting down and abandoning module MagicLeapHandMeshing (372)
[2025.03.20-15.57.06:389][141]LogModuleManager: Shutting down and abandoning module MagicLeapSecureStorage (370)
[2025.03.20-15.57.06:389][141]LogModuleManager: Shutting down and abandoning module MagicLeapPrivileges (368)
[2025.03.20-15.57.06:389][141]LogModuleManager: Shutting down and abandoning module MagicLeapPlanes (366)
[2025.03.20-15.57.06:390][141]LogMagicLeapPlanes: Planes tracker already destroyed.
[2025.03.20-15.57.06:390][141]LogModuleManager: Shutting down and abandoning module MagicLeapImageTracker (364)
[2025.03.20-15.57.06:390][141]LogModuleManager: Shutting down and abandoning module MagicLeapIdentity (362)
[2025.03.20-15.57.06:390][141]LogModuleManager: Shutting down and abandoning module MagicLeapHandTracking (360)
[2025.03.20-15.57.06:390][141]LogModuleManager: Shutting down and abandoning module MagicLeapEyeTracker (358)
[2025.03.20-15.57.06:390][141]LogModuleManager: Shutting down and abandoning module MagicLeapController (356)
[2025.03.20-15.57.06:390][141]LogModuleManager: Shutting down and abandoning module MagicLeapARPinImpl (354)
[2025.03.20-15.57.06:390][141]LogModuleManager: Shutting down and abandoning module MagicLeapAR (352)
[2025.03.20-15.57.06:390][141]LogModuleManager: Shutting down and abandoning module AssetManagerEditor (350)
[2025.03.20-15.57.06:390][141]LogModuleManager: Shutting down and abandoning module LevelEditor (349)
[2025.03.20-15.57.06:391][141]LogModuleManager: Shutting down and abandoning module PixelInspectorModule (348)
[2025.03.20-15.57.06:391][141]LogModuleManager: Shutting down and abandoning module CommonMenuExtensions (346)
[2025.03.20-15.57.06:391][141]LogModuleManager: Shutting down and abandoning module MainFrame (344)
[2025.03.20-15.57.06:391][141]LogModuleManager: Shutting down and abandoning module HotReload (343)
[2025.03.20-15.57.06:391][141]LogModuleManager: Shutting down and abandoning module ToolMenus (339)
[2025.03.20-15.57.06:391][141]LogModuleManager: Shutting down and abandoning module TreeMap (337)
[2025.03.20-15.57.06:392][141]LogModuleManager: Shutting down and abandoning module NiagaraAnimNotifies (334)
[2025.03.20-15.57.06:392][141]LogModuleManager: Shutting down and abandoning module Niagara (332)
[2025.03.20-15.57.06:392][141]LogModuleManager: Shutting down and abandoning module SignalProcessing (331)
[2025.03.20-15.57.06:392][141]LogModuleManager: Shutting down and abandoning module NiagaraEditor (329)
[2025.03.20-15.57.06:392][141]LogModuleManager: Shutting down and abandoning module ContentBrowser (328)
[2025.03.20-15.57.06:393][141]LogModuleManager: Shutting down and abandoning module ContentBrowserData (327)
[2025.03.20-15.57.06:393][141]LogModuleManager: Shutting down and abandoning module NiagaraCore (322)
[2025.03.20-15.57.06:393][141]LogModuleManager: Shutting down and abandoning module PropertyAccessNode (320)
[2025.03.20-15.57.06:393][141]LogModuleManager: Shutting down and abandoning module AnimationSharing (318)
[2025.03.20-15.57.06:393][141]LogModuleManager: Shutting down and abandoning module GameplayCameras (316)
[2025.03.20-15.57.06:393][141]LogModuleManager: Shutting down and abandoning module EnvironmentQueryEditor (314)
[2025.03.20-15.57.06:393][141]LogModuleManager: Shutting down and abandoning module LightPropagationVolumeRuntime (312)
[2025.03.20-15.57.06:393][141]LogModuleManager: Shutting down and abandoning module Paper2D (310)
[2025.03.20-15.57.06:393][141]LogModuleManager: Shutting down and abandoning module WindowsMoviePlayer (308)
[2025.03.20-15.57.06:393][141]LogModuleManager: Shutting down and abandoning module WebMMoviePlayer (306)
[2025.03.20-15.57.06:393][141]LogModuleManager: Shutting down and abandoning module NetworkReplayStreaming (304)
[2025.03.20-15.57.06:393][141]LogModuleManager: Shutting down and abandoning module PacketHandler (302)
[2025.03.20-15.57.06:393][141]LogModuleManager: Shutting down and abandoning module ClothingSystemEditor (300)
[2025.03.20-15.57.06:393][141]LogModuleManager: Shutting down and abandoning module ClothingSystemRuntimeNv (298)
[2025.03.20-15.57.06:394][141]LogModuleManager: Shutting down and abandoning module MediaAssets (296)
[2025.03.20-15.57.06:394][141]LogModuleManager: Shutting down and abandoning module Overlay (294)
[2025.03.20-15.57.06:394][141]LogModuleManager: Shutting down and abandoning module OverlayEditor (293)
[2025.03.20-15.57.06:394][141]LogModuleManager: Shutting down and abandoning module VREditor (290)
[2025.03.20-15.57.06:394][141]LogModuleManager: Shutting down and abandoning module StringTableEditor (288)
[2025.03.20-15.57.06:394][141]LogModuleManager: Shutting down and abandoning module GameplayTasksEditor (286)
[2025.03.20-15.57.06:394][141]LogModuleManager: Shutting down and abandoning module BehaviorTreeEditor (284)
[2025.03.20-15.57.06:394][141]LogModuleManager: Shutting down and abandoning module FunctionalTesting (282)
[2025.03.20-15.57.06:394][141]LogModuleManager: Shutting down and abandoning module CollisionAnalyzer (280)
[2025.03.20-15.57.06:395][141]LogModuleManager: Shutting down and abandoning module WorkspaceMenuStructure (279)
[2025.03.20-15.57.06:395][141]LogModuleManager: Shutting down and abandoning module UMG (276)
[2025.03.20-15.57.06:395][141]LogModuleManager: Shutting down and abandoning module UMGEditor (275)
[2025.03.20-15.57.06:395][141]LogModuleManager: Shutting down and abandoning module MessageLog (273)
[2025.03.20-15.57.06:395][141]LogModuleManager: Shutting down and abandoning module SlateReflector (268)
[2025.03.20-15.57.06:395][141]LogModuleManager: Shutting down and abandoning module Slate (266)
[2025.03.20-15.57.06:395][141]LogModuleManager: Shutting down and abandoning module SlateCore (264)
[2025.03.20-15.57.06:397][141]LogModuleManager: Shutting down and abandoning module LandscapeEditorUtilities (262)
[2025.03.20-15.57.06:397][141]LogModuleManager: Shutting down and abandoning module UnrealEd (260)
[2025.03.20-15.57.06:397][141]LogModuleManager: Shutting down and abandoning module MRMesh (258)
[2025.03.20-15.57.06:397][141]LogModuleManager: Shutting down and abandoning module SourceCodeAccess (256)
[2025.03.20-15.57.06:397][141]LogModuleManager: Shutting down and abandoning module HeadMountedDisplay (254)
[2025.03.20-15.57.06:397][141]LogModuleManager: Shutting down and abandoning module XAudio2 (252)
[2025.03.20-15.57.06:397][141]LogModuleManager: Shutting down and abandoning module Networking (250)
[2025.03.20-15.57.06:397][141]LogModuleManager: Shutting down and abandoning module Core (248)
[2025.03.20-15.57.06:397][141]LogModuleManager: Shutting down and abandoning module MaterialEditor (246)
[2025.03.20-15.57.06:398][141]LogModuleManager: Shutting down and abandoning module MovieSceneTools (244)
[2025.03.20-15.57.06:398][141]LogModuleManager: Shutting down and abandoning module CurveEditor (243)
[2025.03.20-15.57.06:398][141]LogModuleManager: Shutting down and abandoning module Sequencer (241)
[2025.03.20-15.57.06:398][141]LogModuleManager: Shutting down and abandoning module EditorStyle (240)
[2025.03.20-15.57.06:398][141]LogModuleManager: Shutting down and abandoning module KismetCompiler (236)
[2025.03.20-15.57.06:398][141]LogModuleManager: Shutting down and abandoning module MeshBuilder (234)
[2025.03.20-15.57.06:399][141]LogModuleManager: Shutting down and abandoning module MeshUtilities (232)
[2025.03.20-15.57.06:399][141]LogModuleManager: Shutting down and abandoning module MeshMergeUtilities (231)
[2025.03.20-15.57.06:399][141]LogModuleManager: Shutting down and abandoning module MeshReductionInterface (230)
[2025.03.20-15.57.06:399][141]LogModuleManager: Shutting down and abandoning module MeshBoneReduction (229)
[2025.03.20-15.57.06:399][141]LogModuleManager: Shutting down and abandoning module SkeletalMeshReduction (227)
[2025.03.20-15.57.06:399][141]LogModuleManager: Shutting down and abandoning module ProxyLODMeshReduction (225)
[2025.03.20-15.57.06:400][141]LogModuleManager: Shutting down and abandoning module QuadricMeshReduction (223)
[2025.03.20-15.57.06:400][141]LogModuleManager: Shutting down and abandoning module MaterialBaking (219)
[2025.03.20-15.57.06:400][141]LogModuleManager: Shutting down and abandoning module NullInstallBundleManager (214)
[2025.03.20-15.57.06:400][141]LogModuleManager: Shutting down and abandoning module DerivedDataCache (212)
[2025.03.20-15.57.06:400][141]LogModuleManager: Shutting down and abandoning module TargetPlatform (210)
[2025.03.20-15.57.06:400][141]LogModuleManager: Shutting down and abandoning module VulkanShaderFormat (209)
[2025.03.20-15.57.06:401][141]LogModuleManager: Shutting down and abandoning module ShaderFormatVectorVM (207)
[2025.03.20-15.57.06:401][141]LogModuleManager: Shutting down and abandoning module ShaderFormatOpenGL (205)
[2025.03.20-15.57.06:401][141]LogModuleManager: Shutting down and abandoning module ShaderFormatD3D (203)
[2025.03.20-15.57.06:401][141]LogModuleManager: Shutting down and abandoning module MetalShaderFormat (201)
[2025.03.20-15.57.06:401][141]LogModuleManager: Shutting down and abandoning module TextureFormatOodle (199)
[2025.03.20-15.57.06:401][141]LogModuleManager: Shutting down and abandoning module TextureFormatUncompressed (197)
[2025.03.20-15.57.06:401][141]LogModuleManager: Shutting down and abandoning module TextureFormatPVR (195)
[2025.03.20-15.57.06:401][141]LogModuleManager: Shutting down and abandoning module TextureFormatETC2 (193)
[2025.03.20-15.57.06:401][141]LogModuleManager: Shutting down and abandoning module TextureFormatDXT (191)
[2025.03.20-15.57.06:402][141]LogModuleManager: Shutting down and abandoning module TextureFormatIntelISPCTexComp (189)
[2025.03.20-15.57.06:402][141]LogModuleManager: Shutting down and abandoning module TextureFormatASTC (187)
[2025.03.20-15.57.06:402][141]LogModuleManager: Shutting down and abandoning module ImageWrapper (186)
[2025.03.20-15.57.06:402][141]LogModuleManager: Shutting down and abandoning module AudioFormatOpus (183)
[2025.03.20-15.57.06:402][141]LogModuleManager: Shutting down and abandoning module AudioFormatOgg (181)
[2025.03.20-15.57.06:402][141]LogModuleManager: Shutting down and abandoning module AudioFormatADPCM (179)
[2025.03.20-15.57.06:402][141]LogModuleManager: Shutting down and abandoning module WindowsServerTargetPlatform (177)
[2025.03.20-15.57.06:402][141]LogModuleManager: Shutting down and abandoning module WindowsClientTargetPlatform (175)
[2025.03.20-15.57.06:402][141]LogModuleManager: Shutting down and abandoning module WindowsTargetPlatform (173)
[2025.03.20-15.57.06:402][141]LogModuleManager: Shutting down and abandoning module WindowsNoEditorTargetPlatform (171)
[2025.03.20-15.57.06:402][141]LogModuleManager: Shutting down and abandoning module TVOSTargetPlatform (169)
[2025.03.20-15.57.06:402][141]LogModuleManager: Shutting down and abandoning module MacServerTargetPlatform (167)
[2025.03.20-15.57.06:402][141]LogModuleManager: Shutting down and abandoning module MacClientTargetPlatform (165)
[2025.03.20-15.57.06:402][141]LogModuleManager: Shutting down and abandoning module MacTargetPlatform (163)
[2025.03.20-15.57.06:402][141]LogModuleManager: Shutting down and abandoning module MacNoEditorTargetPlatform (161)
[2025.03.20-15.57.06:402][141]LogModuleManager: Shutting down and abandoning module LuminTargetPlatform (159)
[2025.03.20-15.57.06:403][141]LogModuleManager: Shutting down and abandoning module LinuxAArch64ServerTargetPlatform (157)
[2025.03.20-15.57.06:403][141]LogModuleManager: Shutting down and abandoning module LinuxAArch64ClientTargetPlatform (155)
[2025.03.20-15.57.06:403][141]LogModuleManager: Shutting down and abandoning module LinuxAArch64NoEditorTargetPlatform (153)
[2025.03.20-15.57.06:403][141]LogModuleManager: Shutting down and abandoning module LinuxServerTargetPlatform (151)
[2025.03.20-15.57.06:403][141]LogModuleManager: Shutting down and abandoning module LinuxClientTargetPlatform (149)
[2025.03.20-15.57.06:403][141]LogModuleManager: Shutting down and abandoning module LinuxNoEditorTargetPlatform (147)
[2025.03.20-15.57.06:403][141]LogModuleManager: Shutting down and abandoning module LinuxTargetPlatform (145)
[2025.03.20-15.57.06:403][141]LogModuleManager: Shutting down and abandoning module Messaging (143)
[2025.03.20-15.57.06:403][141]LogModuleManager: Shutting down and abandoning module IOSTargetPlatform (141)
[2025.03.20-15.57.06:403][141]LogModuleManager: Shutting down and abandoning module AndroidTargetPlatform (139)
[2025.03.20-15.57.06:405][141]LogModuleManager: Shutting down and abandoning module AllDesktopTargetPlatform (137)
[2025.03.20-15.57.06:405][141]LogModuleManager: Shutting down and abandoning module D3D11RHI (134)
[2025.03.20-15.57.06:405][141]LogModuleManager: Shutting down and abandoning module InputCore (132)
[2025.03.20-15.57.06:405][141]LogModuleManager: Shutting down and abandoning module Settings (130)
[2025.03.20-15.57.06:405][141]LogModuleManager: Shutting down and abandoning module DirectoryWatcher (128)
[2025.03.20-15.57.06:405][141]LogModuleManager: Shutting down and abandoning module PhysXCooking (126)
[2025.03.20-15.57.06:405][141]LogModuleManager: Shutting down and abandoning module Chaos (124)
[2025.03.20-15.57.06:406][141]LogModuleManager: Shutting down and abandoning module WindowsPlatformFeatures (122)
[2025.03.20-15.57.06:406][141]LogModuleManager: Shutting down and abandoning module GameplayMediaEncoder (121)
[2025.03.20-15.57.06:406][141]LogModuleManager: Shutting down and abandoning module AVEncoder (120)
[2025.03.20-15.57.06:406][141]LogModuleManager: Shutting down and abandoning module SteamVRInputDevice (116)
[2025.03.20-15.57.06:406][141]LogModuleManager: Shutting down and abandoning module SteamVRInput (114)
[2025.03.20-15.57.06:406][141]LogModuleManager: Shutting down and abandoning module SteamVR (112)
[2025.03.20-15.57.06:406][141]LogHMD: Freeing OpenVRDLLHandle.
[2025.03.20-15.57.06:406][141]LogModuleManager: Shutting down and abandoning module OculusHMD (110)
[2025.03.20-15.57.06:406][141]LogModuleManager: Shutting down and abandoning module OpenXRHandTracking (108)
[2025.03.20-15.57.06:407][141]LogSlate: Slate User Destroyed.  User Index 0, Is Virtual User: 0
[2025.03.20-15.57.06:407][141]LogSlate: Slate User Destroyed.  User Index 1, Is Virtual User: 0
[2025.03.20-15.57.06:407][141]LogModuleManager: Shutting down and abandoning module OpenXREyeTracker (106)
[2025.03.20-15.57.06:407][141]LogModuleManager: Shutting down and abandoning module OpenXRAR (104)
[2025.03.20-15.57.06:407][141]LogModuleManager: Shutting down and abandoning module AugmentedReality (103)
[2025.03.20-15.57.06:407][141]LogModuleManager: Shutting down and abandoning module OpenXRHMD (100)
[2025.03.20-15.57.06:408][141]LogModuleManager: Shutting down and abandoning module ExampleDeviceProfileSelector (98)
[2025.03.20-15.57.06:408][141]LogModuleManager: Shutting down and abandoning module ChunkDownloader (96)
[2025.03.20-15.57.06:408][141]LogModuleManager: Shutting down and abandoning module LauncherChunkInstaller (94)
[2025.03.20-15.57.06:408][141]LogModuleManager: Shutting down and abandoning module OnlineBlueprintSupport (92)
[2025.03.20-15.57.06:408][141]LogModuleManager: Shutting down and abandoning module OnlineSubsystem (88)
[2025.03.20-15.57.06:409][141]LogModuleManager: Shutting down and abandoning module XMPP (83)
[2025.03.20-15.57.06:409][141]LogModuleManager: Shutting down and abandoning module WebSockets (82)
[2025.03.20-15.57.06:442][141]LogModuleManager: Shutting down and abandoning module HTTP (79)
[2025.03.20-15.57.06:442][141]LogHttp: Display: Http module shutting down, but needs to wait on 1 outstanding Http requests:
[2025.03.20-15.57.06:442][141]LogHttp: Display: 	verb=[POST] url=[https://datarouter.ol.epicgames.com/datarouter/api/v1/public/data?SessionID=%7B86A891F0-4932-725A-4555-8493B842511B%7D&AppID=UEEditor.Rocket.Release&AppVersion=4.27.2-18319896%2B%2B%2BUE4%2BRelease-4.27&UserID=dc3a7fdc435b2203d17ef5b8406a3d63%7Ca171301efd7642d98dc9b98494fc9dc1%7C1c160dbf-3110-465c-9135-cb8b66dae295&AppEnvironment=datacollector-binary&UploadType=eteventstream] refs=[1] status=Processing
[2025.03.20-15.57.06:442][141]LogHttp: Display: cleaning up 1 outstanding Http requests.
[2025.03.20-15.57.06:444][141]LogModuleManager: Shutting down and abandoning module SSL (78)
[2025.03.20-15.57.06:445][141]LogModuleManager: Shutting down and abandoning module WmfMedia (74)
[2025.03.20-15.57.06:448][141]LogModuleManager: Shutting down and abandoning module Media (73)
[2025.03.20-15.57.06:449][141]LogModuleManager: Shutting down and abandoning module MediaInfo (72)
[2025.03.20-15.57.06:449][141]LogModuleManager: Shutting down and abandoning module ExrReaderGpu (68)
[2025.03.20-15.57.06:449][141]LogModuleManager: Shutting down and abandoning module MLSDK (66)
[2025.03.20-15.57.06:449][141]LogModuleManager: Shutting down and abandoning module ChaosCloth (64)
[2025.03.20-15.57.06:449][141]LogModuleManager: Shutting down and abandoning module MagicLeap (62)
[2025.03.20-15.57.06:449][141]LogModuleManager: Shutting down and abandoning module VariantManagerContent (60)
[2025.03.20-15.57.06:449][141]LogModuleManager: Shutting down and abandoning module NiagaraVertexFactories (58)
[2025.03.20-15.57.06:449][141]LogModuleManager: Shutting down and abandoning module NiagaraShader (56)
[2025.03.20-15.57.06:449][141]LogModuleManager: Shutting down and abandoning module DatasmithContent (54)
[2025.03.20-15.57.06:449][141]LogModuleManager: Shutting down and abandoning module PixWinPlugin (52)
[2025.03.20-15.57.06:449][141]LogModuleManager: Shutting down and abandoning module AISupportModule (50)
[2025.03.20-15.57.06:449][141]LogModuleManager: Shutting down and abandoning module DesktopPlatform (48)
[2025.03.20-15.57.06:449][141]LogModuleManager: Shutting down and abandoning module PythonScriptPluginPreload (46)
[2025.03.20-15.57.06:449][141]LogModuleManager: Shutting down and abandoning module PlatformCryptoOpenSSL (44)
[2025.03.20-15.57.06:450][141]LogModuleManager: Shutting down and abandoning module PlatformCryptoTypes (42)
[2025.03.20-15.57.06:450][141]LogModuleManager: Shutting down and abandoning module PlatformCrypto (40)
[2025.03.20-15.57.06:450][141]LogModuleManager: Shutting down and abandoning module OodleDataCompressionFormat (38)
[2025.03.20-15.57.06:450][141]LogModuleManager: Shutting down and abandoning module XGEController (36)
[2025.03.20-15.57.06:450][141]LogXGEController: Cleaning working directory: C:/Users/zibin/AppData/Local/Temp/UnrealXGEWorkingDir/
[2025.03.20-15.57.06:450][141]LogModuleManager: Shutting down and abandoning module AnimationModifiers (34)
[2025.03.20-15.57.06:450][141]LogModuleManager: Shutting down and abandoning module AudioEditor (32)
[2025.03.20-15.57.06:450][141]LogModuleManager: Shutting down and abandoning module PropertyEditor (31)
[2025.03.20-15.57.06:451][141]LogModuleManager: Shutting down and abandoning module TextureCompressor (28)
[2025.03.20-15.57.06:451][141]LogModuleManager: Shutting down and abandoning module RenderCore (26)
[2025.03.20-15.57.06:451][141]LogModuleManager: Shutting down and abandoning module Landscape (24)
[2025.03.20-15.57.06:451][141]LogModuleManager: Shutting down and abandoning module SlateRHIRenderer (22)
[2025.03.20-15.57.06:453][141]LogModuleManager: Shutting down and abandoning module AnimGraphRuntime (20)
[2025.03.20-15.57.06:453][141]LogModuleManager: Shutting down and abandoning module Renderer (18)
[2025.03.20-15.57.06:453][141]LogModuleManager: Shutting down and abandoning module Engine (16)
[2025.03.20-15.57.06:453][141]LogModuleManager: Shutting down and abandoning module CoreUObject (14)
[2025.03.20-15.57.06:453][141]LogModuleManager: Shutting down and abandoning module NetworkFile (12)
[2025.03.20-15.57.06:453][141]LogModuleManager: Shutting down and abandoning module CookedIterativeFile (10)
[2025.03.20-15.57.06:453][141]LogModuleManager: Shutting down and abandoning module StreamingFile (8)
[2025.03.20-15.57.06:453][141]LogModuleManager: Shutting down and abandoning module SandboxFile (6)
[2025.03.20-15.57.06:453][141]LogModuleManager: Shutting down and abandoning module PakFile (4)
[2025.03.20-15.57.06:453][141]LogModuleManager: Shutting down and abandoning module RSA (3)
[2025.03.20-15.57.06:453][141]LogContentStreaming: Display: There are 1 unreleased StreamingManagers
[2025.03.20-15.57.06:471][141]LogD3D11RHI: Shutdown
[2025.03.20-15.57.06:471][141]LogD3D11RHI: CleanupD3DDevice
[2025.03.20-15.57.06:473][141]LogExit: Exiting.
[2025.03.20-15.57.06:483][141]Log file closed, 03/20/25 11:57:06
