Log file open, 03/18/25 10:33:43
LogWindows: Failed to load 'aqProf.dll' (GetLastError=126)
LogWindows: File 'aqProf.dll' does not exist
LogWindows: Failed to load 'VtuneApi.dll' (GetLastError=126)
LogWindows: File 'VtuneApi.dll' does not exist
LogWindows: Failed to load 'VtuneApi32e.dll' (GetLastError=126)
LogWindows: File 'VtuneApi32e.dll' does not exist
LogConsoleResponse: Display: Failed to find resolution value strings in scalability ini. Falling back to default.
LogConsoleResponse: Display: Failed to find resolution value strings in scalability ini. Falling back to default.
LogInit: Display: Running engine for game: DungeonDash
LogPlatformFile: Not using cached read wrapper
LogTaskGraph: Started task graph with 5 named threads and 47 total threads with 3 sets of task threads.
LogStats: Stats thread started at 0.454897
LogICUInternationalization: ICU TimeZone Detection - Raw Offset: -5:00, Platform Override: ''
LogInit: Display: Loading text-based GConfig....
LogPluginManager: Mounting plugin MeshPainting
LogPluginManager: Mounting plugin XGEController
LogPluginManager: Mounting plugin Paper2D
LogPluginManager: Mounting plugin LiveLink
LogPluginManager: Mounting plugin AISupport
LogPluginManager: Mounting plugin EnvironmentQueryEditor
LogPluginManager: Mounting plugin OodleNetwork
LogPluginManager: Mounting plugin CameraShakePreviewer
LogPluginManager: Mounting plugin OodleData
LogPluginManager: Mounting plugin LightPropagationVolume
LogPluginManager: Mounting plugin GameplayCameras
LogPluginManager: Mounting plugin DatasmithContent
LogPluginManager: Mounting plugin VariantManagerContent
LogPluginManager: Mounting plugin CodeLiteSourceCodeAccess
LogPluginManager: Mounting plugin KDevelopSourceCodeAccess
LogPluginManager: Mounting plugin NullSourceCodeAccess
LogPluginManager: Mounting plugin PerforceSourceControl
LogPluginManager: Mounting plugin PixWinPlugin
LogPluginManager: Mounting plugin PlasticSourceControl
LogPluginManager: Mounting plugin PluginUtils
LogPluginManager: Mounting plugin RiderSourceCodeAccess
LogPluginManager: Mounting plugin AnimationSharing
LogPluginManager: Mounting plugin PropertyAccessNode
LogPluginManager: Mounting plugin SubversionSourceControl
LogPluginManager: Mounting plugin UObjectPlugin
LogPluginManager: Mounting plugin VisualStudioSourceCodeAccess
LogPluginManager: Mounting plugin XCodeSourceCodeAccess
LogPluginManager: Mounting plugin CLionSourceCodeAccess
LogPluginManager: Mounting plugin Niagara
LogPluginManager: Mounting plugin AssetManagerEditor
LogPluginManager: Mounting plugin CryptoKeys
LogPluginManager: Mounting plugin DataValidation
LogPluginManager: Mounting plugin CurveEditorTools
LogPluginManager: Mounting plugin GitSourceControl
LogPluginManager: Mounting plugin GameplayTagsEditor
LogPluginManager: Mounting plugin FacialAnimation
LogPluginManager: Mounting plugin GeometryMode
LogPluginManager: Mounting plugin PluginBrowser
LogPluginManager: Mounting plugin MaterialAnalyzer
LogPluginManager: Mounting plugin SpeedTreeImporter
LogPluginManager: Mounting plugin MobileLauncherProfileWizard
LogPluginManager: Mounting plugin VisualStudioCodeSourceCodeAccess
LogPluginManager: Mounting plugin TextureFormatOodle
LogPluginManager: Mounting plugin AndroidMedia
LogPluginManager: Mounting plugin ImgMedia
LogPluginManager: Mounting plugin MediaCompositing
LogPluginManager: Mounting plugin MacGraphicsSwitching
LogPluginManager: Mounting plugin MediaPlayerEditor
LogPluginManager: Mounting plugin WebMMedia
LogPluginManager: Mounting plugin WmfMedia
LogPluginManager: Mounting plugin AvfMedia
LogPluginManager: Mounting plugin MagicLeap
LogPluginManager: Mounting plugin LuminPlatformFeatures
LogPluginManager: Mounting plugin MagicLeapMedia
LogPluginManager: Mounting plugin MagicLeapLightEstimation
LogPluginManager: Mounting plugin MagicLeapPassableWorld
LogPluginManager: Mounting plugin MLSDK
LogPluginManager: Mounting plugin ActorSequence
LogPluginManager: Mounting plugin LevelSequenceEditor
LogPluginManager: Mounting plugin MatineeToLevelSequence
LogPluginManager: Mounting plugin OnlineSubsystem
LogPluginManager: Mounting plugin TemplateSequence
LogPluginManager: Mounting plugin OnlineSubsystemNull
LogPluginManager: Mounting plugin OnlineSubsystemUtils
LogPluginManager: Mounting plugin TcpMessaging
LogPluginManager: Mounting plugin UdpMessaging
LogPluginManager: Mounting plugin AlembicImporter
LogPluginManager: Mounting plugin BackChannel
LogPluginManager: Mounting plugin ChaosClothEditor
LogPluginManager: Mounting plugin ChaosEditor
LogPluginManager: Mounting plugin ChaosSolverPlugin
LogPluginManager: Mounting plugin CharacterAI
LogPluginManager: Mounting plugin ChaosNiagara
LogPluginManager: Mounting plugin AutomationUtils
LogPluginManager: Mounting plugin LauncherChunkInstaller
LogPluginManager: Mounting plugin ChaosCloth
LogPluginManager: Mounting plugin ActorLayerUtilities
LogPluginManager: Mounting plugin GeometryCollectionPlugin
LogPluginManager: Mounting plugin AndroidMoviePlayer
LogPluginManager: Mounting plugin AndroidPermission
LogPluginManager: Mounting plugin AppleImageUtils
LogPluginManager: Mounting plugin AppleMoviePlayer
LogPluginManager: Mounting plugin ArchVisCharacter
LogPluginManager: Mounting plugin AssetTags
LogPluginManager: Mounting plugin AudioSynesthesia
LogPluginManager: Mounting plugin AndroidDeviceProfileSelector
LogPluginManager: Mounting plugin CableComponent
LogPluginManager: Mounting plugin ChunkDownloader
LogPluginManager: Mounting plugin EditableMesh
LogPluginManager: Mounting plugin GeometryCache
LogPluginManager: Mounting plugin GoogleCloudMessaging
LogPluginManager: Mounting plugin CustomMeshComponent
LogPluginManager: Mounting plugin GooglePAD
LogPluginManager: Mounting plugin GeometryProcessing
LogPluginManager: Mounting plugin AudioCapture
LogPluginManager: Mounting plugin MotoSynth
LogPluginManager: Mounting plugin OpenImageDenoise
LogPluginManager: Mounting plugin PlanarCut
LogPluginManager: Mounting plugin ProxyLODPlugin
LogPluginManager: Mounting plugin PythonScriptPlugin
LogPluginManager: Mounting plugin SkeletalReduction
LogPluginManager: Mounting plugin ExampleDeviceProfileSelector
LogPluginManager: Mounting plugin IOSDeviceProfileSelector
LogPluginManager: Mounting plugin LinuxDeviceProfileSelector
LogPluginManager: Mounting plugin LocationServicesBPLibrary
LogPluginManager: Mounting plugin MobilePatchingUtils
LogPluginManager: Mounting plugin PlatformCrypto
LogPluginManager: Mounting plugin OpenXR
LogPluginManager: Mounting plugin OpenXRHandTracking
LogPluginManager: Mounting plugin OpenXREyeTracker
LogPluginManager: Mounting plugin ProceduralMeshComponent
LogPluginManager: Mounting plugin PhysXVehicles
LogPluginManager: Mounting plugin PropertyAccessEditor
LogPluginManager: Mounting plugin SignificanceManager
LogPluginManager: Mounting plugin PostSplashScreen
LogPluginManager: Mounting plugin SoundFields
LogPluginManager: Mounting plugin Synthesis
LogPluginManager: Mounting plugin WebMMoviePlayer
LogPluginManager: Mounting plugin WindowsMoviePlayer
LogPluginManager: Mounting plugin ScreenshotTools
LogPluginManager: Mounting plugin RuntimePhysXCooking
LogPluginManager: Mounting plugin Takes
LogPluginManager: Mounting plugin ContentBrowserAssetDataSource
LogPluginManager: Mounting plugin ContentBrowserClassDataSource
LogPluginManager: Mounting plugin ContentBrowserFileDataSource
LogPluginManager: Mounting plugin OnlineSubsystemGooglePlay
LogPluginManager: Mounting plugin OnlineSubsystemIOS
LogPluginManager: Mounting plugin OculusVR
LogPluginManager: Mounting plugin SteamVR
PixWinPlugin: PIX capture plugin failed to initialize! Check that the process is launched from PIX.
LogInit: Using libcurl 7.55.1-DEV
LogInit:  - built for x86_64-pc-win32
LogInit:  - supports SSL with OpenSSL/1.1.1
LogInit:  - supports HTTP deflate (compression) using libz 1.2.8
LogInit:  - other features:
LogInit:      CURL_VERSION_SSL
LogInit:      CURL_VERSION_LIBZ
LogInit:      CURL_VERSION_IPV6
LogInit:      CURL_VERSION_ASYNCHDNS
LogInit:      CURL_VERSION_LARGEFILE
LogInit:      CURL_VERSION_IDN
LogInit:  CurlRequestOptions (configurable via config and command line):
LogInit:  - bVerifyPeer = true  - Libcurl will verify peer certificate
LogInit:  - bUseHttpProxy = false  - Libcurl will NOT use HTTP proxy
LogInit:  - bDontReuseConnections = false  - Libcurl will reuse connections
LogInit:  - MaxHostConnections = 16  - Libcurl will limit the number of connections to a host
LogInit:  - LocalHostAddr = Default
LogInit:  - BufferSize = 65536
LogOnline: OSS: Creating online subsystem instance for: NULL
LogInit: WinSock: version 1.1 (2.2), MaxSocks=32767, MaxUdp=65467
LogOnline: OSS: TryLoadSubsystemAndSetDefault: Loaded subsystem for module [NULL]
LogOculusPluginWrapper: OculusPlugin initialized successfully
LogHMD: Failed initializing OVRPlugin 1.59.0
LogInit: Build: ++UE4+Release-4.27-CL-18319896
LogInit: Engine Version: 4.27.2-18319896+++UE4+Release-4.27
LogInit: Compatible Engine Version: 4.27.0-17155196+++UE4+Release-4.27
LogInit: Net CL: 17155196
LogInit: OS: Windows 10 (Release 2009) (), CPU: 12th Gen Intel(R) Core(TM) i7-12650H, GPU: Intel(R) UHD Graphics
LogInit: Compiled (64-bit): Nov 30 2021 07:12:08
LogInit: Compiled with Visual C++: 19.24.28315.00
LogInit: Build Configuration: Development
LogInit: Branch Name: ++UE4+Release-4.27
LogInit: Command Line: 
LogInit: Base Directory: C:/Program Files/Epic Games/UE_4.27/Engine/Binaries/Win64/
LogInit: Allocator: TBB
LogInit: Installed Engine Build: 1
LogDevObjectVersion: Number of dev versions registered: 29
LogDevObjectVersion:   Dev-Blueprints (B0D832E4-1F89-4F0D-ACCF-7EB736FD4AA2): 10
LogDevObjectVersion:   Dev-Build (E1C64328-A22C-4D53-A36C-8E866417BD8C): 0
LogDevObjectVersion:   Dev-Core (375EC13C-06E4-48FB-B500-84F0262A717E): 4
LogDevObjectVersion:   Dev-Editor (E4B068ED-F494-42E9-A231-DA0B2E46BB41): 40
LogDevObjectVersion:   Dev-Framework (CFFC743F-43B0-4480-9391-14DF171D2073): 37
LogDevObjectVersion:   Dev-Mobile (B02B49B5-BB20-44E9-A304-32B752E40360): 3
LogDevObjectVersion:   Dev-Networking (A4E4105C-59A1-49B5-A7C5-40C4547EDFEE): 0
LogDevObjectVersion:   Dev-Online (39C831C9-5AE6-47DC-9A44-9C173E1C8E7C): 0
LogDevObjectVersion:   Dev-Physics (78F01B33-EBEA-4F98-B9B4-84EACCB95AA2): 14
LogDevObjectVersion:   Dev-Platform (6631380F-2D4D-43E0-8009-CF276956A95A): 0
LogDevObjectVersion:   Dev-Rendering (12F88B9F-8875-4AFC-A67C-D90C383ABD29): 45
LogDevObjectVersion:   Dev-Sequencer (7B5AE74C-D270-4C10-A958-57980B212A5A): 13
LogDevObjectVersion:   Dev-VR (D7296918-1DD6-4BDD-9DE2-64A83CC13884): 3
LogDevObjectVersion:   Dev-LoadTimes (C2A15278-BFE7-4AFE-6C17-90FF531DF755): 1
LogDevObjectVersion:   Private-Geometry (6EACA3D4-40EC-4CC1-B786-8BED09428FC5): 3
LogDevObjectVersion:   Dev-AnimPhys (29E575DD-E0A3-4627-9D10-D276232CDCEA): 17
LogDevObjectVersion:   Dev-Anim (AF43A65D-7FD3-4947-9873-3E8ED9C1BB05): 15
LogDevObjectVersion:   Dev-ReflectionCapture (6B266CEC-1EC7-4B8F-A30B-E4D90942FC07): 1
LogDevObjectVersion:   Dev-Automation (0DF73D61-A23F-47EA-B727-89E90C41499A): 1
LogDevObjectVersion:   FortniteMain (601D1886-AC64-4F84-AA16-D3DE0DEAC7D6): 47
LogDevObjectVersion:   FortniteRelease (E7086368-6B23-4C58-8439-1B7016265E91): 1
LogDevObjectVersion:   Dev-Enterprise (9DFFBCD6-494F-0158-E221-12823C92A888): 10
LogDevObjectVersion:   Dev-Niagara (F2AED0AC-9AFE-416F-8664-AA7FFA26D6FC): 1
LogDevObjectVersion:   Dev-Destruction (174F1F0B-B4C6-45A5-B13F-2EE8D0FB917D): 10
LogDevObjectVersion:   Dev-Physics-Ext (35F94A83-E258-406C-A318-09F59610247C): 41
LogDevObjectVersion:   Dev-PhysicsMaterial-Chaos (B68FC16E-8B1B-42E2-B453-215C058844FE): 1
LogDevObjectVersion:   Dev-CineCamera (B2E18506-4273-CFC2-A54E-F4BB758BBA07): 1
LogDevObjectVersion:   Dev-VirtualProduction (64F58936-FD1B-42BA-BA96-7289D5D0FA4E): 1
LogDevObjectVersion:   Dev-MediaFramework (6F0ED827-A609-4895-9C91-998D90180EA4): 2
LogInit: Presizing for max 25165824 objects, including 0 objects not considered by GC, pre-allocating 0 bytes for permanent pool.
LogConfig: Applying CVar settings from Section [/Script/Engine.StreamingSettings] File [C:/Users/Ido Isaac/Desktop/Web Game Programming/Wk 1/COMP217GroupProject/DungeonDash/Saved/Config/Windows/Engine.ini]
LogConfig: Setting CVar [[s.MinBulkDataSizeForAsyncLoading:131072]]
LogConfig: Setting CVar [[s.AsyncLoadingThreadEnabled:0]]
LogConfig: Setting CVar [[s.EventDrivenLoaderEnabled:1]]
LogConfig: Setting CVar [[s.WarnIfTimeLimitExceeded:0]]
LogConfig: Setting CVar [[s.TimeLimitExceededMultiplier:1.5]]
LogConfig: Setting CVar [[s.TimeLimitExceededMinTime:0.005]]
LogConfig: Setting CVar [[s.UseBackgroundLevelStreaming:1]]
LogConfig: Setting CVar [[s.PriorityAsyncLoadingExtraTime:15.0]]
LogConfig: Setting CVar [[s.LevelStreamingActorsUpdateTimeLimit:5.0]]
LogConfig: Setting CVar [[s.PriorityLevelStreamingActorsUpdateExtraTime:5.0]]
LogConfig: Setting CVar [[s.LevelStreamingComponentsRegistrationGranularity:10]]
LogConfig: Setting CVar [[s.UnregisterComponentsTimeLimit:1.0]]
LogConfig: Setting CVar [[s.LevelStreamingComponentsUnregistrationGranularity:5]]
LogConfig: Setting CVar [[s.FlushStreamingOnExit:1]]
LogInit: Object subsystem initialized
LogConfig: Setting CVar [[con.DebugEarlyDefault:1]]
LogConfig: Setting CVar [[r.setres:1280x720]]
[2025.03.18-14.33.44:581][  0]LogConfig: Setting CVar [[r.VSync:0]]
[2025.03.18-14.33.44:581][  0]LogConfig: Setting CVar [[r.RHICmdBypass:0]]
[2025.03.18-14.33.44:581][  0]LogConfig: Applying CVar settings from Section [/Script/Engine.RendererSettings] File [C:/Users/Ido Isaac/Desktop/Web Game Programming/Wk 1/COMP217GroupProject/DungeonDash/Saved/Config/Windows/Engine.ini]
[2025.03.18-14.33.44:581][  0]LogConfig: Setting CVar [[r.GPUCrashDebugging:0]]
[2025.03.18-14.33.44:581][  0]LogConfig: Applying CVar settings from Section [/Script/Engine.RendererOverrideSettings] File [C:/Users/Ido Isaac/Desktop/Web Game Programming/Wk 1/COMP217GroupProject/DungeonDash/Saved/Config/Windows/Engine.ini]
[2025.03.18-14.33.44:581][  0]LogConfig: Applying CVar settings from Section [/Script/Engine.StreamingSettings] File [C:/Users/Ido Isaac/Desktop/Web Game Programming/Wk 1/COMP217GroupProject/DungeonDash/Saved/Config/Windows/Engine.ini]
[2025.03.18-14.33.44:581][  0]LogConfig: Setting CVar [[s.MinBulkDataSizeForAsyncLoading:131072]]
[2025.03.18-14.33.44:581][  0]LogConfig: Setting CVar [[s.AsyncLoadingThreadEnabled:0]]
[2025.03.18-14.33.44:581][  0]LogConfig: Setting CVar [[s.EventDrivenLoaderEnabled:1]]
[2025.03.18-14.33.44:581][  0]LogConfig: Setting CVar [[s.WarnIfTimeLimitExceeded:0]]
[2025.03.18-14.33.44:581][  0]LogConfig: Setting CVar [[s.TimeLimitExceededMultiplier:1.5]]
[2025.03.18-14.33.44:581][  0]LogConfig: Setting CVar [[s.TimeLimitExceededMinTime:0.005]]
[2025.03.18-14.33.44:581][  0]LogConfig: Setting CVar [[s.UseBackgroundLevelStreaming:1]]
[2025.03.18-14.33.44:581][  0]LogConfig: Setting CVar [[s.PriorityAsyncLoadingExtraTime:15.0]]
[2025.03.18-14.33.44:581][  0]LogConfig: Setting CVar [[s.LevelStreamingActorsUpdateTimeLimit:5.0]]
[2025.03.18-14.33.44:581][  0]LogConfig: Setting CVar [[s.PriorityLevelStreamingActorsUpdateExtraTime:5.0]]
[2025.03.18-14.33.44:581][  0]LogConfig: Setting CVar [[s.LevelStreamingComponentsRegistrationGranularity:10]]
[2025.03.18-14.33.44:581][  0]LogConfig: Setting CVar [[s.UnregisterComponentsTimeLimit:1.0]]
[2025.03.18-14.33.44:581][  0]LogConfig: Setting CVar [[s.LevelStreamingComponentsUnregistrationGranularity:5]]
[2025.03.18-14.33.44:581][  0]LogConfig: Setting CVar [[s.FlushStreamingOnExit:1]]
[2025.03.18-14.33.44:581][  0]LogConfig: Applying CVar settings from Section [/Script/Engine.GarbageCollectionSettings] File [C:/Users/Ido Isaac/Desktop/Web Game Programming/Wk 1/COMP217GroupProject/DungeonDash/Saved/Config/Windows/Engine.ini]
[2025.03.18-14.33.44:581][  0]LogConfig: Setting CVar [[gc.MaxObjectsNotConsideredByGC:1]]
[2025.03.18-14.33.44:581][  0]LogConfig: Setting CVar [[gc.SizeOfPermanentObjectPool:0]]
[2025.03.18-14.33.44:581][  0]LogConfig: Setting CVar [[gc.FlushStreamingOnGC:0]]
[2025.03.18-14.33.44:581][  0]LogConfig: Setting CVar [[gc.NumRetriesBeforeForcingGC:10]]
[2025.03.18-14.33.44:581][  0]LogConfig: Setting CVar [[gc.AllowParallelGC:1]]
[2025.03.18-14.33.44:581][  0]LogConfig: Setting CVar [[gc.TimeBetweenPurgingPendingKillObjects:61.1]]
[2025.03.18-14.33.44:581][  0]LogConfig: Setting CVar [[gc.MaxObjectsInEditor:25165824]]
[2025.03.18-14.33.44:581][  0]LogConfig: Setting CVar [[gc.IncrementalBeginDestroyEnabled:1]]
[2025.03.18-14.33.44:581][  0]LogConfig: Setting CVar [[gc.CreateGCClusters:1]]
[2025.03.18-14.33.44:581][  0]LogConfig: Setting CVar [[gc.MinGCClusterSize:5]]
[2025.03.18-14.33.44:582][  0]LogConfig: Setting CVar [[gc.ActorClusteringEnabled:0]]
[2025.03.18-14.33.44:582][  0]LogConfig: Setting CVar [[gc.BlueprintClusteringEnabled:0]]
[2025.03.18-14.33.44:582][  0]LogConfig: Setting CVar [[gc.UseDisregardForGCOnDedicatedServers:0]]
[2025.03.18-14.33.44:582][  0]LogConfig: Setting CVar [[gc.MultithreadedDestructionEnabled:1]]
[2025.03.18-14.33.44:582][  0]LogConfig: Applying CVar settings from Section [/Script/Engine.NetworkSettings] File [C:/Users/Ido Isaac/Desktop/Web Game Programming/Wk 1/COMP217GroupProject/DungeonDash/Saved/Config/Windows/Engine.ini]
[2025.03.18-14.33.44:582][  0]LogConfig: Applying CVar settings from Section [/Script/UnrealEd.CookerSettings] File [C:/Users/Ido Isaac/Desktop/Web Game Programming/Wk 1/COMP217GroupProject/DungeonDash/Saved/Config/Windows/Engine.ini]
[2025.03.18-14.33.44:589][  0]LogConfig: Applying CVar settings from Section [ViewDistanceQuality@3] File [C:/Users/Ido Isaac/Desktop/Web Game Programming/Wk 1/COMP217GroupProject/DungeonDash/Saved/Config/Windows/Scalability.ini]
[2025.03.18-14.33.44:589][  0]LogConfig: Setting CVar [[r.SkeletalMeshLODBias:0]]
[2025.03.18-14.33.44:589][  0]LogConfig: Setting CVar [[r.ViewDistanceScale:1.0]]
[2025.03.18-14.33.44:589][  0]LogConfig: Applying CVar settings from Section [AntiAliasingQuality@3] File [C:/Users/Ido Isaac/Desktop/Web Game Programming/Wk 1/COMP217GroupProject/DungeonDash/Saved/Config/Windows/Scalability.ini]
[2025.03.18-14.33.44:589][  0]LogConfig: Setting CVar [[r.PostProcessAAQuality:4]]
[2025.03.18-14.33.44:589][  0]LogConfig: Applying CVar settings from Section [ShadowQuality@3] File [C:/Users/Ido Isaac/Desktop/Web Game Programming/Wk 1/COMP217GroupProject/DungeonDash/Saved/Config/Windows/Scalability.ini]
[2025.03.18-14.33.44:589][  0]LogConfig: Setting CVar [[r.LightFunctionQuality:1]]
[2025.03.18-14.33.44:589][  0]LogConfig: Setting CVar [[r.ShadowQuality:5]]
[2025.03.18-14.33.44:589][  0]LogConfig: Setting CVar [[r.Shadow.CSM.MaxCascades:10]]
[2025.03.18-14.33.44:589][  0]LogConfig: Setting CVar [[r.Shadow.MaxResolution:2048]]
[2025.03.18-14.33.44:589][  0]LogConfig: Setting CVar [[r.Shadow.MaxCSMResolution:2048]]
[2025.03.18-14.33.44:589][  0]LogConfig: Setting CVar [[r.Shadow.RadiusThreshold:0.01]]
[2025.03.18-14.33.44:589][  0]LogConfig: Setting CVar [[r.Shadow.DistanceScale:1.0]]
[2025.03.18-14.33.44:589][  0]LogConfig: Setting CVar [[r.Shadow.CSM.TransitionScale:1.0]]
[2025.03.18-14.33.44:589][  0]LogConfig: Setting CVar [[r.Shadow.PreShadowResolutionFactor:1.0]]
[2025.03.18-14.33.44:589][  0]LogConfig: Setting CVar [[r.DistanceFieldShadowing:1]]
[2025.03.18-14.33.44:589][  0]LogConfig: Setting CVar [[r.DistanceFieldAO:1]]
[2025.03.18-14.33.44:589][  0]LogConfig: Setting CVar [[r.AOQuality:2]]
[2025.03.18-14.33.44:589][  0]LogConfig: Setting CVar [[r.VolumetricFog:1]]
[2025.03.18-14.33.44:589][  0]LogConfig: Setting CVar [[r.VolumetricFog.GridPixelSize:8]]
[2025.03.18-14.33.44:589][  0]LogConfig: Setting CVar [[r.VolumetricFog.GridSizeZ:128]]
[2025.03.18-14.33.44:589][  0]LogConfig: Setting CVar [[r.VolumetricFog.HistoryMissSupersampleCount:4]]
[2025.03.18-14.33.44:589][  0]LogConfig: Setting CVar [[r.LightMaxDrawDistanceScale:1]]
[2025.03.18-14.33.44:589][  0]LogConfig: Setting CVar [[r.CapsuleShadows:1]]
[2025.03.18-14.33.44:589][  0]LogConfig: Applying CVar settings from Section [PostProcessQuality@3] File [C:/Users/Ido Isaac/Desktop/Web Game Programming/Wk 1/COMP217GroupProject/DungeonDash/Saved/Config/Windows/Scalability.ini]
[2025.03.18-14.33.44:589][  0]LogConfig: Setting CVar [[r.MotionBlurQuality:4]]
[2025.03.18-14.33.44:589][  0]LogConfig: Setting CVar [[r.AmbientOcclusionMipLevelFactor:0.4]]
[2025.03.18-14.33.44:589][  0]LogConfig: Setting CVar [[r.AmbientOcclusionMaxQuality:100]]
[2025.03.18-14.33.44:589][  0]LogConfig: Setting CVar [[r.AmbientOcclusionLevels:-1]]
[2025.03.18-14.33.44:589][  0]LogConfig: Setting CVar [[r.AmbientOcclusionRadiusScale:1.0]]
[2025.03.18-14.33.44:589][  0]LogConfig: Setting CVar [[r.DepthOfFieldQuality:2]]
[2025.03.18-14.33.44:589][  0]LogConfig: Setting CVar [[r.RenderTargetPoolMin:400]]
[2025.03.18-14.33.44:589][  0]LogConfig: Setting CVar [[r.LensFlareQuality:2]]
[2025.03.18-14.33.44:589][  0]LogConfig: Setting CVar [[r.SceneColorFringeQuality:1]]
[2025.03.18-14.33.44:589][  0]LogConfig: Setting CVar [[r.EyeAdaptationQuality:2]]
[2025.03.18-14.33.44:589][  0]LogConfig: Setting CVar [[r.BloomQuality:5]]
[2025.03.18-14.33.44:589][  0]LogConfig: Setting CVar [[r.FastBlurThreshold:100]]
[2025.03.18-14.33.44:589][  0]LogConfig: Setting CVar [[r.Upscale.Quality:3]]
[2025.03.18-14.33.44:589][  0]LogConfig: Setting CVar [[r.Tonemapper.GrainQuantization:1]]
[2025.03.18-14.33.44:590][  0]LogConfig: Setting CVar [[r.LightShaftQuality:1]]
[2025.03.18-14.33.44:590][  0]LogConfig: Setting CVar [[r.Filter.SizeScale:1]]
[2025.03.18-14.33.44:590][  0]LogConfig: Setting CVar [[r.Tonemapper.Quality:5]]
[2025.03.18-14.33.44:590][  0]LogConfig: Setting CVar [[r.DOF.Gather.AccumulatorQuality:1        ; higher gathering accumulator quality]]
[2025.03.18-14.33.44:590][  0]LogConfig: Setting CVar [[r.DOF.Gather.PostfilterMethod:1          ; Median3x3 postfilering method]]
[2025.03.18-14.33.44:590][  0]LogConfig: Setting CVar [[r.DOF.Gather.EnableBokehSettings:0       ; no bokeh simulation when gathering]]
[2025.03.18-14.33.44:590][  0]LogConfig: Setting CVar [[r.DOF.Gather.RingCount:4                 ; medium number of samples when gathering]]
[2025.03.18-14.33.44:590][  0]LogConfig: Setting CVar [[r.DOF.Scatter.ForegroundCompositing:1    ; additive foreground scattering]]
[2025.03.18-14.33.44:590][  0]LogConfig: Setting CVar [[r.DOF.Scatter.BackgroundCompositing:2    ; additive background scattering]]
[2025.03.18-14.33.44:590][  0]LogConfig: Setting CVar [[r.DOF.Scatter.EnableBokehSettings:1      ; bokeh simulation when scattering]]
[2025.03.18-14.33.44:590][  0]LogConfig: Setting CVar [[r.DOF.Scatter.MaxSpriteRatio:0.1         ; only a maximum of 10% of scattered bokeh]]
[2025.03.18-14.33.44:590][  0]LogConfig: Setting CVar [[r.DOF.Recombine.Quality:1                ; cheap slight out of focus]]
[2025.03.18-14.33.44:590][  0]LogConfig: Setting CVar [[r.DOF.Recombine.EnableBokehSettings:0    ; no bokeh simulation on slight out of focus]]
[2025.03.18-14.33.44:590][  0]LogConfig: Setting CVar [[r.DOF.TemporalAAQuality:1                ; more stable temporal accumulation]]
[2025.03.18-14.33.44:590][  0]LogConfig: Setting CVar [[r.DOF.Kernel.MaxForegroundRadius:0.025]]
[2025.03.18-14.33.44:590][  0]LogConfig: Setting CVar [[r.DOF.Kernel.MaxBackgroundRadius:0.025]]
[2025.03.18-14.33.44:590][  0]LogConfig: Applying CVar settings from Section [TextureQuality@3] File [C:/Users/Ido Isaac/Desktop/Web Game Programming/Wk 1/COMP217GroupProject/DungeonDash/Saved/Config/Windows/Scalability.ini]
[2025.03.18-14.33.44:590][  0]LogConfig: Setting CVar [[r.Streaming.MipBias:0]]
[2025.03.18-14.33.44:590][  0]LogConfig: Setting CVar [[r.Streaming.AmortizeCPUToGPUCopy:0]]
[2025.03.18-14.33.44:590][  0]LogConfig: Setting CVar [[r.Streaming.MaxNumTexturesToStreamPerFrame:0]]
[2025.03.18-14.33.44:590][  0]LogConfig: Setting CVar [[r.Streaming.Boost:1]]
[2025.03.18-14.33.44:590][  0]LogConfig: Setting CVar [[r.MaxAnisotropy:8]]
[2025.03.18-14.33.44:590][  0]LogConfig: Setting CVar [[r.VT.MaxAnisotropy:8]]
[2025.03.18-14.33.44:590][  0]LogConfig: Setting CVar [[r.Streaming.LimitPoolSizeToVRAM:0]]
[2025.03.18-14.33.44:590][  0]LogConfig: Setting CVar [[r.Streaming.PoolSize:1000]]
[2025.03.18-14.33.44:590][  0]LogConfig: Setting CVar [[r.Streaming.MaxEffectiveScreenSize:0]]
[2025.03.18-14.33.44:590][  0]LogConfig: Applying CVar settings from Section [EffectsQuality@3] File [C:/Users/Ido Isaac/Desktop/Web Game Programming/Wk 1/COMP217GroupProject/DungeonDash/Saved/Config/Windows/Scalability.ini]
[2025.03.18-14.33.44:590][  0]LogConfig: Setting CVar [[r.TranslucencyLightingVolumeDim:64]]
[2025.03.18-14.33.44:590][  0]LogConfig: Setting CVar [[r.RefractionQuality:2]]
[2025.03.18-14.33.44:590][  0]LogConfig: Setting CVar [[r.SSR.Quality:3]]
[2025.03.18-14.33.44:590][  0]LogConfig: Setting CVar [[r.SSR.HalfResSceneColor:0]]
[2025.03.18-14.33.44:590][  0]LogConfig: Setting CVar [[r.SceneColorFormat:4]]
[2025.03.18-14.33.44:590][  0]LogConfig: Setting CVar [[r.DetailMode:2]]
[2025.03.18-14.33.44:590][  0]LogConfig: Setting CVar [[r.TranslucencyVolumeBlur:1]]
[2025.03.18-14.33.44:590][  0]LogConfig: Setting CVar [[r.MaterialQualityLevel:1 ; High quality]]
[2025.03.18-14.33.44:590][  0]LogConfig: Setting CVar [[r.AnisotropicMaterials:1]]
[2025.03.18-14.33.44:590][  0]LogConfig: Setting CVar [[r.SSS.Scale:1]]
[2025.03.18-14.33.44:590][  0]LogConfig: Setting CVar [[r.SSS.SampleSet:2]]
[2025.03.18-14.33.44:590][  0]LogConfig: Setting CVar [[r.SSS.Quality:1]]
[2025.03.18-14.33.44:590][  0]LogConfig: Setting CVar [[r.SSS.HalfRes:0]]
[2025.03.18-14.33.44:590][  0]LogConfig: Setting CVar [[r.SSGI.Quality:3]]
[2025.03.18-14.33.44:590][  0]LogConfig: Setting CVar [[r.EmitterSpawnRateScale:1.0]]
[2025.03.18-14.33.44:590][  0]LogConfig: Setting CVar [[r.ParticleLightQuality:2]]
[2025.03.18-14.33.44:590][  0]LogConfig: Setting CVar [[r.SkyAtmosphere.AerialPerspectiveLUT.FastApplyOnOpaque:1 ; Always have FastSkyLUT 1 in this case to avoid wrong sky]]
[2025.03.18-14.33.44:590][  0]LogConfig: Setting CVar [[r.SkyAtmosphere.AerialPerspectiveLUT.SampleCountMaxPerSlice:4]]
[2025.03.18-14.33.44:590][  0]LogConfig: Setting CVar [[r.SkyAtmosphere.AerialPerspectiveLUT.DepthResolution:16.0]]
[2025.03.18-14.33.44:590][  0]LogConfig: Setting CVar [[r.SkyAtmosphere.FastSkyLUT:1]]
[2025.03.18-14.33.44:590][  0]LogConfig: Setting CVar [[r.SkyAtmosphere.FastSkyLUT.SampleCountMin:4.0]]
[2025.03.18-14.33.44:590][  0]LogConfig: Setting CVar [[r.SkyAtmosphere.FastSkyLUT.SampleCountMax:128.0]]
[2025.03.18-14.33.44:590][  0]LogConfig: Setting CVar [[r.SkyAtmosphere.SampleCountMin:4.0]]
[2025.03.18-14.33.44:590][  0]LogConfig: Setting CVar [[r.SkyAtmosphere.SampleCountMax:128.0]]
[2025.03.18-14.33.44:590][  0]LogConfig: Setting CVar [[r.SkyAtmosphere.TransmittanceLUT.UseSmallFormat:0]]
[2025.03.18-14.33.44:590][  0]LogConfig: Setting CVar [[r.SkyAtmosphere.TransmittanceLUT.SampleCount:10.0]]
[2025.03.18-14.33.44:590][  0]LogConfig: Setting CVar [[r.SkyAtmosphere.MultiScatteringLUT.SampleCount:15.0]]
[2025.03.18-14.33.44:590][  0]LogConfig: Setting CVar [[r.SkyLight.RealTimeReflectionCapture:1]]
[2025.03.18-14.33.44:590][  0]LogConfig: Applying CVar settings from Section [FoliageQuality@3] File [C:/Users/Ido Isaac/Desktop/Web Game Programming/Wk 1/COMP217GroupProject/DungeonDash/Saved/Config/Windows/Scalability.ini]
[2025.03.18-14.33.44:590][  0]LogConfig: Setting CVar [[foliage.DensityScale:1.0]]
[2025.03.18-14.33.44:590][  0]LogConfig: Setting CVar [[grass.DensityScale:1.0]]
[2025.03.18-14.33.44:590][  0]LogConfig: Applying CVar settings from Section [ShadingQuality@3] File [C:/Users/Ido Isaac/Desktop/Web Game Programming/Wk 1/COMP217GroupProject/DungeonDash/Saved/Config/Windows/Scalability.ini]
[2025.03.18-14.33.44:590][  0]LogConfig: Setting CVar [[r.HairStrands.SkyLighting.IntegrationType:2]]
[2025.03.18-14.33.44:590][  0]LogConfig: Setting CVar [[r.HairStrands.SkyAO.SampleCount:4]]
[2025.03.18-14.33.44:590][  0]LogConfig: Setting CVar [[r.HairStrands.Visibility.MSAA.SamplePerPixel:4]]
[2025.03.18-14.33.44:590][  0]LogInit: Selected Device Profile: [Windows]
[2025.03.18-14.33.44:590][  0]LogInit: Applying CVar settings loaded from the selected device profile: [Windows]
[2025.03.18-14.33.44:591][  0]LogHAL: Display: Platform has ~ 16 GB [16870076416 / 17179869184 / 16], which maps to Larger [LargestMinGB=32, LargerMinGB=12, DefaultMinGB=8, SmallerMinGB=6, SmallestMinGB=0)
[2025.03.18-14.33.44:591][  0]LogInit: Going up to parent DeviceProfile []
[2025.03.18-14.33.44:591][  0]LogConfig: Applying CVar settings from Section [ViewDistanceQuality@3] File [C:/Users/Ido Isaac/Desktop/Web Game Programming/Wk 1/COMP217GroupProject/DungeonDash/Saved/Config/Windows/Scalability.ini]
[2025.03.18-14.33.44:591][  0]LogConfig: Setting CVar [[r.SkeletalMeshLODBias:0]]
[2025.03.18-14.33.44:591][  0]LogConfig: Setting CVar [[r.ViewDistanceScale:1.0]]
[2025.03.18-14.33.44:591][  0]LogConfig: Applying CVar settings from Section [AntiAliasingQuality@3] File [C:/Users/Ido Isaac/Desktop/Web Game Programming/Wk 1/COMP217GroupProject/DungeonDash/Saved/Config/Windows/Scalability.ini]
[2025.03.18-14.33.44:591][  0]LogConfig: Setting CVar [[r.PostProcessAAQuality:4]]
[2025.03.18-14.33.44:591][  0]LogConfig: Applying CVar settings from Section [ShadowQuality@3] File [C:/Users/Ido Isaac/Desktop/Web Game Programming/Wk 1/COMP217GroupProject/DungeonDash/Saved/Config/Windows/Scalability.ini]
[2025.03.18-14.33.44:591][  0]LogConfig: Setting CVar [[r.LightFunctionQuality:1]]
[2025.03.18-14.33.44:591][  0]LogConfig: Setting CVar [[r.ShadowQuality:5]]
[2025.03.18-14.33.44:591][  0]LogConfig: Setting CVar [[r.Shadow.CSM.MaxCascades:10]]
[2025.03.18-14.33.44:591][  0]LogConfig: Setting CVar [[r.Shadow.MaxResolution:2048]]
[2025.03.18-14.33.44:591][  0]LogConfig: Setting CVar [[r.Shadow.MaxCSMResolution:2048]]
[2025.03.18-14.33.44:591][  0]LogConfig: Setting CVar [[r.Shadow.RadiusThreshold:0.01]]
[2025.03.18-14.33.44:591][  0]LogConfig: Setting CVar [[r.Shadow.DistanceScale:1.0]]
[2025.03.18-14.33.44:591][  0]LogConfig: Setting CVar [[r.Shadow.CSM.TransitionScale:1.0]]
[2025.03.18-14.33.44:591][  0]LogConfig: Setting CVar [[r.Shadow.PreShadowResolutionFactor:1.0]]
[2025.03.18-14.33.44:591][  0]LogConfig: Setting CVar [[r.DistanceFieldShadowing:1]]
[2025.03.18-14.33.44:591][  0]LogConfig: Setting CVar [[r.DistanceFieldAO:1]]
[2025.03.18-14.33.44:591][  0]LogConfig: Setting CVar [[r.AOQuality:2]]
[2025.03.18-14.33.44:591][  0]LogConfig: Setting CVar [[r.VolumetricFog:1]]
[2025.03.18-14.33.44:591][  0]LogConfig: Setting CVar [[r.VolumetricFog.GridPixelSize:8]]
[2025.03.18-14.33.44:591][  0]LogConfig: Setting CVar [[r.VolumetricFog.GridSizeZ:128]]
[2025.03.18-14.33.44:591][  0]LogConfig: Setting CVar [[r.VolumetricFog.HistoryMissSupersampleCount:4]]
[2025.03.18-14.33.44:591][  0]LogConfig: Setting CVar [[r.LightMaxDrawDistanceScale:1]]
[2025.03.18-14.33.44:591][  0]LogConfig: Setting CVar [[r.CapsuleShadows:1]]
[2025.03.18-14.33.44:591][  0]LogConfig: Applying CVar settings from Section [PostProcessQuality@3] File [C:/Users/Ido Isaac/Desktop/Web Game Programming/Wk 1/COMP217GroupProject/DungeonDash/Saved/Config/Windows/Scalability.ini]
[2025.03.18-14.33.44:591][  0]LogConfig: Setting CVar [[r.MotionBlurQuality:4]]
[2025.03.18-14.33.44:591][  0]LogConfig: Setting CVar [[r.AmbientOcclusionMipLevelFactor:0.4]]
[2025.03.18-14.33.44:591][  0]LogConfig: Setting CVar [[r.AmbientOcclusionMaxQuality:100]]
[2025.03.18-14.33.44:591][  0]LogConfig: Setting CVar [[r.AmbientOcclusionLevels:-1]]
[2025.03.18-14.33.44:591][  0]LogConfig: Setting CVar [[r.AmbientOcclusionRadiusScale:1.0]]
[2025.03.18-14.33.44:591][  0]LogConfig: Setting CVar [[r.DepthOfFieldQuality:2]]
[2025.03.18-14.33.44:591][  0]LogConfig: Setting CVar [[r.RenderTargetPoolMin:400]]
[2025.03.18-14.33.44:591][  0]LogConfig: Setting CVar [[r.LensFlareQuality:2]]
[2025.03.18-14.33.44:591][  0]LogConfig: Setting CVar [[r.SceneColorFringeQuality:1]]
[2025.03.18-14.33.44:591][  0]LogConfig: Setting CVar [[r.EyeAdaptationQuality:2]]
[2025.03.18-14.33.44:591][  0]LogConfig: Setting CVar [[r.BloomQuality:5]]
[2025.03.18-14.33.44:591][  0]LogConfig: Setting CVar [[r.FastBlurThreshold:100]]
[2025.03.18-14.33.44:591][  0]LogConfig: Setting CVar [[r.Upscale.Quality:3]]
[2025.03.18-14.33.44:591][  0]LogConfig: Setting CVar [[r.Tonemapper.GrainQuantization:1]]
[2025.03.18-14.33.44:591][  0]LogConfig: Setting CVar [[r.LightShaftQuality:1]]
[2025.03.18-14.33.44:591][  0]LogConfig: Setting CVar [[r.Filter.SizeScale:1]]
[2025.03.18-14.33.44:591][  0]LogConfig: Setting CVar [[r.Tonemapper.Quality:5]]
[2025.03.18-14.33.44:591][  0]LogConfig: Setting CVar [[r.DOF.Gather.AccumulatorQuality:1        ; higher gathering accumulator quality]]
[2025.03.18-14.33.44:591][  0]LogConfig: Setting CVar [[r.DOF.Gather.PostfilterMethod:1          ; Median3x3 postfilering method]]
[2025.03.18-14.33.44:591][  0]LogConfig: Setting CVar [[r.DOF.Gather.EnableBokehSettings:0       ; no bokeh simulation when gathering]]
[2025.03.18-14.33.44:591][  0]LogConfig: Setting CVar [[r.DOF.Gather.RingCount:4                 ; medium number of samples when gathering]]
[2025.03.18-14.33.44:591][  0]LogConfig: Setting CVar [[r.DOF.Scatter.ForegroundCompositing:1    ; additive foreground scattering]]
[2025.03.18-14.33.44:591][  0]LogConfig: Setting CVar [[r.DOF.Scatter.BackgroundCompositing:2    ; additive background scattering]]
[2025.03.18-14.33.44:591][  0]LogConfig: Setting CVar [[r.DOF.Scatter.EnableBokehSettings:1      ; bokeh simulation when scattering]]
[2025.03.18-14.33.44:591][  0]LogConfig: Setting CVar [[r.DOF.Scatter.MaxSpriteRatio:0.1         ; only a maximum of 10% of scattered bokeh]]
[2025.03.18-14.33.44:591][  0]LogConfig: Setting CVar [[r.DOF.Recombine.Quality:1                ; cheap slight out of focus]]
[2025.03.18-14.33.44:591][  0]LogConfig: Setting CVar [[r.DOF.Recombine.EnableBokehSettings:0    ; no bokeh simulation on slight out of focus]]
[2025.03.18-14.33.44:591][  0]LogConfig: Setting CVar [[r.DOF.TemporalAAQuality:1                ; more stable temporal accumulation]]
[2025.03.18-14.33.44:591][  0]LogConfig: Setting CVar [[r.DOF.Kernel.MaxForegroundRadius:0.025]]
[2025.03.18-14.33.44:591][  0]LogConfig: Setting CVar [[r.DOF.Kernel.MaxBackgroundRadius:0.025]]
[2025.03.18-14.33.44:591][  0]LogConfig: Applying CVar settings from Section [TextureQuality@3] File [C:/Users/Ido Isaac/Desktop/Web Game Programming/Wk 1/COMP217GroupProject/DungeonDash/Saved/Config/Windows/Scalability.ini]
[2025.03.18-14.33.44:591][  0]LogConfig: Setting CVar [[r.Streaming.MipBias:0]]
[2025.03.18-14.33.44:591][  0]LogConfig: Setting CVar [[r.Streaming.AmortizeCPUToGPUCopy:0]]
[2025.03.18-14.33.44:591][  0]LogConfig: Setting CVar [[r.Streaming.MaxNumTexturesToStreamPerFrame:0]]
[2025.03.18-14.33.44:591][  0]LogConfig: Setting CVar [[r.Streaming.Boost:1]]
[2025.03.18-14.33.44:591][  0]LogConfig: Setting CVar [[r.MaxAnisotropy:8]]
[2025.03.18-14.33.44:591][  0]LogConfig: Setting CVar [[r.VT.MaxAnisotropy:8]]
[2025.03.18-14.33.44:591][  0]LogConfig: Setting CVar [[r.Streaming.LimitPoolSizeToVRAM:0]]
[2025.03.18-14.33.44:591][  0]LogConfig: Setting CVar [[r.Streaming.PoolSize:1000]]
[2025.03.18-14.33.44:591][  0]LogConfig: Setting CVar [[r.Streaming.MaxEffectiveScreenSize:0]]
[2025.03.18-14.33.44:591][  0]LogConfig: Applying CVar settings from Section [EffectsQuality@3] File [C:/Users/Ido Isaac/Desktop/Web Game Programming/Wk 1/COMP217GroupProject/DungeonDash/Saved/Config/Windows/Scalability.ini]
[2025.03.18-14.33.44:591][  0]LogConfig: Setting CVar [[r.TranslucencyLightingVolumeDim:64]]
[2025.03.18-14.33.44:592][  0]LogConfig: Setting CVar [[r.RefractionQuality:2]]
[2025.03.18-14.33.44:592][  0]LogConfig: Setting CVar [[r.SSR.Quality:3]]
[2025.03.18-14.33.44:592][  0]LogConfig: Setting CVar [[r.SSR.HalfResSceneColor:0]]
[2025.03.18-14.33.44:592][  0]LogConfig: Setting CVar [[r.SceneColorFormat:4]]
[2025.03.18-14.33.44:592][  0]LogConfig: Setting CVar [[r.DetailMode:2]]
[2025.03.18-14.33.44:592][  0]LogConfig: Setting CVar [[r.TranslucencyVolumeBlur:1]]
[2025.03.18-14.33.44:592][  0]LogConfig: Setting CVar [[r.MaterialQualityLevel:1 ; High quality]]
[2025.03.18-14.33.44:592][  0]LogConfig: Setting CVar [[r.AnisotropicMaterials:1]]
[2025.03.18-14.33.44:592][  0]LogConfig: Setting CVar [[r.SSS.Scale:1]]
[2025.03.18-14.33.44:592][  0]LogConfig: Setting CVar [[r.SSS.SampleSet:2]]
[2025.03.18-14.33.44:592][  0]LogConfig: Setting CVar [[r.SSS.Quality:1]]
[2025.03.18-14.33.44:592][  0]LogConfig: Setting CVar [[r.SSS.HalfRes:0]]
[2025.03.18-14.33.44:592][  0]LogConfig: Setting CVar [[r.SSGI.Quality:3]]
[2025.03.18-14.33.44:592][  0]LogConfig: Setting CVar [[r.EmitterSpawnRateScale:1.0]]
[2025.03.18-14.33.44:592][  0]LogConfig: Setting CVar [[r.ParticleLightQuality:2]]
[2025.03.18-14.33.44:592][  0]LogConfig: Setting CVar [[r.SkyAtmosphere.AerialPerspectiveLUT.FastApplyOnOpaque:1 ; Always have FastSkyLUT 1 in this case to avoid wrong sky]]
[2025.03.18-14.33.44:592][  0]LogConfig: Setting CVar [[r.SkyAtmosphere.AerialPerspectiveLUT.SampleCountMaxPerSlice:4]]
[2025.03.18-14.33.44:592][  0]LogConfig: Setting CVar [[r.SkyAtmosphere.AerialPerspectiveLUT.DepthResolution:16.0]]
[2025.03.18-14.33.44:592][  0]LogConfig: Setting CVar [[r.SkyAtmosphere.FastSkyLUT:1]]
[2025.03.18-14.33.44:592][  0]LogConfig: Setting CVar [[r.SkyAtmosphere.FastSkyLUT.SampleCountMin:4.0]]
[2025.03.18-14.33.44:592][  0]LogConfig: Setting CVar [[r.SkyAtmosphere.FastSkyLUT.SampleCountMax:128.0]]
[2025.03.18-14.33.44:592][  0]LogConfig: Setting CVar [[r.SkyAtmosphere.SampleCountMin:4.0]]
[2025.03.18-14.33.44:592][  0]LogConfig: Setting CVar [[r.SkyAtmosphere.SampleCountMax:128.0]]
[2025.03.18-14.33.44:592][  0]LogConfig: Setting CVar [[r.SkyAtmosphere.TransmittanceLUT.UseSmallFormat:0]]
[2025.03.18-14.33.44:592][  0]LogConfig: Setting CVar [[r.SkyAtmosphere.TransmittanceLUT.SampleCount:10.0]]
[2025.03.18-14.33.44:592][  0]LogConfig: Setting CVar [[r.SkyAtmosphere.MultiScatteringLUT.SampleCount:15.0]]
[2025.03.18-14.33.44:592][  0]LogConfig: Setting CVar [[r.SkyLight.RealTimeReflectionCapture:1]]
[2025.03.18-14.33.44:592][  0]LogConfig: Applying CVar settings from Section [FoliageQuality@3] File [C:/Users/Ido Isaac/Desktop/Web Game Programming/Wk 1/COMP217GroupProject/DungeonDash/Saved/Config/Windows/Scalability.ini]
[2025.03.18-14.33.44:592][  0]LogConfig: Setting CVar [[foliage.DensityScale:1.0]]
[2025.03.18-14.33.44:592][  0]LogConfig: Setting CVar [[grass.DensityScale:1.0]]
[2025.03.18-14.33.44:592][  0]LogConfig: Applying CVar settings from Section [ShadingQuality@3] File [C:/Users/Ido Isaac/Desktop/Web Game Programming/Wk 1/COMP217GroupProject/DungeonDash/Saved/Config/Windows/Scalability.ini]
[2025.03.18-14.33.44:592][  0]LogConfig: Setting CVar [[r.HairStrands.SkyLighting.IntegrationType:2]]
[2025.03.18-14.33.44:592][  0]LogConfig: Setting CVar [[r.HairStrands.SkyAO.SampleCount:4]]
[2025.03.18-14.33.44:592][  0]LogConfig: Setting CVar [[r.HairStrands.Visibility.MSAA.SamplePerPixel:4]]
[2025.03.18-14.33.44:592][  0]LogConfig: Applying CVar settings from Section [Startup] File [../../../Engine/Config/ConsoleVariables.ini]
[2025.03.18-14.33.44:592][  0]LogConfig: Setting CVar [[net.UseAdaptiveNetUpdateFrequency:0]]
[2025.03.18-14.33.44:592][  0]LogConfig: Setting CVar [[p.chaos.AllowCreatePhysxBodies:1]]
[2025.03.18-14.33.44:592][  0]LogConfig: Setting CVar [[fx.SkipVectorVMBackendOptimizations:1]]
[2025.03.18-14.33.44:592][  0]LogConfig: Applying CVar settings from Section [ConsoleVariables] File [C:/Users/Ido Isaac/Desktop/Web Game Programming/Wk 1/COMP217GroupProject/DungeonDash/Saved/Config/Windows/Engine.ini]
[2025.03.18-14.33.44:592][  0]LogConfig: Applying CVar settings from Section [ConsoleVariables] File [C:/Users/Ido Isaac/Desktop/Web Game Programming/Wk 1/COMP217GroupProject/DungeonDash/Saved/Config/Windows/Editor.ini]
[2025.03.18-14.33.44:592][  0]LogInit: Computer: IDOSLAPTOP
[2025.03.18-14.33.44:593][  0]LogInit: User: IdoIsaac
[2025.03.18-14.33.44:593][  0]LogInit: CPU Page size=4096, Cores=10
[2025.03.18-14.33.44:593][  0]LogInit: High frequency timer resolution =10.000000 MHz
[2025.03.18-14.33.44:593][  0]LogMemory: Memory total: Physical=15.7GB (16GB approx)
[2025.03.18-14.33.44:593][  0]LogMemory: Platform Memory Stats for Windows
[2025.03.18-14.33.44:593][  0]LogMemory: Process Physical Memory: 150.04 MB used, 150.04 MB peak
[2025.03.18-14.33.44:593][  0]LogMemory: Process Virtual Memory: 129.29 MB used, 129.29 MB peak
[2025.03.18-14.33.44:593][  0]LogMemory: Physical Memory: 8248.38 MB used,  7840.18 MB free, 16088.56 MB total
[2025.03.18-14.33.44:593][  0]LogMemory: Virtual Memory: 134195064.00 MB used,  22663.38 MB free, 134217728.00 MB total
[2025.03.18-14.33.44:599][  0]LogWindows: WindowsPlatformFeatures enabled
[2025.03.18-14.33.44:663][  0]LogInit: Physics initialised using underlying interface: PhysX
[2025.03.18-14.33.44:664][  0]LogInit: Using OS detected language (en-US).
[2025.03.18-14.33.44:665][  0]LogInit: Using OS detected locale (en-CA).
[2025.03.18-14.33.44:671][  0]LogTextLocalizationManager: No specific localization for 'en-US' exists, so the 'en' localization will be used.
[2025.03.18-14.33.44:985][  0]LogInit: Setting process to per monitor DPI aware
[2025.03.18-14.33.45:007][  0]LogWindowsTextInputMethodSystem: Display: IME system deactivated.
[2025.03.18-14.33.45:026][  0]LogSlate: New Slate User Created.  User Index 0, Is Virtual User: 0
[2025.03.18-14.33.45:026][  0]LogSlate: Slate User Registered.  User Index 0, Is Virtual User: 0
[2025.03.18-14.33.45:208][  0]LogD3D11RHI: Loaded GFSDK_Aftermath_Lib.x64.dll
[2025.03.18-14.33.45:292][  0]LogHMD: Failed to initialize OpenVR with code 110
[2025.03.18-14.33.45:292][  0]LogD3D11RHI: D3D11 min allowed feature level: 11_0
[2025.03.18-14.33.45:292][  0]LogD3D11RHI: D3D11 max allowed feature level: 11_0
[2025.03.18-14.33.45:292][  0]LogD3D11RHI: D3D11 adapters:
[2025.03.18-14.33.45:693][  0]LogD3D11RHI:    0. 'NVIDIA GeForce RTX 4060 Laptop GPU' (Feature Level 11_0)
[2025.03.18-14.33.45:693][  0]LogD3D11RHI:       7957/0/8044 MB DedicatedVideo/DedicatedSystem/SharedSystem, Outputs:1, VendorId:0x10de
[2025.03.18-14.33.45:832][  0]LogD3D11RHI:    1. 'Intel(R) UHD Graphics' (Feature Level 11_0)
[2025.03.18-14.33.45:832][  0]LogD3D11RHI:       128/0/8044 MB DedicatedVideo/DedicatedSystem/SharedSystem, Outputs:0, VendorId:0x8086
[2025.03.18-14.33.45:847][  0]LogD3D11RHI:    2. 'Microsoft Basic Render Driver' (Feature Level 11_0)
[2025.03.18-14.33.45:847][  0]LogD3D11RHI:       0/0/8044 MB DedicatedVideo/DedicatedSystem/SharedSystem, Outputs:0, VendorId:0x1414
[2025.03.18-14.33.45:847][  0]LogD3D11RHI: Chosen D3D11 Adapter:
[2025.03.18-14.33.45:847][  0]LogD3D11RHI:     Description : NVIDIA GeForce RTX 4060 Laptop GPU
[2025.03.18-14.33.45:847][  0]LogD3D11RHI:     VendorId    : 10de
[2025.03.18-14.33.45:847][  0]LogD3D11RHI:     DeviceId    : 28a0
[2025.03.18-14.33.45:847][  0]LogD3D11RHI:     SubSysId    : 13b91462
[2025.03.18-14.33.45:847][  0]LogD3D11RHI:     Revision    : 00a1
[2025.03.18-14.33.45:847][  0]LogD3D11RHI:     DedicatedVideoMemory : 8343519232 bytes
[2025.03.18-14.33.45:847][  0]LogD3D11RHI:     DedicatedSystemMemory : 0 bytes
[2025.03.18-14.33.45:847][  0]LogD3D11RHI:     SharedSystemMemory : 8435038208 bytes
[2025.03.18-14.33.45:847][  0]LogD3D11RHI:     AdapterLuid : 0 66721
[2025.03.18-14.33.45:865][  0]LogD3D11RHI: Creating new Direct3DDevice
[2025.03.18-14.33.45:865][  0]LogD3D11RHI:     GPU DeviceId: 0x28a0 (for the marketing name, search the web for "GPU Device Id")
[2025.03.18-14.33.45:865][  0]LogWindows: EnumDisplayDevices:
[2025.03.18-14.33.45:866][  0]LogWindows:    0. 'Intel(R) UHD Graphics' (P:1 D:1)
[2025.03.18-14.33.45:867][  0]LogWindows:    1. 'Intel(R) UHD Graphics' (P:0 D:0)
[2025.03.18-14.33.45:867][  0]LogWindows:    2. 'Intel(R) UHD Graphics' (P:0 D:0)
[2025.03.18-14.33.45:868][  0]LogWindows:    3. 'Intel(R) UHD Graphics' (P:0 D:0)
[2025.03.18-14.33.45:869][  0]LogWindows:    4. 'NVIDIA GeForce RTX 4060 Laptop GPU' (P:0 D:0)
[2025.03.18-14.33.45:870][  0]LogWindows:    5. 'NVIDIA GeForce RTX 4060 Laptop GPU' (P:0 D:0)
[2025.03.18-14.33.45:870][  0]LogWindows:    6. 'NVIDIA GeForce RTX 4060 Laptop GPU' (P:0 D:0)
[2025.03.18-14.33.45:871][  0]LogWindows:    7. 'NVIDIA GeForce RTX 4060 Laptop GPU' (P:0 D:0)
[2025.03.18-14.33.45:871][  0]LogWindows: DebugString: PrimaryIsNotTheChoosenAdapter PrimaryIsNotTheChoosenAdapter PrimaryIsNotTheChoosenAdapter PrimaryIsNotTheChoosenAdapter FoundDriverCount:4 
[2025.03.18-14.33.45:871][  0]LogD3D11RHI:     Adapter Name: NVIDIA GeForce RTX 4060 Laptop GPU
[2025.03.18-14.33.45:871][  0]LogD3D11RHI:   Driver Version: 566.14 (internal:32.0.15.6614, unified:566.14)
[2025.03.18-14.33.45:871][  0]LogD3D11RHI:      Driver Date: 11-6-2024
[2025.03.18-14.33.45:871][  0]LogRHI: Texture pool is 5569 MB (70% of 7957 MB)
[2025.03.18-14.33.45:871][  0]LogD3D11RHI: Creating D3DDevice using adapter:
[2025.03.18-14.33.45:871][  0]LogD3D11RHI:     Description : NVIDIA GeForce RTX 4060 Laptop GPU
[2025.03.18-14.33.45:871][  0]LogD3D11RHI:     VendorId    : 10de
[2025.03.18-14.33.45:871][  0]LogD3D11RHI:     DeviceId    : 28a0
[2025.03.18-14.33.45:871][  0]LogD3D11RHI:     SubSysId    : 13b91462
[2025.03.18-14.33.45:871][  0]LogD3D11RHI:     Revision    : 00a1
[2025.03.18-14.33.45:871][  0]LogD3D11RHI:     DedicatedVideoMemory : 8343519232 bytes
[2025.03.18-14.33.45:871][  0]LogD3D11RHI:     DedicatedSystemMemory : 0 bytes
[2025.03.18-14.33.45:871][  0]LogD3D11RHI:     SharedSystemMemory : 8435038208 bytes
[2025.03.18-14.33.45:871][  0]LogD3D11RHI:     AdapterLuid : 0 66721
[2025.03.18-14.33.46:164][  0]LogD3D11RHI: RHI has support for 64 bit atomics
[2025.03.18-14.33.46:165][  0]LogD3D11RHI: Async texture creation enabled
[2025.03.18-14.33.46:165][  0]LogD3D11RHI: Array index from any shader is supported
[2025.03.18-14.33.46:193][  0]LogD3D11RHI: GPU Timing Frequency: 1000.000000 (Debug: 2 1)
[2025.03.18-14.33.46:266][  0]LogRHI: GeForceNow SDK initialized: 1
[2025.03.18-14.33.48:928][  0]LogTargetPlatformManager: Display: Loaded TargetPlatform 'AllDesktop'
[2025.03.18-14.33.48:964][  0]LogTargetPlatformManager: Display: Loaded TargetPlatform 'Android'
[2025.03.18-14.33.48:964][  0]LogTargetPlatformManager: Display: Loaded TargetPlatform 'Android_ASTC'
[2025.03.18-14.33.48:964][  0]LogTargetPlatformManager: Display: Loaded TargetPlatform 'Android_DXT'
[2025.03.18-14.33.48:965][  0]LogTargetPlatformManager: Display: Loaded TargetPlatform 'Android_ETC2'
[2025.03.18-14.33.48:965][  0]LogTargetPlatformManager: Display: Loaded TargetPlatform 'AndroidClient'
[2025.03.18-14.33.48:965][  0]LogTargetPlatformManager: Display: Loaded TargetPlatform 'Android_ASTCClient'
[2025.03.18-14.33.48:965][  0]LogTargetPlatformManager: Display: Loaded TargetPlatform 'Android_DXTClient'
[2025.03.18-14.33.48:965][  0]LogTargetPlatformManager: Display: Loaded TargetPlatform 'Android_ETC2Client'
[2025.03.18-14.33.48:965][  0]LogTargetPlatformManager: Display: Loaded TargetPlatform 'Android_Multi'
[2025.03.18-14.33.48:965][  0]LogTargetPlatformManager: Display: Loaded TargetPlatform 'Android_MultiClient'
[2025.03.18-14.33.48:995][  0]LogTargetPlatformManager: Display: Loaded TargetPlatform 'IOSClient'
[2025.03.18-14.33.48:995][  0]LogTargetPlatformManager: Display: Loaded TargetPlatform 'IOS'
[2025.03.18-14.33.49:010][  0]LogTargetPlatformManager: Display: Loaded TargetPlatform 'Linux'
[2025.03.18-14.33.49:021][  0]LogTargetPlatformManager: Display: Loaded TargetPlatform 'LinuxNoEditor'
[2025.03.18-14.33.49:029][  0]LogTargetPlatformManager: Display: Loaded TargetPlatform 'LinuxClient'
[2025.03.18-14.33.49:037][  0]LogTargetPlatformManager: Display: Loaded TargetPlatform 'LinuxServer'
[2025.03.18-14.33.49:051][  0]LogTargetPlatformManager: Display: Loaded TargetPlatform 'LinuxAArch64NoEditor'
[2025.03.18-14.33.49:057][  0]LogTargetPlatformManager: Display: Loaded TargetPlatform 'LinuxAArch64Client'
[2025.03.18-14.33.49:064][  0]LogTargetPlatformManager: Display: Loaded TargetPlatform 'LinuxAArch64Server'
[2025.03.18-14.33.49:094][  0]LogTargetPlatformManager: Display: Loaded TargetPlatform 'Lumin'
[2025.03.18-14.33.49:094][  0]LogTargetPlatformManager: Display: Loaded TargetPlatform 'LuminClient'
[2025.03.18-14.33.49:106][  0]LogTargetPlatformManager: Display: Loaded TargetPlatform 'MacNoEditor'
[2025.03.18-14.33.49:112][  0]LogTargetPlatformManager: Display: Loaded TargetPlatform 'Mac'
[2025.03.18-14.33.49:120][  0]LogTargetPlatformManager: Display: Loaded TargetPlatform 'MacClient'
[2025.03.18-14.33.49:129][  0]LogTargetPlatformManager: Display: Loaded TargetPlatform 'MacServer'
[2025.03.18-14.33.49:147][  0]LogTargetPlatformManager: Display: Loaded TargetPlatform 'TVOSClient'
[2025.03.18-14.33.49:147][  0]LogTargetPlatformManager: Display: Loaded TargetPlatform 'TVOS'
[2025.03.18-14.33.49:163][  0]LogTargetPlatformManager: Display: Loaded TargetPlatform 'WindowsNoEditor'
[2025.03.18-14.33.49:169][  0]LogTargetPlatformManager: Display: Loaded TargetPlatform 'Windows'
[2025.03.18-14.33.49:174][  0]LogTargetPlatformManager: Display: Loaded TargetPlatform 'WindowsClient'
[2025.03.18-14.33.49:180][  0]LogTargetPlatformManager: Display: Loaded TargetPlatform 'WindowsServer'
[2025.03.18-14.33.49:181][  0]LogTargetPlatformManager: Display: Building Assets For Windows
[2025.03.18-14.33.49:190][  0]LogAudioDebug: Display: Lib vorbis DLL was dynamically loaded.
[2025.03.18-14.33.49:230][  0]LogTextureFormatOodle: Display: Oodle Texture 2.9.0 init RDO Off
[2025.03.18-14.33.49:275][  0]LogRendererCore: Ray tracing is disabled. Reason: r.RayTracing=0.
[2025.03.18-14.33.49:275][  0]LogShaderCompilers: Guid format shader working directory is -49 characters bigger than the processId version (../../../../../../Users/Ido Isaac/Desktop/Web Game Programming/Wk 1/COMP217GroupProject/DungeonDash/Intermediate/Shaders/WorkingDirectory/6752/).
[2025.03.18-14.33.49:275][  0]LogShaderCompilers: Cleaned the shader compiler working directory 'C:/Users/Ido Isaac/AppData/Local/Temp/UnrealShaderWorkingDir/D6E8411248E8F415FF30479568D500D5/'.
[2025.03.18-14.33.49:275][  0]LogXGEController: Cannot use XGE Controller as Incredibuild is not installed on this machine.
[2025.03.18-14.33.49:275][  0]LogShaderCompilers: Cannot use XGE Shader Compiler as Incredibuild is not installed on this machine.
[2025.03.18-14.33.49:275][  0]LogShaderCompilers: Display: Using Local Shader Compiler.
[2025.03.18-14.33.50:362][  0]LogDerivedDataCache: Display: Max Cache Size: 512 MB
[2025.03.18-14.33.50:483][  0]LogDerivedDataCache: Loaded boot cache 0.12s 105MB C:/Users/Ido Isaac/AppData/Local/UnrealEngine/4.27/DerivedDataCache/Boot.ddc.
[2025.03.18-14.33.50:483][  0]LogDerivedDataCache: Display: Loaded Boot cache: C:/Users/Ido Isaac/AppData/Local/UnrealEngine/4.27/DerivedDataCache/Boot.ddc
[2025.03.18-14.33.50:483][  0]LogDerivedDataCache: FDerivedDataBackendGraph:  Pak pak cache file ../../../../../../Users/Ido Isaac/Desktop/Web Game Programming/Wk 1/COMP217GroupProject/DungeonDash/DerivedDataCache/DDC.ddp not found, will not use a pak cache.
[2025.03.18-14.33.50:483][  0]LogDerivedDataCache: Unable to find inner node Pak for hierarchical cache Hierarchy.
[2025.03.18-14.33.50:483][  0]LogDerivedDataCache: FDerivedDataBackendGraph:  CompressedPak pak cache file ../../../../../../Users/Ido Isaac/Desktop/Web Game Programming/Wk 1/COMP217GroupProject/DungeonDash/DerivedDataCache/Compressed.ddp not found, will not use a pak cache.
[2025.03.18-14.33.50:483][  0]LogDerivedDataCache: Unable to find inner node CompressedPak for hierarchical cache Hierarchy.
[2025.03.18-14.33.50:506][  0]LogDerivedDataCache: Display: Pak cache opened for reading ../../../Engine/DerivedDataCache/Compressed.ddp.
[2025.03.18-14.33.50:506][  0]LogDerivedDataCache: FDerivedDataBackendGraph:  EnterprisePak pak cache file ../../../Enterprise/DerivedDataCache/Compressed.ddp not found, will not use a pak cache.
[2025.03.18-14.33.50:506][  0]LogDerivedDataCache: Unable to find inner node EnterprisePak for hierarchical cache Hierarchy.
[2025.03.18-14.33.50:540][  0]LogDerivedDataCache: Speed tests for C:/Users/Ido Isaac/AppData/Local/UnrealEngine/Common/DerivedDataCache took 0.03 seconds
[2025.03.18-14.33.50:540][  0]LogDerivedDataCache: Display: Performance to C:/Users/Ido Isaac/AppData/Local/UnrealEngine/Common/DerivedDataCache: Latency=0.05ms. RandomReadSpeed=708.28MBs, RandomWriteSpeed=29.01MBs. Assigned SpeedClass 'Local'
[2025.03.18-14.33.50:541][  0]LogDerivedDataCache: Using Local data cache path C:/Users/Ido Isaac/AppData/Local/UnrealEngine/Common/DerivedDataCache: Writable
[2025.03.18-14.33.50:542][  0]LogDerivedDataCache: Shared data cache path not found in *engine.ini, will not use an Shared cache.
[2025.03.18-14.33.50:542][  0]LogDerivedDataCache: Unable to find inner node Shared for hierarchical cache Hierarchy.
[2025.03.18-14.33.50:630][  0]LogSlate: Using FreeType 2.10.0
[2025.03.18-14.33.50:631][  0]LogSlate: SlateFontServices - WITH_FREETYPE: 1, WITH_HARFBUZZ: 1
[2025.03.18-14.33.50:666][  0]LogAssetRegistry: FAssetRegistry took 0.0040 seconds to start up
[2025.03.18-14.33.51:115][  0]LogInit: Selected Device Profile: [Windows]
[2025.03.18-14.33.51:116][  0]LogInit: Active device profile: [00000214E0839300][00000214D95BCDC0 49] Windows
[2025.03.18-14.33.51:116][  0]LogInit: Profiles: [00000214E0839300][00000214D95BCDC0 49] Windows, [00000214E0796F00][00000214D9675080 49] WindowsNoEditor, [00000214E083A200][00000214D967D340 49] WindowsServer, [00000214E0797D00][00000214D9685600 49] WindowsClient, [00000214E083B000][00000214D40A98C0 49] IOS, [00000214E0795500][00000214D96BBB80 49] iPadAir, [00000214E083BD00][00000214D40AC2C0 49] iPadAir2, [00000214E15BE400][00000214D9A5A800 49] IPadPro, [00000214E15BE500][00000214D40B8840 49] iPadAir3, [00000214E0797E00][00000214D40C0B00 49] iPadAir4, [00000214E15BF300][00000214D9670D80 49] iPadMini2, [00000214E0797400][00000214D9A57040 49] iPadMini3, [00000214E15BE300][00000214D9A69300 49] iPadMini4, [00000214E0796300][00000214D9A6D5C0 49] iPadMini5, [00000214E15F5D00][00000214D92ADB00 49] iPhone6, [00000214E15F5E00][00000214D929DB40 49] iPodTouch6, [00000214E083AD00][00000214D95AE500 49] iPhone7, [00000214E083AE00][00000214D92A4540 49] iPodTouch7, [00000214E15BDC00][00000214D92A8800 49] iPhone5S, [00000214E083B900][00000214D92A0AC0 49] iPhone6Plus, [00000214E15BD400][00000214D40BCD40 49] iPhone6S, [00000214E0838700][00000214D95AAFC0 49] iPhone6SPlus, [00000214E15BCD00][00000214D9659280 49] iPhone7Plus, [00000214E0838D00][00000214D9661540 49] iPhoneSE, [00000214E15BC500][00000214D9665800 49] iPhone8, [00000214E083AB00][00000214D9669AC0 49] iPhone8Plus, [00000214E15BC900][00000214D966C200 49] iPhoneX, [00000214E15BCF00][00000214DC5764C0 49] iPhoneXS, [00000214E15F4B00][00000214DC586780 49] iPhoneXSMax, [00000214E15BE200][00000214D8FE2A40 49] iPhoneXR, [00000214E15F5400][00000214D8FE6D00 49] iPhone11, [00000214E15BE000][00000214D9654F80 49] iPhone11Pro, [00000214E15F5A00][00000214D8FF5200 49] iPhone11ProMax, [00000214E15BCA00][00000214D8FFD4C0 49] iPhoneSE2, [00000214E15F7D00][00000214D9001780 49] iPhone12Mini, [00000214E15BCE00][00000214D9005A40 49] iPhone12, [00000214E15F6100][00000214D9008180 49] iPhone12Pro, [00000214E15F5C00][00000214D900C440 49] iPhone12ProMax, [00000214E0838B00][00000214D9010700 49] iPadPro105, [00000214E15F7800][00000214D90149C0 49] iPadPro129, [00000214E0838800][00000214D9018C80 49] iPadPro97, [00000214E15F5800][00000214D9030F40 49] iPadPro2_129, [00000214E15BDF00][00000214D8FF91C0 49] iPad5, [00000214E15F4E00][00000214D903D440 49] iPad6, [00000214E15BDB00][00000214E19FF700 49] iPad7, [00000214E15F4F00][00000214E1A039C0 49] iPad8, [00000214E15BFD00][00000214E1A0A100 49] iPadPro11, [00000214E15F6F00][00000214E1A0E3C0 49] iPadPro2_11, [00000214E15BE900][00000214E1A12680 49] iPadPro3_129, [00000214E15F4800][00000214D9620940 49] iPadPro4_129, [00000214E15BD500][00000214D9624C00 49] AppleTV, [00000214E15F6E00][00000214D9628EC0 49] AppleTV4K, [00000214E15BDE00][00000214E1A17180 49] TVOS, [00000214E15F4300][00000214E19FB400 49] Mac, [00000214E15BDD00][00000214E1A1B680 49] MacClient, [00000214E15F6600][00000214E1A23940 49] MacNoEditor, [00000214E15BF100][00000214E1A27C00 49] MacServer, [00000214E15F7700][00000214D961C340 49] Linux, [00000214E15BC100][00000214E1A06600 49] LinuxAArch64, [00000214E15F5900][00000214E1A2A8C0 49] LinuxNoEditor, [00000214E15BFC00][00000214D9582B80 49] LinuxAArch64NoEditor, [00000214E15F7B00][00000214D9586E40 49] LinuxClient, [00000214E15BF000][00000214D958B100 49] LinuxAArch64Client, [00000214E15F7E00][00000214D965D3C0 49] LinuxServer, [00000214E15BC700][00000214E1A1F640 49] LinuxAArch64Server, [00000214E15F5F00][00000214D40B18C0 49] Android, [00000214E15BCB00][00000214D958FB80 49] Android_Low, [00000214E15F6900][00000214D95922C0 49] Android_Mid, [00000214E15BF800][00000214D9596580 49] Android_High, [00000214E15F6500][00000214D959A840 49] Android_Default, [00000214E15BF700][00000214D959EB00 49] Android_Adreno4xx, [00000214E15F6200][00000214D95A2DC0 49] Android_Adreno5xx_Low, [00000214E15BCC00][00000214D95A7080 49] Android_Adreno5xx, [00000214E15F7300][00000214DC539340 49] Android_Adreno6xx, [00000214E15BC300][00000214DC53D600 49] Android_Adreno6xx_Vulkan, [00000214E15F5500][00000214D40B5880 49] Android_Mali_T6xx, [00000214E15BD800][00000214DC541B00 49] Android_Mali_T7xx, [00000214E15F7500][00000214DC548240 49] Android_Mali_T8xx, [00000214E15BED00][00000214DC54C500 49] Android_Mali_G71, [00000214E15F6800][00000214DC5507C0 49] Android_Mali_G72, [00000214E15BD200][00000214DC554A80 49] Android_Mali_G72_Vulkan, [00000214E15F4D00][00000214DC558D40 49] Android_Mali_G76, [00000214E15BD700][00000214DC55D000 49] Android_Mali_G76_Vulkan, [00000214E15F6700][00000214DC5612C0 49] Android_Mali_G77, [00000214E15BC200][00000214DC565580 49] Android_Mali_G77_Vulkan, [00000214E0796400][00000214D8F47840 49] Android_Mali_G78, [00000214E0838500][00000214DC545AC0 49] Android_Mali_G78_Vulkan, [00000214E0794B00][00000214D8F4A1C0 49] Android_Mali_G710, [00000214E0839D00][00000214D8F52480 49] Android_Mali_G710_Vulkan, [00000214E0794900][00000214D8F56740 49] Android_Vulkan_SM5, [00000214E083BC00][00000214D8F5AA00 49] Android_PowerVR_G6xxx, [00000214E0794D00][00000214D8F5ECC0 49] Android_PowerVR_GT7xxx, [00000214E083B500][00000214D8F62F80 49] Android_PowerVR_GE8xxx, [00000214E0794200][00000214D8F67240 49] Android_PowerVR_GM9xxx, [00000214E0838300][00000214D8F6B500 49] Android_PowerVR_GM9xxx_Vulkan, [00000214E0797000][00000214D8F6F7C0 49] Android_TegraK1, [00000214E083B400][00000214D8F73A80 49] Android_Unknown_Vulkan, [00000214E0794F00][00000214D8F4E180 49] Lumin, [00000214E083B600][00000214D8F76400 49] Lumin_Desktop, [00000214E0795800][00000214E1A406C0 49] HoloLens, 
[2025.03.18-14.33.51:473][  0]LogMeshReduction: Using QuadricMeshReduction for automatic static mesh reduction
[2025.03.18-14.33.51:473][  0]LogMeshReduction: Using SimplygonMeshReduction for automatic skeletal mesh reduction
[2025.03.18-14.33.51:473][  0]LogMeshReduction: Using ProxyLODMeshReduction for automatic mesh merging
[2025.03.18-14.33.51:473][  0]LogMeshReduction: No distributed automatic mesh merging module available
[2025.03.18-14.33.51:473][  0]LogMeshMerging: No distributed automatic mesh merging module available
[2025.03.18-14.33.51:519][  0]LogNetVersion: DungeonDash 1.0.0, NetCL: 17155196, EngineNetVer: 17, GameNetVer: 0 (Checksum: 3083342234)
[2025.03.18-14.33.52:456][  0]LogTexture: Default maximum texture size for cubemaps generated from long-lat sources has been changed from 512 to unlimited. In order to preserve old behaiour for '/Engine/MapTemplates/Sky/DaylightAmbientCubemap.DaylightAmbientCubemap', its maximum texture size has been explicitly set to 512.
[2025.03.18-14.33.52:593][  0]LogHMD: PokeAHoleMaterial loaded successfully
[2025.03.18-14.33.52:603][  0]LogUObjectArray: 17178 objects as part of root set at end of initial load.
[2025.03.18-14.33.52:603][  0]LogUObjectAllocator: 4302048 out of 0 bytes used by permanent object pool.
[2025.03.18-14.33.52:603][  0]LogUObjectArray: CloseDisregardForGC: 0/0 objects in disregard for GC pool
[2025.03.18-14.33.53:026][  0]LogNiagaraDebuggerClient: Niagara Debugger Client Initialized | Session: A68EEB194A5442BD238E6C917FB76D37 | Instance: 70E8A254424B77D7D8277D9E0F4C1DFD (IDOSLAPTOP-6752).
[2025.03.18-14.33.53:513][  0]LogTcpMessaging: Initializing TcpMessaging bridge
[2025.03.18-14.33.53:523][  0]LogUdpMessaging: Initializing bridge on interface 0.0.0.0:0 to multicast group 230.0.0.1:6666.
[2025.03.18-14.33.53:564][  0]LogPython: Using Python 3.7.7
[2025.03.18-14.33.55:744][  0]SourceControl: Source control is disabled
[2025.03.18-14.33.55:744][  0]SourceControl: Source control is disabled
[2025.03.18-14.33.55:750][  0]SourceControl: Source control is disabled
[2025.03.18-14.33.55:770][  0]SourceControl: Source control is disabled
[2025.03.18-14.33.55:783][  0]LogUProjectInfo: Found projects:
[2025.03.18-14.33.55:824][  0]SourceControl: Source control is disabled
[2025.03.18-14.33.56:023][  0]LogAndroidPermission: UAndroidPermissionCallbackProxy::GetInstance
[2025.03.18-14.33.56:093][  0]LogAudioCaptureCore: Display: No Audio Capture implementations found. Audio input will be silent.
[2025.03.18-14.33.56:093][  0]LogAudioCaptureCore: Display: No Audio Capture implementations found. Audio input will be silent.
[2025.03.18-14.33.56:109][  0]LogOpenImageDenoise: OIDN starting up
[2025.03.18-14.33.56:212][  0]LogCollectionManager: Loaded 0 collections in 0.001670 seconds
[2025.03.18-14.33.56:243][  0]LogFileCache: Scanning file cache for directory 'C:/Users/Ido Isaac/Desktop/Web Game Programming/Wk 1/COMP217GroupProject/DungeonDash/Saved/Collections/' took 0.00s
[2025.03.18-14.33.56:243][  0]LogFileCache: Scanning file cache for directory 'C:/Users/Ido Isaac/Desktop/Web Game Programming/Wk 1/COMP217GroupProject/DungeonDash/Content/Developers/IdoIsaac/Collections/' took 0.00s
[2025.03.18-14.33.56:243][  0]LogFileCache: Scanning file cache for directory 'C:/Users/Ido Isaac/Desktop/Web Game Programming/Wk 1/COMP217GroupProject/DungeonDash/Content/Collections/' took 0.00s
[2025.03.18-14.33.56:243][  0]LogOcInput: OculusInput pre-init called
[2025.03.18-14.33.56:665][  0]LogEngine: Initializing Engine...
[2025.03.18-14.33.56:770][  0]LogHMD: Failed to enumerate extensions. Please check that you have a valid OpenXR runtime installed.
[2025.03.18-14.33.56:770][  0]LogHMD: Failed to initialize OpenVR with code 110
[2025.03.18-14.33.56:771][  0]LogMagicLeap: Warning: VR disabled because ZI is not enabled.  To enable, in the editor, Edit -> Project Settings -> Plugins -> Magic Leap Plugin -> Enable Zero Iteration
[2025.03.18-14.33.56:772][  0]LogStats: UGameplayTagsManager::InitializeManager -  0.000 s
[2025.03.18-14.33.57:039][  0]LogInit: Initializing FReadOnlyCVARCache
[2025.03.18-14.33.57:051][  0]LogAIModule: Creating AISystem for world Untitled
[2025.03.18-14.33.57:052][  0]LogAudio: Display: Initializing Audio Device Manager...
[2025.03.18-14.33.57:057][  0]LogAudio: Display: Loading Default Audio Settings Objects...
[2025.03.18-14.33.57:058][  0]LogAudio: Display: No default SoundConcurrencyObject specified (or failed to load).
[2025.03.18-14.33.57:059][  0]LogAudio: Display: Audio Device Manager Initialized
[2025.03.18-14.33.57:059][  0]LogAudio: Display: Creating Audio Device:                 Id: 1, Scope: Shared, Realtime: True
[2025.03.18-14.33.57:059][  0]LogAudioMixer: Display: Audio Mixer Platform Settings:
[2025.03.18-14.33.57:059][  0]LogAudioMixer: Display: 	Sample Rate:						  48000
[2025.03.18-14.33.57:059][  0]LogAudioMixer: Display: 	Callback Buffer Frame Size Requested: 1024
[2025.03.18-14.33.57:059][  0]LogAudioMixer: Display: 	Callback Buffer Frame Size To Use:	  1024
[2025.03.18-14.33.57:059][  0]LogAudioMixer: Display: 	Number of buffers to queue:			  2
[2025.03.18-14.33.57:059][  0]LogAudioMixer: Display: 	Max Channels (voices):				  32
[2025.03.18-14.33.57:059][  0]LogAudioMixer: Display: 	Number of Async Source Workers:		  0
[2025.03.18-14.33.57:059][  0]LogAudio: Display: AudioDevice MaxSources: 32
[2025.03.18-14.33.57:059][  0]LogAudio: Display: Audio Spatialization Plugin: None (built-in).
[2025.03.18-14.33.57:059][  0]LogAudio: Display: Audio Reverb Plugin: None (built-in).
[2025.03.18-14.33.57:059][  0]LogAudio: Display: Audio Occlusion Plugin: None (built-in).
[2025.03.18-14.33.57:059][  0]LogAudioMixer: Display: Initializing audio mixer.
[2025.03.18-14.33.57:082][  0]LogAudioMixer: Display: 0: FrontLeft
[2025.03.18-14.33.57:082][  0]LogAudioMixer: Display: 1: FrontRight
[2025.03.18-14.33.57:296][  0]LogAudioMixer: Display: Using Audio Device Speakers (Realtek(R) Audio)
[2025.03.18-14.33.57:297][  0]LogAudioMixer: Display: Initializing Sound Submixes...
[2025.03.18-14.33.57:300][  0]LogAudioMixer: Display: Creating Master Submix 'MasterSubmixDefault'
[2025.03.18-14.33.57:300][  0]LogAudioMixer: Display: Creating Master Submix 'MasterReverbSubmixDefault'
[2025.03.18-14.33.57:306][  0]LogAudioMixer: Display: Creating Master Submix 'MasterEQSubmixDefault'
[2025.03.18-14.33.57:306][  0]LogAudioMixer: FMixerPlatformXAudio2::StartAudioStream() called
[2025.03.18-14.33.57:306][  0]LogAudioMixer: Display: Output buffers initialized: Frames=1024, Channels=2, Samples=2048
[2025.03.18-14.33.57:307][  0]LogAudioMixer: Display: Starting AudioMixerPlatformInterface::RunInternal()
[2025.03.18-14.33.57:307][  0]LogAudioMixer: Display: FMixerPlatformXAudio2::SubmitBuffer() called for the first time
[2025.03.18-14.33.57:307][  0]LogInit: FAudioDevice initialized.
[2025.03.18-14.33.57:308][  0]LogAudio: Display: Audio Device (ID: 1) registered with world 'Untitled'.
[2025.03.18-14.33.57:308][  0]LogNetVersion: Set ProjectVersion to 1.0.0.0. Version Checksum will be recalculated on next use.
[2025.03.18-14.33.57:502][  0]LogDerivedDataCache: Saved boot cache 0.19s 103MB C:/Users/Ido Isaac/AppData/Local/UnrealEngine/4.27/DerivedDataCache/Boot.ddc.
[2025.03.18-14.33.57:502][  0]LogInit: Texture streaming: Enabled
[2025.03.18-14.33.57:522][  0]LogAnalytics: Display: [UEEditor.Rocket.Release] APIServer = https://datarouter.ol.epicgames.com/. AppVersion = 4.27.2-18319896+++UE4+Release-4.27
[2025.03.18-14.33.57:529][  0]LogEngineSessionManager: EngineSessionManager initialized
[2025.03.18-14.33.57:529][  0]LogEditorSessionSummary: Verbose: Initializing EditorSessionSummaryWriter for editor session tracking
[2025.03.18-14.33.57:531][  0]LogEditorSessionSummary: EditorSessionSummaryWriter initialized
[2025.03.18-14.33.57:562][  0]LogInit: Transaction tracking system initialized
[2025.03.18-14.33.57:591][  0]BlueprintLog: New page: Editor Load
[2025.03.18-14.33.57:666][  0]LocalizationService: Localization service is disabled
[2025.03.18-14.33.57:696][  0]TimingProfiler: Initialize
[2025.03.18-14.33.57:697][  0]TimingProfiler: OnSessionChanged
[2025.03.18-14.33.57:697][  0]LoadingProfiler: Initialize
[2025.03.18-14.33.57:697][  0]LoadingProfiler: OnSessionChanged
[2025.03.18-14.33.57:697][  0]NetworkingProfiler: Initialize
[2025.03.18-14.33.57:697][  0]NetworkingProfiler: OnSessionChanged
[2025.03.18-14.33.57:697][  0]MemoryProfiler: Initialize
[2025.03.18-14.33.57:697][  0]MemoryProfiler: OnSessionChanged
[2025.03.18-14.33.58:012][  0]LogCook: Display: CookSettings for Memory: MemoryMaxUsedVirtual 0MiB, MemoryMaxUsedPhysical 16384MiB, MemoryMinFreeVirtual 0MiB, MemoryMinFreePhysical 1024MiB
[2025.03.18-14.33.58:012][  0]LogCook: Display: Mobile HDR setting 1
[2025.03.18-14.33.58:113][  0]LogFileCache: Scanning file cache for directory 'C:/Users/Ido Isaac/Desktop/Web Game Programming/Wk 1/COMP217GroupProject/DungeonDash/Content/' took 0.02s
[2025.03.18-14.33.58:909][  0]LogInit: Display: Engine is initialized. Leaving FEngineLoop::Init()
[2025.03.18-14.33.58:916][  0]SourceControl: Source control is disabled
[2025.03.18-14.33.58:916][  0]LogUnrealEdMisc: Loading editor; pre map load, took 16.615
[2025.03.18-14.33.58:929][  0]LightingResults: New page: Lighting Build
[2025.03.18-14.33.58:933][  0]LogWorld: UWorld::CleanupWorld for Untitled, bSessionEnded=true, bCleanupResources=true
[2025.03.18-14.33.58:933][  0]LogSlate: InvalidateAllWidgets triggered.  All widgets were invalidated
[2025.03.18-14.33.58:933][  0]MapCheck: New page: Map Check
[2025.03.18-14.33.58:933][  0]LightingResults: New page: Lighting Build
[2025.03.18-14.33.58:943][  0]LogAudio: Display: Audio Device unregistered from world 'None'.
[2025.03.18-14.33.58:949][  0]LogUObjectHash: Compacting FUObjectHashTables data took   1.38ms
[2025.03.18-14.33.58:994][  0]LogLinker: Warning: [AssetLog] C:\Users\Ido Isaac\Desktop\Web Game Programming\Wk 1\COMP217GroupProject\DungeonDash\Content\ThirdPersonCPP\Maps\ThirdPersonExampleMap.umap: Failed to load '/Game/ThirdPersonCPP/Maps/ThirdPersonExampleMap_BuiltData': Can't find file.
[2025.03.18-14.33.58:995][  0]LogLinker: Warning: [AssetLog] C:\Users\Ido Isaac\Desktop\Web Game Programming\Wk 1\COMP217GroupProject\DungeonDash\Content\ThirdPersonCPP\Maps\ThirdPersonExampleMap.umap: Failed to load '/Game/ThirdPersonCPP/Maps/ThirdPersonExampleMap_BuiltData': Can't find file.
[2025.03.18-14.33.59:177][  0]LogLinker: Warning: [AssetLog] C:\Users\Ido Isaac\Desktop\Web Game Programming\Wk 1\COMP217GroupProject\DungeonDash\Content\ThirdPersonCPP\Maps\ThirdPersonExampleMap.umap: Failed to load '/Game/ThirdPersonCPP/Maps/ThirdPersonExampleMap_BuiltData': Can't find file.
[2025.03.18-14.33.59:178][  0]LogLinker: Warning: Failed to load '/Game/ThirdPersonCPP/Maps/ThirdPersonExampleMap_BuiltData': Can't find file.
[2025.03.18-14.33.59:178][  0]LogLinker: Warning: Failed to load '/Game/ThirdPersonCPP/Maps/ThirdPersonExampleMap_BuiltData': Can't find file.
[2025.03.18-14.33.59:181][  0]LogLinker: Warning: [AssetLog] C:\Users\Ido Isaac\Desktop\Web Game Programming\Wk 1\COMP217GroupProject\DungeonDash\Content\ThirdPersonCPP\Maps\ThirdPersonExampleMap.umap: Failed to load '/Game/ThirdPersonCPP/Maps/ThirdPersonExampleMap_BuiltData': Can't find file.
[2025.03.18-14.33.59:181][  0]LoadErrors: Failed to load /Game/ThirdPersonCPP/Maps/ThirdPersonExampleMap_BuiltData.ThirdPersonExampleMap_BuiltData Referenced by PersistentLevel
[2025.03.18-14.33.59:242][  0]LogAudio: Display: Audio Device (ID: 1) registered with world 'ThirdPersonExampleMap'.
[2025.03.18-14.33.59:242][  0]LogAIModule: Creating AISystem for world ThirdPersonExampleMap
[2025.03.18-14.33.59:258][  0]LogEditorServer: Finished looking for orphan Actors (0.000 secs)
[2025.03.18-14.33.59:268][  0]LogUObjectHash: Compacting FUObjectHashTables data took   0.97ms
[2025.03.18-14.33.59:268][  0]Cmd: MAP CHECKDEP NOCLEARLOG
[2025.03.18-14.33.59:269][  0]MapCheck: Map check complete: 0 Error(s), 0 Warning(s), took 0.326ms to complete.
[2025.03.18-14.33.59:269][  0]LogFileHelpers: Loading map 'ThirdPersonExampleMap' took 0.353
[2025.03.18-14.33.59:272][  0]LogUnrealEdMisc: Total Editor Startup Time, took 16.972
[2025.03.18-14.33.59:477][  0]LogSlate: Updating window title bar state: overlay mode, drag disabled, window buttons hidden, title bar hidden
[2025.03.18-14.33.59:490][  0]LogSlate: Updating window title bar state: overlay mode, drag disabled, window buttons hidden, title bar hidden
[2025.03.18-14.33.59:499][  0]LogSlate: Updating window title bar state: overlay mode, drag disabled, window buttons hidden, title bar hidden
[2025.03.18-14.33.59:509][  0]LogSlate: Updating window title bar state: overlay mode, drag disabled, window buttons hidden, title bar hidden
[2025.03.18-14.33.59:559][  0]LogNativeClassHierarchy: Verbose: Native class hierarchy populated in 0.0151 seconds. Added 3824 classes and 930 folders.
[2025.03.18-14.33.59:570][  0]LogNativeClassHierarchy: Verbose: Native class hierarchy updated for 'WidgetCarousel' in 0.0003 seconds. Added 0 classes and 0 folders.
[2025.03.18-14.33.59:594][  0]LogPakFile: PakFile PrimaryIndexSize=187
[2025.03.18-14.33.59:594][  0]LogPakFile: PakFile PathHashIndexSize=101
[2025.03.18-14.33.59:594][  0]LogPakFile: PakFile FullDirectoryIndexSize=148
[2025.03.18-14.33.59:594][  0]LogShaderLibrary: Display: ShaderCodeLibraryPakFileMountedCallback: PakFile 'C:/Program Files/Epic Games/UE_4.27/FeaturePacks/FP_FirstPerson.upack' (chunk index -1, root 'root:/') mounted
[2025.03.18-14.33.59:594][  0]LogShaderLibrary: Display: ShaderCodeLibraryPakFileMountedCallback: pending pak file info (ChunkID:-1 Root:root:/ File:C:/Program Files/Epic Games/UE_4.27/FeaturePacks/FP_FirstPerson.upack)
[2025.03.18-14.33.59:594][  0]LogPakFile: OnPakFileMounted2Time == 0.000091
[2025.03.18-14.33.59:612][  0]LogPakFile: PakFile PrimaryIndexSize=189
[2025.03.18-14.33.59:612][  0]LogPakFile: PakFile PathHashIndexSize=101
[2025.03.18-14.33.59:612][  0]LogPakFile: PakFile FullDirectoryIndexSize=152
[2025.03.18-14.33.59:612][  0]LogShaderLibrary: Display: ShaderCodeLibraryPakFileMountedCallback: PakFile 'C:/Program Files/Epic Games/UE_4.27/FeaturePacks/FP_FirstPersonBP.upack' (chunk index -1, root 'root:/') mounted
[2025.03.18-14.33.59:612][  0]LogShaderLibrary: Display: ShaderCodeLibraryPakFileMountedCallback: pending pak file info (ChunkID:-1 Root:root:/ File:C:/Program Files/Epic Games/UE_4.27/FeaturePacks/FP_FirstPersonBP.upack)
[2025.03.18-14.33.59:612][  0]LogPakFile: OnPakFileMounted2Time == 0.000060
[2025.03.18-14.33.59:626][  0]LogPakFile: PakFile PrimaryIndexSize=191
[2025.03.18-14.33.59:626][  0]LogPakFile: PakFile PathHashIndexSize=101
[2025.03.18-14.33.59:626][  0]LogPakFile: PakFile FullDirectoryIndexSize=160
[2025.03.18-14.33.59:626][  0]LogShaderLibrary: Display: ShaderCodeLibraryPakFileMountedCallback: PakFile 'C:/Program Files/Epic Games/UE_4.27/FeaturePacks/MobileStarterContent.upack' (chunk index -1, root 'root:/') mounted
[2025.03.18-14.33.59:626][  0]LogShaderLibrary: Display: ShaderCodeLibraryPakFileMountedCallback: pending pak file info (ChunkID:-1 Root:root:/ File:C:/Program Files/Epic Games/UE_4.27/FeaturePacks/MobileStarterContent.upack)
[2025.03.18-14.33.59:626][  0]LogPakFile: OnPakFileMounted2Time == 0.000064
[2025.03.18-14.33.59:638][  0]LogPakFile: PakFile PrimaryIndexSize=185
[2025.03.18-14.33.59:638][  0]LogPakFile: PakFile PathHashIndexSize=101
[2025.03.18-14.33.59:638][  0]LogPakFile: PakFile FullDirectoryIndexSize=148
[2025.03.18-14.33.59:638][  0]LogShaderLibrary: Display: ShaderCodeLibraryPakFileMountedCallback: PakFile 'C:/Program Files/Epic Games/UE_4.27/FeaturePacks/StarterContent.upack' (chunk index -1, root 'root:/') mounted
[2025.03.18-14.33.59:638][  0]LogShaderLibrary: Display: ShaderCodeLibraryPakFileMountedCallback: pending pak file info (ChunkID:-1 Root:root:/ File:C:/Program Files/Epic Games/UE_4.27/FeaturePacks/StarterContent.upack)
[2025.03.18-14.33.59:638][  0]LogPakFile: OnPakFileMounted2Time == 0.000060
[2025.03.18-14.33.59:651][  0]LogPakFile: PakFile PrimaryIndexSize=190
[2025.03.18-14.33.59:651][  0]LogPakFile: PakFile PathHashIndexSize=101
[2025.03.18-14.33.59:651][  0]LogPakFile: PakFile FullDirectoryIndexSize=154
[2025.03.18-14.33.59:651][  0]LogShaderLibrary: Display: ShaderCodeLibraryPakFileMountedCallback: PakFile 'C:/Program Files/Epic Games/UE_4.27/FeaturePacks/TP_2DSideScroller.upack' (chunk index -1, root 'root:/') mounted
[2025.03.18-14.33.59:651][  0]LogShaderLibrary: Display: ShaderCodeLibraryPakFileMountedCallback: pending pak file info (ChunkID:-1 Root:root:/ File:C:/Program Files/Epic Games/UE_4.27/FeaturePacks/TP_2DSideScroller.upack)
[2025.03.18-14.33.59:651][  0]LogPakFile: OnPakFileMounted2Time == 0.000088
[2025.03.18-14.33.59:664][  0]LogPakFile: PakFile PrimaryIndexSize=192
[2025.03.18-14.33.59:664][  0]LogPakFile: PakFile PathHashIndexSize=101
[2025.03.18-14.33.59:664][  0]LogPakFile: PakFile FullDirectoryIndexSize=158
[2025.03.18-14.33.59:664][  0]LogShaderLibrary: Display: ShaderCodeLibraryPakFileMountedCallback: PakFile 'C:/Program Files/Epic Games/UE_4.27/FeaturePacks/TP_2DSideScrollerBP.upack' (chunk index -1, root 'root:/') mounted
[2025.03.18-14.33.59:664][  0]LogShaderLibrary: Display: ShaderCodeLibraryPakFileMountedCallback: pending pak file info (ChunkID:-1 Root:root:/ File:C:/Program Files/Epic Games/UE_4.27/FeaturePacks/TP_2DSideScrollerBP.upack)
[2025.03.18-14.33.59:664][  0]LogPakFile: OnPakFileMounted2Time == 0.000054
[2025.03.18-14.33.59:676][  0]LogPakFile: PakFile PrimaryIndexSize=182
[2025.03.18-14.33.59:676][  0]LogPakFile: PakFile PathHashIndexSize=101
[2025.03.18-14.33.59:676][  0]LogPakFile: PakFile FullDirectoryIndexSize=138
[2025.03.18-14.33.59:676][  0]LogShaderLibrary: Display: ShaderCodeLibraryPakFileMountedCallback: PakFile 'C:/Program Files/Epic Games/UE_4.27/FeaturePacks/TP_Flying.upack' (chunk index -1, root 'root:/') mounted
[2025.03.18-14.33.59:676][  0]LogShaderLibrary: Display: ShaderCodeLibraryPakFileMountedCallback: pending pak file info (ChunkID:-1 Root:root:/ File:C:/Program Files/Epic Games/UE_4.27/FeaturePacks/TP_Flying.upack)
[2025.03.18-14.33.59:676][  0]LogPakFile: OnPakFileMounted2Time == 0.000055
[2025.03.18-14.33.59:688][  0]LogPakFile: PakFile PrimaryIndexSize=184
[2025.03.18-14.33.59:688][  0]LogPakFile: PakFile PathHashIndexSize=101
[2025.03.18-14.33.59:688][  0]LogPakFile: PakFile FullDirectoryIndexSize=142
[2025.03.18-14.33.59:688][  0]LogShaderLibrary: Display: ShaderCodeLibraryPakFileMountedCallback: PakFile 'C:/Program Files/Epic Games/UE_4.27/FeaturePacks/TP_FlyingBP.upack' (chunk index -1, root 'root:/') mounted
[2025.03.18-14.33.59:688][  0]LogShaderLibrary: Display: ShaderCodeLibraryPakFileMountedCallback: pending pak file info (ChunkID:-1 Root:root:/ File:C:/Program Files/Epic Games/UE_4.27/FeaturePacks/TP_FlyingBP.upack)
[2025.03.18-14.33.59:688][  0]LogPakFile: OnPakFileMounted2Time == 0.000053
[2025.03.18-14.33.59:702][  0]LogPakFile: PakFile PrimaryIndexSize=188
[2025.03.18-14.33.59:702][  0]LogPakFile: PakFile PathHashIndexSize=101
[2025.03.18-14.33.59:702][  0]LogPakFile: PakFile FullDirectoryIndexSize=150
[2025.03.18-14.33.59:702][  0]LogShaderLibrary: Display: ShaderCodeLibraryPakFileMountedCallback: PakFile 'C:/Program Files/Epic Games/UE_4.27/FeaturePacks/TP_HandheldARBP.upack' (chunk index -1, root 'root:/') mounted
[2025.03.18-14.33.59:702][  0]LogShaderLibrary: Display: ShaderCodeLibraryPakFileMountedCallback: pending pak file info (ChunkID:-1 Root:root:/ File:C:/Program Files/Epic Games/UE_4.27/FeaturePacks/TP_HandheldARBP.upack)
[2025.03.18-14.33.59:702][  0]LogPakFile: OnPakFileMounted2Time == 0.000060
[2025.03.18-14.33.59:715][  0]LogPakFile: PakFile PrimaryIndexSize=182
[2025.03.18-14.33.59:715][  0]LogPakFile: PakFile PathHashIndexSize=101
[2025.03.18-14.33.59:715][  0]LogPakFile: PakFile FullDirectoryIndexSize=138
[2025.03.18-14.33.59:715][  0]LogShaderLibrary: Display: ShaderCodeLibraryPakFileMountedCallback: PakFile 'C:/Program Files/Epic Games/UE_4.27/FeaturePacks/TP_Puzzle.upack' (chunk index -1, root 'root:/') mounted
[2025.03.18-14.33.59:715][  0]LogShaderLibrary: Display: ShaderCodeLibraryPakFileMountedCallback: pending pak file info (ChunkID:-1 Root:root:/ File:C:/Program Files/Epic Games/UE_4.27/FeaturePacks/TP_Puzzle.upack)
[2025.03.18-14.33.59:715][  0]LogPakFile: OnPakFileMounted2Time == 0.000055
[2025.03.18-14.33.59:727][  0]LogPakFile: PakFile PrimaryIndexSize=184
[2025.03.18-14.33.59:727][  0]LogPakFile: PakFile PathHashIndexSize=101
[2025.03.18-14.33.59:727][  0]LogPakFile: PakFile FullDirectoryIndexSize=142
[2025.03.18-14.33.59:727][  0]LogShaderLibrary: Display: ShaderCodeLibraryPakFileMountedCallback: PakFile 'C:/Program Files/Epic Games/UE_4.27/FeaturePacks/TP_PuzzleBP.upack' (chunk index -1, root 'root:/') mounted
[2025.03.18-14.33.59:727][  0]LogShaderLibrary: Display: ShaderCodeLibraryPakFileMountedCallback: pending pak file info (ChunkID:-1 Root:root:/ File:C:/Program Files/Epic Games/UE_4.27/FeaturePacks/TP_PuzzleBP.upack)
[2025.03.18-14.33.59:727][  0]LogPakFile: OnPakFileMounted2Time == 0.000053
[2025.03.18-14.33.59:738][  0]LogPakFile: PakFile PrimaryIndexSize=183
[2025.03.18-14.33.59:738][  0]LogPakFile: PakFile PathHashIndexSize=101
[2025.03.18-14.33.59:738][  0]LogPakFile: PakFile FullDirectoryIndexSize=140
[2025.03.18-14.33.59:738][  0]LogShaderLibrary: Display: ShaderCodeLibraryPakFileMountedCallback: PakFile 'C:/Program Files/Epic Games/UE_4.27/FeaturePacks/TP_Rolling.upack' (chunk index -1, root 'root:/') mounted
[2025.03.18-14.33.59:738][  0]LogShaderLibrary: Display: ShaderCodeLibraryPakFileMountedCallback: pending pak file info (ChunkID:-1 Root:root:/ File:C:/Program Files/Epic Games/UE_4.27/FeaturePacks/TP_Rolling.upack)
[2025.03.18-14.33.59:738][  0]LogPakFile: OnPakFileMounted2Time == 0.000054
[2025.03.18-14.33.59:749][  0]LogPakFile: PakFile PrimaryIndexSize=185
[2025.03.18-14.33.59:749][  0]LogPakFile: PakFile PathHashIndexSize=101
[2025.03.18-14.33.59:749][  0]LogPakFile: PakFile FullDirectoryIndexSize=144
[2025.03.18-14.33.59:750][  0]LogShaderLibrary: Display: ShaderCodeLibraryPakFileMountedCallback: PakFile 'C:/Program Files/Epic Games/UE_4.27/FeaturePacks/TP_RollingBP.upack' (chunk index -1, root 'root:/') mounted
[2025.03.18-14.33.59:750][  0]LogShaderLibrary: Display: ShaderCodeLibraryPakFileMountedCallback: pending pak file info (ChunkID:-1 Root:root:/ File:C:/Program Files/Epic Games/UE_4.27/FeaturePacks/TP_RollingBP.upack)
[2025.03.18-14.33.59:750][  0]LogPakFile: OnPakFileMounted2Time == 0.000061
[2025.03.18-14.33.59:760][  0]LogPakFile: PakFile PrimaryIndexSize=188
[2025.03.18-14.33.59:760][  0]LogPakFile: PakFile PathHashIndexSize=101
[2025.03.18-14.33.59:760][  0]LogPakFile: PakFile FullDirectoryIndexSize=150
[2025.03.18-14.33.59:760][  0]LogShaderLibrary: Display: ShaderCodeLibraryPakFileMountedCallback: PakFile 'C:/Program Files/Epic Games/UE_4.27/FeaturePacks/TP_SideScroller.upack' (chunk index -1, root 'root:/') mounted
[2025.03.18-14.33.59:760][  0]LogShaderLibrary: Display: ShaderCodeLibraryPakFileMountedCallback: pending pak file info (ChunkID:-1 Root:root:/ File:C:/Program Files/Epic Games/UE_4.27/FeaturePacks/TP_SideScroller.upack)
[2025.03.18-14.33.59:760][  0]LogPakFile: OnPakFileMounted2Time == 0.000057
[2025.03.18-14.33.59:771][  0]LogPakFile: PakFile PrimaryIndexSize=190
[2025.03.18-14.33.59:771][  0]LogPakFile: PakFile PathHashIndexSize=101
[2025.03.18-14.33.59:771][  0]LogPakFile: PakFile FullDirectoryIndexSize=154
[2025.03.18-14.33.59:771][  0]LogShaderLibrary: Display: ShaderCodeLibraryPakFileMountedCallback: PakFile 'C:/Program Files/Epic Games/UE_4.27/FeaturePacks/TP_SideScrollerBP.upack' (chunk index -1, root 'root:/') mounted
[2025.03.18-14.33.59:771][  0]LogShaderLibrary: Display: ShaderCodeLibraryPakFileMountedCallback: pending pak file info (ChunkID:-1 Root:root:/ File:C:/Program Files/Epic Games/UE_4.27/FeaturePacks/TP_SideScrollerBP.upack)
[2025.03.18-14.33.59:771][  0]LogPakFile: OnPakFileMounted2Time == 0.000061
[2025.03.18-14.33.59:784][  0]LogPakFile: PakFile PrimaryIndexSize=187
[2025.03.18-14.33.59:784][  0]LogPakFile: PakFile PathHashIndexSize=101
[2025.03.18-14.33.59:784][  0]LogPakFile: PakFile FullDirectoryIndexSize=148
[2025.03.18-14.33.59:784][  0]LogShaderLibrary: Display: ShaderCodeLibraryPakFileMountedCallback: PakFile 'C:/Program Files/Epic Games/UE_4.27/FeaturePacks/TP_ThirdPerson.upack' (chunk index -1, root 'root:/') mounted
[2025.03.18-14.33.59:784][  0]LogShaderLibrary: Display: ShaderCodeLibraryPakFileMountedCallback: pending pak file info (ChunkID:-1 Root:root:/ File:C:/Program Files/Epic Games/UE_4.27/FeaturePacks/TP_ThirdPerson.upack)
[2025.03.18-14.33.59:784][  0]LogPakFile: OnPakFileMounted2Time == 0.000053
[2025.03.18-14.33.59:795][  0]LogPakFile: PakFile PrimaryIndexSize=189
[2025.03.18-14.33.59:795][  0]LogPakFile: PakFile PathHashIndexSize=101
[2025.03.18-14.33.59:795][  0]LogPakFile: PakFile FullDirectoryIndexSize=152
[2025.03.18-14.33.59:795][  0]LogShaderLibrary: Display: ShaderCodeLibraryPakFileMountedCallback: PakFile 'C:/Program Files/Epic Games/UE_4.27/FeaturePacks/TP_ThirdPersonBP.upack' (chunk index -1, root 'root:/') mounted
[2025.03.18-14.33.59:795][  0]LogShaderLibrary: Display: ShaderCodeLibraryPakFileMountedCallback: pending pak file info (ChunkID:-1 Root:root:/ File:C:/Program Files/Epic Games/UE_4.27/FeaturePacks/TP_ThirdPersonBP.upack)
[2025.03.18-14.33.59:795][  0]LogPakFile: OnPakFileMounted2Time == 0.000077
[2025.03.18-14.33.59:809][  0]LogPakFile: PakFile PrimaryIndexSize=183
[2025.03.18-14.33.59:809][  0]LogPakFile: PakFile PathHashIndexSize=101
[2025.03.18-14.33.59:809][  0]LogPakFile: PakFile FullDirectoryIndexSize=140
[2025.03.18-14.33.59:809][  0]LogShaderLibrary: Display: ShaderCodeLibraryPakFileMountedCallback: PakFile 'C:/Program Files/Epic Games/UE_4.27/FeaturePacks/TP_TopDown.upack' (chunk index -1, root 'root:/') mounted
[2025.03.18-14.33.59:809][  0]LogShaderLibrary: Display: ShaderCodeLibraryPakFileMountedCallback: pending pak file info (ChunkID:-1 Root:root:/ File:C:/Program Files/Epic Games/UE_4.27/FeaturePacks/TP_TopDown.upack)
[2025.03.18-14.33.59:809][  0]LogPakFile: OnPakFileMounted2Time == 0.000067
[2025.03.18-14.33.59:824][  0]LogPakFile: PakFile PrimaryIndexSize=185
[2025.03.18-14.33.59:824][  0]LogPakFile: PakFile PathHashIndexSize=101
[2025.03.18-14.33.59:824][  0]LogPakFile: PakFile FullDirectoryIndexSize=144
[2025.03.18-14.33.59:824][  0]LogShaderLibrary: Display: ShaderCodeLibraryPakFileMountedCallback: PakFile 'C:/Program Files/Epic Games/UE_4.27/FeaturePacks/TP_TopDownBP.upack' (chunk index -1, root 'root:/') mounted
[2025.03.18-14.33.59:824][  0]LogShaderLibrary: Display: ShaderCodeLibraryPakFileMountedCallback: pending pak file info (ChunkID:-1 Root:root:/ File:C:/Program Files/Epic Games/UE_4.27/FeaturePacks/TP_TopDownBP.upack)
[2025.03.18-14.33.59:824][  0]LogPakFile: OnPakFileMounted2Time == 0.000083
[2025.03.18-14.33.59:852][  0]LogPakFile: PakFile PrimaryIndexSize=185
[2025.03.18-14.33.59:852][  0]LogPakFile: PakFile PathHashIndexSize=101
[2025.03.18-14.33.59:852][  0]LogPakFile: PakFile FullDirectoryIndexSize=144
[2025.03.18-14.33.59:852][  0]LogShaderLibrary: Display: ShaderCodeLibraryPakFileMountedCallback: PakFile 'C:/Program Files/Epic Games/UE_4.27/FeaturePacks/TP_TwinStick.upack' (chunk index -1, root 'root:/') mounted
[2025.03.18-14.33.59:852][  0]LogShaderLibrary: Display: ShaderCodeLibraryPakFileMountedCallback: pending pak file info (ChunkID:-1 Root:root:/ File:C:/Program Files/Epic Games/UE_4.27/FeaturePacks/TP_TwinStick.upack)
[2025.03.18-14.33.59:852][  0]LogPakFile: OnPakFileMounted2Time == 0.000199
[2025.03.18-14.33.59:873][  0]LogPakFile: PakFile PrimaryIndexSize=187
[2025.03.18-14.33.59:873][  0]LogPakFile: PakFile PathHashIndexSize=101
[2025.03.18-14.33.59:873][  0]LogPakFile: PakFile FullDirectoryIndexSize=148
[2025.03.18-14.33.59:873][  0]LogShaderLibrary: Display: ShaderCodeLibraryPakFileMountedCallback: PakFile 'C:/Program Files/Epic Games/UE_4.27/FeaturePacks/TP_TwinStickBP.upack' (chunk index -1, root 'root:/') mounted
[2025.03.18-14.33.59:873][  0]LogShaderLibrary: Display: ShaderCodeLibraryPakFileMountedCallback: pending pak file info (ChunkID:-1 Root:root:/ File:C:/Program Files/Epic Games/UE_4.27/FeaturePacks/TP_TwinStickBP.upack)
[2025.03.18-14.33.59:873][  0]LogPakFile: OnPakFileMounted2Time == 0.000045
[2025.03.18-14.33.59:905][  0]LogPakFile: PakFile PrimaryIndexSize=183
[2025.03.18-14.33.59:905][  0]LogPakFile: PakFile PathHashIndexSize=101
[2025.03.18-14.33.59:905][  0]LogPakFile: PakFile FullDirectoryIndexSize=140
[2025.03.18-14.33.59:905][  0]LogShaderLibrary: Display: ShaderCodeLibraryPakFileMountedCallback: PakFile 'C:/Program Files/Epic Games/UE_4.27/FeaturePacks/TP_Vehicle.upack' (chunk index -1, root 'root:/') mounted
[2025.03.18-14.33.59:905][  0]LogShaderLibrary: Display: ShaderCodeLibraryPakFileMountedCallback: pending pak file info (ChunkID:-1 Root:root:/ File:C:/Program Files/Epic Games/UE_4.27/FeaturePacks/TP_Vehicle.upack)
[2025.03.18-14.33.59:905][  0]LogPakFile: OnPakFileMounted2Time == 0.000044
[2025.03.18-14.33.59:924][  0]LogPakFile: PakFile PrimaryIndexSize=186
[2025.03.18-14.33.59:924][  0]LogPakFile: PakFile PathHashIndexSize=101
[2025.03.18-14.33.59:924][  0]LogPakFile: PakFile FullDirectoryIndexSize=146
[2025.03.18-14.33.59:924][  0]LogShaderLibrary: Display: ShaderCodeLibraryPakFileMountedCallback: PakFile 'C:/Program Files/Epic Games/UE_4.27/FeaturePacks/TP_VehicleAdv.upack' (chunk index -1, root 'root:/') mounted
[2025.03.18-14.33.59:924][  0]LogShaderLibrary: Display: ShaderCodeLibraryPakFileMountedCallback: pending pak file info (ChunkID:-1 Root:root:/ File:C:/Program Files/Epic Games/UE_4.27/FeaturePacks/TP_VehicleAdv.upack)
[2025.03.18-14.33.59:924][  0]LogPakFile: OnPakFileMounted2Time == 0.000104
[2025.03.18-14.33.59:934][  0]LogPakFile: PakFile PrimaryIndexSize=188
[2025.03.18-14.33.59:934][  0]LogPakFile: PakFile PathHashIndexSize=101
[2025.03.18-14.33.59:934][  0]LogPakFile: PakFile FullDirectoryIndexSize=150
[2025.03.18-14.33.59:934][  0]LogShaderLibrary: Display: ShaderCodeLibraryPakFileMountedCallback: PakFile 'C:/Program Files/Epic Games/UE_4.27/FeaturePacks/TP_VehicleAdvBP.upack' (chunk index -1, root 'root:/') mounted
[2025.03.18-14.33.59:934][  0]LogShaderLibrary: Display: ShaderCodeLibraryPakFileMountedCallback: pending pak file info (ChunkID:-1 Root:root:/ File:C:/Program Files/Epic Games/UE_4.27/FeaturePacks/TP_VehicleAdvBP.upack)
[2025.03.18-14.33.59:934][  0]LogPakFile: OnPakFileMounted2Time == 0.000054
[2025.03.18-14.33.59:945][  0]LogPakFile: PakFile PrimaryIndexSize=185
[2025.03.18-14.33.59:945][  0]LogPakFile: PakFile PathHashIndexSize=101
[2025.03.18-14.33.59:945][  0]LogPakFile: PakFile FullDirectoryIndexSize=144
[2025.03.18-14.33.59:945][  0]LogShaderLibrary: Display: ShaderCodeLibraryPakFileMountedCallback: PakFile 'C:/Program Files/Epic Games/UE_4.27/FeaturePacks/TP_VehicleBP.upack' (chunk index -1, root 'root:/') mounted
[2025.03.18-14.33.59:945][  0]LogShaderLibrary: Display: ShaderCodeLibraryPakFileMountedCallback: pending pak file info (ChunkID:-1 Root:root:/ File:C:/Program Files/Epic Games/UE_4.27/FeaturePacks/TP_VehicleBP.upack)
[2025.03.18-14.33.59:945][  0]LogPakFile: OnPakFileMounted2Time == 0.000053
[2025.03.18-14.33.59:954][  0]LogPakFile: PakFile PrimaryIndexSize=192
[2025.03.18-14.33.59:954][  0]LogPakFile: PakFile PathHashIndexSize=101
[2025.03.18-14.33.59:954][  0]LogPakFile: PakFile FullDirectoryIndexSize=158
[2025.03.18-14.33.59:954][  0]LogShaderLibrary: Display: ShaderCodeLibraryPakFileMountedCallback: PakFile 'C:/Program Files/Epic Games/UE_4.27/FeaturePacks/TP_VirtualRealityBP.upack' (chunk index -1, root 'root:/') mounted
[2025.03.18-14.33.59:954][  0]LogShaderLibrary: Display: ShaderCodeLibraryPakFileMountedCallback: pending pak file info (ChunkID:-1 Root:root:/ File:C:/Program Files/Epic Games/UE_4.27/FeaturePacks/TP_VirtualRealityBP.upack)
[2025.03.18-14.33.59:954][  0]LogPakFile: OnPakFileMounted2Time == 0.000054
[2025.03.18-14.34.00:294][  0]LogNativeClassHierarchy: Verbose: Native class hierarchy updated for 'AddContentDialog' in 0.0003 seconds. Added 0 classes and 0 folders.
[2025.03.18-14.34.00:299][  0]LogNativeClassHierarchy: Verbose: Native class hierarchy updated for 'SceneOutliner' in 0.0003 seconds. Added 2 classes and 0 folders.
[2025.03.18-14.34.00:454][  0]LogSlate: Took 0.000294 seconds to synchronously load lazily loaded font '../../../Engine/Content/Slate/Fonts/Roboto-Regular.ttf' (155K)
[2025.03.18-14.34.00:465][  0]LogSlate: Took 0.010024 seconds to synchronously load lazily loaded font '../../../Engine/Content/Editor/Slate/Fonts/FontAwesome.ttf' (139K)
[2025.03.18-14.34.00:466][  0]LogSlate: Took 0.000234 seconds to synchronously load lazily loaded font '../../../Engine/Content/Slate/Fonts/Roboto-Bold.ttf' (160K)
[2025.03.18-14.34.00:826][  0]LogRenderer: Reallocating scene render targets to support 964x428 Format 10 NumSamples 1 (Frame:1).
[2025.03.18-14.34.01:072][  0]LogSlate: Took 0.032355 seconds to synchronously load lazily loaded font '../../../Engine/Content/Slate/Fonts/Roboto-Light.ttf' (167K)
[2025.03.18-14.34.02:380][  0]LogNativeClassHierarchy: Verbose: Native class hierarchy updated for 'HierarchicalLODOutliner' in 0.0006 seconds. Added 0 classes and 0 folders.
[2025.03.18-14.34.02:380][  0]LogInput: Warning: Action Jump uses invalid key OculusGo_Left_Trigger_Click.
[2025.03.18-14.34.02:380][  0]LogInput: Warning: Action ResetVR uses invalid key OculusGo_Left_Trackpad_Click.
[2025.03.18-14.34.02:380][  0]LogInput: Warning: Use -RemoveInvalidKeys to remove instances of these keys from the action mapping.
[2025.03.18-14.34.02:380][  0]LogLoad: (Engine Initialization) Total time: 20.08 seconds
[2025.03.18-14.34.02:380][  0]LogLoad: (Engine Initialization) Total Blueprint compile time: 0.00 seconds
[2025.03.18-14.34.02:475][  0]LogContentStreaming: Texture pool size now 1000 MB
[2025.03.18-14.34.02:678][  0]LogSlate: Took 0.028300 seconds to synchronously load lazily loaded font '../../../Engine/Content/Slate/Fonts/DroidSansMono.ttf' (77K)
[2025.03.18-14.34.02:861][  2]LogAssetRegistry: Asset discovery search completed in 12.1972 seconds
[2025.03.18-14.34.02:885][  2]LogCollectionManager: Fixed up redirectors for 0 collections in 0.000009 seconds (updated 0 objects)
[2025.03.18-14.37.12:337][155]LogSlate: Window 'Message Log' being destroyed
[2025.03.18-14.37.12:346][155]LogSlate: Window 'Message Log' being destroyed
[2025.03.18-14.37.14:540][269]LogVSAccessor: Warning: Couldn't access Visual Studio
[2025.03.18-14.37.14:609][269]Candidate modules for hot reload:
[2025.03.18-14.37.14:609][269]  DungeonDash
[2025.03.18-14.37.14:609][269]Launching UnrealBuildTool... [C:/Program Files/Epic Games/UE_4.27/Engine/Binaries/DotNET/UnrealBuildTool.exe  -ModuleWithSuffix=DungeonDash,4383 DungeonDashEditor Win64 Development -Project="C:/Users/Ido Isaac/Desktop/Web Game Programming/Wk 1/COMP217GroupProject/DungeonDash/DungeonDash.uproject" "C:/Users/Ido Isaac/Desktop/Web Game Programming/Wk 1/COMP217GroupProject/DungeonDash/DungeonDash.uproject"  -IgnoreJunk]
[2025.03.18-14.37.14:620][269]Warning: Starting HotReload took  0.1s.
[2025.03.18-14.37.34:396][148]CompilerResultsLog: New page: Compilation - Mar. 18, 2025, 6:37:34 a.m.
[2025.03.18-14.37.34:396][148]CompilerResultsLog: Using 'git status' to determine working set for adaptive non-unity build (C:\Users\Ido Isaac\Desktop\Web Game Programming\Wk 1\COMP217GroupProject).
[2025.03.18-14.37.34:396][148]CompilerResultsLog: Building DungeonDashEditor...
[2025.03.18-14.37.34:396][148]CompilerResultsLog: Using Visual Studio 2019 14.29.30154 toolchain (C:\Program Files (x86)\Microsoft Visual Studio\2019\BuildTools\VC\Tools\MSVC\14.29.30133) and Windows 10.0.22621.0 SDK (C:\Program Files (x86)\Windows Kits\10).
[2025.03.18-14.37.34:396][148]CompilerResultsLog: Building 3 actions with 16 processes...
[2025.03.18-14.37.34:396][148]CompilerResultsLog:   [1/3] UE4Editor-DungeonDash-4383.lib
[2025.03.18-14.37.34:396][148]CompilerResultsLog:      Creating library C:\Users\Ido Isaac\Desktop\Web Game Programming\Wk 1\COMP217GroupProject\DungeonDash\Intermediate\Build\Win64\UE4Editor\Development\DungeonDash\UE4Editor-DungeonDash-4383.lib and object C:\Users\Ido Isaac\Desktop\Web Game Programming\Wk 1\COMP217GroupProject\DungeonDash\Intermediate\Build\Win64\UE4Editor\Development\DungeonDash\UE4Editor-DungeonDash-4383.exp
[2025.03.18-14.37.34:396][148]CompilerResultsLog:   [2/3] UE4Editor-DungeonDash-4383.dll
[2025.03.18-14.37.34:396][148]CompilerResultsLog:      Creating library C:\Users\Ido Isaac\Desktop\Web Game Programming\Wk 1\COMP217GroupProject\DungeonDash\Intermediate\Build\Win64\UE4Editor\Development\DungeonDash\UE4Editor-DungeonDash-4383.suppressed.lib and object C:\Users\Ido Isaac\Desktop\Web Game Programming\Wk 1\COMP217GroupProject\DungeonDash\Intermediate\Build\Win64\UE4Editor\Development\DungeonDash\UE4Editor-DungeonDash-4383.suppressed.exp
[2025.03.18-14.37.34:396][148]CompilerResultsLog:   [3/3] DungeonDashEditor.target
[2025.03.18-14.37.34:396][148]CompilerResultsLog: Total time in Parallel executor: 13.99 seconds
[2025.03.18-14.37.34:396][148]CompilerResultsLog: Total execution time: 19.14 seconds
[2025.03.18-14.37.34:397][148]LogMainFrame: MainFrame: Module compiling took 19.858 seconds
[2025.03.18-14.37.34:655][148]LogNativeClassHierarchy: Verbose: Native class hierarchy updated for 'DungeonDash' in 0.0009 seconds. Added 2 classes and 2 folders.
[2025.03.18-14.37.34:661][148]Display: HotReload successful (0 functions remapped  0 scriptstructs remapped)
[2025.03.18-14.37.34:845][148]LogNativeClassHierarchy: Verbose: Native class hierarchy populated in 0.0240 seconds. Added 3824 classes and 930 folders.
[2025.03.18-14.37.34:847][148]Display: HotReload took 20.3s.
[2025.03.18-14.37.52:166][775]LogTemp: Repeating last play command: Selected Viewport
[2025.03.18-14.37.52:177][775]LogPlayLevel: PlayLevel: No blueprints needed recompiling
[2025.03.18-14.37.52:177][775]PIE: New page: PIE session: ThirdPersonExampleMap (Mar. 18, 2025, 6:37:52 a.m.)
[2025.03.18-14.37.52:186][775]LogOnline: OSS: Creating online subsystem instance for: NULL
[2025.03.18-14.37.52:189][775]LogOnline: OSS: TryLoadSubsystemAndSetDefault: Loaded subsystem for module [NULL]
[2025.03.18-14.37.52:190][775]LogPlayLevel: Creating play world package: /Game/ThirdPersonCPP/Maps/UEDPIE_0_ThirdPersonExampleMap
[2025.03.18-14.37.52:212][775]LogPlayLevel: PIE: StaticDuplicateObject took: (0.020995s)
[2025.03.18-14.37.52:214][775]LogAIModule: Creating AISystem for world ThirdPersonExampleMap
[2025.03.18-14.37.52:215][775]LogPlayLevel: PIE: World Init took: (0.002874s)
[2025.03.18-14.37.52:216][775]LogPlayLevel: PIE: Created PIE world by copying editor world from /Game/ThirdPersonCPP/Maps/ThirdPersonExampleMap.ThirdPersonExampleMap to /Game/ThirdPersonCPP/Maps/UEDPIE_0_ThirdPersonExampleMap.ThirdPersonExampleMap (0.024957s)
[2025.03.18-14.37.52:223][775]LogUObjectHash: Compacting FUObjectHashTables data took   0.50ms
[2025.03.18-14.37.52:227][775]LogAudio: Display: Creating Audio Device:                 Id: 2, Scope: Unique, Realtime: True
[2025.03.18-14.37.52:227][775]LogAudioMixer: Display: Audio Mixer Platform Settings:
[2025.03.18-14.37.52:227][775]LogAudioMixer: Display: 	Sample Rate:						  48000
[2025.03.18-14.37.52:227][775]LogAudioMixer: Display: 	Callback Buffer Frame Size Requested: 1024
[2025.03.18-14.37.52:227][775]LogAudioMixer: Display: 	Callback Buffer Frame Size To Use:	  1024
[2025.03.18-14.37.52:227][775]LogAudioMixer: Display: 	Number of buffers to queue:			  2
[2025.03.18-14.37.52:227][775]LogAudioMixer: Display: 	Max Channels (voices):				  32
[2025.03.18-14.37.52:227][775]LogAudioMixer: Display: 	Number of Async Source Workers:		  0
[2025.03.18-14.37.52:227][775]LogAudio: Display: AudioDevice MaxSources: 32
[2025.03.18-14.37.52:227][775]LogAudio: Display: Audio Spatialization Plugin: None (built-in).
[2025.03.18-14.37.52:227][775]LogAudio: Display: Audio Reverb Plugin: None (built-in).
[2025.03.18-14.37.52:227][775]LogAudio: Display: Audio Occlusion Plugin: None (built-in).
[2025.03.18-14.37.52:227][775]LogAudioMixer: Display: Initializing audio mixer.
[2025.03.18-14.37.52:231][775]LogAudioMixer: Display: 0: FrontLeft
[2025.03.18-14.37.52:231][775]LogAudioMixer: Display: 1: FrontRight
[2025.03.18-14.37.52:309][775]LogAudioMixer: Display: Using Audio Device Speakers (Realtek(R) Audio)
[2025.03.18-14.37.52:309][775]LogAudioMixer: Display: Initializing Sound Submixes...
[2025.03.18-14.37.52:309][775]LogAudioMixer: Display: Creating Master Submix 'MasterSubmixDefault'
[2025.03.18-14.37.52:309][775]LogAudioMixer: Display: Creating Master Submix 'MasterReverbSubmixDefault'
[2025.03.18-14.37.52:310][775]LogAudioMixer: Display: Creating Master Submix 'MasterEQSubmixDefault'
[2025.03.18-14.37.52:310][775]LogAudioMixer: FMixerPlatformXAudio2::StartAudioStream() called
[2025.03.18-14.37.52:310][775]LogAudioMixer: Display: Output buffers initialized: Frames=1024, Channels=2, Samples=2048
[2025.03.18-14.37.52:311][775]LogAudioMixer: Display: Starting AudioMixerPlatformInterface::RunInternal()
[2025.03.18-14.37.52:311][775]LogAudioMixer: Display: FMixerPlatformXAudio2::SubmitBuffer() called for the first time
[2025.03.18-14.37.52:311][775]LogInit: FAudioDevice initialized.
[2025.03.18-14.37.52:311][775]LogAudio: Display: Audio Device (ID: 2) registered with world 'ThirdPersonExampleMap'.
[2025.03.18-14.37.52:322][775]LogLoad: Game class is 'DungeonDashGameMode'
[2025.03.18-14.37.52:333][775]LogWorld: Bringing World /Game/ThirdPersonCPP/Maps/UEDPIE_0_ThirdPersonExampleMap.ThirdPersonExampleMap up for play (max tick rate 60) at 2025.03.18-10.37.52
[2025.03.18-14.37.52:336][775]LogWorld: Bringing up level for play took: 0.005323
[2025.03.18-14.37.52:337][775]LogOnline: OSS: Creating online subsystem instance for: :Context_1
[2025.03.18-14.37.52:383][775]LogNativeClassHierarchy: Verbose: Native class hierarchy updated for 'MovieSceneCapture' in 0.0003 seconds. Added 20 classes and 0 folders.
[2025.03.18-14.37.52:387][775]PIE: Server logged in
[2025.03.18-14.37.52:389][775]PIE: Play in editor total start time 0.218 seconds.
[2025.03.18-14.38.08:738][748]LogSlate: Updating window title bar state: overlay mode, drag disabled, window buttons hidden, title bar hidden
[2025.03.18-14.38.08:738][748]LogWorld: BeginTearingDown for /Game/ThirdPersonCPP/Maps/UEDPIE_0_ThirdPersonExampleMap
[2025.03.18-14.38.08:742][748]LogWorld: UWorld::CleanupWorld for ThirdPersonExampleMap, bSessionEnded=true, bCleanupResources=true
[2025.03.18-14.38.08:745][748]LogSlate: InvalidateAllWidgets triggered.  All widgets were invalidated
[2025.03.18-14.38.08:757][748]LogPlayLevel: Display: Shutting down PIE online subsystems
[2025.03.18-14.38.08:759][748]LogSlate: InvalidateAllWidgets triggered.  All widgets were invalidated
[2025.03.18-14.38.08:770][748]LogAudio: Display: Audio Device unregistered from world 'None'.
[2025.03.18-14.38.08:774][748]LogAudioMixer: FMixerPlatformXAudio2::StopAudioStream() called
[2025.03.18-14.38.08:777][748]LogAudioMixer: FMixerPlatformXAudio2::StopAudioStream() called
[2025.03.18-14.38.08:780][748]LogSlate: Updating window title bar state: overlay mode, drag disabled, window buttons hidden, title bar hidden
[2025.03.18-14.38.08:789][748]LogUObjectHash: Compacting FUObjectHashTables data took   0.63ms
[2025.03.18-14.38.08:825][750]LogPlayLevel: Display: Destroying online subsystem :Context_1
[2025.03.18-14.40.12:726][115]LogTemp: Repeating last play command: Selected Viewport
[2025.03.18-14.40.12:732][115]LogPlayLevel: PlayLevel: No blueprints needed recompiling
[2025.03.18-14.40.12:732][115]PIE: New page: PIE session: ThirdPersonExampleMap (Mar. 18, 2025, 6:40:12 a.m.)
[2025.03.18-14.40.12:732][115]LogPlayLevel: Creating play world package: /Game/ThirdPersonCPP/Maps/UEDPIE_0_ThirdPersonExampleMap
[2025.03.18-14.40.12:744][115]LogPlayLevel: PIE: StaticDuplicateObject took: (0.012129s)
[2025.03.18-14.40.12:745][115]LogAIModule: Creating AISystem for world ThirdPersonExampleMap
[2025.03.18-14.40.12:746][115]LogPlayLevel: PIE: World Init took: (0.001942s)
[2025.03.18-14.40.12:746][115]LogPlayLevel: PIE: Created PIE world by copying editor world from /Game/ThirdPersonCPP/Maps/ThirdPersonExampleMap.ThirdPersonExampleMap to /Game/ThirdPersonCPP/Maps/UEDPIE_0_ThirdPersonExampleMap.ThirdPersonExampleMap (0.014225s)
[2025.03.18-14.40.12:753][115]LogUObjectHash: Compacting FUObjectHashTables data took   0.86ms
[2025.03.18-14.40.12:754][115]LogAudio: Display: Creating Audio Device:                 Id: 3, Scope: Unique, Realtime: True
[2025.03.18-14.40.12:755][115]LogAudioMixer: Display: Audio Mixer Platform Settings:
[2025.03.18-14.40.12:755][115]LogAudioMixer: Display: 	Sample Rate:						  48000
[2025.03.18-14.40.12:755][115]LogAudioMixer: Display: 	Callback Buffer Frame Size Requested: 1024
[2025.03.18-14.40.12:755][115]LogAudioMixer: Display: 	Callback Buffer Frame Size To Use:	  1024
[2025.03.18-14.40.12:755][115]LogAudioMixer: Display: 	Number of buffers to queue:			  2
[2025.03.18-14.40.12:755][115]LogAudioMixer: Display: 	Max Channels (voices):				  32
[2025.03.18-14.40.12:755][115]LogAudioMixer: Display: 	Number of Async Source Workers:		  0
[2025.03.18-14.40.12:755][115]LogAudio: Display: AudioDevice MaxSources: 32
[2025.03.18-14.40.12:755][115]LogAudio: Display: Audio Spatialization Plugin: None (built-in).
[2025.03.18-14.40.12:755][115]LogAudio: Display: Audio Reverb Plugin: None (built-in).
[2025.03.18-14.40.12:755][115]LogAudio: Display: Audio Occlusion Plugin: None (built-in).
[2025.03.18-14.40.12:755][115]LogAudioMixer: Display: Initializing audio mixer.
[2025.03.18-14.40.12:763][115]LogAudioMixer: Display: 0: FrontLeft
[2025.03.18-14.40.12:763][115]LogAudioMixer: Display: 1: FrontRight
[2025.03.18-14.40.12:885][115]LogAudioMixer: Display: Using Audio Device Speakers (Realtek(R) Audio)
[2025.03.18-14.40.12:886][115]LogAudioMixer: Display: Initializing Sound Submixes...
[2025.03.18-14.40.12:886][115]LogAudioMixer: Display: Creating Master Submix 'MasterSubmixDefault'
[2025.03.18-14.40.12:886][115]LogAudioMixer: Display: Creating Master Submix 'MasterReverbSubmixDefault'
[2025.03.18-14.40.12:887][115]LogAudioMixer: Display: Creating Master Submix 'MasterEQSubmixDefault'
[2025.03.18-14.40.12:887][115]LogAudioMixer: FMixerPlatformXAudio2::StartAudioStream() called
[2025.03.18-14.40.12:887][115]LogAudioMixer: Display: Output buffers initialized: Frames=1024, Channels=2, Samples=2048
[2025.03.18-14.40.12:888][115]LogAudioMixer: Display: Starting AudioMixerPlatformInterface::RunInternal()
[2025.03.18-14.40.12:888][115]LogAudioMixer: Display: FMixerPlatformXAudio2::SubmitBuffer() called for the first time
[2025.03.18-14.40.12:888][115]LogInit: FAudioDevice initialized.
[2025.03.18-14.40.12:888][115]LogAudio: Display: Audio Device (ID: 3) registered with world 'ThirdPersonExampleMap'.
[2025.03.18-14.40.12:895][115]LogLoad: Game class is 'DungeonDashGameMode'
[2025.03.18-14.40.12:898][115]LogWorld: Bringing World /Game/ThirdPersonCPP/Maps/UEDPIE_0_ThirdPersonExampleMap.ThirdPersonExampleMap up for play (max tick rate 60) at 2025.03.18-10.40.12
[2025.03.18-14.40.12:898][115]LogWorld: Bringing up level for play took: 0.001996
[2025.03.18-14.40.12:898][115]LogOnline: OSS: Creating online subsystem instance for: :Context_5
[2025.03.18-14.40.12:900][115]PIE: Server logged in
[2025.03.18-14.40.12:901][115]PIE: Play in editor total start time 0.171 seconds.
[2025.03.18-14.40.28:549][ 50]LogSlate: Updating window title bar state: overlay mode, drag disabled, window buttons hidden, title bar hidden
[2025.03.18-14.40.28:549][ 50]LogWorld: BeginTearingDown for /Game/ThirdPersonCPP/Maps/UEDPIE_0_ThirdPersonExampleMap
[2025.03.18-14.40.28:549][ 50]LogWorld: UWorld::CleanupWorld for ThirdPersonExampleMap, bSessionEnded=true, bCleanupResources=true
[2025.03.18-14.40.28:549][ 50]LogSlate: InvalidateAllWidgets triggered.  All widgets were invalidated
[2025.03.18-14.40.28:555][ 50]LogPlayLevel: Display: Shutting down PIE online subsystems
[2025.03.18-14.40.28:600][ 50]LogSlate: InvalidateAllWidgets triggered.  All widgets were invalidated
[2025.03.18-14.40.28:605][ 50]LogAudio: Display: Audio Device unregistered from world 'None'.
[2025.03.18-14.40.28:605][ 50]LogAudioMixer: FMixerPlatformXAudio2::StopAudioStream() called
[2025.03.18-14.40.28:606][ 50]LogAudioMixer: FMixerPlatformXAudio2::StopAudioStream() called
[2025.03.18-14.40.28:608][ 50]LogSlate: Updating window title bar state: overlay mode, drag disabled, window buttons hidden, title bar hidden
[2025.03.18-14.40.28:609][ 50]LogUObjectHash: Compacting FUObjectHashTables data took   0.49ms
[2025.03.18-14.40.28:649][ 51]LogPlayLevel: Display: Destroying online subsystem :Context_5
[2025.03.18-14.41.48:403][828]LogSlate: Took 0.000236 seconds to synchronously load lazily loaded font '../../../Engine/Content/Slate/Fonts/Roboto-Light.ttf' (167K)
[2025.03.18-14.41.48:415][828]LogAssetEditorSubsystem: Opening Asset editor for Blueprint /Game/ThirdPersonCPP/Blueprints/ThirdPersonCharacter.ThirdPersonCharacter
[2025.03.18-14.41.49:211][828]LogNativeClassHierarchy: Verbose: Native class hierarchy updated for 'BlueprintGraph' in 0.0005 seconds. Added 126 classes and 0 folders.
[2025.03.18-14.42.06:257][790]LogSlate: Window 'ThirdPersonCharacter' being destroyed
[2025.03.18-14.42.06:267][790]LogSlate: Window 'ThirdPersonCharacter' being destroyed
[2025.03.18-14.42.06:271][790]LogWorld: UWorld::CleanupWorld for World_3, bSessionEnded=true, bCleanupResources=true
[2025.03.18-14.42.06:271][790]LogSlate: InvalidateAllWidgets triggered.  All widgets were invalidated
[2025.03.18-14.42.08:061][892]LogAssetEditorSubsystem: Opening Asset editor for Blueprint /Game/ThirdPersonCPP/Blueprints/ThirdPersonCharacter.ThirdPersonCharacter
[2025.03.18-14.42.08:367][892]LogTabManager: Warning: Unable to insert tab 'Document'.
[2025.03.18-14.42.08:367][892]LogTabManager: Warning: Cannot spawn tab because no spawner is registered for 'Document'
[2025.03.18-14.42.08:389][892]LogSlate: The tab "Document" attempted to spawn in layout 'Standalone_BlueprintDefaults_Layout_v6' but failed for some reason. An "unrecognized tab" will be returned instead.
[2025.03.18-14.42.08:416][892]LogSlate: Took 0.000276 seconds to synchronously load lazily loaded font '../../../Engine/Content/Slate/Fonts/Roboto-BoldCondensed.ttf' (158K)
[2025.03.18-14.42.14:788][250]LogSlate: Window 'Event Graph' being destroyed
[2025.03.18-14.42.14:796][250]LogSlate: Window 'Event Graph' being destroyed
[2025.03.18-14.42.16:824][369]LogSlate: Window 'ThirdPersonCharacter' being destroyed
[2025.03.18-14.42.16:832][369]LogSlate: Window 'ThirdPersonCharacter' being destroyed
[2025.03.18-14.42.16:834][369]LogWorld: UWorld::CleanupWorld for World_4, bSessionEnded=true, bCleanupResources=true
[2025.03.18-14.42.16:834][369]LogSlate: InvalidateAllWidgets triggered.  All widgets were invalidated
[2025.03.18-14.43.11:319][632]LogWindows: LaunchURL https://docs.unrealengine.com/4.27/en//Engine/UI/LevelEditor/Modes/index.html?utm_source=editor&utm_medium=docs&utm_campaign=tutorials
[2025.03.18-14.43.46:773][470]LogUObjectGlobals: Warning: Failed to find object 'Object None.ActorDetails'
[2025.03.18-14.44.13:214][  3]LogSlate: Window 'Tutorials' being destroyed
[2025.03.18-14.44.13:222][  3]LogSlate: Window 'Tutorials' being destroyed
[2025.03.18-14.44.44:918][539]LogUObjectHash: Compacting FUObjectHashTables data took   1.67ms
[2025.03.18-14.44.44:961][539]LogSavePackage: Moving '../../../../../../Users/Ido Isaac/Desktop/Web Game Programming/Wk 1/COMP217GroupProject/DungeonDash/Saved/ThirdPersonExampleMap_Auto10BC3D3164BC2E811C0D655B5DB726FAA.tmp' to '../../../../../../Users/Ido Isaac/Desktop/Web Game Programming/Wk 1/COMP217GroupProject/DungeonDash/Saved/Autosaves/Game/ThirdPersonCPP/Maps/ThirdPersonExampleMap_Auto1.umap'
[2025.03.18-14.44.44:969][539]LogFileHelpers: Editor autosave (incl. external actors) for '/Game/ThirdPersonCPP/Maps/ThirdPersonExampleMap' took 0.068
[2025.03.18-14.44.44:969][539]LogFileHelpers: Editor autosave (incl. sublevels & external actors) for all levels took 0.068
[2025.03.18-14.47.52:736][827]LogAssetEditorSubsystem: Opening Asset editor for Blueprint /Game/ThirdPersonCPP/Blueprints/ThirdPersonCharacter.ThirdPersonCharacter
[2025.03.18-14.47.52:995][827]LogSlate: The tab "Document" attempted to spawn in layout 'Standalone_BlueprintDefaults_Layout_v6' but failed for some reason. An "unrecognized tab" will be returned instead.
[2025.03.18-14.47.57:907][116]LogSlate: Window 'Document' being destroyed
[2025.03.18-14.47.57:914][116]LogSlate: Window 'Document' being destroyed
[2025.03.18-14.48.05:029][471]LogSlate: Window 'ThirdPersonCharacter' being destroyed
[2025.03.18-14.48.05:073][471]LogWorld: UWorld::CleanupWorld for World_6, bSessionEnded=true, bCleanupResources=true
[2025.03.18-14.48.05:073][471]LogSlate: InvalidateAllWidgets triggered.  All widgets were invalidated
[2025.03.18-14.48.05:151][471]LogAssetEditorSubsystem: Opening Asset editor for Blueprint /Game/ThirdPersonCPP/Blueprints/ThirdPersonCharacter.ThirdPersonCharacter
[2025.03.18-14.49.32:210][ 37]LogSlate: Took 0.009973 seconds to synchronously load lazily loaded font '../../../Engine/Content/Slate/Fonts/Roboto-BoldCondensedItalic.ttf' (160K)
[2025.03.18-14.51.27:821][573]BlueprintLog: New page: Compile ThirdPersonCharacter
[2025.03.18-14.51.27:872][573]LogUObjectHash: Compacting FUObjectHashTables data took   2.83ms
[2025.03.18-14.51.38:701][211]BlueprintLog: New page: Compile ThirdPersonCharacter
[2025.03.18-14.51.38:747][211]LogUObjectHash: Compacting FUObjectHashTables data took   2.69ms
[2025.03.18-14.55.45:066][ 37]LogUObjectHash: Compacting FUObjectHashTables data took   3.04ms
[2025.03.18-14.55.45:088][ 37]LogSavePackage: Moving '../../../../../../Users/Ido Isaac/Desktop/Web Game Programming/Wk 1/COMP217GroupProject/DungeonDash/Saved/ThirdPersonExampleMap_Auto2CD140EB8498DD0FF3BAEBAA4D4C7F306.tmp' to '../../../../../../Users/Ido Isaac/Desktop/Web Game Programming/Wk 1/COMP217GroupProject/DungeonDash/Saved/Autosaves/Game/ThirdPersonCPP/Maps/ThirdPersonExampleMap_Auto2.umap'
[2025.03.18-14.55.45:094][ 37]LogFileHelpers: Editor autosave (incl. external actors) for '/Game/ThirdPersonCPP/Maps/ThirdPersonExampleMap' took 0.052
[2025.03.18-14.55.45:094][ 37]LogFileHelpers: Editor autosave (incl. sublevels & external actors) for all levels took 0.052
[2025.03.18-14.55.45:095][ 37]OBJ SavePackage: Generating thumbnails for [2] asset(s) in package [/Game/ThirdPersonCPP/Blueprints/ThirdPersonCharacter] ([2] browsable assets)...
[2025.03.18-14.55.45:114][ 37]OBJ SavePackage:     Rendered thumbnail for [BlueprintGeneratedClass /Game/ThirdPersonCPP/Blueprints/ThirdPersonCharacter.ThirdPersonCharacter_C]
[2025.03.18-14.55.45:123][ 37]OBJ SavePackage:     Rendered thumbnail for [Blueprint /Game/ThirdPersonCPP/Blueprints/ThirdPersonCharacter.ThirdPersonCharacter]
[2025.03.18-14.55.45:123][ 37]OBJ SavePackage: Finished generating thumbnails for package [/Game/ThirdPersonCPP/Blueprints/ThirdPersonCharacter]
[2025.03.18-14.55.45:146][ 37]LogSavePackage: Moving '../../../../../../Users/Ido Isaac/Desktop/Web Game Programming/Wk 1/COMP217GroupProject/DungeonDash/Saved/ThirdPersonCharacter_Auto29EB19E1D48BEE52951EC7A923F797B41.tmp' to '../../../../../../Users/Ido Isaac/Desktop/Web Game Programming/Wk 1/COMP217GroupProject/DungeonDash/Saved/Autosaves/Game/ThirdPersonCPP/Blueprints/ThirdPersonCharacter_Auto2.uasset'
[2025.03.18-14.55.45:148][ 37]LogFileHelpers: Auto-saving content packages took 0.055
[2025.03.18-15.00.07:440][666]BlueprintLog: New page: Compile ThirdPersonCharacter
[2025.03.18-15.00.07:495][666]LogUObjectHash: Compacting FUObjectHashTables data took   3.79ms
[2025.03.18-15.05.45:371][770]LogUObjectHash: Compacting FUObjectHashTables data took   5.44ms
[2025.03.18-15.05.45:404][770]LogSavePackage: Moving '../../../../../../Users/Ido Isaac/Desktop/Web Game Programming/Wk 1/COMP217GroupProject/DungeonDash/Saved/ThirdPersonExampleMap_Auto30BE53ABB4C4CB730B40D9C80A1B511CA.tmp' to '../../../../../../Users/Ido Isaac/Desktop/Web Game Programming/Wk 1/COMP217GroupProject/DungeonDash/Saved/Autosaves/Game/ThirdPersonCPP/Maps/ThirdPersonExampleMap_Auto3.umap'
[2025.03.18-15.05.45:408][770]LogFileHelpers: Editor autosave (incl. external actors) for '/Game/ThirdPersonCPP/Maps/ThirdPersonExampleMap' took 0.080
[2025.03.18-15.05.45:408][770]LogFileHelpers: Editor autosave (incl. sublevels & external actors) for all levels took 0.080
[2025.03.18-15.05.45:409][770]OBJ SavePackage: Generating thumbnails for [1] asset(s) in package [/Game/ThirdPersonCPP/Blueprints/ThirdPersonCharacter] ([2] browsable assets)...
[2025.03.18-15.05.45:422][770]OBJ SavePackage:     Rendered thumbnail for [Blueprint /Game/ThirdPersonCPP/Blueprints/ThirdPersonCharacter.ThirdPersonCharacter]
[2025.03.18-15.05.45:422][770]OBJ SavePackage: Finished generating thumbnails for package [/Game/ThirdPersonCPP/Blueprints/ThirdPersonCharacter]
[2025.03.18-15.05.45:444][770]LogSavePackage: Moving '../../../../../../Users/Ido Isaac/Desktop/Web Game Programming/Wk 1/COMP217GroupProject/DungeonDash/Saved/ThirdPersonCharacter_Auto38FC29E654690F96C8F8537970B366832.tmp' to '../../../../../../Users/Ido Isaac/Desktop/Web Game Programming/Wk 1/COMP217GroupProject/DungeonDash/Saved/Autosaves/Game/ThirdPersonCPP/Blueprints/ThirdPersonCharacter_Auto3.uasset'
[2025.03.18-15.05.45:446][770]LogFileHelpers: Auto-saving content packages took 0.038
[2025.03.18-15.54.45:904][162]LogSlate: Took 0.014542 seconds to synchronously load lazily loaded font '../../../Engine/Content/Slate/Fonts/Roboto-Italic.ttf' (157K)
[2025.03.18-15.58.02:229][888]Running C:/Program Files/Epic Games/UE_4.27/Engine/Binaries/DotNET/UnrealBuildTool.exe  -projectfiles -project="C:/Users/Ido Isaac/Desktop/Web Game Programming/Wk 1/COMP217GroupProject/DungeonDash/DungeonDash.uproject" -game -rocket -progress
[2025.03.18-15.58.02:941][888]Discovering modules, targets and source code for project...
[2025.03.18-15.58.11:502][888]Binding IntelliSense data...
[2025.03.18-15.58.14:833][888]Binding IntelliSense data... 100%
[2025.03.18-15.58.14:833][888]Writing project files...
[2025.03.18-15.58.21:181][888]Writing project files... 100%
[2025.03.18-16.05.00:396][775]LogSlate: Window 'ThirdPersonCharacter' being destroyed
[2025.03.18-16.05.00:405][775]LogSlate: Window 'ThirdPersonCharacter' being destroyed
[2025.03.18-16.05.00:413][775]LogWorld: UWorld::CleanupWorld for World_7, bSessionEnded=true, bCleanupResources=true
[2025.03.18-16.05.00:413][775]LogSlate: InvalidateAllWidgets triggered.  All widgets were invalidated
[2025.03.18-16.05.03:835][972]LogTemp: Repeating last play command: Selected Viewport
[2025.03.18-16.05.03:846][972]BlueprintLog: New page: Pre-Play auto-recompile
[2025.03.18-16.05.03:847][972]LogPlayLevel: [PlayLevel] Compiling ThirdPersonCharacter before play...
[2025.03.18-16.05.03:889][972]LogUObjectHash: Compacting FUObjectHashTables data took   3.02ms
[2025.03.18-16.05.03:893][972]LogPlayLevel: PlayLevel: Blueprint regeneration took 46 ms (1 blueprints)
[2025.03.18-16.05.03:897][972]PIE: New page: PIE session: ThirdPersonExampleMap (Mar. 18, 2025, 8:05:03 a.m.)
[2025.03.18-16.05.03:935][972]LogPlayLevel: Creating play world package: /Game/ThirdPersonCPP/Maps/UEDPIE_0_ThirdPersonExampleMap
[2025.03.18-16.05.03:961][972]LogPlayLevel: PIE: StaticDuplicateObject took: (0.024337s)
[2025.03.18-16.05.03:966][972]LogAIModule: Creating AISystem for world ThirdPersonExampleMap
[2025.03.18-16.05.03:968][972]LogPlayLevel: PIE: World Init took: (0.006316s)
[2025.03.18-16.05.03:968][972]LogPlayLevel: PIE: Created PIE world by copying editor world from /Game/ThirdPersonCPP/Maps/ThirdPersonExampleMap.ThirdPersonExampleMap to /Game/ThirdPersonCPP/Maps/UEDPIE_0_ThirdPersonExampleMap.ThirdPersonExampleMap (0.032459s)
[2025.03.18-16.05.03:999][972]LogUObjectHash: Compacting FUObjectHashTables data took   1.52ms
[2025.03.18-16.05.04:001][972]LogAudio: Display: Creating Audio Device:                 Id: 4, Scope: Unique, Realtime: True
[2025.03.18-16.05.04:001][972]LogAudioMixer: Display: Audio Mixer Platform Settings:
[2025.03.18-16.05.04:001][972]LogAudioMixer: Display: 	Sample Rate:						  48000
[2025.03.18-16.05.04:001][972]LogAudioMixer: Display: 	Callback Buffer Frame Size Requested: 1024
[2025.03.18-16.05.04:001][972]LogAudioMixer: Display: 	Callback Buffer Frame Size To Use:	  1024
[2025.03.18-16.05.04:001][972]LogAudioMixer: Display: 	Number of buffers to queue:			  2
[2025.03.18-16.05.04:001][972]LogAudioMixer: Display: 	Max Channels (voices):				  32
[2025.03.18-16.05.04:001][972]LogAudioMixer: Display: 	Number of Async Source Workers:		  0
[2025.03.18-16.05.04:001][972]LogAudio: Display: AudioDevice MaxSources: 32
[2025.03.18-16.05.04:002][972]LogAudio: Display: Audio Spatialization Plugin: None (built-in).
[2025.03.18-16.05.04:002][972]LogAudio: Display: Audio Reverb Plugin: None (built-in).
[2025.03.18-16.05.04:002][972]LogAudio: Display: Audio Occlusion Plugin: None (built-in).
[2025.03.18-16.05.04:002][972]LogAudioMixer: Display: Initializing audio mixer.
[2025.03.18-16.05.04:012][972]LogAudioMixer: Display: 0: FrontLeft
[2025.03.18-16.05.04:012][972]LogAudioMixer: Display: 1: FrontRight
[2025.03.18-16.05.04:131][972]LogAudioMixer: Display: Using Audio Device Speakers (Realtek(R) Audio)
[2025.03.18-16.05.04:132][972]LogAudioMixer: Display: Initializing Sound Submixes...
[2025.03.18-16.05.04:132][972]LogAudioMixer: Display: Creating Master Submix 'MasterSubmixDefault'
[2025.03.18-16.05.04:132][972]LogAudioMixer: Display: Creating Master Submix 'MasterReverbSubmixDefault'
[2025.03.18-16.05.04:133][972]LogAudioMixer: Display: Creating Master Submix 'MasterEQSubmixDefault'
[2025.03.18-16.05.04:133][972]LogAudioMixer: FMixerPlatformXAudio2::StartAudioStream() called
[2025.03.18-16.05.04:133][972]LogAudioMixer: Display: Output buffers initialized: Frames=1024, Channels=2, Samples=2048
[2025.03.18-16.05.04:134][972]LogAudioMixer: Display: Starting AudioMixerPlatformInterface::RunInternal()
[2025.03.18-16.05.04:134][972]LogAudioMixer: Display: FMixerPlatformXAudio2::SubmitBuffer() called for the first time
[2025.03.18-16.05.04:134][972]LogInit: FAudioDevice initialized.
[2025.03.18-16.05.04:134][972]LogAudio: Display: Audio Device (ID: 4) registered with world 'ThirdPersonExampleMap'.
[2025.03.18-16.05.04:150][972]LogLoad: Game class is 'DungeonDashGameMode'
[2025.03.18-16.05.04:158][972]LogWorld: Bringing World /Game/ThirdPersonCPP/Maps/UEDPIE_0_ThirdPersonExampleMap.ThirdPersonExampleMap up for play (max tick rate 60) at 2025.03.18-12.05.04
[2025.03.18-16.05.04:159][972]LogWorld: Bringing up level for play took: 0.004108
[2025.03.18-16.05.04:160][972]LogOnline: OSS: Creating online subsystem instance for: :Context_12
[2025.03.18-16.05.04:183][972]PIE: Server logged in
[2025.03.18-16.05.04:184][972]PIE: Play in editor total start time 0.342 seconds.
[2025.03.18-16.05.14:058][561]LogSlate: Updating window title bar state: overlay mode, drag disabled, window buttons hidden, title bar hidden
[2025.03.18-16.05.14:058][561]LogWorld: BeginTearingDown for /Game/ThirdPersonCPP/Maps/UEDPIE_0_ThirdPersonExampleMap
[2025.03.18-16.05.14:061][561]LogWorld: UWorld::CleanupWorld for ThirdPersonExampleMap, bSessionEnded=true, bCleanupResources=true
[2025.03.18-16.05.14:061][561]LogSlate: InvalidateAllWidgets triggered.  All widgets were invalidated
[2025.03.18-16.05.14:086][561]LogPlayLevel: Display: Shutting down PIE online subsystems
[2025.03.18-16.05.14:130][561]LogSlate: InvalidateAllWidgets triggered.  All widgets were invalidated
[2025.03.18-16.05.14:147][561]LogSlate: Updating window title bar state: overlay mode, drag disabled, window buttons hidden, title bar hidden
[2025.03.18-16.05.14:150][561]LogAudioMixer: FMixerPlatformXAudio2::StopAudioStream() called
[2025.03.18-16.05.14:152][561]LogAudioMixer: FMixerPlatformXAudio2::StopAudioStream() called
[2025.03.18-16.05.14:162][561]LogUObjectHash: Compacting FUObjectHashTables data took   3.12ms
[2025.03.18-16.05.14:201][562]LogPlayLevel: Display: Destroying online subsystem :Context_12
[2025.03.18-16.05.25:126][786]Candidate modules for hot reload:
[2025.03.18-16.05.25:126][786]  DungeonDash
[2025.03.18-16.05.25:126][786]Launching UnrealBuildTool... [C:/Program Files/Epic Games/UE_4.27/Engine/Binaries/DotNET/UnrealBuildTool.exe  -ModuleWithSuffix=DungeonDash,0588 DungeonDashEditor Win64 Development -Project="C:/Users/Ido Isaac/Desktop/Web Game Programming/Wk 1/COMP217GroupProject/DungeonDash/DungeonDash.uproject" "C:/Users/Ido Isaac/Desktop/Web Game Programming/Wk 1/COMP217GroupProject/DungeonDash/DungeonDash.uproject"  -IgnoreJunk]
[2025.03.18-16.05.25:132][786]Warning: Starting HotReload took  0.2s.
[2025.03.18-16.05.41:128][732]CompilerResultsLog: New page: Compilation - Mar. 18, 2025, 8:05:41 a.m.
[2025.03.18-16.05.41:129][732]CompilerResultsLog: Using 'git status' to determine working set for adaptive non-unity build (C:\Users\Ido Isaac\Desktop\Web Game Programming\Wk 1\COMP217GroupProject).
[2025.03.18-16.05.41:129][732]CompilerResultsLog: Creating makefile for DungeonDashEditor (no existing makefile)
[2025.03.18-16.05.41:129][732]CompilerResultsLog: Building DungeonDashEditor...
[2025.03.18-16.05.41:129][732]CompilerResultsLog: Using Visual Studio 2019 14.29.30154 toolchain (C:\Program Files (x86)\Microsoft Visual Studio\2019\BuildTools\VC\Tools\MSVC\14.29.30133) and Windows 10.0.22621.0 SDK (C:\Program Files (x86)\Windows Kits\10).
[2025.03.18-16.05.41:129][732]CompilerResultsLog: Building 4 actions with 16 processes...
[2025.03.18-16.05.41:129][732]CompilerResultsLog:   [1/4] DungeonDashCharacter.cpp
[2025.03.18-16.05.41:129][732]CompilerResultsLog:   [2/4] UE4Editor-DungeonDash-0588.lib
[2025.03.18-16.05.41:129][732]CompilerResultsLog:      Creating library C:\Users\Ido Isaac\Desktop\Web Game Programming\Wk 1\COMP217GroupProject\DungeonDash\Intermediate\Build\Win64\UE4Editor\Development\DungeonDash\UE4Editor-DungeonDash-0588.lib and object C:\Users\Ido Isaac\Desktop\Web Game Programming\Wk 1\COMP217GroupProject\DungeonDash\Intermediate\Build\Win64\UE4Editor\Development\DungeonDash\UE4Editor-DungeonDash-0588.exp
[2025.03.18-16.05.41:131][732]CompilerResultsLog:   [3/4] UE4Editor-DungeonDash-0588.dll
[2025.03.18-16.05.41:131][732]CompilerResultsLog:      Creating library C:\Users\Ido Isaac\Desktop\Web Game Programming\Wk 1\COMP217GroupProject\DungeonDash\Intermediate\Build\Win64\UE4Editor\Development\DungeonDash\UE4Editor-DungeonDash-0588.suppressed.lib and object C:\Users\Ido Isaac\Desktop\Web Game Programming\Wk 1\COMP217GroupProject\DungeonDash\Intermediate\Build\Win64\UE4Editor\Development\DungeonDash\UE4Editor-DungeonDash-0588.suppressed.exp
[2025.03.18-16.05.41:131][732]CompilerResultsLog:   [4/4] DungeonDashEditor.target
[2025.03.18-16.05.41:131][732]CompilerResultsLog: Total time in Parallel executor: 11.37 seconds
[2025.03.18-16.05.41:131][732]CompilerResultsLog: Total execution time: 15.87 seconds
[2025.03.18-16.05.41:131][732]LogMainFrame: MainFrame: Module compiling took 16.018 seconds
[2025.03.18-16.05.41:203][732]LogNativeClassHierarchy: Verbose: Native class hierarchy updated for 'DungeonDash' in 0.0016 seconds. Added 2 classes and 2 folders.
[2025.03.18-16.05.41:211][732]Display: HotReload successful (0 functions remapped  0 scriptstructs remapped)
[2025.03.18-16.05.41:409][732]LogNativeClassHierarchy: Verbose: Native class hierarchy populated in 0.0178 seconds. Added 3824 classes and 930 folders.
[2025.03.18-16.05.41:411][732]Display: HotReload took 16.5s.
[2025.03.18-16.05.44:651][905]LogTemp: Repeating last play command: Selected Viewport
[2025.03.18-16.05.44:659][905]LogPlayLevel: PlayLevel: No blueprints needed recompiling
[2025.03.18-16.05.44:659][905]PIE: New page: PIE session: ThirdPersonExampleMap (Mar. 18, 2025, 8:05:44 a.m.)
[2025.03.18-16.05.44:659][905]LogPlayLevel: Creating play world package: /Game/ThirdPersonCPP/Maps/UEDPIE_0_ThirdPersonExampleMap
[2025.03.18-16.05.44:671][905]LogPlayLevel: PIE: StaticDuplicateObject took: (0.012465s)
[2025.03.18-16.05.44:672][905]LogAIModule: Creating AISystem for world ThirdPersonExampleMap
[2025.03.18-16.05.44:673][905]LogPlayLevel: PIE: World Init took: (0.001704s)
[2025.03.18-16.05.44:673][905]LogPlayLevel: PIE: Created PIE world by copying editor world from /Game/ThirdPersonCPP/Maps/ThirdPersonExampleMap.ThirdPersonExampleMap to /Game/ThirdPersonCPP/Maps/UEDPIE_0_ThirdPersonExampleMap.ThirdPersonExampleMap (0.014339s)
[2025.03.18-16.05.44:792][905]LogUObjectHash: Compacting FUObjectHashTables data took   3.40ms
[2025.03.18-16.05.44:796][905]LogAudio: Display: Creating Audio Device:                 Id: 5, Scope: Unique, Realtime: True
[2025.03.18-16.05.44:796][905]LogAudioMixer: Display: Audio Mixer Platform Settings:
[2025.03.18-16.05.44:796][905]LogAudioMixer: Display: 	Sample Rate:						  48000
[2025.03.18-16.05.44:796][905]LogAudioMixer: Display: 	Callback Buffer Frame Size Requested: 1024
[2025.03.18-16.05.44:796][905]LogAudioMixer: Display: 	Callback Buffer Frame Size To Use:	  1024
[2025.03.18-16.05.44:796][905]LogAudioMixer: Display: 	Number of buffers to queue:			  2
[2025.03.18-16.05.44:796][905]LogAudioMixer: Display: 	Max Channels (voices):				  32
[2025.03.18-16.05.44:796][905]LogAudioMixer: Display: 	Number of Async Source Workers:		  0
[2025.03.18-16.05.44:796][905]LogAudio: Display: AudioDevice MaxSources: 32
[2025.03.18-16.05.44:797][905]LogAudio: Display: Audio Spatialization Plugin: None (built-in).
[2025.03.18-16.05.44:797][905]LogAudio: Display: Audio Reverb Plugin: None (built-in).
[2025.03.18-16.05.44:797][905]LogAudio: Display: Audio Occlusion Plugin: None (built-in).
[2025.03.18-16.05.44:797][905]LogAudioMixer: Display: Initializing audio mixer.
[2025.03.18-16.05.44:805][905]LogAudioMixer: Display: 0: FrontLeft
[2025.03.18-16.05.44:805][905]LogAudioMixer: Display: 1: FrontRight
[2025.03.18-16.05.44:939][905]LogAudioMixer: Display: Using Audio Device Speakers (Realtek(R) Audio)
[2025.03.18-16.05.44:939][905]LogAudioMixer: Display: Initializing Sound Submixes...
[2025.03.18-16.05.44:939][905]LogAudioMixer: Display: Creating Master Submix 'MasterSubmixDefault'
[2025.03.18-16.05.44:939][905]LogAudioMixer: Display: Creating Master Submix 'MasterReverbSubmixDefault'
[2025.03.18-16.05.44:940][905]LogAudioMixer: Display: Creating Master Submix 'MasterEQSubmixDefault'
[2025.03.18-16.05.44:940][905]LogAudioMixer: FMixerPlatformXAudio2::StartAudioStream() called
[2025.03.18-16.05.44:940][905]LogAudioMixer: Display: Output buffers initialized: Frames=1024, Channels=2, Samples=2048
[2025.03.18-16.05.44:942][905]LogAudioMixer: Display: Starting AudioMixerPlatformInterface::RunInternal()
[2025.03.18-16.05.44:942][905]LogAudioMixer: Display: FMixerPlatformXAudio2::SubmitBuffer() called for the first time
[2025.03.18-16.05.44:942][905]LogInit: FAudioDevice initialized.
[2025.03.18-16.05.44:942][905]LogAudio: Display: Audio Device (ID: 5) registered with world 'ThirdPersonExampleMap'.
[2025.03.18-16.05.44:955][905]LogLoad: Game class is 'DungeonDashGameMode'
[2025.03.18-16.05.44:958][905]LogWorld: Bringing World /Game/ThirdPersonCPP/Maps/UEDPIE_0_ThirdPersonExampleMap.ThirdPersonExampleMap up for play (max tick rate 60) at 2025.03.18-12.05.44
[2025.03.18-16.05.44:958][905]LogWorld: Bringing up level for play took: 0.001737
[2025.03.18-16.05.44:958][905]LogOnline: OSS: Creating online subsystem instance for: :Context_13
[2025.03.18-16.05.44:961][905]PIE: Server logged in
[2025.03.18-16.05.44:962][905]PIE: Play in editor total start time 0.304 seconds.
[2025.03.18-16.06.01:822][914]LogSlate: Updating window title bar state: overlay mode, drag disabled, window buttons hidden, title bar hidden
[2025.03.18-16.06.01:822][914]LogWorld: BeginTearingDown for /Game/ThirdPersonCPP/Maps/UEDPIE_0_ThirdPersonExampleMap
[2025.03.18-16.06.01:823][914]LogWorld: UWorld::CleanupWorld for ThirdPersonExampleMap, bSessionEnded=true, bCleanupResources=true
[2025.03.18-16.06.01:823][914]LogSlate: InvalidateAllWidgets triggered.  All widgets were invalidated
[2025.03.18-16.06.01:837][914]LogPlayLevel: Display: Shutting down PIE online subsystems
[2025.03.18-16.06.01:852][914]LogSlate: InvalidateAllWidgets triggered.  All widgets were invalidated
[2025.03.18-16.06.01:871][914]LogAudio: Display: Audio Device unregistered from world 'None'.
[2025.03.18-16.06.01:871][914]LogAudioMixer: FMixerPlatformXAudio2::StopAudioStream() called
[2025.03.18-16.06.01:874][914]LogAudioMixer: FMixerPlatformXAudio2::StopAudioStream() called
[2025.03.18-16.06.01:876][914]LogSlate: Updating window title bar state: overlay mode, drag disabled, window buttons hidden, title bar hidden
[2025.03.18-16.06.01:914][914]LogUObjectHash: Compacting FUObjectHashTables data took   2.29ms
[2025.03.18-16.06.01:940][915]LogPlayLevel: Display: Destroying online subsystem :Context_13
[2025.03.18-16.07.25:449][451]LogAssetEditorSubsystem: Opening Asset editor for Blueprint /Game/ThirdPersonCPP/Blueprints/ThirdPersonCharacter.ThirdPersonCharacter
[2025.03.18-16.10.23:530][450]BlueprintLog: New page: Compile ThirdPersonCharacter
[2025.03.18-16.10.23:628][450]LogUObjectHash: Compacting FUObjectHashTables data took   3.89ms
[2025.03.18-16.28.14:401][338]LogUdpMessaging: Warning: UDP messaging encountered an error. Auto repair routine started for reinitialization
[2025.03.18-16.28.15:000][338]LogAudioMixer: Resetting audio stream to device id 
[2025.03.18-16.28.15:241][338]LogAudioMixer: Display: 0: FrontLeft
[2025.03.18-16.28.15:242][338]LogAudioMixer: Display: 1: FrontRight
[2025.03.18-16.28.20:678][338]LogUObjectHash: Compacting FUObjectHashTables data took   5.30ms
[2025.03.18-16.28.20:888][338]LogSavePackage: Moving '../../../../../../Users/Ido Isaac/Desktop/Web Game Programming/Wk 1/COMP217GroupProject/DungeonDash/Saved/ThirdPersonExampleMap_Auto484D6E1154FDA885C6E6AA8A78BAB890C.tmp' to '../../../../../../Users/Ido Isaac/Desktop/Web Game Programming/Wk 1/COMP217GroupProject/DungeonDash/Saved/Autosaves/Game/ThirdPersonCPP/Maps/ThirdPersonExampleMap_Auto4.umap'
[2025.03.18-16.28.20:914][338]LogFileHelpers: Editor autosave (incl. external actors) for '/Game/ThirdPersonCPP/Maps/ThirdPersonExampleMap' took 0.465
[2025.03.18-16.28.20:914][338]LogFileHelpers: Editor autosave (incl. sublevels & external actors) for all levels took 0.465
[2025.03.18-16.28.20:915][338]OBJ SavePackage: Generating thumbnails for [1] asset(s) in package [/Game/ThirdPersonCPP/Blueprints/ThirdPersonCharacter] ([2] browsable assets)...
[2025.03.18-16.28.20:936][338]OBJ SavePackage:     Rendered thumbnail for [Blueprint /Game/ThirdPersonCPP/Blueprints/ThirdPersonCharacter.ThirdPersonCharacter]
[2025.03.18-16.28.20:936][338]OBJ SavePackage: Finished generating thumbnails for package [/Game/ThirdPersonCPP/Blueprints/ThirdPersonCharacter]
[2025.03.18-16.28.20:990][338]LogSavePackage: Moving '../../../../../../Users/Ido Isaac/Desktop/Web Game Programming/Wk 1/COMP217GroupProject/DungeonDash/Saved/ThirdPersonCharacter_Auto48BFC4B46412F527F15CB51A856EC16FC.tmp' to '../../../../../../Users/Ido Isaac/Desktop/Web Game Programming/Wk 1/COMP217GroupProject/DungeonDash/Saved/Autosaves/Game/ThirdPersonCPP/Blueprints/ThirdPersonCharacter_Auto4.uasset'
[2025.03.18-16.28.20:997][338]LogFileHelpers: Auto-saving content packages took 0.084
[2025.03.18-16.28.21:354][339]LogHttp: Warning: 0000021529EF7200: invalid HTTP response code received. URL: https://datarouter.ol.epicgames.com/datarouter/api/v1/public/data?SessionID=%7B2B51A5F0-4243-0E8C-68EC-9199AE226093%7D&AppID=UEEditor.Rocket.Release&AppVersion=4.27.2-18319896%2B%2B%2BUE4%2BRelease-4.27&UserID=f5edb87a4dc0f99c13cd37a4f0d6d538%7C71f5ffb38c3f40679d77fb94a2928a28%7C05fba853-d5f3-4c05-a360-9d4811eb48c5&AppEnvironment=datacollector-binary&UploadType=eteventstream, HTTP code: 0, content length: 0, actual payload size: 0
[2025.03.18-16.28.21:355][339]LogHttp: Warning: 0000021529EF7200: request failed, libcurl error: 6 (Couldn't resolve host name)
[2025.03.18-16.28.21:355][339]LogHttp: Warning: 0000021529EF7200: libcurl info message cache 0 (Connection 1 seems to be dead!)
[2025.03.18-16.28.21:355][339]LogHttp: Warning: 0000021529EF7200: libcurl info message cache 1 (Closing connection 1)
[2025.03.18-16.28.21:355][339]LogHttp: Warning: 0000021529EF7200: libcurl info message cache 2 (TLSv1.3 (OUT), TLS Unknown, Unknown (21):)
[2025.03.18-16.28.21:355][339]LogHttp: Warning: 0000021529EF7200: libcurl info message cache 3 (Could not resolve host: datarouter.ol.epicgames.com)
[2025.03.18-16.28.21:355][339]LogHttp: Warning: 0000021529EF7200: libcurl info message cache 4 (Closing connection 2)
[2025.03.18-16.28.21:534][339]FUdpSocketBuilder: Failed to subscribe UdpMessageMulticastSocket to multicast group 230.0.0.1 on interface 0.0.0.0
[2025.03.18-16.28.21:534][339]FUdpSocketBuilder: Failed to create and initialize socket UdpMessageMulticastSocket (last error: 0)
[2025.03.18-16.28.21:534][339]LogUdpMessaging: Warning: StartTransport failed to create multicast socket on 0.0.0.0:0, joined to 230.0.0.1:6666 with TTL 1
[2025.03.18-16.28.21:558][339]LogUdpMessaging: Warning: UDP messaging encountered an error. Auto repair routine started for reinitialization
[2025.03.18-16.28.21:581][339]LogAudioMixer: Resetting audio stream to device id 
[2025.03.18-16.28.21:655][339]LogAudioMixer: Display: 0: FrontLeft
[2025.03.18-16.28.21:655][339]LogAudioMixer: Display: 1: FrontRight
[2025.03.18-16.28.21:974][340]LogHttp: Warning: Retry exhausted on https://datarouter.ol.epicgames.com/datarouter/api/v1/public/data?SessionID=%7B2B51A5F0-4243-0E8C-68EC-9199AE226093%7D&AppID=UEEditor.Rocket.Release&AppVersion=4.27.2-18319896%2B%2B%2BUE4%2BRelease-4.27&UserID=f5edb87a4dc0f99c13cd37a4f0d6d538%7C71f5ffb38c3f40679d77fb94a2928a28%7C05fba853-d5f3-4c05-a360-9d4811eb48c5&AppEnvironment=datacollector-binary&UploadType=eteventstream
[2025.03.18-16.28.22:917][343]FUdpSocketBuilder: Failed to subscribe UdpMessageMulticastSocket to multicast group 230.0.0.1 on interface 0.0.0.0
[2025.03.18-16.28.22:917][343]FUdpSocketBuilder: Failed to create and initialize socket UdpMessageMulticastSocket (last error: 0)
[2025.03.18-16.28.22:917][343]LogUdpMessaging: Warning: StartTransport failed to create multicast socket on 0.0.0.0:0, joined to 230.0.0.1:6666 with TTL 1
[2025.03.18-16.28.22:999][343]LogUdpMessaging: Warning: UDP messaging encountered an error. Auto repair routine started for reinitialization
[2025.03.18-17.10.39:105][344]LogAudioMixer: Resetting audio stream to device id 
[2025.03.18-17.10.39:162][344]LogAudioMixer: Display: 0: FrontLeft
[2025.03.18-17.10.39:162][344]LogAudioMixer: Display: 1: FrontRight
[2025.03.18-17.10.39:471][345]LogHttp: Warning: 0000021529EF7200: invalid HTTP response code received. URL: https://datarouter.ol.epicgames.com/datarouter/api/v1/public/data?SessionID=%7B2B51A5F0-4243-0E8C-68EC-9199AE226093%7D&AppID=UEEditor.Rocket.Release&AppVersion=4.27.2-18319896%2B%2B%2BUE4%2BRelease-4.27&UserID=f5edb87a4dc0f99c13cd37a4f0d6d538%7C71f5ffb38c3f40679d77fb94a2928a28%7C05fba853-d5f3-4c05-a360-9d4811eb48c5&AppEnvironment=datacollector-binary&UploadType=eteventstream, HTTP code: 0, content length: 0, actual payload size: 0
[2025.03.18-17.10.39:471][345]LogHttp: Warning: 0000021529EF7200: request failed, libcurl error: 6 (Couldn't resolve host name)
[2025.03.18-17.10.39:471][345]LogHttp: Warning: 0000021529EF7200: libcurl info message cache 0 (Could not resolve host: datarouter.ol.epicgames.com)
[2025.03.18-17.10.39:471][345]LogHttp: Warning: 0000021529EF7200: libcurl info message cache 1 (Closing connection 3)
[2025.03.18-17.10.39:603][345]FUdpSocketBuilder: Failed to subscribe UdpMessageMulticastSocket to multicast group 230.0.0.1 on interface 0.0.0.0
[2025.03.18-17.10.39:603][345]FUdpSocketBuilder: Failed to create and initialize socket UdpMessageMulticastSocket (last error: 0)
[2025.03.18-17.10.39:603][345]LogUdpMessaging: Warning: StartTransport failed to create multicast socket on 0.0.0.0:0, joined to 230.0.0.1:6666 with TTL 1
[2025.03.18-17.10.39:623][346]LogUdpMessaging: Warning: UDP messaging encountered an error. Auto repair routine started for reinitialization
[2025.03.18-17.10.39:623][346]LogHttp: Warning: Retry exhausted on https://datarouter.ol.epicgames.com/datarouter/api/v1/public/data?SessionID=%7B2B51A5F0-4243-0E8C-68EC-9199AE226093%7D&AppID=UEEditor.Rocket.Release&AppVersion=4.27.2-18319896%2B%2B%2BUE4%2BRelease-4.27&UserID=f5edb87a4dc0f99c13cd37a4f0d6d538%7C71f5ffb38c3f40679d77fb94a2928a28%7C05fba853-d5f3-4c05-a360-9d4811eb48c5&AppEnvironment=datacollector-binary&UploadType=eteventstream
[2025.03.18-17.10.41:521][351]FUdpSocketBuilder: Failed to subscribe UdpMessageMulticastSocket to multicast group 230.0.0.1 on interface 0.0.0.0
[2025.03.18-17.10.41:522][351]FUdpSocketBuilder: Failed to create and initialize socket UdpMessageMulticastSocket (last error: 0)
[2025.03.18-17.10.41:522][351]LogUdpMessaging: Warning: StartTransport failed to create multicast socket on 0.0.0.0:0, joined to 230.0.0.1:6666 with TTL 1
[2025.03.18-17.10.41:656][351]LogUdpMessaging: Warning: UDP messaging encountered an error. Auto repair routine started for reinitialization
[2025.03.18-17.10.44:058][355]LogHttp: Warning: 00000214B0AC8800: invalid HTTP response code received. URL: https://datarouter.ol.epicgames.com/datarouter/api/v1/public/data?SessionID=%7B2B51A5F0-4243-0E8C-68EC-9199AE226093%7D&AppID=UEEditor.Rocket.Release&AppVersion=4.27.2-18319896%2B%2B%2BUE4%2BRelease-4.27&UserID=f5edb87a4dc0f99c13cd37a4f0d6d538%7C71f5ffb38c3f40679d77fb94a2928a28%7C05fba853-d5f3-4c05-a360-9d4811eb48c5&AppEnvironment=datacollector-binary&UploadType=eteventstream, HTTP code: 0, content length: 0, actual payload size: 0
[2025.03.18-17.10.44:058][355]LogHttp: Warning: 00000214B0AC8800: request failed, libcurl error: 6 (Couldn't resolve host name)
[2025.03.18-17.10.44:058][355]LogHttp: Warning: 00000214B0AC8800: libcurl info message cache 0 (Could not resolve host: datarouter.ol.epicgames.com)
[2025.03.18-17.10.44:058][355]LogHttp: Warning: 00000214B0AC8800: libcurl info message cache 1 (Closing connection 4)
[2025.03.18-17.10.44:392][356]LogHttp: Warning: Retry exhausted on https://datarouter.ol.epicgames.com/datarouter/api/v1/public/data?SessionID=%7B2B51A5F0-4243-0E8C-68EC-9199AE226093%7D&AppID=UEEditor.Rocket.Release&AppVersion=4.27.2-18319896%2B%2B%2BUE4%2BRelease-4.27&UserID=f5edb87a4dc0f99c13cd37a4f0d6d538%7C71f5ffb38c3f40679d77fb94a2928a28%7C05fba853-d5f3-4c05-a360-9d4811eb48c5&AppEnvironment=datacollector-binary&UploadType=eteventstream
[2025.03.18-17.10.52:789][380]LogWindowsTextInputMethodSystem: Display: IME system deactivated.
[2025.03.18-17.10.52:789][380]LogWindowsTextInputMethodSystem: Display: IME system deactivated.
[2025.03.18-17.21.30:670][277]LogUObjectHash: Compacting FUObjectHashTables data took   2.18ms
[2025.03.18-17.21.30:671][277]LogFileHelpers: Editor autosave (incl. external actors) for '/Game/ThirdPersonCPP/Maps/ThirdPersonExampleMap' took 0.024
[2025.03.18-17.21.30:672][277]OBJ SavePackage: Generating thumbnails for [1] asset(s) in package [/Game/ThirdPersonCPP/Blueprints/ThirdPersonCharacter] ([2] browsable assets)...
[2025.03.18-17.21.30:685][277]OBJ SavePackage:     Rendered thumbnail for [Blueprint /Game/ThirdPersonCPP/Blueprints/ThirdPersonCharacter.ThirdPersonCharacter]
[2025.03.18-17.21.30:685][277]OBJ SavePackage: Finished generating thumbnails for package [/Game/ThirdPersonCPP/Blueprints/ThirdPersonCharacter]
[2025.03.18-17.21.30:712][277]LogSavePackage: Moving '../../../../../../Users/Ido Isaac/Desktop/Web Game Programming/Wk 1/COMP217GroupProject/DungeonDash/Saved/ThirdPersonCharacter_Auto5730A4660421E6E41AA49DAB6AD709EDF.tmp' to '../../../../../../Users/Ido Isaac/Desktop/Web Game Programming/Wk 1/COMP217GroupProject/DungeonDash/Saved/Autosaves/Game/ThirdPersonCPP/Blueprints/ThirdPersonCharacter_Auto5.uasset'
[2025.03.18-17.21.30:715][277]LogFileHelpers: Auto-saving content packages took 0.043
[2025.03.18-17.23.51:752][ 52]LogSlate: Window 'ThirdPersonCharacter' being destroyed
[2025.03.18-17.23.51:763][ 52]LogSlate: Window 'ThirdPersonCharacter' being destroyed
[2025.03.18-17.23.51:766][ 52]LogWorld: UWorld::CleanupWorld for World_9, bSessionEnded=true, bCleanupResources=true
[2025.03.18-17.23.51:766][ 52]LogSlate: InvalidateAllWidgets triggered.  All widgets were invalidated
[2025.03.18-17.23.55:825][511]LogUObjectHash: Compacting FUObjectHashTables data took   1.95ms
[2025.03.18-17.23.55:849][511]LogSavePackage: Moving '../../../../../../Users/Ido Isaac/Desktop/Web Game Programming/Wk 1/COMP217GroupProject/DungeonDash/Saved/ThirdPersonExampleMapEDAFAB5F41EA75AECE1391B7516991B7.tmp' to '../../../../../../Users/Ido Isaac/Desktop/Web Game Programming/Wk 1/COMP217GroupProject/DungeonDash/Content/ThirdPersonCPP/Maps/ThirdPersonExampleMap.umap'
[2025.03.18-17.23.55:924][511]AssetCheck: New page: Asset Save: ThirdPersonExampleMap
[2025.03.18-17.23.55:924][511]LogContentValidation: Display: Validating World /Game/ThirdPersonCPP/Maps/ThirdPersonExampleMap.ThirdPersonExampleMap
[2025.03.18-17.24.00:597][ 58]Candidate modules for hot reload:
[2025.03.18-17.24.00:597][ 58]  DungeonDash
[2025.03.18-17.24.00:597][ 58]Launching UnrealBuildTool... [C:/Program Files/Epic Games/UE_4.27/Engine/Binaries/DotNET/UnrealBuildTool.exe  -ModuleWithSuffix=DungeonDash,4154 DungeonDashEditor Win64 Development -Project="C:/Users/Ido Isaac/Desktop/Web Game Programming/Wk 1/COMP217GroupProject/DungeonDash/DungeonDash.uproject" "C:/Users/Ido Isaac/Desktop/Web Game Programming/Wk 1/COMP217GroupProject/DungeonDash/DungeonDash.uproject"  -IgnoreJunk]
[2025.03.18-17.24.00:607][ 58]Warning: Starting HotReload took  0.1s.
[2025.03.18-17.24.18:155][484]CompilerResultsLog: New page: Compilation - Mar. 18, 2025, 9:24:18 a.m.
[2025.03.18-17.24.18:155][484]CompilerResultsLog: Using 'git status' to determine working set for adaptive non-unity build (C:\Users\Ido Isaac\Desktop\Web Game Programming\Wk 1\COMP217GroupProject).
[2025.03.18-17.24.18:155][484]CompilerResultsLog: Invalidating makefile for DungeonDashEditor (DungeonDashCharacter.cpp.obj.response modified)
[2025.03.18-17.24.18:155][484]CompilerResultsLog: Building DungeonDashEditor...
[2025.03.18-17.24.18:155][484]CompilerResultsLog: Using Visual Studio 2019 14.29.30154 toolchain (C:\Program Files (x86)\Microsoft Visual Studio\2019\BuildTools\VC\Tools\MSVC\14.29.30133) and Windows 10.0.22621.0 SDK (C:\Program Files (x86)\Windows Kits\10).
[2025.03.18-17.24.18:155][484]CompilerResultsLog: Building 4 actions with 16 processes...
[2025.03.18-17.24.18:155][484]CompilerResultsLog:   [1/4] DungeonDashCharacter.cpp
[2025.03.18-17.24.18:155][484]CompilerResultsLog:   [2/4] UE4Editor-DungeonDash-4154.lib
[2025.03.18-17.24.18:155][484]CompilerResultsLog:      Creating library C:\Users\Ido Isaac\Desktop\Web Game Programming\Wk 1\COMP217GroupProject\DungeonDash\Intermediate\Build\Win64\UE4Editor\Development\DungeonDash\UE4Editor-DungeonDash-4154.lib and object C:\Users\Ido Isaac\Desktop\Web Game Programming\Wk 1\COMP217GroupProject\DungeonDash\Intermediate\Build\Win64\UE4Editor\Development\DungeonDash\UE4Editor-DungeonDash-4154.exp
[2025.03.18-17.24.18:155][484]CompilerResultsLog:   [3/4] UE4Editor-DungeonDash-4154.dll
[2025.03.18-17.24.18:155][484]CompilerResultsLog:      Creating library C:\Users\Ido Isaac\Desktop\Web Game Programming\Wk 1\COMP217GroupProject\DungeonDash\Intermediate\Build\Win64\UE4Editor\Development\DungeonDash\UE4Editor-DungeonDash-4154.suppressed.lib and object C:\Users\Ido Isaac\Desktop\Web Game Programming\Wk 1\COMP217GroupProject\DungeonDash\Intermediate\Build\Win64\UE4Editor\Development\DungeonDash\UE4Editor-DungeonDash-4154.suppressed.exp
[2025.03.18-17.24.18:156][484]CompilerResultsLog:   [4/4] DungeonDashEditor.target
[2025.03.18-17.24.18:156][484]CompilerResultsLog: Total time in Parallel executor: 10.97 seconds
[2025.03.18-17.24.18:156][484]CompilerResultsLog: Total execution time: 17.38 seconds
[2025.03.18-17.24.18:156][484]LogMainFrame: MainFrame: Module compiling took 17.567 seconds
[2025.03.18-17.24.18:257][484]LogNativeClassHierarchy: Verbose: Native class hierarchy updated for 'DungeonDash' in 0.0004 seconds. Added 2 classes and 2 folders.
[2025.03.18-17.24.18:262][484]Display: HotReload successful (0 functions remapped  0 scriptstructs remapped)
[2025.03.18-17.24.18:420][484]LogNativeClassHierarchy: Verbose: Native class hierarchy populated in 0.0152 seconds. Added 3824 classes and 930 folders.
[2025.03.18-17.24.18:420][484]Display: HotReload took 17.9s.
[2025.03.18-17.24.21:350][707]LogUObjectHash: Compacting FUObjectHashTables data took   3.31ms
[2025.03.18-17.24.26:446][707]LogSlate: Window 'Save Content' being destroyed
[2025.03.18-17.24.26:491][707]LogSavePackage: Moving '../../../../../../Users/Ido Isaac/Desktop/Web Game Programming/Wk 1/COMP217GroupProject/DungeonDash/Saved/ThirdPersonCharacterF54F279B4C54CE68ECBA9D9D41C89FAC.tmp' to '../../../../../../Users/Ido Isaac/Desktop/Web Game Programming/Wk 1/COMP217GroupProject/DungeonDash/Content/ThirdPersonCPP/Blueprints/ThirdPersonCharacter.uasset'
[2025.03.18-17.24.26:547][707]LogSlate: Window 'DungeonDash - Unreal Editor' being destroyed
[2025.03.18-17.24.26:549][707]LogWindowsTextInputMethodSystem: Display: IME system deactivated.
[2025.03.18-17.24.26:736][707]AssetCheck: New page: Asset Save: ThirdPersonCharacter
[2025.03.18-17.24.26:736][707]LogContentValidation: Display: Validating Blueprint /Game/ThirdPersonCPP/Blueprints/ThirdPersonCharacter.ThirdPersonCharacter
[2025.03.18-17.24.26:738][708]Cmd: QUIT_EDITOR
[2025.03.18-17.24.26:738][708]LogCore: Engine exit requested (reason: UUnrealEdEngine::CloseEditor())
[2025.03.18-17.24.26:745][708]LogCore: Engine exit requested (reason: EngineExit() was called; note: exit was already requested)
[2025.03.18-17.24.27:089][708]LogAudio: Display: Beginning Audio Device Manager Shutdown (Module: AudioMixerXAudio2)...
[2025.03.18-17.24.27:089][708]LogAudio: Display: Destroying 1 Remaining Audio Device(s)...
[2025.03.18-17.24.27:089][708]LogAudio: Display: Audio Device unregistered from world 'ThirdPersonExampleMap'.
[2025.03.18-17.24.27:089][708]LogAudioMixer: FMixerPlatformXAudio2::StopAudioStream() called
[2025.03.18-17.24.27:092][708]LogAudioMixer: FMixerPlatformXAudio2::StopAudioStream() called
[2025.03.18-17.24.27:127][708]LogAudio: Display: Audio Device Manager Shutdown
[2025.03.18-17.24.27:145][708]LogExit: Preparing to exit.
[2025.03.18-17.24.27:219][708]LogUObjectHash: Compacting FUObjectHashTables data took   3.01ms
[2025.03.18-17.24.27:982][708]LogWorld: UWorld::CleanupWorld for World_8, bSessionEnded=true, bCleanupResources=true
[2025.03.18-17.24.27:983][708]LogWorld: UWorld::CleanupWorld for World_5, bSessionEnded=true, bCleanupResources=true
[2025.03.18-17.24.27:985][708]LogWorld: UWorld::CleanupWorld for World_0, bSessionEnded=true, bCleanupResources=true
[2025.03.18-17.24.27:986][708]LogWorld: UWorld::CleanupWorld for World_2, bSessionEnded=true, bCleanupResources=true
[2025.03.18-17.24.27:987][708]LogWorld: UWorld::CleanupWorld for World_1, bSessionEnded=true, bCleanupResources=true
[2025.03.18-17.24.28:069][708]LogDemo: Cleaned up 0 splitscreen connections with owner deletion
[2025.03.18-17.24.28:119][708]LogWorld: UWorld::CleanupWorld for None, bSessionEnded=true, bCleanupResources=true
[2025.03.18-17.24.28:120][708]LogExit: Editor shut down
[2025.03.18-17.24.28:124][708]LogExit: Transaction tracking system shut down
[2025.03.18-17.24.28:648][708]LogExit: Object subsystem successfully closed.
[2025.03.18-17.24.28:692][708]LogShaderCompilers: Display: === FShaderJobCache stats ===
[2025.03.18-17.24.28:692][708]LogShaderCompilers: Display: Total job queries 0, among them cache hits 0 (0.00%)
[2025.03.18-17.24.28:692][708]LogShaderCompilers: Display: Tracking 0 distinct input hashes that result in 0 distinct outputs (0.00%)
[2025.03.18-17.24.28:692][708]LogShaderCompilers: Display: RAM used: 0.00 MB (0.00 GB) of 819.20 MB (0.80 GB) budget. Usage: 0.00%
[2025.03.18-17.24.28:692][708]LogShaderCompilers: Display: ================================================
[2025.03.18-17.24.28:718][708]LogShaderCompilers: Display: Shaders left to compile 0
[2025.03.18-17.24.28:824][708]LogModuleManager: Shutting down and abandoning module DungeonDash (881)
[2025.03.18-17.24.28:824][708]LogModuleManager: Shutting down and abandoning module BlueprintGraph (879)
[2025.03.18-17.24.28:824][708]LogModuleManager: Shutting down and abandoning module MovieSceneCapture (877)
[2025.03.18-17.24.28:824][708]LogModuleManager: Shutting down and abandoning module Voice (875)
[2025.03.18-17.24.28:825][708]LogModuleManager: Shutting down and abandoning module HierarchicalLODOutliner (872)
[2025.03.18-17.24.28:825][708]LogModuleManager: Shutting down and abandoning module SceneOutliner (870)
[2025.03.18-17.24.28:825][708]LogModuleManager: Shutting down and abandoning module AddContentDialog (868)
[2025.03.18-17.24.28:840][708]LogModuleManager: Shutting down and abandoning module WidgetCarousel (867)
[2025.03.18-17.24.28:840][708]LogModuleManager: Shutting down and abandoning module EditorWidgets (864)
[2025.03.18-17.24.28:840][708]LogModuleManager: Shutting down and abandoning module StatsViewer (862)
[2025.03.18-17.24.28:841][708]LogModuleManager: Shutting down and abandoning module PIEPreviewDeviceProfileSelector (860)
[2025.03.18-17.24.28:841][708]LogModuleManager: Shutting down and abandoning module SequenceRecorderSections (858)
[2025.03.18-17.24.28:842][708]LogModuleManager: Shutting down and abandoning module AutomationWorker (856)
[2025.03.18-17.24.28:842][708]LogModuleManager: Shutting down and abandoning module SteamVREditor (854)
[2025.03.18-17.24.28:842][708]LogModuleManager: Shutting down and abandoning module OculusMR (852)
[2025.03.18-17.24.28:842][708]LogModuleManager: Shutting down and abandoning module TakeRecorderSources (850)
[2025.03.18-17.24.28:843][708]LogModuleManager: Shutting down and abandoning module TakeRecorder (849)
[2025.03.18-17.24.28:845][708]LogModuleManager: Shutting down and abandoning module TakeTrackRecorders (846)
[2025.03.18-17.24.28:845][708]LogModuleManager: Shutting down and abandoning module TakesCore (844)
[2025.03.18-17.24.28:845][708]LogModuleManager: Shutting down and abandoning module OpenXRInput (842)
[2025.03.18-17.24.28:846][708]LogModuleManager: Shutting down and abandoning module PlanarCut (840)
[2025.03.18-17.24.28:846][708]LogModuleManager: Shutting down and abandoning module AudioCaptureEditor (838)
[2025.03.18-17.24.28:846][708]LogModuleManager: Shutting down and abandoning module GooglePADEditor (836)
[2025.03.18-17.24.28:846][708]LogModuleManager: Shutting down and abandoning module CharacterAI (834)
[2025.03.18-17.24.28:846][708]LogModuleManager: Shutting down and abandoning module TemplateSequenceEditor (832)
[2025.03.18-17.24.28:847][708]LogModuleManager: Shutting down and abandoning module MatineeToLevelSequence (830)
[2025.03.18-17.24.28:848][708]LogModuleManager: Shutting down and abandoning module LevelSequenceEditor (828)
[2025.03.18-17.24.28:849][708]LogModuleManager: Shutting down and abandoning module ActorSequenceEditor (826)
[2025.03.18-17.24.28:850][708]LogModuleManager: Shutting down and abandoning module MagicLeapMediaCodecFactory (824)
[2025.03.18-17.24.28:850][708]LogModuleManager: Shutting down and abandoning module MagicLeapMediaFactory (822)
[2025.03.18-17.24.28:850][708]LogModuleManager: Shutting down and abandoning module MagicLeapMediaEditor (820)
[2025.03.18-17.24.28:850][708]LogModuleManager: Shutting down and abandoning module AvfMediaFactory (818)
[2025.03.18-17.24.28:850][708]LogModuleManager: Shutting down and abandoning module AvfMediaEditor (816)
[2025.03.18-17.24.28:850][708]LogModuleManager: Shutting down and abandoning module WmfMediaFactory (814)
[2025.03.18-17.24.28:850][708]LogModuleManager: Shutting down and abandoning module WmfMediaEditor (812)
[2025.03.18-17.24.28:850][708]LogModuleManager: Shutting down and abandoning module WebMMediaFactory (810)
[2025.03.18-17.24.28:850][708]LogModuleManager: Shutting down and abandoning module WebMMediaEditor (808)
[2025.03.18-17.24.28:850][708]LogModuleManager: Shutting down and abandoning module WebMMedia (806)
[2025.03.18-17.24.28:850][708]LogModuleManager: Shutting down and abandoning module MediaPlayerEditor (804)
[2025.03.18-17.24.28:851][708]LogModuleManager: Shutting down and abandoning module MediaCompositingEditor (802)
[2025.03.18-17.24.28:852][708]LogModuleManager: Shutting down and abandoning module SequenceRecorder (801)
[2025.03.18-17.24.28:852][708]LogModuleManager: Shutting down and abandoning module OpenExrWrapper (798)
[2025.03.18-17.24.28:852][708]LogModuleManager: Shutting down and abandoning module ImgMediaFactory (796)
[2025.03.18-17.24.28:853][708]LogModuleManager: Shutting down and abandoning module ImgMediaEditor (794)
[2025.03.18-17.24.28:853][708]LogModuleManager: Shutting down and abandoning module AndroidMediaFactory (792)
[2025.03.18-17.24.28:853][708]LogModuleManager: Shutting down and abandoning module AndroidMediaEditor (790)
[2025.03.18-17.24.28:853][708]LogModuleManager: Shutting down and abandoning module TextureAlignMode (788)
[2025.03.18-17.24.28:853][708]LogModuleManager: Shutting down and abandoning module BspMode (786)
[2025.03.18-17.24.28:853][708]LogModuleManager: Shutting down and abandoning module GeometryMode (784)
[2025.03.18-17.24.28:853][708]LogModuleManager: Shutting down and abandoning module CameraShakePreviewer (782)
[2025.03.18-17.24.28:855][708]LogModuleManager: Shutting down and abandoning module SmartSnapping (780)
[2025.03.18-17.24.28:855][708]LogModuleManager: Shutting down and abandoning module SessionServices (778)
[2025.03.18-17.24.28:855][708]LogModuleManager: Shutting down and abandoning module MeshPaint (776)
[2025.03.18-17.24.28:856][708]LogModuleManager: Shutting down and abandoning module VirtualTexturingEditor (774)
[2025.03.18-17.24.28:856][708]LogModuleManager: Shutting down and abandoning module FoliageEdit (772)
[2025.03.18-17.24.28:857][708]LogModuleManager: Shutting down and abandoning module LandscapeEditor (770)
[2025.03.18-17.24.28:859][708]LogModuleManager: Shutting down and abandoning module MeshPaintMode (768)
[2025.03.18-17.24.28:859][708]LogModuleManager: Shutting down and abandoning module SceneDepthPickerMode (766)
[2025.03.18-17.24.28:859][708]LogModuleManager: Shutting down and abandoning module ActorPickerMode (764)
[2025.03.18-17.24.28:859][708]LogModuleManager: Shutting down and abandoning module PlacementMode (762)
[2025.03.18-17.24.28:859][708]LogModuleManager: Shutting down and abandoning module ViewportSnapping (760)
[2025.03.18-17.24.28:859][708]LogModuleManager: Shutting down and abandoning module ViewportInteraction (758)
[2025.03.18-17.24.28:859][708]LogModuleManager: Shutting down and abandoning module ClothPainter (756)
[2025.03.18-17.24.28:861][708]LogModuleManager: Shutting down and abandoning module SkeletalMeshEditor (755)
[2025.03.18-17.24.28:862][708]LogModuleManager: Shutting down and abandoning module LogVisualizer (752)
[2025.03.18-17.24.28:863][708]LogModuleManager: Shutting down and abandoning module IntroTutorials (750)
[2025.03.18-17.24.28:863][708]LogModuleManager: Shutting down and abandoning module GameProjectGeneration (749)
[2025.03.18-17.24.28:863][708]LogModuleManager: Shutting down and abandoning module LuminPlatformEditor (746)
[2025.03.18-17.24.28:863][708]LogModuleManager: Shutting down and abandoning module IOSPlatformEditor (744)
[2025.03.18-17.24.28:864][708]LogModuleManager: Shutting down and abandoning module AndroidPlatformEditor (742)
[2025.03.18-17.24.28:864][708]LogModuleManager: Shutting down and abandoning module AndroidDeviceDetection (741)
[2025.03.18-17.24.29:498][708]LogModuleManager: Shutting down and abandoning module WindowsPlatformEditor (738)
[2025.03.18-17.24.29:498][708]LogModuleManager: Shutting down and abandoning module LuminRuntimeSettings (736)
[2025.03.18-17.24.29:498][708]LogModuleManager: Shutting down and abandoning module IOSRuntimeSettings (734)
[2025.03.18-17.24.29:498][708]LogModuleManager: Shutting down and abandoning module AndroidRuntimeSettings (732)
[2025.03.18-17.24.29:498][708]LogModuleManager: Shutting down and abandoning module TraceInsights (730)
[2025.03.18-17.24.29:503][708]MemoryProfiler: Shutdown
[2025.03.18-17.24.29:503][708]NetworkingProfiler: Shutdown
[2025.03.18-17.24.29:503][708]LoadingProfiler: Shutdown
[2025.03.18-17.24.29:504][708]TimingProfiler: Shutdown
[2025.03.18-17.24.29:506][708]LogModuleManager: Shutting down and abandoning module TraceServices (729)
[2025.03.18-17.24.29:507][708]LogModuleManager: Shutting down and abandoning module EditorInteractiveToolsFramework (726)
[2025.03.18-17.24.29:507][708]LogModuleManager: Shutting down and abandoning module TimeManagementEditor (724)
[2025.03.18-17.24.29:507][708]LogModuleManager: Shutting down and abandoning module InputBindingEditor (722)
[2025.03.18-17.24.29:508][708]LogModuleManager: Shutting down and abandoning module MergeActors (720)
[2025.03.18-17.24.29:509][708]LogModuleManager: Shutting down and abandoning module LocalizationDashboard (718)
[2025.03.18-17.24.29:509][708]LogModuleManager: Shutting down and abandoning module LocalizationService (717)
[2025.03.18-17.24.29:509][708]LogModuleManager: Shutting down and abandoning module HardwareTargeting (714)
[2025.03.18-17.24.29:509][708]LogModuleManager: Shutting down and abandoning module DeviceProfileEditor (712)
[2025.03.18-17.24.29:509][708]LogModuleManager: Shutting down and abandoning module UndoHistory (710)
[2025.03.18-17.24.29:510][708]LogModuleManager: Shutting down and abandoning module XmlParser (708)
[2025.03.18-17.24.29:510][708]LogModuleManager: Shutting down and abandoning module Blutility (706)
[2025.03.18-17.24.29:510][708]LogModuleManager: Shutting down and abandoning module ProjectSettingsViewer (704)
[2025.03.18-17.24.29:510][708]LogModuleManager: Shutting down and abandoning module ProjectTargetPlatformEditor (703)
[2025.03.18-17.24.29:510][708]LogModuleManager: Shutting down and abandoning module EditorSettingsViewer (700)
[2025.03.18-17.24.29:511][708]LogModuleManager: Shutting down and abandoning module InternationalizationSettings (699)
[2025.03.18-17.24.29:511][708]LogModuleManager: Shutting down and abandoning module SettingsEditor (696)
[2025.03.18-17.24.29:511][708]LogModuleManager: Shutting down and abandoning module ProjectLauncher (694)
[2025.03.18-17.24.29:511][708]LogModuleManager: Shutting down and abandoning module SessionFrontend (692)
[2025.03.18-17.24.29:512][708]LogModuleManager: Shutting down and abandoning module ProfilerClient (690)
[2025.03.18-17.24.29:512][708]LogModuleManager: Shutting down and abandoning module DeviceManager (688)
[2025.03.18-17.24.29:512][708]LogModuleManager: Shutting down and abandoning module TargetDeviceServices (687)
[2025.03.18-17.24.29:545][708]LogModuleManager: Shutting down and abandoning module AutomationController (684)
[2025.03.18-17.24.29:546][708]LogModuleManager: Shutting down and abandoning module AutomationWindow (682)
[2025.03.18-17.24.29:546][708]LogModuleManager: Shutting down and abandoning module Layers (680)
[2025.03.18-17.24.29:548][708]LogModuleManager: Shutting down and abandoning module ComponentVisualizers (678)
[2025.03.18-17.24.29:548][708]LogModuleManager: Shutting down and abandoning module DetailCustomizations (676)
[2025.03.18-17.24.29:548][708]LogModuleManager: Shutting down and abandoning module PackagesDialog (674)
[2025.03.18-17.24.29:548][708]LogModuleManager: Shutting down and abandoning module AnimationBlueprintEditor (672)
[2025.03.18-17.24.29:549][708]LogModuleManager: Shutting down and abandoning module Persona (670)
[2025.03.18-17.24.29:550][708]LogModuleManager: Shutting down and abandoning module AdvancedPreviewScene (669)
[2025.03.18-17.24.29:550][708]LogModuleManager: Shutting down and abandoning module Kismet (666)
[2025.03.18-17.24.29:558][708]LogModuleManager: Shutting down and abandoning module KismetWidgets (665)
[2025.03.18-17.24.29:558][708]LogModuleManager: Shutting down and abandoning module GraphEditor (662)
[2025.03.18-17.24.29:558][708]LogModuleManager: Shutting down and abandoning module StructViewer (660)
[2025.03.18-17.24.29:558][708]LogModuleManager: Shutting down and abandoning module ClassViewer (658)
[2025.03.18-17.24.29:558][708]LogModuleManager: Shutting down and abandoning module Toolbox (656)
[2025.03.18-17.24.29:558][708]LogModuleManager: Shutting down and abandoning module ModuleUI (654)
[2025.03.18-17.24.29:558][708]LogModuleManager: Shutting down and abandoning module OutputLog (652)
[2025.03.18-17.24.29:560][708]LogModuleManager: Shutting down and abandoning module GammaUI (650)
[2025.03.18-17.24.29:561][708]LogModuleManager: Shutting down and abandoning module Documentation (648)
[2025.03.18-17.24.29:561][708]LogModuleManager: Shutting down and abandoning module LiveCoding (646)
[2025.03.18-17.24.29:562][708]LogModuleManager: Shutting down and abandoning module LevelSequence (644)
[2025.03.18-17.24.29:562][708]LogModuleManager: Shutting down and abandoning module MovieSceneTracks (642)
[2025.03.18-17.24.29:562][708]LogModuleManager: Shutting down and abandoning module MovieScene (640)
[2025.03.18-17.24.29:564][708]LogModuleManager: Shutting down and abandoning module StreamingPauseRendering (638)
[2025.03.18-17.24.29:565][708]LogModuleManager: Shutting down and abandoning module LauncherPlatform (636)
[2025.03.18-17.24.29:565][708]LogModuleManager: Shutting down and abandoning module AnalyticsET (634)
[2025.03.18-17.24.29:565][708]LogModuleManager: Shutting down and abandoning module PortalServices (632)
[2025.03.18-17.24.29:565][708]LogModuleManager: Shutting down and abandoning module PortalRpc (630)
[2025.03.18-17.24.29:565][708]LogModuleManager: Shutting down and abandoning module MessagingRpc (628)
[2025.03.18-17.24.29:565][708]LogModuleManager: Shutting down and abandoning module AudioMixerXAudio2 (626)
[2025.03.18-17.24.29:565][708]LogModuleManager: Shutting down and abandoning module AudioMixerCore (625)
[2025.03.18-17.24.29:565][708]LogModuleManager: Shutting down and abandoning module AIModule (622)
[2025.03.18-17.24.29:565][708]LogModuleManager: Shutting down and abandoning module GameplayDebugger (621)
[2025.03.18-17.24.29:565][708]LogModuleManager: Shutting down and abandoning module AITestSuite (619)
[2025.03.18-17.24.29:565][708]LogModuleManager: Shutting down and abandoning module NavigationSystem (617)
[2025.03.18-17.24.29:565][708]LogModuleManager: Shutting down and abandoning module ImageWriteQueue (614)
[2025.03.18-17.24.29:574][708]LogModuleManager: Shutting down and abandoning module ProfilerService (612)
[2025.03.18-17.24.29:682][708]LogModuleManager: Shutting down and abandoning module TaskGraph (610)
[2025.03.18-17.24.29:684][708]LogModuleManager: Shutting down and abandoning module AudioSynesthesiaEditor (608)
[2025.03.18-17.24.29:684][708]LogModuleManager: Shutting down and abandoning module OculusEditor (606)
[2025.03.18-17.24.29:687][708]LogModuleManager: Shutting down and abandoning module OculusInput (604)
[2025.03.18-17.24.29:687][708]LogModuleManager: Shutting down and abandoning module ContentBrowserFileDataSource (602)
[2025.03.18-17.24.29:687][708]LogModuleManager: Shutting down and abandoning module ContentBrowserClassDataSource (600)
[2025.03.18-17.24.29:687][708]LogModuleManager: Shutting down and abandoning module ContentBrowserAssetDataSource (598)
[2025.03.18-17.24.29:687][708]LogModuleManager: Shutting down and abandoning module CollectionManager (597)
[2025.03.18-17.24.29:687][708]LogModuleManager: Shutting down and abandoning module TakeSequencer (594)
[2025.03.18-17.24.29:687][708]LogModuleManager: Shutting down and abandoning module TakeMovieScene (592)
[2025.03.18-17.24.29:687][708]LogModuleManager: Shutting down and abandoning module ScreenshotTools (590)
[2025.03.18-17.24.29:687][708]LogModuleManager: Shutting down and abandoning module SynthesisEditor (588)
[2025.03.18-17.24.29:687][708]LogModuleManager: Shutting down and abandoning module Synthesis (586)
[2025.03.18-17.24.29:689][708]LogModuleManager: Shutting down and abandoning module ProceduralMeshComponentEditor (584)
[2025.03.18-17.24.29:689][708]LogModuleManager: Shutting down and abandoning module ProceduralMeshComponent (582)
[2025.03.18-17.24.29:689][708]LogModuleManager: Shutting down and abandoning module OpenXREditor (580)
[2025.03.18-17.24.29:689][708]LogModuleManager: Shutting down and abandoning module MobilePatchingUtils (578)
[2025.03.18-17.24.29:689][708]LogModuleManager: Shutting down and abandoning module OpenImageDenoise (576)
[2025.03.18-17.24.29:689][708]LogOpenImageDenoise: OIDN shutting down
[2025.03.18-17.24.29:689][708]LogModuleManager: Shutting down and abandoning module MotoSynthEditor (574)
[2025.03.18-17.24.29:689][708]LogModuleManager: Shutting down and abandoning module MotoSynth (572)
[2025.03.18-17.24.29:689][708]LogModuleManager: Shutting down and abandoning module AudioCapture (570)
[2025.03.18-17.24.29:689][708]LogModuleManager: Shutting down and abandoning module AudioCaptureRtAudio (569)
[2025.03.18-17.24.29:690][708]LogModuleManager: Shutting down and abandoning module MeshConversion (566)
[2025.03.18-17.24.29:690][708]LogModuleManager: Shutting down and abandoning module DynamicMesh (564)
[2025.03.18-17.24.29:691][708]LogModuleManager: Shutting down and abandoning module GeometryAlgorithms (562)
[2025.03.18-17.24.29:691][708]LogModuleManager: Shutting down and abandoning module GeometricObjects (560)
[2025.03.18-17.24.29:692][708]LogModuleManager: Shutting down and abandoning module GooglePAD (558)
[2025.03.18-17.24.29:692][708]LogModuleManager: Shutting down and abandoning module CustomMeshComponent (556)
[2025.03.18-17.24.29:692][708]LogModuleManager: Shutting down and abandoning module GeometryCacheTracks (554)
[2025.03.18-17.24.29:692][708]LogModuleManager: Shutting down and abandoning module GeometryCacheStreamer (552)
[2025.03.18-17.24.29:692][708]LogModuleManager: Shutting down and abandoning module GeometryCacheSequencer (550)
[2025.03.18-17.24.29:692][708]LogModuleManager: Shutting down and abandoning module EditableMesh (548)
[2025.03.18-17.24.29:692][708]LogModuleManager: Shutting down and abandoning module CableComponent (546)
[2025.03.18-17.24.29:692][708]LogModuleManager: Shutting down and abandoning module AssetTags (544)
[2025.03.18-17.24.29:692][708]LogModuleManager: Shutting down and abandoning module ArchVisCharacter (542)
[2025.03.18-17.24.29:692][708]LogModuleManager: Shutting down and abandoning module AppleImageUtilsBlueprintSupport (540)
[2025.03.18-17.24.29:692][708]LogModuleManager: Shutting down and abandoning module AppleImageUtils (538)
[2025.03.18-17.24.29:692][708]LogModuleManager: Shutting down and abandoning module AndroidPermission (536)
[2025.03.18-17.24.29:692][708]LogModuleManager: Shutting down and abandoning module GeometryCollectionTracks (534)
[2025.03.18-17.24.29:692][708]LogModuleManager: Shutting down and abandoning module GeometryCollectionSequencer (533)
[2025.03.18-17.24.29:692][708]LogModuleManager: Shutting down and abandoning module GeometryCollectionEditor (530)
[2025.03.18-17.24.29:692][708]LogModuleManager: Shutting down and abandoning module ActorLayerUtilitiesEditor (528)
[2025.03.18-17.24.29:692][708]LogModuleManager: Shutting down and abandoning module ActorLayerUtilities (526)
[2025.03.18-17.24.29:692][708]LogModuleManager: Shutting down and abandoning module AutomationUtilsEditor (524)
[2025.03.18-17.24.29:692][708]LogModuleManager: Shutting down and abandoning module AutomationUtils (522)
[2025.03.18-17.24.29:692][708]LogModuleManager: Shutting down and abandoning module ChaosNiagara (520)
[2025.03.18-17.24.29:692][708]LogModuleManager: Shutting down and abandoning module ChaosSolverEditor (518)
[2025.03.18-17.24.29:692][708]LogModuleManager: Shutting down and abandoning module FractureEditor (516)
[2025.03.18-17.24.29:694][708]LogModuleManager: Shutting down and abandoning module FieldSystemEngine (515)
[2025.03.18-17.24.29:694][708]LogModuleManager: Shutting down and abandoning module ChaosClothEditor (512)
[2025.03.18-17.24.29:694][708]LogModuleManager: Shutting down and abandoning module BackChannel (510)
[2025.03.18-17.24.29:694][708]LogModuleManager: Shutting down and abandoning module AlembicImporter (508)
[2025.03.18-17.24.29:694][708]LogModuleManager: Shutting down and abandoning module AlembicLibrary (507)
[2025.03.18-17.24.29:694][708]LogModuleManager: Shutting down and abandoning module GeometryCache (506)
[2025.03.18-17.24.29:694][708]LogModuleManager: Shutting down and abandoning module GeometryCacheEd (505)
[2025.03.18-17.24.29:694][708]LogModuleManager: Shutting down and abandoning module TemplateSequence (500)
[2025.03.18-17.24.29:695][708]LogModuleManager: Shutting down and abandoning module MagicLeapSharedWorld (498)
[2025.03.18-17.24.29:695][708]LogModuleManager: Shutting down and abandoning module MagicLeapLightEstimation (496)
[2025.03.18-17.24.29:695][708]LogModuleManager: Shutting down and abandoning module MagicLeapHelperVulkan (494)
[2025.03.18-17.24.29:695][708]LogModuleManager: Shutting down and abandoning module MagicLeapHelperOpenGL (492)
[2025.03.18-17.24.29:695][708]LogModuleManager: Shutting down and abandoning module MagicLeapAudio (490)
[2025.03.18-17.24.29:695][708]LogModuleManager: Shutting down and abandoning module MediaCompositing (488)
[2025.03.18-17.24.29:695][708]LogModuleManager: Shutting down and abandoning module ImgMedia (486)
[2025.03.18-17.24.29:695][708]LogModuleManager: Shutting down and abandoning module VisualStudioCodeSourceCodeAccess (484)
[2025.03.18-17.24.29:695][708]LogModuleManager: Shutting down and abandoning module MobileLauncherProfileWizard (482)
[2025.03.18-17.24.29:695][708]LogModuleManager: Shutting down and abandoning module SpeedTreeImporter (480)
[2025.03.18-17.24.29:695][708]LogModuleManager: Shutting down and abandoning module MaterialAnalyzer (478)
[2025.03.18-17.24.29:696][708]LogModuleManager: Shutting down and abandoning module PluginBrowser (476)
[2025.03.18-17.24.29:697][708]LogModuleManager: Shutting down and abandoning module GitSourceControl (474)
[2025.03.18-17.24.29:698][708]LogModuleManager: Shutting down and abandoning module CurveEditorTools (472)
[2025.03.18-17.24.29:699][708]LogModuleManager: Shutting down and abandoning module CryptoKeysOpenSSL (470)
[2025.03.18-17.24.29:699][708]LogModuleManager: Shutting down and abandoning module CryptoKeys (468)
[2025.03.18-17.24.29:699][708]LogModuleManager: Shutting down and abandoning module NiagaraEditorWidgets (466)
[2025.03.18-17.24.29:700][708]LogModuleManager: Shutting down and abandoning module CLionSourceCodeAccess (464)
[2025.03.18-17.24.29:700][708]LogModuleManager: Shutting down and abandoning module VisualStudioSourceCodeAccess (462)
[2025.03.18-17.24.29:700][708]LogModuleManager: Shutting down and abandoning module UObjectPlugin (460)
[2025.03.18-17.24.29:700][708]LogModuleManager: Shutting down and abandoning module SubversionSourceControl (458)
[2025.03.18-17.24.29:701][708]LogModuleManager: Shutting down and abandoning module AnimationSharingEd (456)
[2025.03.18-17.24.29:701][708]LogModuleManager: Shutting down and abandoning module RiderSourceCodeAccess (454)
[2025.03.18-17.24.29:702][708]LogModuleManager: Shutting down and abandoning module PluginUtils (452)
[2025.03.18-17.24.29:702][708]LogModuleManager: Shutting down and abandoning module PlasticSourceControl (450)
[2025.03.18-17.24.29:703][708]LogModuleManager: Shutting down and abandoning module PerforceSourceControl (448)
[2025.03.18-17.24.29:704][708]LogModuleManager: Shutting down and abandoning module SourceControl (447)
[2025.03.18-17.24.29:704][708]LogModuleManager: Shutting down and abandoning module VariantManagerContentEditor (444)
[2025.03.18-17.24.29:704][708]LogModuleManager: Shutting down and abandoning module DatasmithContentEditor (442)
[2025.03.18-17.24.29:705][708]LogModuleManager: Shutting down and abandoning module LightPropagationVolumeEditor (440)
[2025.03.18-17.24.29:705][708]LogModuleManager: Shutting down and abandoning module OodleNetworkHandlerComponent (438)
[2025.03.18-17.24.29:705][708]LogModuleManager: Shutting down and abandoning module LiveLinkSequencer (436)
[2025.03.18-17.24.29:705][708]LogModuleManager: Shutting down and abandoning module LiveLinkMovieScene (434)
[2025.03.18-17.24.29:705][708]LogModuleManager: Shutting down and abandoning module LiveLinkGraphNode (432)
[2025.03.18-17.24.29:705][708]LogModuleManager: Shutting down and abandoning module LiveLinkEditor (430)
[2025.03.18-17.24.29:706][708]LogModuleManager: Shutting down and abandoning module LiveLinkComponents (428)
[2025.03.18-17.24.29:706][708]LogModuleManager: Shutting down and abandoning module LiveLink (426)
[2025.03.18-17.24.30:261][708]LogModuleManager: Shutting down and abandoning module PaperTiledImporter (424)
[2025.03.18-17.24.30:261][708]LogModuleManager: Shutting down and abandoning module PaperSpriteSheetImporter (422)
[2025.03.18-17.24.30:263][708]LogModuleManager: Shutting down and abandoning module Paper2DEditor (420)
[2025.03.18-17.24.30:266][708]LogModuleManager: Shutting down and abandoning module MeshPaintingToolset (418)
[2025.03.18-17.24.30:266][708]LogModuleManager: Shutting down and abandoning module MeshPaintEditorMode (416)
[2025.03.18-17.24.30:267][708]LogModuleManager: Shutting down and abandoning module AnimGraph (413)
[2025.03.18-17.24.30:267][708]LogModuleManager: Shutting down and abandoning module RuntimePhysXCooking (410)
[2025.03.18-17.24.30:267][708]LogModuleManager: Shutting down and abandoning module SoundFields (408)
[2025.03.18-17.24.30:267][708]LogModuleManager: Shutting down and abandoning module SignificanceManager (406)
[2025.03.18-17.24.30:267][708]LogModuleManager: Shutting down and abandoning module PropertyAccessEditor (404)
[2025.03.18-17.24.30:268][708]LogModuleManager: Shutting down and abandoning module PhysXVehiclesEditor (402)
[2025.03.18-17.24.30:268][708]LogModuleManager: Shutting down and abandoning module LocationServicesBPLibrary (398)
[2025.03.18-17.24.30:268][708]LogModuleManager: Shutting down and abandoning module PythonScriptPlugin (396)
[2025.03.18-17.24.30:268][708]LogModuleManager: Shutting down and abandoning module AudioSynesthesia (394)
[2025.03.18-17.24.30:268][708]LogModuleManager: Shutting down and abandoning module AudioSynesthesiaCore (392)
[2025.03.18-17.24.30:268][708]LogModuleManager: Shutting down and abandoning module UdpMessaging (390)
[2025.03.18-17.24.30:369][708]LogModuleManager: Shutting down and abandoning module TcpMessaging (388)
[2025.03.18-17.24.30:470][708]LogModuleManager: Shutting down and abandoning module ActorSequence (386)
[2025.03.18-17.24.30:470][708]LogModuleManager: Shutting down and abandoning module MagicLeapARPin (384)
[2025.03.18-17.24.30:470][708]LogModuleManager: Shutting down and abandoning module MagicLeapHandMeshing (382)
[2025.03.18-17.24.30:470][708]LogModuleManager: Shutting down and abandoning module MagicLeapSecureStorage (380)
[2025.03.18-17.24.30:470][708]LogModuleManager: Shutting down and abandoning module MagicLeapPrivileges (378)
[2025.03.18-17.24.30:471][708]LogModuleManager: Shutting down and abandoning module MagicLeapPlanes (376)
[2025.03.18-17.24.30:472][708]LogMagicLeapPlanes: Planes tracker already destroyed.
[2025.03.18-17.24.30:472][708]LogModuleManager: Shutting down and abandoning module MagicLeapImageTracker (374)
[2025.03.18-17.24.30:472][708]LogModuleManager: Shutting down and abandoning module MagicLeapIdentity (372)
[2025.03.18-17.24.30:472][708]LogModuleManager: Shutting down and abandoning module MagicLeapHandTracking (370)
[2025.03.18-17.24.30:472][708]LogModuleManager: Shutting down and abandoning module MagicLeapEyeTracker (368)
[2025.03.18-17.24.30:472][708]LogModuleManager: Shutting down and abandoning module MagicLeapController (366)
[2025.03.18-17.24.30:472][708]LogModuleManager: Shutting down and abandoning module MagicLeapARPinImpl (364)
[2025.03.18-17.24.30:472][708]LogModuleManager: Shutting down and abandoning module MagicLeapAR (362)
[2025.03.18-17.24.30:472][708]LogModuleManager: Shutting down and abandoning module ImgMediaEngine (360)
[2025.03.18-17.24.30:472][708]LogModuleManager: Shutting down and abandoning module FacialAnimationEditor (358)
[2025.03.18-17.24.30:472][708]LogModuleManager: Shutting down and abandoning module FacialAnimation (356)
[2025.03.18-17.24.30:472][708]LogModuleManager: Shutting down and abandoning module GameplayTagsEditor (354)
[2025.03.18-17.24.30:474][708]LogModuleManager: Shutting down and abandoning module DataValidation (352)
[2025.03.18-17.24.30:474][708]LogModuleManager: Shutting down and abandoning module AssetManagerEditor (350)
[2025.03.18-17.24.30:474][708]LogModuleManager: Shutting down and abandoning module LevelEditor (349)
[2025.03.18-17.24.30:480][708]LogModuleManager: Shutting down and abandoning module PixelInspectorModule (348)
[2025.03.18-17.24.30:480][708]LogModuleManager: Shutting down and abandoning module CommonMenuExtensions (346)
[2025.03.18-17.24.30:482][708]LogModuleManager: Shutting down and abandoning module MainFrame (344)
[2025.03.18-17.24.30:482][708]LogModuleManager: Shutting down and abandoning module HotReload (343)
[2025.03.18-17.24.30:482][708]LogModuleManager: Shutting down and abandoning module ToolMenus (339)
[2025.03.18-17.24.30:482][708]LogModuleManager: Shutting down and abandoning module TreeMap (337)
[2025.03.18-17.24.30:482][708]LogModuleManager: Shutting down and abandoning module NiagaraAnimNotifies (334)
[2025.03.18-17.24.30:482][708]LogModuleManager: Shutting down and abandoning module Niagara (332)
[2025.03.18-17.24.30:484][708]LogModuleManager: Shutting down and abandoning module SignalProcessing (331)
[2025.03.18-17.24.30:484][708]LogModuleManager: Shutting down and abandoning module NiagaraEditor (329)
[2025.03.18-17.24.30:485][708]LogModuleManager: Shutting down and abandoning module ContentBrowser (328)
[2025.03.18-17.24.30:485][708]LogModuleManager: Shutting down and abandoning module ContentBrowserData (327)
[2025.03.18-17.24.30:485][708]LogModuleManager: Shutting down and abandoning module NiagaraCore (322)
[2025.03.18-17.24.30:485][708]LogModuleManager: Shutting down and abandoning module PropertyAccessNode (320)
[2025.03.18-17.24.30:486][708]LogModuleManager: Shutting down and abandoning module AnimationSharing (318)
[2025.03.18-17.24.30:486][708]LogModuleManager: Shutting down and abandoning module GameplayCameras (316)
[2025.03.18-17.24.30:486][708]LogModuleManager: Shutting down and abandoning module LightPropagationVolumeRuntime (314)
[2025.03.18-17.24.30:486][708]LogModuleManager: Shutting down and abandoning module EnvironmentQueryEditor (312)
[2025.03.18-17.24.30:486][708]LogModuleManager: Shutting down and abandoning module Paper2D (310)
[2025.03.18-17.24.30:487][708]LogModuleManager: Shutting down and abandoning module WindowsMoviePlayer (308)
[2025.03.18-17.24.30:505][708]LogModuleManager: Shutting down and abandoning module WebMMoviePlayer (306)
[2025.03.18-17.24.30:506][708]LogModuleManager: Shutting down and abandoning module NetworkReplayStreaming (304)
[2025.03.18-17.24.30:506][708]LogModuleManager: Shutting down and abandoning module PacketHandler (302)
[2025.03.18-17.24.30:506][708]LogModuleManager: Shutting down and abandoning module ClothingSystemEditor (300)
[2025.03.18-17.24.30:506][708]LogModuleManager: Shutting down and abandoning module ClothingSystemRuntimeNv (298)
[2025.03.18-17.24.30:507][708]LogModuleManager: Shutting down and abandoning module MediaAssets (296)
[2025.03.18-17.24.30:507][708]LogModuleManager: Shutting down and abandoning module Overlay (294)
[2025.03.18-17.24.30:507][708]LogModuleManager: Shutting down and abandoning module OverlayEditor (293)
[2025.03.18-17.24.30:507][708]LogModuleManager: Shutting down and abandoning module VREditor (290)
[2025.03.18-17.24.30:508][708]LogModuleManager: Shutting down and abandoning module StringTableEditor (288)
[2025.03.18-17.24.30:509][708]LogModuleManager: Shutting down and abandoning module GameplayTasksEditor (286)
[2025.03.18-17.24.30:509][708]LogModuleManager: Shutting down and abandoning module BehaviorTreeEditor (284)
[2025.03.18-17.24.30:510][708]LogModuleManager: Shutting down and abandoning module FunctionalTesting (282)
[2025.03.18-17.24.30:510][708]LogModuleManager: Shutting down and abandoning module CollisionAnalyzer (280)
[2025.03.18-17.24.30:512][708]LogModuleManager: Shutting down and abandoning module WorkspaceMenuStructure (279)
[2025.03.18-17.24.30:512][708]LogModuleManager: Shutting down and abandoning module UMG (276)
[2025.03.18-17.24.30:513][708]LogModuleManager: Shutting down and abandoning module UMGEditor (275)
[2025.03.18-17.24.30:516][708]LogModuleManager: Shutting down and abandoning module MessageLog (273)
[2025.03.18-17.24.30:516][708]LogModuleManager: Shutting down and abandoning module SlateReflector (268)
[2025.03.18-17.24.30:519][708]LogModuleManager: Shutting down and abandoning module Slate (266)
[2025.03.18-17.24.30:519][708]LogModuleManager: Shutting down and abandoning module SlateCore (264)
[2025.03.18-17.24.30:520][708]LogModuleManager: Shutting down and abandoning module LandscapeEditorUtilities (262)
[2025.03.18-17.24.30:520][708]LogModuleManager: Shutting down and abandoning module UnrealEd (260)
[2025.03.18-17.24.30:520][708]LogModuleManager: Shutting down and abandoning module MRMesh (258)
[2025.03.18-17.24.30:520][708]LogModuleManager: Shutting down and abandoning module SourceCodeAccess (256)
[2025.03.18-17.24.30:520][708]LogModuleManager: Shutting down and abandoning module HeadMountedDisplay (254)
[2025.03.18-17.24.30:520][708]LogModuleManager: Shutting down and abandoning module XAudio2 (252)
[2025.03.18-17.24.30:521][708]LogModuleManager: Shutting down and abandoning module Networking (250)
[2025.03.18-17.24.30:521][708]LogModuleManager: Shutting down and abandoning module Core (248)
[2025.03.18-17.24.30:521][708]LogModuleManager: Shutting down and abandoning module MaterialEditor (246)
[2025.03.18-17.24.30:522][708]LogModuleManager: Shutting down and abandoning module MovieSceneTools (244)
[2025.03.18-17.24.30:524][708]LogModuleManager: Shutting down and abandoning module CurveEditor (243)
[2025.03.18-17.24.30:525][708]LogModuleManager: Shutting down and abandoning module Sequencer (241)
[2025.03.18-17.24.30:527][708]LogModuleManager: Shutting down and abandoning module EditorStyle (240)
[2025.03.18-17.24.30:530][708]LogModuleManager: Shutting down and abandoning module KismetCompiler (236)
[2025.03.18-17.24.30:530][708]LogModuleManager: Shutting down and abandoning module MeshBuilder (234)
[2025.03.18-17.24.30:531][708]LogModuleManager: Shutting down and abandoning module MeshUtilities (232)
[2025.03.18-17.24.30:531][708]LogModuleManager: Shutting down and abandoning module MeshMergeUtilities (231)
[2025.03.18-17.24.30:532][708]LogModuleManager: Shutting down and abandoning module MeshReductionInterface (230)
[2025.03.18-17.24.30:532][708]LogModuleManager: Shutting down and abandoning module MeshBoneReduction (229)
[2025.03.18-17.24.30:532][708]LogModuleManager: Shutting down and abandoning module SkeletalMeshReduction (227)
[2025.03.18-17.24.30:532][708]LogModuleManager: Shutting down and abandoning module ProxyLODMeshReduction (225)
[2025.03.18-17.24.30:534][708]LogModuleManager: Shutting down and abandoning module QuadricMeshReduction (223)
[2025.03.18-17.24.30:534][708]LogModuleManager: Shutting down and abandoning module MaterialBaking (219)
[2025.03.18-17.24.30:535][708]LogModuleManager: Shutting down and abandoning module NullInstallBundleManager (214)
[2025.03.18-17.24.30:535][708]LogModuleManager: Shutting down and abandoning module DerivedDataCache (212)
[2025.03.18-17.24.30:536][708]LogModuleManager: Shutting down and abandoning module TargetPlatform (210)
[2025.03.18-17.24.30:537][708]LogModuleManager: Shutting down and abandoning module VulkanShaderFormat (209)
[2025.03.18-17.24.30:541][708]LogModuleManager: Shutting down and abandoning module ShaderFormatVectorVM (207)
[2025.03.18-17.24.30:541][708]LogModuleManager: Shutting down and abandoning module ShaderFormatOpenGL (205)
[2025.03.18-17.24.30:541][708]LogModuleManager: Shutting down and abandoning module ShaderFormatD3D (203)
[2025.03.18-17.24.30:542][708]LogModuleManager: Shutting down and abandoning module MetalShaderFormat (201)
[2025.03.18-17.24.30:542][708]LogModuleManager: Shutting down and abandoning module TextureFormatOodle (199)
[2025.03.18-17.24.30:543][708]LogModuleManager: Shutting down and abandoning module TextureFormatUncompressed (197)
[2025.03.18-17.24.30:543][708]LogModuleManager: Shutting down and abandoning module TextureFormatPVR (195)
[2025.03.18-17.24.30:543][708]LogModuleManager: Shutting down and abandoning module TextureFormatETC2 (193)
[2025.03.18-17.24.30:543][708]LogModuleManager: Shutting down and abandoning module TextureFormatDXT (191)
[2025.03.18-17.24.30:543][708]LogModuleManager: Shutting down and abandoning module TextureFormatIntelISPCTexComp (189)
[2025.03.18-17.24.30:544][708]LogModuleManager: Shutting down and abandoning module TextureFormatASTC (187)
[2025.03.18-17.24.30:544][708]LogModuleManager: Shutting down and abandoning module ImageWrapper (186)
[2025.03.18-17.24.30:544][708]LogModuleManager: Shutting down and abandoning module AudioFormatOpus (183)
[2025.03.18-17.24.30:544][708]LogModuleManager: Shutting down and abandoning module AudioFormatOgg (181)
[2025.03.18-17.24.30:544][708]LogModuleManager: Shutting down and abandoning module AudioFormatADPCM (179)
[2025.03.18-17.24.30:545][708]LogModuleManager: Shutting down and abandoning module WindowsServerTargetPlatform (177)
[2025.03.18-17.24.30:545][708]LogModuleManager: Shutting down and abandoning module WindowsClientTargetPlatform (175)
[2025.03.18-17.24.30:545][708]LogModuleManager: Shutting down and abandoning module WindowsTargetPlatform (173)
[2025.03.18-17.24.30:545][708]LogModuleManager: Shutting down and abandoning module WindowsNoEditorTargetPlatform (171)
[2025.03.18-17.24.30:545][708]LogModuleManager: Shutting down and abandoning module TVOSTargetPlatform (169)
[2025.03.18-17.24.30:559][708]LogModuleManager: Shutting down and abandoning module MacServerTargetPlatform (167)
[2025.03.18-17.24.30:559][708]LogModuleManager: Shutting down and abandoning module MacClientTargetPlatform (165)
[2025.03.18-17.24.30:559][708]LogModuleManager: Shutting down and abandoning module MacTargetPlatform (163)
[2025.03.18-17.24.30:559][708]LogModuleManager: Shutting down and abandoning module MacNoEditorTargetPlatform (161)
[2025.03.18-17.24.30:560][708]LogModuleManager: Shutting down and abandoning module LuminTargetPlatform (159)
[2025.03.18-17.24.30:582][708]LogModuleManager: Shutting down and abandoning module LinuxAArch64ServerTargetPlatform (157)
[2025.03.18-17.24.30:582][708]LogModuleManager: Shutting down and abandoning module LinuxAArch64ClientTargetPlatform (155)
[2025.03.18-17.24.30:582][708]LogModuleManager: Shutting down and abandoning module LinuxAArch64NoEditorTargetPlatform (153)
[2025.03.18-17.24.30:582][708]LogModuleManager: Shutting down and abandoning module LinuxServerTargetPlatform (151)
[2025.03.18-17.24.30:582][708]LogModuleManager: Shutting down and abandoning module LinuxClientTargetPlatform (149)
[2025.03.18-17.24.30:582][708]LogModuleManager: Shutting down and abandoning module LinuxNoEditorTargetPlatform (147)
[2025.03.18-17.24.30:582][708]LogModuleManager: Shutting down and abandoning module LinuxTargetPlatform (145)
[2025.03.18-17.24.30:582][708]LogModuleManager: Shutting down and abandoning module Messaging (143)
[2025.03.18-17.24.30:582][708]LogModuleManager: Shutting down and abandoning module IOSTargetPlatform (141)
[2025.03.18-17.24.30:591][708]LogModuleManager: Shutting down and abandoning module AndroidTargetPlatform (139)
[2025.03.18-17.24.30:625][708]LogModuleManager: Shutting down and abandoning module AllDesktopTargetPlatform (137)
[2025.03.18-17.24.30:625][708]LogModuleManager: Shutting down and abandoning module D3D11RHI (134)
[2025.03.18-17.24.30:625][708]LogModuleManager: Shutting down and abandoning module InputCore (132)
[2025.03.18-17.24.30:625][708]LogModuleManager: Shutting down and abandoning module Settings (130)
[2025.03.18-17.24.30:625][708]LogModuleManager: Shutting down and abandoning module DirectoryWatcher (128)
[2025.03.18-17.24.30:627][708]LogModuleManager: Shutting down and abandoning module PhysXCooking (126)
[2025.03.18-17.24.30:627][708]LogModuleManager: Shutting down and abandoning module Chaos (124)
[2025.03.18-17.24.30:627][708]LogModuleManager: Shutting down and abandoning module WindowsPlatformFeatures (122)
[2025.03.18-17.24.30:628][708]LogModuleManager: Shutting down and abandoning module GameplayMediaEncoder (121)
[2025.03.18-17.24.30:628][708]LogModuleManager: Shutting down and abandoning module AVEncoder (120)
[2025.03.18-17.24.30:628][708]LogModuleManager: Shutting down and abandoning module SteamVRInputDevice (116)
[2025.03.18-17.24.30:628][708]LogModuleManager: Shutting down and abandoning module SteamVRInput (114)
[2025.03.18-17.24.30:628][708]LogModuleManager: Shutting down and abandoning module SteamVR (112)
[2025.03.18-17.24.30:629][708]LogHMD: Freeing OpenVRDLLHandle.
[2025.03.18-17.24.30:629][708]LogModuleManager: Shutting down and abandoning module OculusHMD (110)
[2025.03.18-17.24.30:629][708]LogModuleManager: Shutting down and abandoning module OpenXREyeTracker (108)
[2025.03.18-17.24.30:629][708]LogModuleManager: Shutting down and abandoning module OpenXRHandTracking (106)
[2025.03.18-17.24.30:630][708]LogSlate: Slate User Destroyed.  User Index 0, Is Virtual User: 0
[2025.03.18-17.24.30:630][708]LogModuleManager: Shutting down and abandoning module OpenXRAR (104)
[2025.03.18-17.24.30:630][708]LogModuleManager: Shutting down and abandoning module AugmentedReality (103)
[2025.03.18-17.24.30:630][708]LogModuleManager: Shutting down and abandoning module OpenXRHMD (100)
[2025.03.18-17.24.30:637][708]LogModuleManager: Shutting down and abandoning module ExampleDeviceProfileSelector (98)
[2025.03.18-17.24.30:637][708]LogModuleManager: Shutting down and abandoning module ChunkDownloader (96)
[2025.03.18-17.24.30:637][708]LogModuleManager: Shutting down and abandoning module ChaosCloth (94)
[2025.03.18-17.24.30:637][708]LogModuleManager: Shutting down and abandoning module LauncherChunkInstaller (92)
[2025.03.18-17.24.30:638][708]LogModuleManager: Shutting down and abandoning module OnlineBlueprintSupport (90)
[2025.03.18-17.24.30:638][708]LogModuleManager: Shutting down and abandoning module OnlineSubsystem (86)
[2025.03.18-17.24.30:640][708]LogModuleManager: Shutting down and abandoning module XMPP (81)
[2025.03.18-17.24.30:642][708]LogModuleManager: Shutting down and abandoning module WebSockets (80)
[2025.03.18-17.24.30:659][708]LogModuleManager: Shutting down and abandoning module HTTP (77)
[2025.03.18-17.24.30:659][708]LogHttp: Display: Http module shutting down, but needs to wait on 1 outstanding Http requests:
[2025.03.18-17.24.30:659][708]LogHttp: Display: 	verb=[POST] url=[https://datarouter.ol.epicgames.com/datarouter/api/v1/public/data?SessionID=%7B2B51A5F0-4243-0E8C-68EC-9199AE226093%7D&AppID=UEEditor.Rocket.Release&AppVersion=4.27.2-18319896%2B%2B%2BUE4%2BRelease-4.27&UserID=f5edb87a4dc0f99c13cd37a4f0d6d538%7C71f5ffb38c3f40679d77fb94a2928a28%7C05fba853-d5f3-4c05-a360-9d4811eb48c5&AppEnvironment=datacollector-binary&UploadType=eteventstream] refs=[1] status=Processing
[2025.03.18-17.24.30:659][708]LogHttp: Display: cleaning up 1 outstanding Http requests.
[2025.03.18-17.24.30:692][708]LogModuleManager: Shutting down and abandoning module SSL (76)
[2025.03.18-17.24.30:695][708]LogModuleManager: Shutting down and abandoning module MLSDK (72)
[2025.03.18-17.24.30:696][708]LogModuleManager: Shutting down and abandoning module MagicLeap (70)
[2025.03.18-17.24.30:696][708]LogModuleManager: Shutting down and abandoning module WmfMedia (68)
[2025.03.18-17.24.30:699][708]LogModuleManager: Shutting down and abandoning module Media (67)
[2025.03.18-17.24.30:700][708]LogModuleManager: Shutting down and abandoning module MediaInfo (66)
[2025.03.18-17.24.30:700][708]LogModuleManager: Shutting down and abandoning module ExrReaderGpu (62)
[2025.03.18-17.24.30:701][708]LogModuleManager: Shutting down and abandoning module NiagaraVertexFactories (60)
[2025.03.18-17.24.30:701][708]LogModuleManager: Shutting down and abandoning module NiagaraShader (58)
[2025.03.18-17.24.30:701][708]LogModuleManager: Shutting down and abandoning module PixWinPlugin (56)
[2025.03.18-17.24.30:701][708]LogModuleManager: Shutting down and abandoning module VariantManagerContent (54)
[2025.03.18-17.24.30:701][708]LogModuleManager: Shutting down and abandoning module DatasmithContent (52)
[2025.03.18-17.24.30:704][708]LogModuleManager: Shutting down and abandoning module AISupportModule (50)
[2025.03.18-17.24.30:704][708]LogModuleManager: Shutting down and abandoning module DesktopPlatform (48)
[2025.03.18-17.24.30:704][708]LogModuleManager: Shutting down and abandoning module PlatformCryptoOpenSSL (46)
[2025.03.18-17.24.30:704][708]LogModuleManager: Shutting down and abandoning module PlatformCryptoTypes (44)
[2025.03.18-17.24.30:704][708]LogModuleManager: Shutting down and abandoning module PlatformCrypto (42)
[2025.03.18-17.24.30:704][708]LogModuleManager: Shutting down and abandoning module PythonScriptPluginPreload (40)
[2025.03.18-17.24.30:705][708]LogModuleManager: Shutting down and abandoning module OodleDataCompressionFormat (38)
[2025.03.18-17.24.30:705][708]LogModuleManager: Shutting down and abandoning module XGEController (36)
[2025.03.18-17.24.30:706][708]LogModuleManager: Shutting down and abandoning module AnimationModifiers (34)
[2025.03.18-17.24.30:706][708]LogModuleManager: Shutting down and abandoning module AudioEditor (32)
[2025.03.18-17.24.30:708][708]LogModuleManager: Shutting down and abandoning module PropertyEditor (31)
[2025.03.18-17.24.30:709][708]LogModuleManager: Shutting down and abandoning module TextureCompressor (28)
[2025.03.18-17.24.30:710][708]LogModuleManager: Shutting down and abandoning module RenderCore (26)
[2025.03.18-17.24.30:710][708]LogModuleManager: Shutting down and abandoning module Landscape (24)
[2025.03.18-17.24.30:710][708]LogModuleManager: Shutting down and abandoning module SlateRHIRenderer (22)
[2025.03.18-17.24.30:714][708]LogModuleManager: Shutting down and abandoning module AnimGraphRuntime (20)
[2025.03.18-17.24.30:716][708]LogModuleManager: Shutting down and abandoning module Renderer (18)
[2025.03.18-17.24.30:716][708]LogModuleManager: Shutting down and abandoning module Engine (16)
[2025.03.18-17.24.30:716][708]LogModuleManager: Shutting down and abandoning module CoreUObject (14)
[2025.03.18-17.24.30:716][708]LogModuleManager: Shutting down and abandoning module NetworkFile (12)
[2025.03.18-17.24.30:717][708]LogModuleManager: Shutting down and abandoning module CookedIterativeFile (10)
[2025.03.18-17.24.30:717][708]LogModuleManager: Shutting down and abandoning module StreamingFile (8)
[2025.03.18-17.24.30:717][708]LogModuleManager: Shutting down and abandoning module SandboxFile (6)
[2025.03.18-17.24.30:718][708]LogModuleManager: Shutting down and abandoning module PakFile (4)
[2025.03.18-17.24.30:718][708]LogModuleManager: Shutting down and abandoning module RSA (3)
[2025.03.18-17.24.30:719][708]LogContentStreaming: Display: There are 1 unreleased StreamingManagers
[2025.03.18-17.24.30:757][708]LogD3D11RHI: Shutdown
[2025.03.18-17.24.30:757][708]LogD3D11RHI: CleanupD3DDevice
[2025.03.18-17.24.30:769][708]LogExit: Exiting.
[2025.03.18-17.24.30:794][708]Log file closed, 03/18/25 13:24:30
